0	0	0	ok:protected-sed
0	0	0	ok:protected-sed
0	0	0	ok:protected-sed
0	0	0	ok:protected-sed
0	0	0	ok:protected-sed
0	0	0	ok:protected-sed
0	0	0	ok:protected-sed
0	0	0	ok:protected-sed
0	0	0	ok:protected-sed
0	0	0	ok:protected-sed
0	0	0	ok:protected-sed
0	0	0	ok:protected-sed
0	0	0	ok:protected-sed
0	0	0	ok:protected-sed
0	0	0	ok:protected-sed
0	0	0	ok:protected-sed
0	0	0	ok:protected-sed
0	0	0	ok:protected-sed
0	0	0	ok:protected-sed
0	0	0	ok:protected-sed
0	0	0	ok:protected-sed
0	0	0	ok:protected-sed
0	0	0	ok:protected-sed
0	0	0	ok:protected-sed
0	0	0	ok:protected-sed
0	0	0	ok:protected-sed
0	0	0	ok:protected-sed
0	0	0	ok:protected-sed
0	0	0	ok:protected-sed
0	0	0	ok:protected-sed
0	0	0	ok:protected-sed
0	0	0	ok:protected-sed
0	0	0	ok:protected-sed
0	0	0	ok:protected-sed
0	0	0	ok:protected-sed
0	0	0	ok:protected-sed
0	0	0	ok:protected-sed
0	0	0	ok:protected-sed
0	0	0	ok:protected-sed
0	0	0	ok:protected-sed
0	0	0	ok:protected-sed
0	0	0	ok:protected-sed
0	0	0	ok:protected-sed
0	0	0	ok:protected-sed
0	0	0	ok:protected-sed
0	0	0	ok:protected-sed
0	0	0	ok:protected-sed
0	0	0	ok:protected-sed
0	0	0	ok:protected-sed
0	0	0	ok:protected-sed
0	0	0	ok:protected-sed
0	0	0	ok:protected-sed
0	0	0	ok:protected-sed
0	0	0	ok:protected-sed
0	0	0	ok:protected-sed
0	0	0	ok:protected-sed
0	0	0	ok:protected-sed
0	0	0	ok:protected-sed
0	0	0	ok:protected-sed
0	0	0	ok:protected-sed
0	0	0	ok:protected-sed
0	0	0	ok:protected-sed
0	0	0	ok:protected-sed
0	0	0	ok:protected-sed
0	0	0	ok:protected-sed
0	0	0	ok:protected-sed
0	0	0	ok:protected-sed
0	0	0	ok:protected-sed
0	0	0	ok:protected-sed
0	0	0	ok:protected-sed
0	0	0	ok:protected-sed
0	0	0	ok:protected-sed
0	0	0	ok:protected-sed
0	0	0	ok:protected-sed
0	0	0	ok:protected-sed
0	0	0	ok:protected-sed
0	0	0	ok:protected-sed
0	0	0	ok:protected-sed
0	0	0	ok:protected-sed
0	0	0	ok:protected-sed
0	0	0	ok:protected-sed
0	0	0	ok:protected-sed
0	0	0	ok:protected-sed
0	0	0	ok:protected-sed
0	0	0	ok:protected-sed
0	0	0	ok:protected-sed
0	0	0	ok:protected-sed
0	0	0	ok:protected-sed
0	0	0	ok:protected-sed
0	0	0	ok:protected-sed
0	0	0	ok:protected-sed
0	0	0	ok:protected-sed
0	0	0	ok:protected-sed
0	0	0	ok:protected-sed
0	0	0	ok:protected-sed
0	0	0	ok:protected-sed
0	0	0	ok:protected-sed
0	0	0	ok:protected-sed
0	0	0	ok:protected-sed
0	0	0	ok:protected-sed
0	0	0	ok:protected-sed
0	0	0	ok:protected-sed
0	0	0	ok:protected-sed
0	0	0	ok:protected-sed
0	0	0	ok:protected-sed
0	0	0	ok:protected-sed
0	0	0	ok:protected-sed
0	0	1	ok:protected-sed
0	0	1	ok:protected-sed
0	0	1	ok:protected-sed
0	0	1	ok:protected-sed
0	0	1	ok:protected-sed
0	0	1	ok:protected-sed
0	0	1	ok:protected-sed
0	0	1	ok:protected-sed
0	0	1	ok:protected-sed
0	0	1	ok:protected-sed
0	0	1	ok:protected-sed
0	0	1	ok:protected-sed
0	0	1	ok:protected-sed
0	0	1	ok:protected-sed
0	0	1	ok:protected-sed
0	0	1	ok:protected-sed
0	0	1	ok:protected-sed
0	0	1	ok:protected-sed
0	0	1	ok:protected-sed
0	0	1	ok:protected-sed
0	0	1	ok:protected-sed
0	0	1	ok:protected-sed
0	0	1	ok:protected-sed
0	0	1	ok:protected-sed
0	0	1	ok:protected-sed
0	0	1	ok:protected-sed
0	0	1	ok:protected-sed
0	0	1	ok:protected-sed
0	0	1	ok:protected-sed
0	0	1	ok:protected-sed
0	0	1	ok:protected-sed
0	0	1	ok:protected-sed
0	0	1	ok:protected-sed
0	0	1	ok:protected-sed
0	0	1	ok:protected-sed
0	0	1	ok:protected-sed
0	0	1	ok:protected-sed
0	0	1	ok:protected-sed
0	0	1	ok:protected-sed
0	0	1	ok:protected-sed
0	0	1	ok:protected-sed
0	0	1	ok:protected-sed
0	0	1	ok:protected-sed
0	0	1	ok:protected-sed
0	0	1	ok:protected-sed
0	2	1	ok:protected-sed
0	2	1	ok:protected-sed
0	2	1	ok:protected-sed
0	2	1	ok:protected-sed
0	2	1	ok:protected-sed
0	2	1	ok:protected-sed
0	2	1	ok:protected-sed
0	2	1	ok:protected-sed
0	2	1	ok:protected-sed
0	2	1	ok:protected-sed
0	2	1	ok:protected-sed
0	2	1	ok:protected-sed
0	28	1	ok:protected-sed
0	44	1	ok:protected-sed
0	44	1	ok:protected-sed
0	44	1	ok:protected-sed
0	44	1	ok:protected-sed
0	48	1	ok:protected-sed
0	48	1	ok:protected-sed
0	48	1	ok:protected-sed
0	48	1	ok:protected-sed
0	48	1	ok:protected-sed
0	48	1	ok:protected-sed
0	48	1	ok:protected-sed
0	48	1	ok:protected-sed
0	48	1	ok:protected-sed
0	48	1	ok:protected-sed
0	48	1	ok:protected-sed
0	48	1	ok:protected-sed
0	72	1	ok:protected-sed
0	72	1	ok:protected-sed
0	72	1	ok:protected-sed
0	72	1	ok:protected-sed
0	72	1	ok:protected-sed
0	72	1	ok:protected-sed
0	72	1	ok:protected-sed
0	72	1	ok:protected-sed
0	72	1	ok:protected-sed
0	72	1	ok:protected-sed
0	72	1	ok:protected-sed
0	72	1	ok:protected-sed
0	72	1	ok:protected-sed
0	72	1	ok:protected-sed
0	72	1	ok:protected-sed
0	72	1	ok:protected-sed
0	72	1	ok:protected-sed
0	80	1	ok:protected-sed
0	80	1	ok:protected-sed
0	80	1	ok:protected-sed
0	80	1	ok:protected-sed
0	80	1	ok:protected-sed
0	80	1	ok:protected-sed
0	80	1	ok:protected-sed
0	80	1	ok:protected-sed
0	158	1	ok:protected-sed
0	184	1	ok:protected-sed
0	242	1	ok:protected-sed
0	242	1	ok:protected-sed
0	250	1	ok:protected-sed
0	262	1	ok:protected-sed
0	262	1	ok:protected-sed
0	274	1	ok:protected-sed
0	277	1	ok:protected-sed
0	280	1	ok:protected-sed
0	280	1	ok:protected-sed
0	280	1	ok:protected-sed
0	286	1	ok:protected-sed
0	292	1	ok:protected-sed
0	293	1	ok:protected-sed
0	295	1	ok:protected-sed
0	305	1	ok:protected-sed
0	308	1	ok:protected-sed
0	308	1	ok:protected-sed
0	309	1	ok:protected-sed
0	309	1	ok:protected-sed
0	309	1	ok:protected-sed
0	312	1	ok:protected-sed
0	312	1	ok:protected-sed
0	313	1	ok:protected-sed
0	316	1	ok:protected-sed
0	317	1	ok:protected-sed
0	323	1	ok:protected-sed
0	325	1	ok:protected-sed
0	325	1	ok:protected-sed
0	325	1	ok:protected-sed
0	325	1	ok:protected-sed
0	326	1	ok:protected-sed
0	326	1	ok:protected-sed
0	326	1	ok:protected-sed
0	329	1	ok:protected-sed
0	330	1	ok:protected-sed
0	332	1	ok:protected-sed
0	338	1	ok:protected-sed
0	340	1	ok:protected-sed
0	341	1	ok:protected-sed
0	356	1	ok:protected-sed
0	356	1	ok:protected-sed
0	359	1	ok:protected-sed
0	371	1	ok:protected-sed
0	482	1	ok:protected-sed
0	483	1	ok:protected-sed
0	484	1	ok:protected-sed
0	509	1	ok:protected-sed
0	509	1	ok:protected-sed
0	509	1	ok:protected-sed
0	509	1	ok:protected-sed
0	509	1	ok:protected-sed
0	509	1	ok:protected-sed
0	509	1	ok:protected-sed
0	509	1	ok:protected-sed
0	509	1	ok:protected-sed
0	509	1	ok:protected-sed
0	509	1	ok:protected-sed
0	509	1	ok:protected-sed
0	509	1	ok:protected-sed
0	509	1	ok:protected-sed
0	509	1	ok:protected-sed
0	509	1	ok:protected-sed
0	509	1	ok:protected-sed
0	509	1	ok:protected-sed
0	509	1	ok:protected-sed
0	509	1	ok:protected-sed
0	509	1	ok:protected-sed
0	509	1	ok:protected-sed
0	509	1	ok:protected-sed
0	509	1	ok:protected-sed
0	545	1	ok:protected-sed
0	549	1	ok:protected-sed
0	549	1	ok:protected-sed
0	549	1	ok:protected-sed
0	557	1	ok:protected-sed
0	560	1	ok:protected-sed
0	560	1	ok:protected-sed
0	560	1	ok:protected-sed
0	560	1	ok:protected-sed
0	560	1	ok:protected-sed
0	560	1	ok:protected-sed
0	560	1	ok:protected-sed
0	560	1	ok:protected-sed
0	560	1	ok:protected-sed
0	560	1	ok:protected-sed
0	560	1	ok:protected-sed
0	560	1	ok:protected-sed
0	560	1	ok:protected-sed
0	560	1	ok:protected-sed
0	560	1	ok:protected-sed
0	560	1	ok:protected-sed
0	560	1	ok:protected-sed
0	560	1	ok:protected-sed
0	560	1	ok:protected-sed
0	560	1	ok:protected-sed
0	560	1	ok:protected-sed
0	560	1	ok:protected-sed
0	560	1	ok:protected-sed
0	560	1	ok:protected-sed
0	565	1	ok:protected-sed
0	569	1	ok:protected-sed
0	589	1	ok:protected-sed
0	690	1	ok:protected-sed
0	690	1	ok:protected-sed
0	690	1	ok:protected-sed
0	690	1	ok:protected-sed
0	690	1	ok:protected-sed
0	690	1	ok:protected-sed
0	690	1	ok:protected-sed
0	690	1	ok:protected-sed
0	690	1	ok:protected-sed
0	690	1	ok:protected-sed
0	690	1	ok:protected-sed
0	690	1	ok:protected-sed
0	690	1	ok:protected-sed
0	690	1	ok:protected-sed
0	690	1	ok:protected-sed
0	690	1	ok:protected-sed
0	690	1	ok:protected-sed
0	690	1	ok:protected-sed
0	690	1	ok:protected-sed
0	690	1	ok:protected-sed
0	690	1	ok:protected-sed
0	690	1	ok:protected-sed
0	690	1	ok:protected-sed
0	690	1	ok:protected-sed
0	690	1	ok:protected-sed
0	690	1	ok:protected-sed
0	690	1	ok:protected-sed
0	690	1	ok:protected-sed
0	690	1	ok:protected-sed
0	690	1	ok:protected-sed
0	690	1	ok:protected-sed
0	690	1	ok:protected-sed
0	690	1	ok:protected-sed
0	690	1	ok:protected-sed
0	690	1	ok:protected-sed
0	690	1	ok:protected-sed
0	690	1	ok:protected-sed
0	690	1	ok:protected-sed
0	690	1	ok:protected-sed
0	690	1	ok:protected-sed
0	690	1	ok:protected-sed
0	690	1	ok:protected-sed
0	690	1	ok:protected-sed
0	690	1	ok:protected-sed
0	690	1	ok:protected-sed
0	690	1	ok:protected-sed
0	690	1	ok:protected-sed
0	690	1	ok:protected-sed
0	704	1	ok:protected-sed
0	732	1	ok:protected-sed
0	732	1	ok:protected-sed
0	732	1	ok:protected-sed
0	732	1	ok:protected-sed
0	732	1	ok:protected-sed
0	732	1	ok:protected-sed
0	732	1	ok:protected-sed
0	732	1	ok:protected-sed
0	732	1	ok:protected-sed
0	732	1	ok:protected-sed
0	732	1	ok:protected-sed
0	732	1	ok:protected-sed
0	732	1	ok:protected-sed
0	732	1	ok:protected-sed
0	732	1	ok:protected-sed
0	732	1	ok:protected-sed
0	732	1	ok:protected-sed
0	732	1	ok:protected-sed
0	732	1	ok:protected-sed
0	732	1	ok:protected-sed
0	732	1	ok:protected-sed
0	732	1	ok:protected-sed
0	732	1	ok:protected-sed
0	732	1	ok:protected-sed
0	732	1	ok:protected-sed
0	732	1	ok:protected-sed
0	732	1	ok:protected-sed
0	732	1	ok:protected-sed
0	732	1	ok:protected-sed
0	732	1	ok:protected-sed
0	732	1	ok:protected-sed
0	732	1	ok:protected-sed
0	732	1	ok:protected-sed
0	732	1	ok:protected-sed
0	732	1	ok:protected-sed
0	732	1	ok:protected-sed
0	732	1	ok:protected-sed
0	732	1	ok:protected-sed
0	732	1	ok:protected-sed
0	732	1	ok:protected-sed
0	732	1	ok:protected-sed
0	732	1	ok:protected-sed
0	732	1	ok:protected-sed
0	732	1	ok:protected-sed
0	732	1	ok:protected-sed
0	732	1	ok:protected-sed
0	732	1	ok:protected-sed
0	732	1	ok:protected-sed
0	757	1	ok:protected-sed
0	775	1	ok:protected-sed
0	803	1	ok:protected-sed
0	862	1	ok:protected-sed
0	862	1	ok:protected-sed
0	862	1	ok:protected-sed
0	862	1	ok:protected-sed
0	878	1	ok:protected-sed
0	931	1	ok:protected-sed
0	947	1	ok:protected-sed
0	947	1	ok:protected-sed
0	947	1	ok:protected-sed
0	947	1	ok:protected-sed
0	947	1	ok:protected-sed
0	947	1	ok:protected-sed
0	947	1	ok:protected-sed
0	947	1	ok:protected-sed
0	953	1	ok:protected-sed
0	997	1	ok:protected-sed
0	997	1	ok:protected-sed
0	997	1	ok:protected-sed
0	997	1	ok:protected-sed
0	997	1	ok:protected-sed
0	997	1	ok:protected-sed
0	997	1	ok:protected-sed
0	997	1	ok:protected-sed
0	1019	1	ok:protected-sed
0	1019	1	ok:protected-sed
0	1019	1	ok:protected-sed
0	1019	1	ok:protected-sed
0	1019	1	ok:protected-sed
0	1019	1	ok:protected-sed
0	1019	1	ok:protected-sed
0	1019	1	ok:protected-sed
0	1019	1	ok:protected-sed
0	1019	1	ok:protected-sed
0	1019	1	ok:protected-sed
0	1019	1	ok:protected-sed
0	1019	1	ok:protected-sed
0	1019	1	ok:protected-sed
0	1019	1	ok:protected-sed
0	1019	1	ok:protected-sed
0	1023	1	ok:protected-sed
0	1023	1	ok:protected-sed
0	1033	1	ok:protected-sed
0	1033	1	ok:protected-sed
0	1033	1	ok:protected-sed
0	1033	1	ok:protected-sed
0	1037	1	ok:protected-sed
0	1037	1	ok:protected-sed
0	1037	1	ok:protected-sed
0	1037	1	ok:protected-sed
0	1054	1	ok:protected-sed
0	1055	1	ok:protected-sed
0	1058	1	ok:protected-sed
0	1064	1	ok:protected-sed
0	1079	1	ok:protected-sed
0	1079	1	ok:protected-sed
0	1079	1	ok:protected-sed
0	1079	1	ok:protected-sed
0	1079	1	ok:protected-sed
0	1079	1	ok:protected-sed
0	1079	1	ok:protected-sed
0	1079	1	ok:protected-sed
0	1079	1	ok:protected-sed
0	1079	1	ok:protected-sed
0	1079	1	ok:protected-sed
0	1079	1	ok:protected-sed
0	1079	1	ok:protected-sed
0	1079	1	ok:protected-sed
0	1079	1	ok:protected-sed
0	1079	1	ok:protected-sed
0	1107	1	ok:protected-sed
0	1132	1	ok:protected-sed
0	1132	1	ok:protected-sed
0	1132	1	ok:protected-sed
0	1132	1	ok:protected-sed
0	1135	1	ok:protected-sed
0	1153	1	ok:protected-sed
0	1153	1	ok:protected-sed
0	1153	1	ok:protected-sed
0	1153	1	ok:protected-sed
0	1153	1	ok:protected-sed
0	1153	1	ok:protected-sed
0	1153	1	ok:protected-sed
0	1153	1	ok:protected-sed
0	1153	1	ok:protected-sed
0	1153	1	ok:protected-sed
0	1153	1	ok:protected-sed
0	1153	1	ok:protected-sed
0	1153	1	ok:protected-sed
0	1153	1	ok:protected-sed
0	1153	1	ok:protected-sed
0	1153	1	ok:protected-sed
0	1153	1	ok:protected-sed
0	1153	1	ok:protected-sed
0	1153	1	ok:protected-sed
0	1153	1	ok:protected-sed
0	1153	1	ok:protected-sed
0	1153	1	ok:protected-sed
0	1153	1	ok:protected-sed
0	1153	1	ok:protected-sed
0	1153	1	ok:protected-sed
0	1153	1	ok:protected-sed
0	1153	1	ok:protected-sed
0	1153	1	ok:protected-sed
0	1153	1	ok:protected-sed
0	1153	1	ok:protected-sed
0	1153	1	ok:protected-sed
0	1153	1	ok:protected-sed
0	1192	1	ok:protected-sed
0	1193	1	ok:protected-sed
0	1198	1	ok:protected-sed
0	1202	1	ok:protected-sed
0	1202	1	ok:protected-sed
0	1202	1	ok:protected-sed
0	1204	1	ok:protected-sed
0	1204	1	ok:protected-sed
0	1204	1	ok:protected-sed
0	1204	1	ok:protected-sed
0	1204	1	ok:protected-sed
0	1204	1	ok:protected-sed
0	1204	1	ok:protected-sed
0	1204	1	ok:protected-sed
0	1204	1	ok:protected-sed
0	1204	1	ok:protected-sed
0	1204	1	ok:protected-sed
0	1204	1	ok:protected-sed
0	1210	1	ok:protected-sed
0	1218	1	ok:protected-sed
0	1222	1	ok:protected-sed
0	1396	1	ok:protected-sed
0	1396	1	ok:protected-sed
0	1396	1	ok:protected-sed
0	1396	1	ok:protected-sed
0	1396	1	ok:protected-sed
0	1396	1	ok:protected-sed
0	1396	1	ok:protected-sed
0	1396	1	ok:protected-sed
0	1411	1	ok:protected-sed
0	1411	1	ok:protected-sed
0	1412	1	ok:protected-sed
0	1412	1	ok:protected-sed
0	1412	1	ok:protected-sed
0	1412	1	ok:protected-sed
0	1414	1	ok:protected-sed
0	1415	1	ok:protected-sed
0	1415	1	ok:protected-sed
0	1416	1	ok:protected-sed
0	1416	1	ok:protected-sed
0	1418	1	ok:protected-sed
0	1418	1	ok:protected-sed
0	1418	1	ok:protected-sed
0	1426	1	ok:protected-sed
0	1428	1	ok:protected-sed
0	1438	1	ok:protected-sed
0	1456	1	ok:protected-sed
0	1470	1	ok:protected-sed
0	1470	1	ok:protected-sed
0	1470	1	ok:protected-sed
0	1470	1	ok:protected-sed
0	1470	1	ok:protected-sed
0	1470	1	ok:protected-sed
0	1470	1	ok:protected-sed
0	1470	1	ok:protected-sed
0	1470	1	ok:protected-sed
0	1470	1	ok:protected-sed
0	1470	1	ok:protected-sed
0	1470	1	ok:protected-sed
0	1470	1	ok:protected-sed
0	1470	1	ok:protected-sed
0	1470	1	ok:protected-sed
0	1470	1	ok:protected-sed
0	1470	1	ok:protected-sed
0	1470	1	ok:protected-sed
0	1470	1	ok:protected-sed
0	1470	1	ok:protected-sed
0	1470	1	ok:protected-sed
0	1470	1	ok:protected-sed
0	1470	1	ok:protected-sed
0	1470	1	ok:protected-sed
0	1536	1	ok:protected-sed
0	1536	1	ok:protected-sed
0	1606	1	ok:protected-sed
0	1625	1	ok:protected-sed
0	1706	1	ok:protected-sed
0	1710	1	ok:protected-sed
0	1740	1	ok:protected-sed
0	1740	1	ok:protected-sed
0	1752	1	ok:protected-sed
0	1807	1	ok:protected-sed
0	1860	1	ok:protected-sed
0	1860	1	ok:protected-sed
0	1880	1	ok:protected-sed
0	1880	1	ok:protected-sed
0	1903	1	ok:protected-sed
0	1985	1	ok:protected-sed
0	1987	1	ok:protected-sed
0	2081	1	ok:protected-sed
0	2094	1	ok:protected-sed
0	2108	1	ok:protected-sed
0	2133	1	ok:protected-sed
0	2151	1	ok:protected-sed
0	2155	1	ok:protected-sed
0	2158	1	ok:protected-sed
0	2276	1	ok:protected-sed
0	2327	1	ok:protected-sed
0	2349	1	ok:protected-sed
0	2349	1	ok:protected-sed
0	2350	1	ok:protected-sed
0	2350	1	ok:protected-sed
0	2351	1	ok:protected-sed
0	2351	1	ok:protected-sed
0	2352	1	ok:protected-sed
0	2352	1	ok:protected-sed
0	2385	1	ok:protected-sed
0	2385	1	ok:protected-sed
0	2387	1	ok:protected-sed
0	2387	1	ok:protected-sed
0	2411	1	ok:protected-sed
0	2411	1	ok:protected-sed
0	2413	1	ok:protected-sed
0	2413	1	ok:protected-sed
0	2414	1	ok:protected-sed
0	2414	1	ok:protected-sed
0	2415	1	ok:protected-sed
0	2415	1	ok:protected-sed
0	2415	1	ok:protected-sed
0	2415	1	ok:protected-sed
0	2418	1	ok:protected-sed
0	2418	1	ok:protected-sed
0	2439	1	ok:protected-sed
0	2446	1	ok:protected-sed
0	2446	1	ok:protected-sed
0	2448	1	ok:protected-sed
0	2448	1	ok:protected-sed
0	2449	1	ok:protected-sed
0	2449	1	ok:protected-sed
0	2450	1	ok:protected-sed
0	2450	1	ok:protected-sed
0	2451	1	ok:protected-sed
0	2451	1	ok:protected-sed
0	2453	1	ok:protected-sed
0	2453	1	ok:protected-sed
0	2459	1	ok:protected-sed
0	2469	1	ok:protected-sed
0	2581	1	ok:protected-sed
0	2581	1	ok:protected-sed
0	2595	1	ok:protected-sed
0	2638	1	ok:protected-sed
0	2684	1	ok:protected-sed
0	2694	1	ok:protected-sed
0	2725	1	ok:protected-sed
0	2734	1	ok:protected-sed
0	2735	1	ok:protected-sed
0	2877	1	ok:protected-sed
0	2914	1	ok:protected-sed
0	2920	1	ok:protected-sed
0	2920	1	ok:protected-sed
0	2937	1	ok:protected-sed
0	2970	1	ok:protected-sed
0	3286	1	ok:protected-sed
0	3439	1	ok:protected-sed
0	3891	1	ok:protected-sed
0	3976	1	ok:protected-sed
0	4018	1	ok:protected-sed
0	4113	1	ok:protected-sed
0	4113	1	ok:protected-sed
0	4134	1	ok:protected-sed
0	4157	1	ok:protected-sed
0	4164	1	ok:protected-sed
0	4174	1	ok:protected-sed
0	4184	1	ok:protected-sed
0	4218	1	ok:protected-sed
0	4222	1	ok:protected-sed
0	4222	1	ok:protected-sed
0	4228	1	ok:protected-sed
0	4232	1	ok:protected-sed
0	4245	1	ok:protected-sed
0	4245	1	ok:protected-sed
0	5518	1	ok:protected-sed
0	5551	1	ok:protected-sed
0	5567	1	ok:protected-sed
0	5600	1	ok:protected-sed
0	5808	1	ok:protected-sed
0	5808	1	ok:protected-sed
0	5857	1	ok:protected-sed
0	5857	1	ok:protected-sed
0	5895	1	ok:protected-sed
0	5895	1	ok:protected-sed
0	5944	1	ok:protected-sed
0	5944	1	ok:protected-sed
0	6331	1	ok:protected-sed
0	7044	1	ok:protected-sed
0	7044	1	ok:protected-sed
0	7044	1	ok:protected-sed
0	7044	1	ok:protected-sed
0	7044	1	ok:protected-sed
0	7044	1	ok:protected-sed
0	7044	1	ok:protected-sed
0	7044	1	ok:protected-sed
0	7044	1	ok:protected-sed
0	7180	1	ok:protected-sed
0	7180	1	ok:protected-sed
0	7180	1	ok:protected-sed
0	7180	1	ok:protected-sed
0	7183	1	ok:protected-sed
0	8236	1	ok:protected-sed
0	8279	1	ok:protected-sed
0	8440	1	ok:protected-sed
0	8513	1	ok:protected-sed
0	8546	1	ok:protected-sed
0	8614	1	ok:protected-sed
0	8657	1	ok:protected-sed
0	8726	1	ok:protected-sed
0	8729	1	ok:protected-sed
0	8736	1	ok:protected-sed
0	8769	1	ok:protected-sed
0	8772	1	ok:protected-sed
0	8779	1	ok:protected-sed
0	8794	1	ok:protected-sed
0	8818	1	ok:protected-sed
0	8820	1	ok:protected-sed
0	8820	1	ok:protected-sed
0	8820	1	ok:protected-sed
0	8915	1	ok:protected-sed
0	8915	1	ok:protected-sed
0	8933	1	ok:protected-sed
0	8940	1	ok:protected-sed
0	8947	1	ok:protected-sed
0	8947	1	ok:protected-sed
0	8958	1	ok:protected-sed
0	8958	1	ok:protected-sed
0	9104	1	ok:protected-sed
0	9107	1	ok:protected-sed
0	9114	1	ok:protected-sed
0	9147	1	ok:protected-sed
0	9150	1	ok:protected-sed
0	9157	1	ok:protected-sed
0	9219	1	ok:protected-sed
0	9229	1	ok:protected-sed
0	9238	1	ok:protected-sed
0	9243	1	ok:protected-sed
0	9256	1	ok:protected-sed
0	9256	1	ok:protected-sed
0	9262	1	ok:protected-sed
0	9272	1	ok:protected-sed
0	9281	1	ok:protected-sed
0	9286	1	ok:protected-sed
0	9287	1	ok:protected-sed
0	9293	1	ok:protected-sed
0	9293	1	ok:protected-sed
0	9301	1	ok:protected-sed
0	9311	1	ok:protected-sed
0	9318	1	ok:protected-sed
0	9319	1	ok:protected-sed
0	9336	1	ok:protected-sed
0	9336	1	ok:protected-sed
0	9375	1	ok:protected-sed
0	9375	1	ok:protected-sed
0	9403	1	ok:protected-sed
0	9403	1	ok:protected-sed
0	9417	1	ok:protected-sed
0	9417	1	ok:protected-sed
0	9433	1	ok:protected-sed
0	9440	1	ok:protected-sed
0	9440	1	ok:protected-sed
0	9446	1	ok:protected-sed
0	9446	1	ok:protected-sed
0	9460	1	ok:protected-sed
0	9460	1	ok:protected-sed
0	9579	1	ok:protected-sed
0	9584	1	ok:protected-sed
0	9597	1	ok:protected-sed
0	9607	1	ok:protected-sed
0	9608	1	ok:protected-sed
0	9608	1	ok:protected-sed
0	9616	1	ok:protected-sed
0	9621	1	ok:protected-sed
0	9634	1	ok:protected-sed
0	9634	1	ok:protected-sed
0	9640	1	ok:protected-sed
0	9650	1	ok:protected-sed
0	9659	1	ok:protected-sed
0	9664	1	ok:protected-sed
0	9726	1	ok:protected-sed
0	9731	1	ok:protected-sed
0	9740	1	ok:protected-sed
0	9745	1	ok:protected-sed
0	9758	1	ok:protected-sed
0	9758	1	ok:protected-sed
0	9761	1	ok:protected-sed
0	9761	1	ok:protected-sed
0	9761	1	ok:protected-sed
0	9761	1	ok:protected-sed
0	9769	1	ok:protected-sed
0	9774	1	ok:protected-sed
0	9781	1	ok:protected-sed
0	9781	1	ok:protected-sed
0	9783	1	ok:protected-sed
0	9788	1	ok:protected-sed
0	9795	1	ok:protected-sed
0	9795	1	ok:protected-sed
0	9811	1	ok:protected-sed
0	9812	1	ok:protected-sed
0	9824	1	ok:protected-sed
0	9824	1	ok:protected-sed
0	9838	1	ok:protected-sed
0	9838	1	ok:protected-sed
0	9931	1	ok:protected-sed
0	9936	1	ok:protected-sed
0	9957	1	ok:protected-sed
0	9962	1	ok:protected-sed
0	10081	1	ok:protected-sed
0	10084	1	ok:protected-sed
0	10084	1	ok:protected-sed
0	10086	1	ok:protected-sed
0	10089	1	ok:protected-sed
0	10089	1	ok:protected-sed
0	10104	1	ok:protected-sed
0	10109	1	ok:protected-sed
0	10118	1	ok:protected-sed
0	10123	1	ok:protected-sed
0	10133	1	ok:protected-sed
0	10133	1	ok:protected-sed
0	10136	1	ok:protected-sed
0	10136	1	ok:protected-sed
0	10147	1	ok:protected-sed
0	10152	1	ok:protected-sed
0	10161	1	ok:protected-sed
0	10166	1	ok:protected-sed
0	10456	1	ok:protected-sed
0	10459	1	ok:protected-sed
0	10461	1	ok:protected-sed
0	10464	1	ok:protected-sed
0	13052	1	ok:protected-sed
0	14803	1	ok:protected-sed
0	16702	1	ok:protected-sed
0	27247	1	ok:protected-sed
0	27291	1	ok:protected-sed
0	31176	1	ok:protected-sed
0	36862	1	ok:protected-sed
0	36862	1	ok:protected-sed
0	40126	1	ok:protected-sed
0	50165	1	ok:protected-sed
0	50165	1	ok:protected-sed
0	50165	1	ok:protected-sed
0	50170	1	ok:protected-sed
0	50170	1	ok:protected-sed
0	50170	1	ok:protected-sed
0	50192	1	ok:protected-sed
0	50197	1	ok:protected-sed
0	50546	1	ok:protected-sed
0	50546	1	ok:protected-sed
0	50546	1	ok:protected-sed
0	50573	1	ok:protected-sed
0	58941	1	ok:protected-sed
0	62665	1	ok:protected-sed
0	67125	1	ok:protected-sed
0	80063	1	ok:protected-sed
0	80063	1	ok:protected-sed
0	156022	1	ok:protected-sed
0	207062	1	ok:protected-sed
0	242722	1	ok:protected-sed
0	242722	1	ok:protected-sed
0	242722	1	ok:protected-sed
0	242722	1	ok:protected-sed
0	242722	1	ok:protected-sed
0	242722	1	ok:protected-sed
0	242722	1	ok:protected-sed
0	242722	1	ok:protected-sed
0	242722	1	ok:protected-sed
0	262806	1	ok:protected-sed
1	0	0	ok:protected-sed
1	0	0	ok:protected-sed
1	0	0	ok:protected-sed
1	0	0	ok:protected-sed
1	0	0	ok:protected-sed
1	0	0	ok:protected-sed
1	0	0	ok:protected-sed
1	0	0	ok:protected-sed
1	0	0	ok:protected-sed
1	0	0	ok:protected-sed
1	0	0	ok:protected-sed
1	0	0	ok:protected-sed
1	0	0	ok:protected-sed
1	0	0	ok:protected-sed
1	0	0	ok:protected-sed
1	0	0	ok:protected-sed
1	1	0	ok:protected-sed
1	1	0	ok:protected-sed
1	1	0	ok:protected-sed
1	1	0	ok:protected-sed
1	1	0	ok:protected-sed
1	1	0	ok:protected-sed
1	1	0	ok:protected-sed
1	1	0	ok:protected-sed
1	1	0	ok:protected-sed
1	1	0	ok:protected-sed
1	1	0	ok:protected-sed
1	1	0	ok:protected-sed
1	1	0	ok:protected-sed
1	1	0	ok:protected-sed
1	1	0	ok:protected-sed
1	1	0	ok:protected-sed
1	1	0	ok:protected-sed
1	1	0	ok:protected-sed
1	1	0	ok:protected-sed
1	1	0	ok:protected-sed
1	1	0	ok:protected-sed
1	1	0	ok:protected-sed
1	1	0	ok:protected-sed
1	1	0	ok:protected-sed
1	1	0	ok:protected-sed
1	1	0	ok:protected-sed
1	1	0	ok:protected-sed
1	1	0	ok:protected-sed
1	1	0	ok:protected-sed
1	1	0	ok:protected-sed
1	1	0	ok:protected-sed
1	1	0	ok:protected-sed
1	1	0	ok:protected-sed
1	1	0	ok:protected-sed
1	1	0	ok:protected-sed
1	1	0	ok:protected-sed
1	1	0	ok:protected-sed
1	1	0	ok:protected-sed
1	1	0	ok:protected-sed
1	1	0	ok:protected-sed
1	1	0	ok:protected-sed
1	1	0	ok:protected-sed
1	1	0	ok:protected-sed
1	1	0	ok:protected-sed
1	1	0	ok:protected-sed
1	1	0	ok:protected-sed
1	1	0	ok:protected-sed
1	1	0	ok:protected-sed
1	1	0	ok:protected-sed
1	1	0	ok:protected-sed
1	1	0	ok:protected-sed
1	1	0	ok:protected-sed
1	1	0	ok:protected-sed
1	1	0	ok:protected-sed
1	1	0	ok:protected-sed
1	1	0	ok:protected-sed
1	1	0	ok:protected-sed
1	1	0	ok:protected-sed
1	1	0	ok:protected-sed
1	1	0	ok:protected-sed
1	1	0	ok:protected-sed
1	1	0	ok:protected-sed
1	1	0	ok:protected-sed
1	1	0	ok:protected-sed
1	1	0	ok:protected-sed
1	1	0	ok:protected-sed
1	1	0	ok:protected-sed
1	1	0	ok:protected-sed
1	1	0	ok:protected-sed
1	1	0	ok:protected-sed
1	1	0	ok:protected-sed
1	1	0	ok:protected-sed
1	1	0	ok:protected-sed
1	1	0	ok:protected-sed
1	1	0	ok:protected-sed
1	1	0	ok:protected-sed
1	1	0	ok:protected-sed
1	1	0	ok:protected-sed
1	1	0	ok:protected-sed
1	1	0	ok:protected-sed
1	1	0	ok:protected-sed
1	1	0	ok:protected-sed
1	1	0	ok:protected-sed
1	1	0	ok:protected-sed
1	1	0	ok:protected-sed
1	1	0	ok:protected-sed
1	1	0	ok:protected-sed
1	1	0	ok:protected-sed
1	1	0	ok:protected-sed
1	1	0	ok:protected-sed
1	1	0	ok:protected-sed
1	1	0	ok:protected-sed
1	1	0	ok:protected-sed
1	1	0	ok:protected-sed
1	1	0	ok:protected-sed
1	1	0	ok:protected-sed
1	1	0	ok:protected-sed
1	1	0	ok:protected-sed
1	1	0	ok:protected-sed
1	1	0	ok:protected-sed
1	1	0	ok:protected-sed
1	1	0	ok:protected-sed
1	1	0	ok:protected-sed
1	1	0	ok:protected-sed
1	1	0	ok:protected-sed
1	1	0	ok:protected-sed
1	1	0	ok:protected-sed
1	1	0	ok:protected-sed
1	1	0	ok:protected-sed
1	1	0	ok:protected-sed
1	1	0	ok:protected-sed
1	1	0	ok:protected-sed
1	1	0	ok:protected-sed
1	1	0	ok:protected-sed
1	1	0	ok:protected-sed
1	1	0	ok:protected-sed
1	1	0	ok:protected-sed
1	1	0	ok:protected-sed
1	1	0	ok:protected-sed
1	1	0	ok:protected-sed
1	1	0	ok:protected-sed
1	1	0	ok:protected-sed
1	1	0	ok:protected-sed
1	1	0	ok:protected-sed
1	1	0	ok:protected-sed
1	1	0	ok:protected-sed
1	1	0	ok:protected-sed
1	1	0	ok:protected-sed
1	1	0	ok:protected-sed
1	1	0	ok:protected-sed
1	1	0	ok:protected-sed
1	1	0	ok:protected-sed
1	1	0	ok:protected-sed
1	1	0	ok:protected-sed
1	1	0	ok:protected-sed
1	1	0	ok:protected-sed
1	1	0	ok:protected-sed
1	1	0	ok:protected-sed
1	1	0	ok:protected-sed
1	1	0	ok:protected-sed
1	1	0	ok:protected-sed
1	1	0	ok:protected-sed
1	1	0	ok:protected-sed
1	1	0	ok:protected-sed
1	1	0	ok:protected-sed
1	1	0	ok:protected-sed
1	1	0	ok:protected-sed
1	1	0	ok:protected-sed
1	1	0	ok:protected-sed
1	1	0	ok:protected-sed
1	1	0	ok:protected-sed
1	1	0	ok:protected-sed
1	1	0	ok:protected-sed
1	1	0	ok:protected-sed
1	1	0	ok:protected-sed
1	1	0	ok:protected-sed
1	1	0	ok:protected-sed
1	1	0	ok:protected-sed
1	1	0	ok:protected-sed
1	1	0	ok:protected-sed
1	1	0	ok:protected-sed
1	1	0	ok:protected-sed
1	1	0	ok:protected-sed
1	1	0	ok:protected-sed
1	1	0	ok:protected-sed
1	1	0	ok:protected-sed
1	1	0	ok:protected-sed
1	1	0	ok:protected-sed
1	1	0	ok:protected-sed
1	1	0	ok:protected-sed
1	1	0	ok:protected-sed
1	1	0	ok:protected-sed
1	1	0	ok:protected-sed
1	1	0	ok:protected-sed
1	1	0	ok:protected-sed
1	1	0	ok:protected-sed
1	1	0	ok:protected-sed
1	1	0	ok:protected-sed
1	1	0	ok:protected-sed
1	1	0	ok:protected-sed
1	1	0	ok:protected-sed
1	1	0	ok:protected-sed
1	1	0	ok:protected-sed
1	1	0	ok:protected-sed
1	1	0	ok:protected-sed
1	1	0	ok:protected-sed
1	1	0	ok:protected-sed
1	1	0	ok:protected-sed
1	1	0	ok:protected-sed
1	1	0	ok:protected-sed
1	1	0	ok:protected-sed
1	1	0	ok:protected-sed
1	1	0	ok:protected-sed
1	1	0	ok:protected-sed
1	1	0	ok:protected-sed
1	1	0	ok:protected-sed
1	1	0	ok:protected-sed
1	1	0	ok:protected-sed
1	1	0	ok:protected-sed
1	1	0	ok:protected-sed
1	1	0	ok:protected-sed
1	1	0	ok:protected-sed
1	1	0	ok:protected-sed
1	1	0	ok:protected-sed
1	1	0	ok:protected-sed
1	1	0	ok:protected-sed
1	1	0	ok:protected-sed
1	1	0	ok:protected-sed
1	1	0	ok:protected-sed
1	1	0	ok:protected-sed
1	1	0	ok:protected-sed
1	1	0	ok:protected-sed
1	1	0	ok:protected-sed
1	1	0	ok:protected-sed
1	1	0	ok:protected-sed
1	1	0	ok:protected-sed
1	1	0	ok:protected-sed
1	1	0	ok:protected-sed
1	1	0	ok:protected-sed
1	1	0	ok:protected-sed
1	1	0	ok:protected-sed
1	1	0	ok:protected-sed
1	1	0	ok:protected-sed
1	1	0	ok:protected-sed
1	1	0	ok:protected-sed
1	1	0	ok:protected-sed
1	1	0	ok:protected-sed
1	1	0	ok:protected-sed
1	1	0	ok:protected-sed
1	1	0	ok:protected-sed
1	1	0	ok:protected-sed
1	1	0	ok:protected-sed
1	1	0	ok:protected-sed
1	1	0	ok:protected-sed
1	1	0	ok:protected-sed
1	1	0	ok:protected-sed
1	1	0	ok:protected-sed
1	1	0	ok:protected-sed
1	1	0	ok:protected-sed
1	1	0	ok:protected-sed
1	1	0	ok:protected-sed
1	1	0	ok:protected-sed
1	1	0	ok:protected-sed
1	1	0	ok:protected-sed
1	1	0	ok:protected-sed
1	1	0	ok:protected-sed
1	1	0	ok:protected-sed
1	1	0	ok:protected-sed
1	1	0	ok:protected-sed
1	1	0	ok:protected-sed
1	1	0	ok:protected-sed
1	1	0	ok:protected-sed
1	1	0	ok:protected-sed
1	1	0	ok:protected-sed
1	1	0	ok:protected-sed
1	1	0	ok:protected-sed
1	1	0	ok:protected-sed
1	1	0	ok:protected-sed
1	1	0	ok:protected-sed
1	1	0	ok:protected-sed
1	1	0	ok:protected-sed
1	1	0	ok:protected-sed
1	1	0	ok:protected-sed
1	1	0	ok:protected-sed
1	1	0	ok:protected-sed
1	1	0	ok:protected-sed
1	1	0	ok:protected-sed
1	1	0	ok:protected-sed
1	1	0	ok:protected-sed
1	1	0	ok:protected-sed
1	1	0	ok:protected-sed
1	1	0	ok:protected-sed
1	1	0	ok:protected-sed
1	1	0	ok:protected-sed
1	1	0	ok:protected-sed
1	1	0	ok:protected-sed
1	1	0	ok:protected-sed
1	1	0	ok:protected-sed
1	1	0	ok:protected-sed
1	1	0	ok:protected-sed
1	1	0	ok:protected-sed
1	1	0	ok:protected-sed
1	1	0	ok:protected-sed
1	1	0	ok:protected-sed
1	1	0	ok:protected-sed
1	1	0	ok:protected-sed
1	1	0	ok:protected-sed
1	1	0	ok:protected-sed
1	1	0	ok:protected-sed
1	1	0	ok:protected-sed
1	1	0	ok:protected-sed
1	1	0	ok:protected-sed
1	1	0	ok:protected-sed
1	1	0	ok:protected-sed
1	1	0	ok:protected-sed
1	1	0	ok:protected-sed
1	1	0	ok:protected-sed
1	1	0	ok:protected-sed
1	1	0	ok:protected-sed
1	1	0	ok:protected-sed
1	1	0	ok:protected-sed
1	1	0	ok:protected-sed
1	1	0	ok:protected-sed
1	1	0	ok:protected-sed
1	1	0	ok:protected-sed
1	1	0	ok:protected-sed
1	1	0	ok:protected-sed
1	1	0	ok:protected-sed
1	1	0	ok:protected-sed
1	1	0	ok:protected-sed
1	1	0	ok:protected-sed
1	1	0	ok:protected-sed
1	1	0	ok:protected-sed
1	1	0	ok:protected-sed
1	1	0	ok:protected-sed
1	1	0	ok:protected-sed
1	1	0	ok:protected-sed
1	1	0	ok:protected-sed
1	1	0	ok:protected-sed
1	1	0	ok:protected-sed
1	1	0	ok:protected-sed
1	1	0	ok:protected-sed
1	1	0	ok:protected-sed
1	1	0	ok:protected-sed
1	1	0	ok:protected-sed
1	1	0	ok:protected-sed
1	1	0	ok:protected-sed
1	1	0	ok:protected-sed
1	1	0	ok:protected-sed
1	1	0	ok:protected-sed
1	1	0	ok:protected-sed
1	1	0	ok:protected-sed
1	1	0	ok:protected-sed
1	1	0	ok:protected-sed
1	1	0	ok:protected-sed
1	1	0	ok:protected-sed
1	1	0	ok:protected-sed
1	1	0	ok:protected-sed
1	1	0	ok:protected-sed
1	1	0	ok:protected-sed
1	1	0	ok:protected-sed
1	1	0	ok:protected-sed
1	1	0	ok:protected-sed
1	1	0	ok:protected-sed
1	1	0	ok:protected-sed
1	1	0	ok:protected-sed
1	1	0	ok:protected-sed
1	1	0	ok:protected-sed
1	1	0	ok:protected-sed
1	1	0	ok:protected-sed
1	1	0	ok:protected-sed
1	1	0	ok:protected-sed
1	1	0	ok:protected-sed
1	1	0	ok:protected-sed
1	1	0	ok:protected-sed
1	1	0	ok:protected-sed
1	1	0	ok:protected-sed
1	1	0	ok:protected-sed
1	1	0	ok:protected-sed
1	1	0	ok:protected-sed
1	1	0	ok:protected-sed
1	1	0	ok:protected-sed
1	1	0	ok:protected-sed
1	1	0	ok:protected-sed
1	1	0	ok:protected-sed
1	1	0	ok:protected-sed
1	1	0	ok:protected-sed
1	1	0	ok:protected-sed
1	1	0	ok:protected-sed
1	1	0	ok:protected-sed
1	1	0	ok:protected-sed
1	1	0	ok:protected-sed
1	1	0	ok:protected-sed
1	1	0	ok:protected-sed
1	1	0	ok:protected-sed
1	1	0	ok:protected-sed
1	1	0	ok:protected-sed
1	1	0	ok:protected-sed
1	1	0	ok:protected-sed
2	1	0	ok:protected-sed
2	1	0	ok:protected-sed
2	1	0	ok:protected-sed
2	1	0	ok:protected-sed
2	2	0	ok:protected-sed
2	2	0	ok:protected-sed
2	2	0	ok:protected-sed
2	2	0	ok:protected-sed
2	2	0	ok:protected-sed
2	2	0	ok:protected-sed
2	2	0	ok:protected-sed
2	2	0	ok:protected-sed
2	2	0	ok:protected-sed
2	2	0	ok:protected-sed
2	2	0	ok:protected-sed
2	2	0	ok:protected-sed
2	2	0	ok:protected-sed
2	2	0	ok:protected-sed
2	2	0	ok:protected-sed
2	2	0	ok:protected-sed
2	2	0	ok:protected-sed
2	2	0	ok:protected-sed
2	2	0	ok:protected-sed
2	2	0	ok:protected-sed
2	2	0	ok:protected-sed
2	2	0	ok:protected-sed
2	2	0	ok:protected-sed
2	2	0	ok:protected-sed
2	2	0	ok:protected-sed
2	2	0	ok:protected-sed
3	3	0	ok:protected-sed
3	3	0	ok:protected-sed
3	3	0	ok:protected-sed
3	3	0	ok:protected-sed
3	3	0	ok:protected-sed
3	3	0	ok:protected-sed
3	3	0	ok:protected-sed
3	3	0	ok:protected-sed
3	3	0	ok:protected-sed
3	3	0	ok:protected-sed
3	3	0	ok:protected-sed
3	3	0	ok:protected-sed
3	3	0	ok:protected-sed
3	3	0	ok:protected-sed
3	3	0	ok:protected-sed
3	3	0	ok:protected-sed
3	3	0	ok:protected-sed
3	3	0	ok:protected-sed
3	3	0	ok:protected-sed
3	3	0	ok:protected-sed
3	3	0	ok:protected-sed
3	3	0	ok:protected-sed
3	3	0	ok:protected-sed
3	3	0	ok:protected-sed
3	3	0	ok:protected-sed
3	3	0	ok:protected-sed
3	3	0	ok:protected-sed
3	3	0	ok:protected-sed
3	3	0	ok:protected-sed
3	3	0	ok:protected-sed
3	3	0	ok:protected-sed
3	3	0	ok:protected-sed
3	3	0	ok:protected-sed
3	3	0	ok:protected-sed
3	3	0	ok:protected-sed
3	3	0	ok:protected-sed
3	3	0	ok:protected-sed
3	3	0	ok:protected-sed
3	3	0	ok:protected-sed
3	3	0	ok:protected-sed
3	3	0	ok:protected-sed
3	3	0	ok:protected-sed
3	3	0	ok:protected-sed
3	3	0	ok:protected-sed
3	3	0	ok:protected-sed
3	3	0	ok:protected-sed
3	3	0	ok:protected-sed
3	3	0	ok:protected-sed
3	3	0	ok:protected-sed
3	3	0	ok:protected-sed
3	3	0	ok:protected-sed
3	3	0	ok:protected-sed
3	3	0	ok:protected-sed
3	3	0	ok:protected-sed
3	3	0	ok:protected-sed
3	3	0	ok:protected-sed
3	3	0	ok:protected-sed
3	3	0	ok:protected-sed
3	3	0	ok:protected-sed
3	3	0	ok:protected-sed
3	3	0	ok:protected-sed
3	3	0	ok:protected-sed
3	3	0	ok:protected-sed
3	3	0	ok:protected-sed
3	3	0	ok:protected-sed
3	3	0	ok:protected-sed
3	3	0	ok:protected-sed
3	3	0	ok:protected-sed
3	3	0	ok:protected-sed
3	3	0	ok:protected-sed
3	3	0	ok:protected-sed
3	3	0	ok:protected-sed
3	3	0	ok:protected-sed
3	3	0	ok:protected-sed
3	3	0	ok:protected-sed
3	3	0	ok:protected-sed
3	3	0	ok:protected-sed
3	3	0	ok:protected-sed
3	3	0	ok:protected-sed
3	3	0	ok:protected-sed
3	3	0	ok:protected-sed
3	3	0	ok:protected-sed
3	3	0	ok:protected-sed
3	3	0	ok:protected-sed
3	3	0	ok:protected-sed
3	3	0	ok:protected-sed
3	3	0	ok:protected-sed
3	3	0	ok:protected-sed
3	3	0	ok:protected-sed
3	3	0	ok:protected-sed
3	3	0	ok:protected-sed
3	3	0	ok:protected-sed
3	3	0	ok:protected-sed
3	3	0	ok:protected-sed
3	3	0	ok:protected-sed
3	3	0	ok:protected-sed
3	3	0	ok:protected-sed
3	3	0	ok:protected-sed
3	3	0	ok:protected-sed
3	3	0	ok:protected-sed
3	3	0	ok:protected-sed
3	3	0	ok:protected-sed
3	3	0	ok:protected-sed
3	3	0	ok:protected-sed
3	3	0	ok:protected-sed
3	3	0	ok:protected-sed
3	3	0	ok:protected-sed
3	3	0	ok:protected-sed
3	3	0	ok:protected-sed
3	3	0	ok:protected-sed
3	3	0	ok:protected-sed
3	3	0	ok:protected-sed
3	3	0	ok:protected-sed
3	3	0	ok:protected-sed
3	3	0	ok:protected-sed
3	3	0	ok:protected-sed
3	3	0	ok:protected-sed
3	3	0	ok:protected-sed
3	3	0	ok:protected-sed
3	3	0	ok:protected-sed
3	3	0	ok:protected-sed
3	3	0	ok:protected-sed
3	3	0	ok:protected-sed
3	3	0	ok:protected-sed
3	3	0	ok:protected-sed
3	3	0	ok:protected-sed
3	3	0	ok:protected-sed
3	3	0	ok:protected-sed
3	3	0	ok:protected-sed
3	3	0	ok:protected-sed
3	3	0	ok:protected-sed
3	3	0	ok:protected-sed
3	3	0	ok:protected-sed
3	3	0	ok:protected-sed
3	3	0	ok:protected-sed
3	3	0	ok:protected-sed
3	3	0	ok:protected-sed
3	3	0	ok:protected-sed
3	3	0	ok:protected-sed
3	3	0	ok:protected-sed
3	3	0	ok:protected-sed
3	3	0	ok:protected-sed
3	3	0	ok:protected-sed
3	3	0	ok:protected-sed
3	3	0	ok:protected-sed
3	3	0	ok:protected-sed
3	3	0	ok:protected-sed
3	3	0	ok:protected-sed
3	3	0	ok:protected-sed
3	3	0	ok:protected-sed
3	3	0	ok:protected-sed
3	3	0	ok:protected-sed
3	3	0	ok:protected-sed
3	3	0	ok:protected-sed
3	3	0	ok:protected-sed
4	3	0	ok:protected-sed
4	3	0	ok:protected-sed
4	3	0	ok:protected-sed
4	3	0	ok:protected-sed
4	3	0	ok:protected-sed
4	3	0	ok:protected-sed
4	3	0	ok:protected-sed
4	3	0	ok:protected-sed
4	3	0	ok:protected-sed
4	3	0	ok:protected-sed
4	3	0	ok:protected-sed
4	3	0	ok:protected-sed
4	3	0	ok:protected-sed
4	3	0	ok:protected-sed
4	3	0	ok:protected-sed
4	3	0	ok:protected-sed
4	3	0	ok:protected-sed
4	3	0	ok:protected-sed
4	4	0	ok:protected-sed
4	4	0	ok:protected-sed
4	4	0	ok:protected-sed
4	4	0	ok:protected-sed
4	4	0	ok:protected-sed
4	4	0	ok:protected-sed
4	4	0	ok:protected-sed
4	4	0	ok:protected-sed
4	4	0	ok:protected-sed
4	4	0	ok:protected-sed
4	4	0	ok:protected-sed
4	4	0	ok:protected-sed
4	4	0	ok:protected-sed
4	4	0	ok:protected-sed
4	4	0	ok:protected-sed
4	4	0	ok:protected-sed
4	4	0	ok:protected-sed
4	4	0	ok:protected-sed
4	4	0	ok:protected-sed
4	4	0	ok:protected-sed
4	4	0	ok:protected-sed
4	4	0	ok:protected-sed
4	4	0	ok:protected-sed
4	4	0	ok:protected-sed
4	4	0	ok:protected-sed
4	4	0	ok:protected-sed
4	4	0	ok:protected-sed
4	4	0	ok:protected-sed
4	4	0	ok:protected-sed
4	4	0	ok:protected-sed
4	4	0	ok:protected-sed
4	4	0	ok:protected-sed
4	4	0	ok:protected-sed
4	4	0	ok:protected-sed
4	4	0	ok:protected-sed
4	4	0	ok:protected-sed
4	4	0	ok:protected-sed
4	4	0	ok:protected-sed
4	4	0	ok:protected-sed
4	4	0	ok:protected-sed
4	4	0	ok:protected-sed
4	4	0	ok:protected-sed
4	4	0	ok:protected-sed
4	4	0	ok:protected-sed
4	4	0	ok:protected-sed
4	4	0	ok:protected-sed
4	4	0	ok:protected-sed
4	4	0	ok:protected-sed
4	4	0	ok:protected-sed
4	4	0	ok:protected-sed
4	4	0	ok:protected-sed
4	4	0	ok:protected-sed
4	4	0	ok:protected-sed
4	4	0	ok:protected-sed
4	4	0	ok:protected-sed
4	4	0	ok:protected-sed
4	4	0	ok:protected-sed
4	4	0	ok:protected-sed
4	4	0	ok:protected-sed
4	4	0	ok:protected-sed
4	4	0	ok:protected-sed
4	4	0	ok:protected-sed
4	4	0	ok:protected-sed
4	4	0	ok:protected-sed
4	4	0	ok:protected-sed
4	4	0	ok:protected-sed
4	4	0	ok:protected-sed
4	4	0	ok:protected-sed
4	4	0	ok:protected-sed
4	4	0	ok:protected-sed
4	4	0	ok:protected-sed
4	4	0	ok:protected-sed
4	4	0	ok:protected-sed
4	4	0	ok:protected-sed
4	4	0	ok:protected-sed
4	4	0	ok:protected-sed
4	4	0	ok:protected-sed
4	4	0	ok:protected-sed
4	4	0	ok:protected-sed
4	4	0	ok:protected-sed
4	4	0	ok:protected-sed
4	4	0	ok:protected-sed
4	4	0	ok:protected-sed
4	4	0	ok:protected-sed
4	4	0	ok:protected-sed
5	3	0	ok:protected-sed
5	3	0	ok:protected-sed
5	3	0	ok:protected-sed
5	3	0	ok:protected-sed
5	5	0	ok:protected-sed
5	5	0	ok:protected-sed
5	5	0	ok:protected-sed
5	5	0	ok:protected-sed
5	5	0	ok:protected-sed
5	5	0	ok:protected-sed
5	5	0	ok:protected-sed
5	5	0	ok:protected-sed
5	5	0	ok:protected-sed
5	5	0	ok:protected-sed
5	5	0	ok:protected-sed
5	5	0	ok:protected-sed
5	5	0	ok:protected-sed
5	5	0	ok:protected-sed
5	5	0	ok:protected-sed
5	5	0	ok:protected-sed
5	5	0	ok:protected-sed
5	5	0	ok:protected-sed
5	5	0	ok:protected-sed
5	5	0	ok:protected-sed
5	5	0	ok:protected-sed
5	5	0	ok:protected-sed
5	5	0	ok:protected-sed
5	5	0	ok:protected-sed
5	5	0	ok:protected-sed
5	5	0	ok:protected-sed
5	5	0	ok:protected-sed
5	5	0	ok:protected-sed
5	5	0	ok:protected-sed
5	5	0	ok:protected-sed
5	5	0	ok:protected-sed
5	5	0	ok:protected-sed
5	5	0	ok:protected-sed
5	5	0	ok:protected-sed
5	5	0	ok:protected-sed
5	5	0	ok:protected-sed
5	5	0	ok:protected-sed
5	5	0	ok:protected-sed
5	5	0	ok:protected-sed
5	5	0	ok:protected-sed
5	5	0	ok:protected-sed
5	5	0	ok:protected-sed
5	5	0	ok:protected-sed
5	5	0	ok:protected-sed
5	5	0	ok:protected-sed
5	5	0	ok:protected-sed
5	5	0	ok:protected-sed
5	5	0	ok:protected-sed
5	5	0	ok:protected-sed
5	5	0	ok:protected-sed
5	5	0	ok:protected-sed
5	5	0	ok:protected-sed
5	5	0	ok:protected-sed
5	5	0	ok:protected-sed
5	5	0	ok:protected-sed
5	5	0	ok:protected-sed
5	5	0	ok:protected-sed
5	5	0	ok:protected-sed
5	5	0	ok:protected-sed
5	5	0	ok:protected-sed
5	5	0	ok:protected-sed
5	5	0	ok:protected-sed
5	5	0	ok:protected-sed
5	5	0	ok:protected-sed
5	5	0	ok:protected-sed
5	10	0	ok:protected-sed
5	12	0	ok:protected-sed
5	12	0	ok:protected-sed
5	12	0	ok:protected-sed
5	12	0	ok:protected-sed
6	6	0	ok:protected-sed
6	6	0	ok:protected-sed
6	6	0	ok:protected-sed
6	6	0	ok:protected-sed
6	6	0	ok:protected-sed
6	6	0	ok:protected-sed
6	6	0	ok:protected-sed
6	6	0	ok:protected-sed
6	6	0	ok:protected-sed
6	6	0	ok:protected-sed
6	6	0	ok:protected-sed
6	6	0	ok:protected-sed
6	6	0	ok:protected-sed
6	6	0	ok:protected-sed
6	6	0	ok:protected-sed
6	6	0	ok:protected-sed
6	6	0	ok:protected-sed
6	6	0	ok:protected-sed
6	6	0	ok:protected-sed
6	6	0	ok:protected-sed
6	6	0	ok:protected-sed
6	6	0	ok:protected-sed
6	6	0	ok:protected-sed
6	6	0	ok:protected-sed
6	6	0	ok:protected-sed
6	6	0	ok:protected-sed
6	6	0	ok:protected-sed
6	6	0	ok:protected-sed
6	6	0	ok:protected-sed
6	6	0	ok:protected-sed
6	6	0	ok:protected-sed
6	6	0	ok:protected-sed
6	6	0	ok:protected-sed
6	6	0	ok:protected-sed
6	6	0	ok:protected-sed
6	6	0	ok:protected-sed
6	6	0	ok:protected-sed
6	6	0	ok:protected-sed
6	6	0	ok:protected-sed
6	6	0	ok:protected-sed
6	6	0	ok:protected-sed
6	6	0	ok:protected-sed
6	6	0	ok:protected-sed
6	6	0	ok:protected-sed
6	6	0	ok:protected-sed
6	6	0	ok:protected-sed
6	6	0	ok:protected-sed
6	6	0	ok:protected-sed
6	6	0	ok:protected-sed
6	6	0	ok:protected-sed
6	6	0	ok:protected-sed
6	13	0	ok:protected-sed
6	13	0	ok:protected-sed
6	13	0	ok:protected-sed
6	20	0	ok:protected-sed
7	6	0	ok:protected-sed
7	6	0	ok:protected-sed
7	6	0	ok:protected-sed
7	6	0	ok:protected-sed
7	6	0	ok:protected-sed
7	6	0	ok:protected-sed
7	7	0	ok:protected-sed
7	7	0	ok:protected-sed
7	7	0	ok:protected-sed
7	7	0	ok:protected-sed
7	7	0	ok:protected-sed
7	7	0	ok:protected-sed
7	7	0	ok:protected-sed
7	7	0	ok:protected-sed
7	7	0	ok:protected-sed
7	7	0	ok:protected-sed
7	7	0	ok:protected-sed
7	7	0	ok:protected-sed
7	7	0	ok:protected-sed
7	7	0	ok:protected-sed
7	7	0	ok:protected-sed
7	7	0	ok:protected-sed
7	7	0	ok:protected-sed
7	7	0	ok:protected-sed
7	7	0	ok:protected-sed
7	7	0	ok:protected-sed
7	7	0	ok:protected-sed
7	7	0	ok:protected-sed
7	7	0	ok:protected-sed
7	7	0	ok:protected-sed
7	7	0	ok:protected-sed
7	7	0	ok:protected-sed
7	7	0	ok:protected-sed
7	7	0	ok:protected-sed
7	7	0	ok:protected-sed
7	7	0	ok:protected-sed
7	7	0	ok:protected-sed
7	7	0	ok:protected-sed
7	7	0	ok:protected-sed
7	7	0	ok:protected-sed
7	7	0	ok:protected-sed
7	7	0	ok:protected-sed
7	7	0	ok:protected-sed
7	7	0	ok:protected-sed
7	7	0	ok:protected-sed
7	7	0	ok:protected-sed
7	7	0	ok:protected-sed
7	7	0	ok:protected-sed
7	7	0	ok:protected-sed
7	7	0	ok:protected-sed
7	7	0	ok:protected-sed
7	7	0	ok:protected-sed
7	7	0	ok:protected-sed
7	7	0	ok:protected-sed
7	7	0	ok:protected-sed
7	7	0	ok:protected-sed
7	7	0	ok:protected-sed
7	7	0	ok:protected-sed
7	7	0	ok:protected-sed
7	7	0	ok:protected-sed
7	7	0	ok:protected-sed
7	7	0	ok:protected-sed
7	7	0	ok:protected-sed
7	7	0	ok:protected-sed
7	7	0	ok:protected-sed
7	7	0	ok:protected-sed
7	7	0	ok:protected-sed
7	7	0	ok:protected-sed
7	7	0	ok:protected-sed
7	7	0	ok:protected-sed
7	7	0	ok:protected-sed
7	7	0	ok:protected-sed
7	7	0	ok:protected-sed
7	7	0	ok:protected-sed
7	7	0	ok:protected-sed
7	7	0	ok:protected-sed
7	7	0	ok:protected-sed
7	7	0	ok:protected-sed
7	7	0	ok:protected-sed
7	7	0	ok:protected-sed
7	7	0	ok:protected-sed
7	7	0	ok:protected-sed
7	7	0	ok:protected-sed
7	7	0	ok:protected-sed
7	7	0	ok:protected-sed
7	7	0	ok:protected-sed
7	7	0	ok:protected-sed
7	7	0	ok:protected-sed
7	7	0	ok:protected-sed
7	7	0	ok:protected-sed
7	7	0	ok:protected-sed
7	7	0	ok:protected-sed
7	7	0	ok:protected-sed
7	7	0	ok:protected-sed
7	7	0	ok:protected-sed
7	7	0	ok:protected-sed
7	7	0	ok:protected-sed
7	7	0	ok:protected-sed
7	7	0	ok:protected-sed
7	7	0	ok:protected-sed
7	7	0	ok:protected-sed
7	7	0	ok:protected-sed
7	7	0	ok:protected-sed
7	7	0	ok:protected-sed
7	7	0	ok:protected-sed
7	14	0	ok:protected-sed
7	14	0	ok:protected-sed
7	14	0	ok:protected-sed
7	14	0	ok:protected-sed
7	14	0	ok:protected-sed
7	14	0	ok:protected-sed
7	14	0	ok:protected-sed
7	14	0	ok:protected-sed
7	14	0	ok:protected-sed
7	14	0	ok:protected-sed
7	14	0	ok:protected-sed
8	8	0	ok:protected-sed
8	8	0	ok:protected-sed
8	8	0	ok:protected-sed
8	8	0	ok:protected-sed
8	8	0	ok:protected-sed
8	8	0	ok:protected-sed
8	8	0	ok:protected-sed
8	8	0	ok:protected-sed
8	8	0	ok:protected-sed
8	8	0	ok:protected-sed
8	8	0	ok:protected-sed
8	8	0	ok:protected-sed
8	8	0	ok:protected-sed
8	8	0	ok:protected-sed
8	8	0	ok:protected-sed
8	8	0	ok:protected-sed
8	8	0	ok:protected-sed
8	8	0	ok:protected-sed
8	8	0	ok:protected-sed
8	8	0	ok:protected-sed
8	8	0	ok:protected-sed
8	8	0	ok:protected-sed
8	8	0	ok:protected-sed
8	8	0	ok:protected-sed
8	8	0	ok:protected-sed
8	8	0	ok:protected-sed
8	8	0	ok:protected-sed
8	8	0	ok:protected-sed
8	8	0	ok:protected-sed
8	8	0	ok:protected-sed
8	8	0	ok:protected-sed
8	8	0	ok:protected-sed
8	8	0	ok:protected-sed
8	8	0	ok:protected-sed
8	8	0	ok:protected-sed
8	8	0	ok:protected-sed
8	8	0	ok:protected-sed
8	8	0	ok:protected-sed
8	8	0	ok:protected-sed
8	8	0	ok:protected-sed
8	8	0	ok:protected-sed
8	8	0	ok:protected-sed
8	8	0	ok:protected-sed
8	8	0	ok:protected-sed
8	8	0	ok:protected-sed
8	8	0	ok:protected-sed
8	8	0	ok:protected-sed
8	8	0	ok:protected-sed
8	8	0	ok:protected-sed
8	8	0	ok:protected-sed
8	8	0	ok:protected-sed
8	8	0	ok:protected-sed
8	8	0	ok:protected-sed
8	8	0	ok:protected-sed
8	8	0	ok:protected-sed
8	8	0	ok:protected-sed
8	8	0	ok:protected-sed
8	8	0	ok:protected-sed
8	8	0	ok:protected-sed
8	8	0	ok:protected-sed
8	8	0	ok:protected-sed
8	8	0	ok:protected-sed
8	8	0	ok:protected-sed
8	8	0	ok:protected-sed
8	8	0	ok:protected-sed
8	8	0	ok:protected-sed
8	8	0	ok:protected-sed
8	8	0	ok:protected-sed
8	8	0	ok:protected-sed
8	8	0	ok:protected-sed
8	8	0	ok:protected-sed
8	8	0	ok:protected-sed
8	8	0	ok:protected-sed
8	8	0	ok:protected-sed
8	8	0	ok:protected-sed
8	8	0	ok:protected-sed
8	8	0	ok:protected-sed
8	8	0	ok:protected-sed
8	8	0	ok:protected-sed
8	8	0	ok:protected-sed
8	8	0	ok:protected-sed
8	8	0	ok:protected-sed
8	8	0	ok:protected-sed
8	8	0	ok:protected-sed
8	8	0	ok:protected-sed
8	8	0	ok:protected-sed
8	8	0	ok:protected-sed
8	8	0	ok:protected-sed
8	8	0	ok:protected-sed
8	8	0	ok:protected-sed
8	8	0	ok:protected-sed
8	8	0	ok:protected-sed
8	8	0	ok:protected-sed
8	8	0	ok:protected-sed
8	8	0	ok:protected-sed
8	8	0	ok:protected-sed
8	8	0	ok:protected-sed
8	8	0	ok:protected-sed
8	8	0	ok:protected-sed
8	8	0	ok:protected-sed
8	8	0	ok:protected-sed
8	8	0	ok:protected-sed
8	8	0	ok:protected-sed
8	8	0	ok:protected-sed
8	8	0	ok:protected-sed
8	8	0	ok:protected-sed
8	8	0	ok:protected-sed
8	8	0	ok:protected-sed
8	8	0	ok:protected-sed
8	8	0	ok:protected-sed
8	8	0	ok:protected-sed
8	8	0	ok:protected-sed
8	9	0	ok:protected-sed
8	9	0	ok:protected-sed
8	10	0	ok:protected-sed
8	10	0	ok:protected-sed
8	10	0	ok:protected-sed
8	10	0	ok:protected-sed
8	10	0	ok:protected-sed
8	10	0	ok:protected-sed
8	10	0	ok:protected-sed
8	10	0	ok:protected-sed
8	10	0	ok:protected-sed
8	10	0	ok:protected-sed
8	10	0	ok:protected-sed
8	10	0	ok:protected-sed
8	10	0	ok:protected-sed
8	10	0	ok:protected-sed
8	10	0	ok:protected-sed
8	10	0	ok:protected-sed
8	10	0	ok:protected-sed
8	10	0	ok:protected-sed
8	10	0	ok:protected-sed
8	10	0	ok:protected-sed
8	10	0	ok:protected-sed
8	10	0	ok:protected-sed
8	11	0	ok:protected-sed
8	11	0	ok:protected-sed
8	11	0	ok:protected-sed
8	11	0	ok:protected-sed
8	15	0	ok:protected-sed
8	15	0	ok:protected-sed
8	15	0	ok:protected-sed
8	15	0	ok:protected-sed
8	15	0	ok:protected-sed
8	15	0	ok:protected-sed
8	15	0	ok:protected-sed
8	15	0	ok:protected-sed
8	15	0	ok:protected-sed
8	15	0	ok:protected-sed
8	15	0	ok:protected-sed
8	15	0	ok:protected-sed
8	15	0	ok:protected-sed
8	15	0	ok:protected-sed
8	15	0	ok:protected-sed
8	15	0	ok:protected-sed
8	15	0	ok:protected-sed
8	15	0	ok:protected-sed
8	15	0	ok:protected-sed
8	15	0	ok:protected-sed
8	15	0	ok:protected-sed
8	15	0	ok:protected-sed
8	15	0	ok:protected-sed
8	15	0	ok:protected-sed
8	15	0	ok:protected-sed
8	15	0	ok:protected-sed
8	15	0	ok:protected-sed
9	8	0	ok:protected-sed
9	8	0	ok:protected-sed
9	9	0	ok:protected-sed
9	9	0	ok:protected-sed
9	9	0	ok:protected-sed
9	9	0	ok:protected-sed
9	9	0	ok:protected-sed
9	9	0	ok:protected-sed
9	9	0	ok:protected-sed
9	9	0	ok:protected-sed
9	9	0	ok:protected-sed
9	9	0	ok:protected-sed
9	9	0	ok:protected-sed
9	9	0	ok:protected-sed
9	9	0	ok:protected-sed
9	9	0	ok:protected-sed
9	9	0	ok:protected-sed
9	9	0	ok:protected-sed
9	9	0	ok:protected-sed
9	9	0	ok:protected-sed
9	9	0	ok:protected-sed
9	9	0	ok:protected-sed
9	9	0	ok:protected-sed
9	9	0	ok:protected-sed
9	9	0	ok:protected-sed
9	9	0	ok:protected-sed
9	9	0	ok:protected-sed
9	9	0	ok:protected-sed
9	9	0	ok:protected-sed
9	9	0	ok:protected-sed
9	9	0	ok:protected-sed
9	9	0	ok:protected-sed
9	9	0	ok:protected-sed
9	9	0	ok:protected-sed
9	9	0	ok:protected-sed
9	9	0	ok:protected-sed
9	9	0	ok:protected-sed
9	9	0	ok:protected-sed
9	9	0	ok:protected-sed
9	9	0	ok:protected-sed
9	9	0	ok:protected-sed
9	9	0	ok:protected-sed
9	9	0	ok:protected-sed
9	9	0	ok:protected-sed
9	9	0	ok:protected-sed
9	9	0	ok:protected-sed
9	9	0	ok:protected-sed
9	9	0	ok:protected-sed
9	9	0	ok:protected-sed
9	9	0	ok:protected-sed
9	9	0	ok:protected-sed
9	9	0	ok:protected-sed
9	9	0	ok:protected-sed
9	9	0	ok:protected-sed
9	9	0	ok:protected-sed
9	9	0	ok:protected-sed
9	9	0	ok:protected-sed
9	9	0	ok:protected-sed
9	9	0	ok:protected-sed
9	9	0	ok:protected-sed
9	9	0	ok:protected-sed
9	9	0	ok:protected-sed
9	9	0	ok:protected-sed
9	9	0	ok:protected-sed
9	9	0	ok:protected-sed
9	9	0	ok:protected-sed
9	9	0	ok:protected-sed
9	9	0	ok:protected-sed
9	9	0	ok:protected-sed
9	9	0	ok:protected-sed
9	9	0	ok:protected-sed
9	9	0	ok:protected-sed
9	9	0	ok:protected-sed
9	9	0	ok:protected-sed
9	9	0	ok:protected-sed
9	9	0	ok:protected-sed
9	9	0	ok:protected-sed
9	9	0	ok:protected-sed
9	9	0	ok:protected-sed
9	9	0	ok:protected-sed
9	9	0	ok:protected-sed
9	9	0	ok:protected-sed
9	9	0	ok:protected-sed
9	9	0	ok:protected-sed
9	9	0	ok:protected-sed
9	9	0	ok:protected-sed
9	10	0	ok:protected-sed
9	10	0	ok:protected-sed
9	10	0	ok:protected-sed
9	10	0	ok:protected-sed
9	10	0	ok:protected-sed
9	10	0	ok:protected-sed
9	10	0	ok:protected-sed
9	10	0	ok:protected-sed
9	10	0	ok:protected-sed
9	10	0	ok:protected-sed
9	10	0	ok:protected-sed
9	10	0	ok:protected-sed
9	10	0	ok:protected-sed
9	10	0	ok:protected-sed
9	10	0	ok:protected-sed
9	10	0	ok:protected-sed
9	11	0	ok:protected-sed
9	11	0	ok:protected-sed
9	11	0	ok:protected-sed
9	11	0	ok:protected-sed
9	16	0	ok:protected-sed
9	16	0	ok:protected-sed
9	16	0	ok:protected-sed
9	16	0	ok:protected-sed
9	16	0	ok:protected-sed
9	16	0	ok:protected-sed
9	16	0	ok:protected-sed
9	16	0	ok:protected-sed
9	16	0	ok:protected-sed
9	16	0	ok:protected-sed
9	16	0	ok:protected-sed
9	16	0	ok:protected-sed
9	16	0	ok:protected-sed
9	16	0	ok:protected-sed
9	16	0	ok:protected-sed
9	16	0	ok:protected-sed
9	16	0	ok:protected-sed
9	16	0	ok:protected-sed
9	16	0	ok:protected-sed
9	16	0	ok:protected-sed
9	16	0	ok:protected-sed
9	16	0	ok:protected-sed
9	16	0	ok:protected-sed
10	10	0	ok:protected-sed
10	10	0	ok:protected-sed
10	10	0	ok:protected-sed
10	10	0	ok:protected-sed
10	10	0	ok:protected-sed
10	10	0	ok:protected-sed
10	10	0	ok:protected-sed
10	10	0	ok:protected-sed
10	10	0	ok:protected-sed
10	10	0	ok:protected-sed
10	10	0	ok:protected-sed
10	10	0	ok:protected-sed
10	10	0	ok:protected-sed
10	10	0	ok:protected-sed
10	10	0	ok:protected-sed
10	10	0	ok:protected-sed
10	10	0	ok:protected-sed
10	10	0	ok:protected-sed
10	10	0	ok:protected-sed
10	10	0	ok:protected-sed
10	10	0	ok:protected-sed
10	10	0	ok:protected-sed
10	10	0	ok:protected-sed
10	10	0	ok:protected-sed
10	10	0	ok:protected-sed
10	10	0	ok:protected-sed
10	10	0	ok:protected-sed
10	10	0	ok:protected-sed
10	10	0	ok:protected-sed
10	10	0	ok:protected-sed
10	10	0	ok:protected-sed
10	10	0	ok:protected-sed
10	10	0	ok:protected-sed
10	10	0	ok:protected-sed
10	10	0	ok:protected-sed
10	10	0	ok:protected-sed
10	10	0	ok:protected-sed
10	10	0	ok:protected-sed
10	10	0	ok:protected-sed
10	10	0	ok:protected-sed
10	10	0	ok:protected-sed
10	10	0	ok:protected-sed
10	10	0	ok:protected-sed
10	10	0	ok:protected-sed
10	10	0	ok:protected-sed
10	10	0	ok:protected-sed
10	10	0	ok:protected-sed
10	10	0	ok:protected-sed
10	10	0	ok:protected-sed
10	10	0	ok:protected-sed
10	10	0	ok:protected-sed
10	10	0	ok:protected-sed
10	10	0	ok:protected-sed
10	10	0	ok:protected-sed
10	10	0	ok:protected-sed
10	10	0	ok:protected-sed
10	10	0	ok:protected-sed
10	10	0	ok:protected-sed
10	10	0	ok:protected-sed
10	10	0	ok:protected-sed
10	10	0	ok:protected-sed
10	10	0	ok:protected-sed
10	10	0	ok:protected-sed
10	10	0	ok:protected-sed
10	10	0	ok:protected-sed
10	10	0	ok:protected-sed
10	10	0	ok:protected-sed
10	10	0	ok:protected-sed
10	10	0	ok:protected-sed
10	10	0	ok:protected-sed
10	17	0	ok:protected-sed
10	17	0	ok:protected-sed
10	17	0	ok:protected-sed
10	17	0	ok:protected-sed
10	17	0	ok:protected-sed
10	17	0	ok:protected-sed
10	17	0	ok:protected-sed
10	17	0	ok:protected-sed
10	17	0	ok:protected-sed
10	17	0	ok:protected-sed
10	17	0	ok:protected-sed
10	17	0	ok:protected-sed
10	17	0	ok:protected-sed
10	17	0	ok:protected-sed
10	17	0	ok:protected-sed
10	17	0	ok:protected-sed
10	17	0	ok:protected-sed
10	17	0	ok:protected-sed
10	17	0	ok:protected-sed
10	17	0	ok:protected-sed
10	17	0	ok:protected-sed
10	17	0	ok:protected-sed
10	17	0	ok:protected-sed
10	17	0	ok:protected-sed
10	17	0	ok:protected-sed
10	17	0	ok:protected-sed
10	17	0	ok:protected-sed
10	17	0	ok:protected-sed
10	17	0	ok:protected-sed
10	17	0	ok:protected-sed
10	17	0	ok:protected-sed
10	17	0	ok:protected-sed
10	17	0	ok:protected-sed
10	17	0	ok:protected-sed
10	17	0	ok:protected-sed
11	3	0	ok:protected-sed
11	4	0	ok:protected-sed
11	8	0	ok:protected-sed
11	8	0	ok:protected-sed
11	8	0	ok:protected-sed
11	8	0	ok:protected-sed
11	8	0	ok:protected-sed
11	8	0	ok:protected-sed
11	8	0	ok:protected-sed
11	8	0	ok:protected-sed
11	11	0	ok:protected-sed
11	11	0	ok:protected-sed
11	11	0	ok:protected-sed
11	11	0	ok:protected-sed
11	11	0	ok:protected-sed
11	11	0	ok:protected-sed
11	11	0	ok:protected-sed
11	11	0	ok:protected-sed
11	11	0	ok:protected-sed
11	11	0	ok:protected-sed
11	11	0	ok:protected-sed
11	11	0	ok:protected-sed
11	11	0	ok:protected-sed
11	11	0	ok:protected-sed
11	11	0	ok:protected-sed
11	11	0	ok:protected-sed
11	11	0	ok:protected-sed
11	11	0	ok:protected-sed
11	11	0	ok:protected-sed
11	11	0	ok:protected-sed
11	11	0	ok:protected-sed
11	11	0	ok:protected-sed
11	11	0	ok:protected-sed
11	11	0	ok:protected-sed
11	11	0	ok:protected-sed
11	11	0	ok:protected-sed
11	11	0	ok:protected-sed
11	11	0	ok:protected-sed
11	11	0	ok:protected-sed
11	11	0	ok:protected-sed
11	11	0	ok:protected-sed
11	11	0	ok:protected-sed
11	11	0	ok:protected-sed
11	11	0	ok:protected-sed
11	11	0	ok:protected-sed
11	11	0	ok:protected-sed
11	11	0	ok:protected-sed
11	12	0	ok:protected-sed
11	12	0	ok:protected-sed
11	12	0	ok:protected-sed
11	12	0	ok:protected-sed
11	12	0	ok:protected-sed
11	12	0	ok:protected-sed
11	12	0	ok:protected-sed
11	12	0	ok:protected-sed
11	12	0	ok:protected-sed
11	18	0	ok:protected-sed
11	18	0	ok:protected-sed
11	18	0	ok:protected-sed
11	18	0	ok:protected-sed
11	18	0	ok:protected-sed
11	18	0	ok:protected-sed
11	18	0	ok:protected-sed
11	18	0	ok:protected-sed
11	18	0	ok:protected-sed
11	18	0	ok:protected-sed
11	18	0	ok:protected-sed
11	18	0	ok:protected-sed
11	18	0	ok:protected-sed
11	18	0	ok:protected-sed
11	29	0	ok:protected-sed
12	5	0	ok:protected-sed
12	5	0	ok:protected-sed
12	9	0	ok:protected-sed
12	9	0	ok:protected-sed
12	9	0	ok:protected-sed
12	9	0	ok:protected-sed
12	12	0	ok:protected-sed
12	12	0	ok:protected-sed
12	12	0	ok:protected-sed
12	12	0	ok:protected-sed
12	12	0	ok:protected-sed
12	12	0	ok:protected-sed
12	12	0	ok:protected-sed
12	12	0	ok:protected-sed
12	12	0	ok:protected-sed
12	12	0	ok:protected-sed
12	12	0	ok:protected-sed
12	12	0	ok:protected-sed
12	12	0	ok:protected-sed
12	12	0	ok:protected-sed
12	12	0	ok:protected-sed
12	12	0	ok:protected-sed
12	12	0	ok:protected-sed
12	12	0	ok:protected-sed
12	12	0	ok:protected-sed
12	12	0	ok:protected-sed
12	12	0	ok:protected-sed
12	12	0	ok:protected-sed
12	12	0	ok:protected-sed
12	12	0	ok:protected-sed
12	12	0	ok:protected-sed
12	12	0	ok:protected-sed
12	12	0	ok:protected-sed
12	12	0	ok:protected-sed
12	12	0	ok:protected-sed
12	12	0	ok:protected-sed
12	12	0	ok:protected-sed
12	12	0	ok:protected-sed
12	12	0	ok:protected-sed
12	12	0	ok:protected-sed
12	12	0	ok:protected-sed
12	12	0	ok:protected-sed
12	12	0	ok:protected-sed
12	12	0	ok:protected-sed
12	12	0	ok:protected-sed
12	12	0	ok:protected-sed
12	12	0	ok:protected-sed
12	12	0	ok:protected-sed
12	12	0	ok:protected-sed
12	12	0	ok:protected-sed
12	12	0	ok:protected-sed
12	12	0	ok:protected-sed
12	12	0	ok:protected-sed
12	12	0	ok:protected-sed
12	12	0	ok:protected-sed
12	12	0	ok:protected-sed
12	12	0	ok:protected-sed
12	12	0	ok:protected-sed
12	12	0	ok:protected-sed
12	12	0	ok:protected-sed
12	12	0	ok:protected-sed
12	12	0	ok:protected-sed
12	12	0	ok:protected-sed
12	12	0	ok:protected-sed
12	12	0	ok:protected-sed
12	12	0	ok:protected-sed
12	12	0	ok:protected-sed
12	12	0	ok:protected-sed
12	12	0	ok:protected-sed
12	12	0	ok:protected-sed
12	12	0	ok:protected-sed
12	12	0	ok:protected-sed
12	12	0	ok:protected-sed
12	12	0	ok:protected-sed
12	12	0	ok:protected-sed
12	12	0	ok:protected-sed
12	12	0	ok:protected-sed
12	12	0	ok:protected-sed
12	12	0	ok:protected-sed
12	12	0	ok:protected-sed
12	12	0	ok:protected-sed
12	12	0	ok:protected-sed
12	12	0	ok:protected-sed
12	12	0	ok:protected-sed
12	12	0	ok:protected-sed
12	12	0	ok:protected-sed
12	12	0	ok:protected-sed
12	12	0	ok:protected-sed
12	12	0	ok:protected-sed
12	13	0	ok:protected-sed
12	13	0	ok:protected-sed
12	13	0	ok:protected-sed
12	13	0	ok:protected-sed
12	13	0	ok:protected-sed
12	13	0	ok:protected-sed
12	13	0	ok:protected-sed
12	13	0	ok:protected-sed
12	13	0	ok:protected-sed
12	13	0	ok:protected-sed
12	13	0	ok:protected-sed
12	13	0	ok:protected-sed
12	13	0	ok:protected-sed
12	19	0	ok:protected-sed
12	19	0	ok:protected-sed
12	19	0	ok:protected-sed
12	19	0	ok:protected-sed
12	19	0	ok:protected-sed
12	19	0	ok:protected-sed
12	19	0	ok:protected-sed
12	19	0	ok:protected-sed
12	19	0	ok:protected-sed
12	19	0	ok:protected-sed
12	19	0	ok:protected-sed
12	19	0	ok:protected-sed
12	19	0	ok:protected-sed
12	19	0	ok:protected-sed
12	19	0	ok:protected-sed
12	19	0	ok:protected-sed
12	19	0	ok:protected-sed
12	19	0	ok:protected-sed
12	19	0	ok:protected-sed
12	19	0	ok:protected-sed
12	19	0	ok:protected-sed
12	19	0	ok:protected-sed
12	19	0	ok:protected-sed
12	30	0	ok:protected-sed
12	30	0	ok:protected-sed
13	6	0	ok:protected-sed
13	6	0	ok:protected-sed
13	6	0	ok:protected-sed
13	6	0	ok:protected-sed
13	6	0	ok:protected-sed
13	6	0	ok:protected-sed
13	6	0	ok:protected-sed
13	6	0	ok:protected-sed
13	10	0	ok:protected-sed
13	10	0	ok:protected-sed
13	10	0	ok:protected-sed
13	10	0	ok:protected-sed
13	10	0	ok:protected-sed
13	10	0	ok:protected-sed
13	13	0	ok:protected-sed
13	13	0	ok:protected-sed
13	13	0	ok:protected-sed
13	13	0	ok:protected-sed
13	13	0	ok:protected-sed
13	13	0	ok:protected-sed
13	13	0	ok:protected-sed
13	13	0	ok:protected-sed
13	13	0	ok:protected-sed
13	13	0	ok:protected-sed
13	13	0	ok:protected-sed
13	13	0	ok:protected-sed
13	13	0	ok:protected-sed
13	13	0	ok:protected-sed
13	13	0	ok:protected-sed
13	13	0	ok:protected-sed
13	13	0	ok:protected-sed
13	13	0	ok:protected-sed
13	13	0	ok:protected-sed
13	13	0	ok:protected-sed
13	13	0	ok:protected-sed
13	13	0	ok:protected-sed
13	13	0	ok:protected-sed
13	13	0	ok:protected-sed
13	13	0	ok:protected-sed
13	13	0	ok:protected-sed
13	13	0	ok:protected-sed
13	13	0	ok:protected-sed
13	13	0	ok:protected-sed
13	13	0	ok:protected-sed
13	13	0	ok:protected-sed
13	13	0	ok:protected-sed
13	13	0	ok:protected-sed
13	13	0	ok:protected-sed
13	13	0	ok:protected-sed
13	13	0	ok:protected-sed
13	13	0	ok:protected-sed
13	13	0	ok:protected-sed
13	13	0	ok:protected-sed
13	13	0	ok:protected-sed
13	13	0	ok:protected-sed
13	13	0	ok:protected-sed
13	13	0	ok:protected-sed
13	13	0	ok:protected-sed
13	13	0	ok:protected-sed
13	13	0	ok:protected-sed
13	13	0	ok:protected-sed
13	13	0	ok:protected-sed
13	14	0	ok:protected-sed
13	14	0	ok:protected-sed
13	14	0	ok:protected-sed
13	15	0	ok:protected-sed
13	15	0	ok:protected-sed
13	15	0	ok:protected-sed
13	15	0	ok:protected-sed
13	15	0	ok:protected-sed
13	15	0	ok:protected-sed
13	15	0	ok:protected-sed
13	15	0	ok:protected-sed
13	15	0	ok:protected-sed
13	20	0	ok:protected-sed
13	20	0	ok:protected-sed
13	20	0	ok:protected-sed
13	20	0	ok:protected-sed
13	20	0	ok:protected-sed
13	20	0	ok:protected-sed
13	20	0	ok:protected-sed
13	20	0	ok:protected-sed
13	20	0	ok:protected-sed
13	20	0	ok:protected-sed
13	20	0	ok:protected-sed
13	20	0	ok:protected-sed
13	20	0	ok:protected-sed
13	20	0	ok:protected-sed
13	20	0	ok:protected-sed
13	31	0	ok:protected-sed
13	31	0	ok:protected-sed
13	31	0	ok:protected-sed
13	31	0	ok:protected-sed
13	31	0	ok:protected-sed
14	4	0	ok:protected-sed
14	4	0	ok:protected-sed
14	4	0	ok:protected-sed
14	4	0	ok:protected-sed
14	4	0	ok:protected-sed
14	4	0	ok:protected-sed
14	5	0	ok:protected-sed
14	5	0	ok:protected-sed
14	5	0	ok:protected-sed
14	11	0	ok:protected-sed
14	11	0	ok:protected-sed
14	11	0	ok:protected-sed
14	11	0	ok:protected-sed
14	11	0	ok:protected-sed
14	11	0	ok:protected-sed
14	11	0	ok:protected-sed
14	14	0	ok:protected-sed
14	14	0	ok:protected-sed
14	14	0	ok:protected-sed
14	14	0	ok:protected-sed
14	14	0	ok:protected-sed
14	14	0	ok:protected-sed
14	14	0	ok:protected-sed
14	14	0	ok:protected-sed
14	14	0	ok:protected-sed
14	14	0	ok:protected-sed
14	14	0	ok:protected-sed
14	14	0	ok:protected-sed
14	14	0	ok:protected-sed
14	14	0	ok:protected-sed
14	14	0	ok:protected-sed
14	14	0	ok:protected-sed
14	14	0	ok:protected-sed
14	14	0	ok:protected-sed
14	14	0	ok:protected-sed
14	14	0	ok:protected-sed
14	14	0	ok:protected-sed
14	14	0	ok:protected-sed
14	14	0	ok:protected-sed
14	14	0	ok:protected-sed
14	14	0	ok:protected-sed
14	14	0	ok:protected-sed
14	14	0	ok:protected-sed
14	14	0	ok:protected-sed
14	14	0	ok:protected-sed
14	14	0	ok:protected-sed
14	14	0	ok:protected-sed
14	14	0	ok:protected-sed
14	14	0	ok:protected-sed
14	14	0	ok:protected-sed
14	14	0	ok:protected-sed
14	14	0	ok:protected-sed
14	14	0	ok:protected-sed
14	14	0	ok:protected-sed
14	14	0	ok:protected-sed
14	14	0	ok:protected-sed
14	14	0	ok:protected-sed
14	14	0	ok:protected-sed
14	14	0	ok:protected-sed
14	14	0	ok:protected-sed
14	14	0	ok:protected-sed
14	14	0	ok:protected-sed
14	14	0	ok:protected-sed
14	14	0	ok:protected-sed
14	14	0	ok:protected-sed
14	14	0	ok:protected-sed
14	14	0	ok:protected-sed
14	14	0	ok:protected-sed
14	14	0	ok:protected-sed
14	14	0	ok:protected-sed
14	14	0	ok:protected-sed
14	14	0	ok:protected-sed
14	14	0	ok:protected-sed
14	14	0	ok:protected-sed
14	14	0	ok:protected-sed
14	14	0	ok:protected-sed
14	14	0	ok:protected-sed
14	14	0	ok:protected-sed
14	14	0	ok:protected-sed
14	14	0	ok:protected-sed
14	14	0	ok:protected-sed
14	14	0	ok:protected-sed
14	14	0	ok:protected-sed
14	14	0	ok:protected-sed
14	14	0	ok:protected-sed
14	14	0	ok:protected-sed
14	14	0	ok:protected-sed
14	14	0	ok:protected-sed
14	14	0	ok:protected-sed
14	14	0	ok:protected-sed
14	14	0	ok:protected-sed
14	14	0	ok:protected-sed
14	14	0	ok:protected-sed
14	14	0	ok:protected-sed
14	14	0	ok:protected-sed
14	14	0	ok:protected-sed
14	14	0	ok:protected-sed
14	14	0	ok:protected-sed
14	14	0	ok:protected-sed
14	14	0	ok:protected-sed
14	14	0	ok:protected-sed
14	14	0	ok:protected-sed
14	14	0	ok:protected-sed
14	14	0	ok:protected-sed
14	14	0	ok:protected-sed
14	14	0	ok:protected-sed
14	14	0	ok:protected-sed
14	14	0	ok:protected-sed
14	14	0	ok:protected-sed
14	14	0	ok:protected-sed
14	14	0	ok:protected-sed
14	14	0	ok:protected-sed
14	14	0	ok:protected-sed
14	14	0	ok:protected-sed
14	14	0	ok:protected-sed
14	14	0	ok:protected-sed
14	14	0	ok:protected-sed
14	14	0	ok:protected-sed
14	14	0	ok:protected-sed
14	14	0	ok:protected-sed
14	14	0	ok:protected-sed
14	14	0	ok:protected-sed
14	14	0	ok:protected-sed
14	14	0	ok:protected-sed
14	14	0	ok:protected-sed
14	14	0	ok:protected-sed
14	14	0	ok:protected-sed
14	14	0	ok:protected-sed
14	14	0	ok:protected-sed
14	14	0	ok:protected-sed
14	14	0	ok:protected-sed
14	14	0	ok:protected-sed
14	14	0	ok:protected-sed
14	14	0	ok:protected-sed
14	14	0	ok:protected-sed
14	14	0	ok:protected-sed
14	14	0	ok:protected-sed
14	14	0	ok:protected-sed
14	14	0	ok:protected-sed
14	14	0	ok:protected-sed
14	14	0	ok:protected-sed
14	14	0	ok:protected-sed
14	14	0	ok:protected-sed
14	14	0	ok:protected-sed
14	14	0	ok:protected-sed
14	14	0	ok:protected-sed
14	14	0	ok:protected-sed
14	14	0	ok:protected-sed
14	14	0	ok:protected-sed
14	14	0	ok:protected-sed
14	14	0	ok:protected-sed
14	14	0	ok:protected-sed
14	14	0	ok:protected-sed
14	14	0	ok:protected-sed
14	14	0	ok:protected-sed
14	14	0	ok:protected-sed
14	15	0	ok:protected-sed
14	15	0	ok:protected-sed
14	15	0	ok:protected-sed
14	15	0	ok:protected-sed
14	15	0	ok:protected-sed
14	15	0	ok:protected-sed
14	15	0	ok:protected-sed
14	15	0	ok:protected-sed
14	15	0	ok:protected-sed
14	15	0	ok:protected-sed
14	15	0	ok:protected-sed
14	21	0	ok:protected-sed
14	21	0	ok:protected-sed
14	21	0	ok:protected-sed
14	21	0	ok:protected-sed
14	21	0	ok:protected-sed
14	21	0	ok:protected-sed
14	21	0	ok:protected-sed
14	21	0	ok:protected-sed
14	21	0	ok:protected-sed
14	21	0	ok:protected-sed
14	32	0	ok:protected-sed
14	32	0	ok:protected-sed
14	32	0	ok:protected-sed
14	32	0	ok:protected-sed
14	32	0	ok:protected-sed
14	32	0	ok:protected-sed
14	32	0	ok:protected-sed
14	32	0	ok:protected-sed
14	32	0	ok:protected-sed
15	3	0	ok:protected-sed
15	3	0	ok:protected-sed
15	3	0	ok:protected-sed
15	3	0	ok:protected-sed
15	3	0	ok:protected-sed
15	3	0	ok:protected-sed
15	3	0	ok:protected-sed
15	3	0	ok:protected-sed
15	5	0	ok:protected-sed
15	5	0	ok:protected-sed
15	5	0	ok:protected-sed
15	5	0	ok:protected-sed
15	5	0	ok:protected-sed
15	5	0	ok:protected-sed
15	5	0	ok:protected-sed
15	5	0	ok:protected-sed
15	5	0	ok:protected-sed
15	5	0	ok:protected-sed
15	5	0	ok:protected-sed
15	5	0	ok:protected-sed
15	5	0	ok:protected-sed
15	5	0	ok:protected-sed
15	5	0	ok:protected-sed
15	5	0	ok:protected-sed
15	5	0	ok:protected-sed
15	5	0	ok:protected-sed
15	5	0	ok:protected-sed
15	5	0	ok:protected-sed
15	5	0	ok:protected-sed
15	5	0	ok:protected-sed
15	5	0	ok:protected-sed
15	5	0	ok:protected-sed
15	5	0	ok:protected-sed
15	5	0	ok:protected-sed
15	5	0	ok:protected-sed
15	5	0	ok:protected-sed
15	5	0	ok:protected-sed
15	5	0	ok:protected-sed
15	5	0	ok:protected-sed
15	5	0	ok:protected-sed
15	5	0	ok:protected-sed
15	5	0	ok:protected-sed
15	5	0	ok:protected-sed
15	5	0	ok:protected-sed
15	5	0	ok:protected-sed
15	5	0	ok:protected-sed
15	6	0	ok:protected-sed
15	9	0	ok:protected-sed
15	9	0	ok:protected-sed
15	9	0	ok:protected-sed
15	9	0	ok:protected-sed
15	9	0	ok:protected-sed
15	9	0	ok:protected-sed
15	9	0	ok:protected-sed
15	9	0	ok:protected-sed
15	9	0	ok:protected-sed
15	9	0	ok:protected-sed
15	9	0	ok:protected-sed
15	9	0	ok:protected-sed
15	9	0	ok:protected-sed
15	9	0	ok:protected-sed
15	9	0	ok:protected-sed
15	9	0	ok:protected-sed
15	9	0	ok:protected-sed
15	9	0	ok:protected-sed
15	9	0	ok:protected-sed
15	9	0	ok:protected-sed
15	9	0	ok:protected-sed
15	9	0	ok:protected-sed
15	9	0	ok:protected-sed
15	9	0	ok:protected-sed
15	9	0	ok:protected-sed
15	9	0	ok:protected-sed
15	9	0	ok:protected-sed
15	9	0	ok:protected-sed
15	9	0	ok:protected-sed
15	9	0	ok:protected-sed
15	9	0	ok:protected-sed
15	9	0	ok:protected-sed
15	9	0	ok:protected-sed
15	9	0	ok:protected-sed
15	9	0	ok:protected-sed
15	9	0	ok:protected-sed
15	13	0	ok:protected-sed
15	15	0	ok:protected-sed
15	15	0	ok:protected-sed
15	15	0	ok:protected-sed
15	15	0	ok:protected-sed
15	15	0	ok:protected-sed
15	15	0	ok:protected-sed
15	15	0	ok:protected-sed
15	15	0	ok:protected-sed
15	15	0	ok:protected-sed
15	15	0	ok:protected-sed
15	15	0	ok:protected-sed
15	15	0	ok:protected-sed
15	15	0	ok:protected-sed
15	15	0	ok:protected-sed
15	15	0	ok:protected-sed
15	15	0	ok:protected-sed
15	15	0	ok:protected-sed
15	15	0	ok:protected-sed
15	15	0	ok:protected-sed
15	15	0	ok:protected-sed
15	15	0	ok:protected-sed
15	15	0	ok:protected-sed
15	15	0	ok:protected-sed
15	15	0	ok:protected-sed
15	15	0	ok:protected-sed
15	15	0	ok:protected-sed
15	15	0	ok:protected-sed
15	15	0	ok:protected-sed
15	15	0	ok:protected-sed
15	15	0	ok:protected-sed
15	15	0	ok:protected-sed
15	15	0	ok:protected-sed
15	15	0	ok:protected-sed
15	15	0	ok:protected-sed
15	15	0	ok:protected-sed
15	15	0	ok:protected-sed
15	15	0	ok:protected-sed
15	15	0	ok:protected-sed
15	15	0	ok:protected-sed
15	15	0	ok:protected-sed
15	15	0	ok:protected-sed
15	15	0	ok:protected-sed
15	15	0	ok:protected-sed
15	15	0	ok:protected-sed
15	15	0	ok:protected-sed
15	15	0	ok:protected-sed
15	15	0	ok:protected-sed
15	15	0	ok:protected-sed
15	15	0	ok:protected-sed
15	15	0	ok:protected-sed
15	15	0	ok:protected-sed
15	15	0	ok:protected-sed
15	15	0	ok:protected-sed
15	15	0	ok:protected-sed
15	15	0	ok:protected-sed
15	15	0	ok:protected-sed
15	15	0	ok:protected-sed
15	15	0	ok:protected-sed
15	15	0	ok:protected-sed
15	15	0	ok:protected-sed
15	15	0	ok:protected-sed
15	15	0	ok:protected-sed
15	15	0	ok:protected-sed
15	15	0	ok:protected-sed
15	15	0	ok:protected-sed
15	16	0	ok:protected-sed
15	16	0	ok:protected-sed
15	16	0	ok:protected-sed
15	16	0	ok:protected-sed
15	16	0	ok:protected-sed
15	16	0	ok:protected-sed
15	16	0	ok:protected-sed
15	16	0	ok:protected-sed
15	16	0	ok:protected-sed
15	16	0	ok:protected-sed
15	16	0	ok:protected-sed
15	16	0	ok:protected-sed
15	16	0	ok:protected-sed
15	16	0	ok:protected-sed
15	16	0	ok:protected-sed
15	16	0	ok:protected-sed
15	16	0	ok:protected-sed
15	16	0	ok:protected-sed
15	16	0	ok:protected-sed
15	16	0	ok:protected-sed
15	16	0	ok:protected-sed
15	16	0	ok:protected-sed
15	16	0	ok:protected-sed
15	16	0	ok:protected-sed
15	16	0	ok:protected-sed
15	16	0	ok:protected-sed
15	16	0	ok:protected-sed
15	22	0	ok:protected-sed
15	22	0	ok:protected-sed
15	22	0	ok:protected-sed
15	22	0	ok:protected-sed
15	22	0	ok:protected-sed
15	22	0	ok:protected-sed
15	22	0	ok:protected-sed
15	22	0	ok:protected-sed
15	33	0	ok:protected-sed
15	33	0	ok:protected-sed
15	33	0	ok:protected-sed
16	11	0	ok:protected-sed
16	11	0	ok:protected-sed
16	11	0	ok:protected-sed
16	11	0	ok:protected-sed
16	11	0	ok:protected-sed
16	11	0	ok:protected-sed
16	11	0	ok:protected-sed
16	11	0	ok:protected-sed
16	11	0	ok:protected-sed
16	11	0	ok:protected-sed
16	11	0	ok:protected-sed
16	11	0	ok:protected-sed
16	11	0	ok:protected-sed
16	11	0	ok:protected-sed
16	11	0	ok:protected-sed
16	11	0	ok:protected-sed
16	11	0	ok:protected-sed
16	11	0	ok:protected-sed
16	11	0	ok:protected-sed
16	11	0	ok:protected-sed
16	11	0	ok:protected-sed
16	11	0	ok:protected-sed
16	11	0	ok:protected-sed
16	11	0	ok:protected-sed
16	11	0	ok:protected-sed
16	11	0	ok:protected-sed
16	11	0	ok:protected-sed
16	11	0	ok:protected-sed
16	11	0	ok:protected-sed
16	11	0	ok:protected-sed
16	11	0	ok:protected-sed
16	11	0	ok:protected-sed
16	11	0	ok:protected-sed
16	11	0	ok:protected-sed
16	11	0	ok:protected-sed
16	12	0	ok:protected-sed
16	12	0	ok:protected-sed
16	12	0	ok:protected-sed
16	12	0	ok:protected-sed
16	13	0	ok:protected-sed
16	14	0	ok:protected-sed
16	16	0	ok:protected-sed
16	16	0	ok:protected-sed
16	16	0	ok:protected-sed
16	16	0	ok:protected-sed
16	16	0	ok:protected-sed
16	16	0	ok:protected-sed
16	16	0	ok:protected-sed
16	16	0	ok:protected-sed
16	16	0	ok:protected-sed
16	16	0	ok:protected-sed
16	16	0	ok:protected-sed
16	16	0	ok:protected-sed
16	16	0	ok:protected-sed
16	16	0	ok:protected-sed
16	16	0	ok:protected-sed
16	16	0	ok:protected-sed
16	16	0	ok:protected-sed
16	16	0	ok:protected-sed
16	16	0	ok:protected-sed
16	16	0	ok:protected-sed
16	16	0	ok:protected-sed
16	16	0	ok:protected-sed
16	16	0	ok:protected-sed
16	16	0	ok:protected-sed
16	16	0	ok:protected-sed
16	16	0	ok:protected-sed
16	16	0	ok:protected-sed
16	16	0	ok:protected-sed
16	16	0	ok:protected-sed
16	16	0	ok:protected-sed
16	16	0	ok:protected-sed
16	16	0	ok:protected-sed
16	16	0	ok:protected-sed
16	16	0	ok:protected-sed
16	16	0	ok:protected-sed
16	16	0	ok:protected-sed
16	16	0	ok:protected-sed
16	16	0	ok:protected-sed
16	16	0	ok:protected-sed
16	16	0	ok:protected-sed
16	16	0	ok:protected-sed
16	16	0	ok:protected-sed
16	16	0	ok:protected-sed
16	16	0	ok:protected-sed
16	16	0	ok:protected-sed
16	16	0	ok:protected-sed
16	16	0	ok:protected-sed
16	16	0	ok:protected-sed
16	16	0	ok:protected-sed
16	16	0	ok:protected-sed
16	16	0	ok:protected-sed
16	16	0	ok:protected-sed
16	16	0	ok:protected-sed
16	16	0	ok:protected-sed
16	16	0	ok:protected-sed
16	16	0	ok:protected-sed
16	16	0	ok:protected-sed
16	16	0	ok:protected-sed
16	17	0	ok:protected-sed
16	17	0	ok:protected-sed
16	17	0	ok:protected-sed
16	17	0	ok:protected-sed
16	17	0	ok:protected-sed
16	17	0	ok:protected-sed
16	17	0	ok:protected-sed
16	17	0	ok:protected-sed
16	17	0	ok:protected-sed
16	17	0	ok:protected-sed
16	17	0	ok:protected-sed
16	17	0	ok:protected-sed
16	17	0	ok:protected-sed
16	17	0	ok:protected-sed
16	17	0	ok:protected-sed
16	17	0	ok:protected-sed
16	17	0	ok:protected-sed
16	17	0	ok:protected-sed
16	17	0	ok:protected-sed
16	17	0	ok:protected-sed
16	17	0	ok:protected-sed
16	17	0	ok:protected-sed
16	17	0	ok:protected-sed
16	23	0	ok:protected-sed
16	23	0	ok:protected-sed
16	23	0	ok:protected-sed
16	23	0	ok:protected-sed
16	34	0	ok:protected-sed
16	34	0	ok:protected-sed
16	34	0	ok:protected-sed
16	34	0	ok:protected-sed
16	34	0	ok:protected-sed
17	9	0	ok:protected-sed
17	15	0	ok:protected-sed
17	17	0	ok:protected-sed
17	17	0	ok:protected-sed
17	17	0	ok:protected-sed
17	17	0	ok:protected-sed
17	17	0	ok:protected-sed
17	17	0	ok:protected-sed
17	17	0	ok:protected-sed
17	17	0	ok:protected-sed
17	17	0	ok:protected-sed
17	17	0	ok:protected-sed
17	17	0	ok:protected-sed
17	17	0	ok:protected-sed
17	17	0	ok:protected-sed
17	17	0	ok:protected-sed
17	17	0	ok:protected-sed
17	17	0	ok:protected-sed
17	17	0	ok:protected-sed
17	17	0	ok:protected-sed
17	17	0	ok:protected-sed
17	17	0	ok:protected-sed
17	17	0	ok:protected-sed
17	17	0	ok:protected-sed
17	17	0	ok:protected-sed
17	17	0	ok:protected-sed
17	17	0	ok:protected-sed
17	17	0	ok:protected-sed
17	17	0	ok:protected-sed
17	17	0	ok:protected-sed
17	17	0	ok:protected-sed
17	17	0	ok:protected-sed
17	17	0	ok:protected-sed
17	17	0	ok:protected-sed
17	18	0	ok:protected-sed
17	18	0	ok:protected-sed
17	18	0	ok:protected-sed
17	18	0	ok:protected-sed
17	18	0	ok:protected-sed
17	18	0	ok:protected-sed
17	18	0	ok:protected-sed
17	18	0	ok:protected-sed
17	18	0	ok:protected-sed
17	18	0	ok:protected-sed
17	18	0	ok:protected-sed
17	18	0	ok:protected-sed
17	18	0	ok:protected-sed
17	18	0	ok:protected-sed
17	18	0	ok:protected-sed
17	18	0	ok:protected-sed
17	18	0	ok:protected-sed
17	18	0	ok:protected-sed
17	18	0	ok:protected-sed
17	18	0	ok:protected-sed
17	18	0	ok:protected-sed
17	18	0	ok:protected-sed
17	18	0	ok:protected-sed
17	18	0	ok:protected-sed
17	18	0	ok:protected-sed
17	18	0	ok:protected-sed
17	18	0	ok:protected-sed
17	18	0	ok:protected-sed
17	18	0	ok:protected-sed
17	18	0	ok:protected-sed
17	18	0	ok:protected-sed
17	18	0	ok:protected-sed
17	18	0	ok:protected-sed
17	18	0	ok:protected-sed
17	18	0	ok:protected-sed
17	19	0	ok:protected-sed
17	21	0	ok:protected-sed
17	24	0	ok:protected-sed
18	18	0	ok:protected-sed
18	18	0	ok:protected-sed
18	18	0	ok:protected-sed
18	18	0	ok:protected-sed
18	18	0	ok:protected-sed
18	18	0	ok:protected-sed
18	18	0	ok:protected-sed
18	18	0	ok:protected-sed
18	18	0	ok:protected-sed
18	18	0	ok:protected-sed
18	18	0	ok:protected-sed
18	18	0	ok:protected-sed
18	18	0	ok:protected-sed
18	18	0	ok:protected-sed
18	18	0	ok:protected-sed
18	18	0	ok:protected-sed
18	18	0	ok:protected-sed
18	18	0	ok:protected-sed
18	18	0	ok:protected-sed
18	18	0	ok:protected-sed
18	18	0	ok:protected-sed
18	18	0	ok:protected-sed
18	18	0	ok:protected-sed
18	18	0	ok:protected-sed
18	18	0	ok:protected-sed
18	18	0	ok:protected-sed
18	18	0	ok:protected-sed
18	18	0	ok:protected-sed
18	18	0	ok:protected-sed
18	18	0	ok:protected-sed
18	18	0	ok:protected-sed
18	18	0	ok:protected-sed
18	18	0	ok:protected-sed
18	18	0	ok:protected-sed
18	18	0	ok:protected-sed
18	18	0	ok:protected-sed
18	18	0	ok:protected-sed
18	18	0	ok:protected-sed
18	18	0	ok:protected-sed
18	18	0	ok:protected-sed
18	18	0	ok:protected-sed
18	18	0	ok:protected-sed
18	18	0	ok:protected-sed
18	18	0	ok:protected-sed
18	18	0	ok:protected-sed
18	18	0	ok:protected-sed
18	18	0	ok:protected-sed
18	19	0	ok:protected-sed
18	19	0	ok:protected-sed
18	19	0	ok:protected-sed
18	19	0	ok:protected-sed
18	19	0	ok:protected-sed
18	19	0	ok:protected-sed
18	19	0	ok:protected-sed
18	19	0	ok:protected-sed
18	19	0	ok:protected-sed
18	19	0	ok:protected-sed
18	19	0	ok:protected-sed
18	19	0	ok:protected-sed
18	19	0	ok:protected-sed
18	19	0	ok:protected-sed
18	25	0	ok:protected-sed
19	18	0	ok:protected-sed
19	19	0	ok:protected-sed
19	19	0	ok:protected-sed
19	19	0	ok:protected-sed
19	19	0	ok:protected-sed
19	19	0	ok:protected-sed
19	19	0	ok:protected-sed
19	19	0	ok:protected-sed
19	19	0	ok:protected-sed
19	19	0	ok:protected-sed
19	19	0	ok:protected-sed
19	19	0	ok:protected-sed
19	19	0	ok:protected-sed
19	19	0	ok:protected-sed
19	19	0	ok:protected-sed
19	19	0	ok:protected-sed
19	19	0	ok:protected-sed
19	19	0	ok:protected-sed
19	19	0	ok:protected-sed
19	19	0	ok:protected-sed
19	19	0	ok:protected-sed
19	19	0	ok:protected-sed
19	19	0	ok:protected-sed
19	19	0	ok:protected-sed
19	19	0	ok:protected-sed
19	19	0	ok:protected-sed
19	19	0	ok:protected-sed
19	19	0	ok:protected-sed
19	19	0	ok:protected-sed
19	19	0	ok:protected-sed
19	19	0	ok:protected-sed
19	19	0	ok:protected-sed
19	19	0	ok:protected-sed
19	19	0	ok:protected-sed
19	19	0	ok:protected-sed
19	19	0	ok:protected-sed
19	19	0	ok:protected-sed
19	19	0	ok:protected-sed
19	19	0	ok:protected-sed
19	19	0	ok:protected-sed
19	19	0	ok:protected-sed
19	19	0	ok:protected-sed
19	19	0	ok:protected-sed
19	19	0	ok:protected-sed
19	19	0	ok:protected-sed
19	20	0	ok:protected-sed
19	20	0	ok:protected-sed
19	20	0	ok:protected-sed
19	20	0	ok:protected-sed
19	20	0	ok:protected-sed
19	20	0	ok:protected-sed
19	20	0	ok:protected-sed
19	20	0	ok:protected-sed
19	20	0	ok:protected-sed
19	20	0	ok:protected-sed
19	20	0	ok:protected-sed
19	20	0	ok:protected-sed
19	20	0	ok:protected-sed
19	20	0	ok:protected-sed
19	20	0	ok:protected-sed
19	20	0	ok:protected-sed
19	20	0	ok:protected-sed
19	20	0	ok:protected-sed
19	20	0	ok:protected-sed
19	20	0	ok:protected-sed
19	20	0	ok:protected-sed
19	20	0	ok:protected-sed
19	20	0	ok:protected-sed
19	46	0	ok:protected-sed
20	9	0	ok:protected-sed
20	9	0	ok:protected-sed
20	10	0	ok:protected-sed
20	10	0	ok:protected-sed
20	20	0	ok:protected-sed
20	20	0	ok:protected-sed
20	20	0	ok:protected-sed
20	20	0	ok:protected-sed
20	20	0	ok:protected-sed
20	20	0	ok:protected-sed
20	20	0	ok:protected-sed
20	20	0	ok:protected-sed
20	20	0	ok:protected-sed
20	20	0	ok:protected-sed
20	20	0	ok:protected-sed
20	20	0	ok:protected-sed
20	20	0	ok:protected-sed
20	20	0	ok:protected-sed
20	20	0	ok:protected-sed
20	20	0	ok:protected-sed
20	20	0	ok:protected-sed
20	20	0	ok:protected-sed
20	20	0	ok:protected-sed
20	20	0	ok:protected-sed
20	20	0	ok:protected-sed
20	20	0	ok:protected-sed
20	20	0	ok:protected-sed
20	20	0	ok:protected-sed
20	20	0	ok:protected-sed
20	20	0	ok:protected-sed
20	20	0	ok:protected-sed
20	20	0	ok:protected-sed
20	20	0	ok:protected-sed
20	21	0	ok:protected-sed
20	21	0	ok:protected-sed
20	21	0	ok:protected-sed
20	21	0	ok:protected-sed
20	21	0	ok:protected-sed
20	21	0	ok:protected-sed
20	21	0	ok:protected-sed
20	21	0	ok:protected-sed
20	21	0	ok:protected-sed
20	21	0	ok:protected-sed
20	21	0	ok:protected-sed
20	21	0	ok:protected-sed
20	21	0	ok:protected-sed
20	21	0	ok:protected-sed
20	21	0	ok:protected-sed
21	21	0	ok:protected-sed
21	21	0	ok:protected-sed
21	21	0	ok:protected-sed
21	21	0	ok:protected-sed
21	21	0	ok:protected-sed
21	21	0	ok:protected-sed
21	21	0	ok:protected-sed
21	21	0	ok:protected-sed
21	21	0	ok:protected-sed
21	21	0	ok:protected-sed
21	21	0	ok:protected-sed
21	21	0	ok:protected-sed
21	21	0	ok:protected-sed
21	21	0	ok:protected-sed
21	21	0	ok:protected-sed
21	21	0	ok:protected-sed
21	21	0	ok:protected-sed
21	21	0	ok:protected-sed
21	21	0	ok:protected-sed
21	21	0	ok:protected-sed
21	21	0	ok:protected-sed
21	21	0	ok:protected-sed
21	21	0	ok:protected-sed
21	21	0	ok:protected-sed
21	21	0	ok:protected-sed
21	21	0	ok:protected-sed
21	21	0	ok:protected-sed
21	21	0	ok:protected-sed
21	21	0	ok:protected-sed
21	21	0	ok:protected-sed
21	21	0	ok:protected-sed
21	21	0	ok:protected-sed
21	21	0	ok:protected-sed
21	21	0	ok:protected-sed
21	21	0	ok:protected-sed
21	21	0	ok:protected-sed
21	21	0	ok:protected-sed
21	21	0	ok:protected-sed
21	21	0	ok:protected-sed
21	22	0	ok:protected-sed
21	22	0	ok:protected-sed
21	22	0	ok:protected-sed
21	22	0	ok:protected-sed
21	22	0	ok:protected-sed
21	22	0	ok:protected-sed
21	22	0	ok:protected-sed
21	22	0	ok:protected-sed
21	22	0	ok:protected-sed
21	22	0	ok:protected-sed
21	25	0	ok:protected-sed
21	25	0	ok:protected-sed
21	25	0	ok:protected-sed
21	25	0	ok:protected-sed
21	25	0	ok:protected-sed
21	25	0	ok:protected-sed
21	25	0	ok:protected-sed
21	25	0	ok:protected-sed
21	25	0	ok:protected-sed
22	12	0	ok:protected-sed
22	22	0	ok:protected-sed
22	22	0	ok:protected-sed
22	22	0	ok:protected-sed
22	22	0	ok:protected-sed
22	22	0	ok:protected-sed
22	22	0	ok:protected-sed
22	22	0	ok:protected-sed
22	22	0	ok:protected-sed
22	22	0	ok:protected-sed
22	22	0	ok:protected-sed
22	22	0	ok:protected-sed
22	22	0	ok:protected-sed
22	22	0	ok:protected-sed
22	22	0	ok:protected-sed
22	22	0	ok:protected-sed
22	22	0	ok:protected-sed
22	22	0	ok:protected-sed
22	22	0	ok:protected-sed
22	22	0	ok:protected-sed
22	22	0	ok:protected-sed
22	22	0	ok:protected-sed
22	22	0	ok:protected-sed
22	22	0	ok:protected-sed
22	22	0	ok:protected-sed
22	22	0	ok:protected-sed
22	22	0	ok:protected-sed
22	22	0	ok:protected-sed
22	22	0	ok:protected-sed
22	22	0	ok:protected-sed
22	22	0	ok:protected-sed
22	22	0	ok:protected-sed
22	22	0	ok:protected-sed
22	22	0	ok:protected-sed
22	22	0	ok:protected-sed
22	22	0	ok:protected-sed
22	22	0	ok:protected-sed
22	22	0	ok:protected-sed
22	22	0	ok:protected-sed
22	22	0	ok:protected-sed
22	22	0	ok:protected-sed
22	22	0	ok:protected-sed
22	22	0	ok:protected-sed
22	22	0	ok:protected-sed
22	22	0	ok:protected-sed
22	22	0	ok:protected-sed
22	22	0	ok:protected-sed
22	22	0	ok:protected-sed
22	22	0	ok:protected-sed
22	22	0	ok:protected-sed
22	22	0	ok:protected-sed
22	22	0	ok:protected-sed
22	22	0	ok:protected-sed
22	22	0	ok:protected-sed
22	22	0	ok:protected-sed
22	22	0	ok:protected-sed
22	22	0	ok:protected-sed
22	22	0	ok:protected-sed
22	22	0	ok:protected-sed
22	22	0	ok:protected-sed
22	22	0	ok:protected-sed
22	22	0	ok:protected-sed
22	22	0	ok:protected-sed
22	22	0	ok:protected-sed
22	22	0	ok:protected-sed
22	22	0	ok:protected-sed
22	22	0	ok:protected-sed
22	22	0	ok:protected-sed
22	22	0	ok:protected-sed
22	22	0	ok:protected-sed
22	22	0	ok:protected-sed
22	22	0	ok:protected-sed
22	22	0	ok:protected-sed
22	22	0	ok:protected-sed
22	22	0	ok:protected-sed
22	22	0	ok:protected-sed
22	22	0	ok:protected-sed
22	22	0	ok:protected-sed
22	22	0	ok:protected-sed
22	22	0	ok:protected-sed
22	22	0	ok:protected-sed
22	22	0	ok:protected-sed
22	22	0	ok:protected-sed
22	22	0	ok:protected-sed
22	22	0	ok:protected-sed
22	22	0	ok:protected-sed
22	22	0	ok:protected-sed
22	22	0	ok:protected-sed
22	22	0	ok:protected-sed
22	22	0	ok:protected-sed
22	22	0	ok:protected-sed
22	22	0	ok:protected-sed
22	22	0	ok:protected-sed
22	22	0	ok:protected-sed
22	22	0	ok:protected-sed
22	22	0	ok:protected-sed
22	22	0	ok:protected-sed
22	22	0	ok:protected-sed
22	22	0	ok:protected-sed
22	22	0	ok:protected-sed
22	22	0	ok:protected-sed
22	22	0	ok:protected-sed
22	22	0	ok:protected-sed
22	22	0	ok:protected-sed
22	22	0	ok:protected-sed
22	22	0	ok:protected-sed
22	22	0	ok:protected-sed
22	22	0	ok:protected-sed
22	22	0	ok:protected-sed
22	22	0	ok:protected-sed
22	22	0	ok:protected-sed
22	22	0	ok:protected-sed
22	22	0	ok:protected-sed
22	22	0	ok:protected-sed
22	22	0	ok:protected-sed
22	22	0	ok:protected-sed
22	22	0	ok:protected-sed
22	22	0	ok:protected-sed
22	22	0	ok:protected-sed
22	22	0	ok:protected-sed
22	22	0	ok:protected-sed
22	23	0	ok:protected-sed
22	23	0	ok:protected-sed
22	23	0	ok:protected-sed
22	23	0	ok:protected-sed
22	23	0	ok:protected-sed
22	23	0	ok:protected-sed
22	23	0	ok:protected-sed
22	23	0	ok:protected-sed
23	23	0	ok:protected-sed
23	23	0	ok:protected-sed
23	23	0	ok:protected-sed
23	23	0	ok:protected-sed
23	23	0	ok:protected-sed
23	23	0	ok:protected-sed
23	23	0	ok:protected-sed
23	23	0	ok:protected-sed
23	23	0	ok:protected-sed
23	23	0	ok:protected-sed
23	23	0	ok:protected-sed
23	23	0	ok:protected-sed
23	23	0	ok:protected-sed
23	23	0	ok:protected-sed
23	23	0	ok:protected-sed
23	23	0	ok:protected-sed
23	23	0	ok:protected-sed
23	23	0	ok:protected-sed
23	23	0	ok:protected-sed
23	23	0	ok:protected-sed
23	23	0	ok:protected-sed
23	23	0	ok:protected-sed
23	23	0	ok:protected-sed
23	23	0	ok:protected-sed
23	23	0	ok:protected-sed
23	23	0	ok:protected-sed
23	23	0	ok:protected-sed
23	23	0	ok:protected-sed
23	23	0	ok:protected-sed
23	23	0	ok:protected-sed
23	23	0	ok:protected-sed
23	23	0	ok:protected-sed
23	23	0	ok:protected-sed
23	24	0	ok:protected-sed
23	24	0	ok:protected-sed
23	24	0	ok:protected-sed
23	24	0	ok:protected-sed
24	24	0	ok:protected-sed
24	24	0	ok:protected-sed
24	24	0	ok:protected-sed
24	24	0	ok:protected-sed
24	24	0	ok:protected-sed
24	24	0	ok:protected-sed
24	24	0	ok:protected-sed
24	24	0	ok:protected-sed
24	24	0	ok:protected-sed
24	24	0	ok:protected-sed
24	24	0	ok:protected-sed
24	24	0	ok:protected-sed
24	24	0	ok:protected-sed
24	24	0	ok:protected-sed
24	24	0	ok:protected-sed
24	24	0	ok:protected-sed
24	24	0	ok:protected-sed
24	24	0	ok:protected-sed
24	24	0	ok:protected-sed
24	24	0	ok:protected-sed
24	24	0	ok:protected-sed
24	24	0	ok:protected-sed
24	24	0	ok:protected-sed
24	24	0	ok:protected-sed
24	24	0	ok:protected-sed
24	24	0	ok:protected-sed
24	24	0	ok:protected-sed
24	24	0	ok:protected-sed
24	24	0	ok:protected-sed
24	24	0	ok:protected-sed
24	24	0	ok:protected-sed
24	24	0	ok:protected-sed
24	24	0	ok:protected-sed
24	24	0	ok:protected-sed
24	24	0	ok:protected-sed
24	24	0	ok:protected-sed
24	24	0	ok:protected-sed
24	24	0	ok:protected-sed
24	24	0	ok:protected-sed
24	24	0	ok:protected-sed
24	25	0	ok:protected-sed
25	7	0	ok:protected-sed
25	7	0	ok:protected-sed
25	7	0	ok:protected-sed
25	7	0	ok:protected-sed
25	7	0	ok:protected-sed
25	7	0	ok:protected-sed
25	8	0	ok:protected-sed
25	8	0	ok:protected-sed
25	10	0	ok:protected-sed
25	10	0	ok:protected-sed
25	10	0	ok:protected-sed
25	10	0	ok:protected-sed
25	10	0	ok:protected-sed
25	10	0	ok:protected-sed
25	10	0	ok:protected-sed
25	10	0	ok:protected-sed
25	10	0	ok:protected-sed
25	10	0	ok:protected-sed
25	10	0	ok:protected-sed
25	10	0	ok:protected-sed
25	10	0	ok:protected-sed
25	10	0	ok:protected-sed
25	10	0	ok:protected-sed
25	10	0	ok:protected-sed
25	10	0	ok:protected-sed
25	10	0	ok:protected-sed
25	10	0	ok:protected-sed
25	10	0	ok:protected-sed
25	10	0	ok:protected-sed
25	10	0	ok:protected-sed
25	10	0	ok:protected-sed
25	10	0	ok:protected-sed
25	10	0	ok:protected-sed
25	10	0	ok:protected-sed
25	10	0	ok:protected-sed
25	10	0	ok:protected-sed
25	10	0	ok:protected-sed
25	10	0	ok:protected-sed
25	10	0	ok:protected-sed
25	15	0	ok:protected-sed
25	15	0	ok:protected-sed
25	15	0	ok:protected-sed
25	15	0	ok:protected-sed
25	15	0	ok:protected-sed
25	15	0	ok:protected-sed
25	15	0	ok:protected-sed
25	15	0	ok:protected-sed
25	15	0	ok:protected-sed
25	15	0	ok:protected-sed
25	15	0	ok:protected-sed
25	15	0	ok:protected-sed
25	15	0	ok:protected-sed
25	15	0	ok:protected-sed
25	15	0	ok:protected-sed
25	15	0	ok:protected-sed
25	15	0	ok:protected-sed
25	15	0	ok:protected-sed
25	15	0	ok:protected-sed
25	15	0	ok:protected-sed
25	15	0	ok:protected-sed
25	15	0	ok:protected-sed
25	15	0	ok:protected-sed
25	15	0	ok:protected-sed
25	15	0	ok:protected-sed
25	15	0	ok:protected-sed
25	15	0	ok:protected-sed
25	15	0	ok:protected-sed
25	15	0	ok:protected-sed
25	23	0	ok:protected-sed
25	25	0	ok:protected-sed
25	25	0	ok:protected-sed
25	25	0	ok:protected-sed
25	25	0	ok:protected-sed
25	25	0	ok:protected-sed
25	25	0	ok:protected-sed
25	25	0	ok:protected-sed
25	25	0	ok:protected-sed
25	25	0	ok:protected-sed
25	25	0	ok:protected-sed
25	25	0	ok:protected-sed
25	25	0	ok:protected-sed
25	25	0	ok:protected-sed
25	25	0	ok:protected-sed
25	25	0	ok:protected-sed
25	25	0	ok:protected-sed
25	25	0	ok:protected-sed
25	25	0	ok:protected-sed
25	25	0	ok:protected-sed
25	25	0	ok:protected-sed
25	25	0	ok:protected-sed
25	25	0	ok:protected-sed
25	25	0	ok:protected-sed
25	25	0	ok:protected-sed
25	25	0	ok:protected-sed
25	25	0	ok:protected-sed
25	25	0	ok:protected-sed
25	25	0	ok:protected-sed
25	25	0	ok:protected-sed
25	25	0	ok:protected-sed
25	25	0	ok:protected-sed
25	25	0	ok:protected-sed
25	25	0	ok:protected-sed
25	25	0	ok:protected-sed
25	25	0	ok:protected-sed
25	25	0	ok:protected-sed
25	25	0	ok:protected-sed
25	25	0	ok:protected-sed
25	25	0	ok:protected-sed
25	25	0	ok:protected-sed
25	25	0	ok:protected-sed
25	25	0	ok:protected-sed
25	25	0	ok:protected-sed
25	25	0	ok:protected-sed
25	25	0	ok:protected-sed
25	25	0	ok:protected-sed
25	25	0	ok:protected-sed
25	25	0	ok:protected-sed
25	25	0	ok:protected-sed
25	25	0	ok:protected-sed
25	25	0	ok:protected-sed
25	25	0	ok:protected-sed
25	25	0	ok:protected-sed
25	25	0	ok:protected-sed
25	25	0	ok:protected-sed
25	25	0	ok:protected-sed
25	25	0	ok:protected-sed
25	25	0	ok:protected-sed
25	25	0	ok:protected-sed
25	26	0	ok:protected-sed
25	39	0	ok:protected-sed
26	15	0	ok:protected-sed
26	15	0	ok:protected-sed
26	15	0	ok:protected-sed
26	15	0	ok:protected-sed
26	15	0	ok:protected-sed
26	15	0	ok:protected-sed
26	15	0	ok:protected-sed
26	15	0	ok:protected-sed
26	15	0	ok:protected-sed
26	15	0	ok:protected-sed
26	15	0	ok:protected-sed
26	15	0	ok:protected-sed
26	15	0	ok:protected-sed
26	15	0	ok:protected-sed
26	15	0	ok:protected-sed
26	15	0	ok:protected-sed
26	26	0	ok:protected-sed
26	26	0	ok:protected-sed
26	26	0	ok:protected-sed
26	26	0	ok:protected-sed
26	26	0	ok:protected-sed
26	26	0	ok:protected-sed
26	26	0	ok:protected-sed
26	26	0	ok:protected-sed
26	26	0	ok:protected-sed
26	26	0	ok:protected-sed
26	26	0	ok:protected-sed
26	26	0	ok:protected-sed
26	26	0	ok:protected-sed
26	26	0	ok:protected-sed
26	26	0	ok:protected-sed
27	27	0	ok:protected-sed
27	27	0	ok:protected-sed
28	28	0	ok:protected-sed
28	28	0	ok:protected-sed
28	28	0	ok:protected-sed
28	28	0	ok:protected-sed
28	28	0	ok:protected-sed
29	27	0	ok:protected-sed
29	29	0	ok:protected-sed
29	29	0	ok:protected-sed
29	29	0	ok:protected-sed
29	29	0	ok:protected-sed
29	29	0	ok:protected-sed
29	29	0	ok:protected-sed
29	29	0	ok:protected-sed
29	29	0	ok:protected-sed
29	29	0	ok:protected-sed
29	29	0	ok:protected-sed
29	29	0	ok:protected-sed
29	29	0	ok:protected-sed
29	29	0	ok:protected-sed
29	87	0	ok:protected-sed
29	87	0	ok:protected-sed
29	87	0	ok:protected-sed
29	87	0	ok:protected-sed
29	87	0	ok:protected-sed
29	87	0	ok:protected-sed
29	87	0	ok:protected-sed
29	87	0	ok:protected-sed
29	87	0	ok:protected-sed
29	87	0	ok:protected-sed
29	87	0	ok:protected-sed
34	34	0	ok:protected-sed
34	34	0	ok:protected-sed
34	34	0	ok:protected-sed
34	34	0	ok:protected-sed
34	34	0	ok:protected-sed
34	34	0	ok:protected-sed
34	34	0	ok:protected-sed
34	34	0	ok:protected-sed
34	34	0	ok:protected-sed
34	34	0	ok:protected-sed
34	34	0	ok:protected-sed
34	34	0	ok:protected-sed
34	34	0	ok:protected-sed
34	34	0	ok:protected-sed
34	34	0	ok:protected-sed
34	34	0	ok:protected-sed
34	34	0	ok:protected-sed
34	37	0	ok:protected-sed
34	37	0	ok:protected-sed
34	37	0	ok:protected-sed
34	37	0	ok:protected-sed
34	37	0	ok:protected-sed
34	37	0	ok:protected-sed
34	37	0	ok:protected-sed
34	37	0	ok:protected-sed
34	37	0	ok:protected-sed
35	35	0	ok:protected-sed
36	36	0	ok:protected-sed
36	36	0	ok:protected-sed
36	36	0	ok:protected-sed
38	38	0	ok:protected-sed
39	37	0	ok:protected-sed
39	37	0	ok:protected-sed
39	37	0	ok:protected-sed
39	39	0	ok:protected-sed
39	39	0	ok:protected-sed
39	39	0	ok:protected-sed
39	39	0	ok:protected-sed
39	39	0	ok:protected-sed
39	39	0	ok:protected-sed
39	39	0	ok:protected-sed
39	39	0	ok:protected-sed
39	39	0	ok:protected-sed
39	39	0	ok:protected-sed
39	43	0	ok:protected-sed
39	43	0	ok:protected-sed
39	43	0	ok:protected-sed
39	43	0	ok:protected-sed
39	43	0	ok:protected-sed
39	43	0	ok:protected-sed
39	43	0	ok:protected-sed
39	43	0	ok:protected-sed
39	43	0	ok:protected-sed
39	43	0	ok:protected-sed
40	40	0	ok:protected-sed
40	40	0	ok:protected-sed
40	40	0	ok:protected-sed
40	40	0	ok:protected-sed
40	40	0	ok:protected-sed
40	40	0	ok:protected-sed
40	40	0	ok:protected-sed
40	40	0	ok:protected-sed
40	40	0	ok:protected-sed
40	40	0	ok:protected-sed
40	40	0	ok:protected-sed
40	40	0	ok:protected-sed
40	40	0	ok:protected-sed
40	40	0	ok:protected-sed
40	40	0	ok:protected-sed
40	40	0	ok:protected-sed
40	40	0	ok:protected-sed
40	40	0	ok:protected-sed
40	40	0	ok:protected-sed
40	40	0	ok:protected-sed
40	40	0	ok:protected-sed
40	40	0	ok:protected-sed
40	40	0	ok:protected-sed
40	40	0	ok:protected-sed
40	44	0	ok:protected-sed
40	44	0	ok:protected-sed
40	44	0	ok:protected-sed
40	44	0	ok:protected-sed
40	44	0	ok:protected-sed
40	44	0	ok:protected-sed
40	44	0	ok:protected-sed
40	44	0	ok:protected-sed
40	44	0	ok:protected-sed
40	49	0	ok:protected-sed
40	49	0	ok:protected-sed
40	49	0	ok:protected-sed
40	49	0	ok:protected-sed
40	49	0	ok:protected-sed
40	49	0	ok:protected-sed
40	49	0	ok:protected-sed
40	49	0	ok:protected-sed
40	49	0	ok:protected-sed
41	41	0	ok:protected-sed
41	41	0	ok:protected-sed
41	41	0	ok:protected-sed
41	41	0	ok:protected-sed
41	41	0	ok:protected-sed
41	41	0	ok:protected-sed
41	41	0	ok:protected-sed
41	41	0	ok:protected-sed
43	43	0	ok:protected-sed
46	46	0	ok:protected-sed
46	46	0	ok:protected-sed
46	46	0	ok:protected-sed
46	46	0	ok:protected-sed
46	46	0	ok:protected-sed
46	46	0	ok:protected-sed
46	46	0	ok:protected-sed
46	46	0	ok:protected-sed
46	46	0	ok:protected-sed
46	52	0	ok:protected-sed
46	52	0	ok:protected-sed
46	52	0	ok:protected-sed
46	52	0	ok:protected-sed
46	52	0	ok:protected-sed
46	52	0	ok:protected-sed
46	52	0	ok:protected-sed
46	52	0	ok:protected-sed
46	52	0	ok:protected-sed
46	52	0	ok:protected-sed
46	64	0	ok:protected-sed
46	64	0	ok:protected-sed
46	64	0	ok:protected-sed
46	64	0	ok:protected-sed
46	64	0	ok:protected-sed
46	64	0	ok:protected-sed
46	64	0	ok:protected-sed
46	64	0	ok:protected-sed
46	64	0	ok:protected-sed
46	64	0	ok:protected-sed
46	64	0	ok:protected-sed
46	64	0	ok:protected-sed
46	64	0	ok:protected-sed
46	64	0	ok:protected-sed
46	64	0	ok:protected-sed
46	64	0	ok:protected-sed
52	52	0	ok:protected-sed
52	54	0	ok:protected-sed
52	54	0	ok:protected-sed
52	54	0	ok:protected-sed
52	54	0	ok:protected-sed
52	54	0	ok:protected-sed
52	54	0	ok:protected-sed
52	54	0	ok:protected-sed
52	54	0	ok:protected-sed
52	54	0	ok:protected-sed
52	54	0	ok:protected-sed
52	54	0	ok:protected-sed
52	54	0	ok:protected-sed
52	54	0	ok:protected-sed
52	54	0	ok:protected-sed
52	54	0	ok:protected-sed
52	54	0	ok:protected-sed
52	54	0	ok:protected-sed
52	54	0	ok:protected-sed
52	54	0	ok:protected-sed
52	54	0	ok:protected-sed
52	54	0	ok:protected-sed
52	54	0	ok:protected-sed
52	54	0	ok:protected-sed
52	54	0	ok:protected-sed
52	54	0	ok:protected-sed
52	54	0	ok:protected-sed
52	54	0	ok:protected-sed
52	54	0	ok:protected-sed
52	54	0	ok:protected-sed
52	54	0	ok:protected-sed
52	54	0	ok:protected-sed
52	54	0	ok:protected-sed
52	54	0	ok:protected-sed
52	54	0	ok:protected-sed
52	54	0	ok:protected-sed
52	54	0	ok:protected-sed
52	54	0	ok:protected-sed
52	54	0	ok:protected-sed
52	54	0	ok:protected-sed
52	54	0	ok:protected-sed
52	54	0	ok:protected-sed
52	54	0	ok:protected-sed
52	54	0	ok:protected-sed
52	54	0	ok:protected-sed
52	54	0	ok:protected-sed
52	54	0	ok:protected-sed
52	54	0	ok:protected-sed
52	54	0	ok:protected-sed
52	54	0	ok:protected-sed
52	54	0	ok:protected-sed
52	54	0	ok:protected-sed
52	54	0	ok:protected-sed
52	54	0	ok:protected-sed
52	54	0	ok:protected-sed
52	54	0	ok:protected-sed
52	54	0	ok:protected-sed
52	54	0	ok:protected-sed
52	54	0	ok:protected-sed
52	54	0	ok:protected-sed
57	49	0	ok:protected-sed
57	49	0	ok:protected-sed
57	61	0	ok:protected-sed
57	61	0	ok:protected-sed
60	62	0	ok:protected-sed
64	185	0	ok:protected-sed
67	82	0	ok:protected-sed
69	84	0	ok:protected-sed
80	58	0	ok:protected-sed
80	58	0	ok:protected-sed
80	58	0	ok:protected-sed
80	58	0	ok:protected-sed
80	58	0	ok:protected-sed
80	58	0	ok:protected-sed
80	58	0	ok:protected-sed
80	58	0	ok:protected-sed
80	58	0	ok:protected-sed
80	58	0	ok:protected-sed
81	81	0	ok:protected-sed
81	81	0	ok:protected-sed
81	81	0	ok:protected-sed
81	81	0	ok:protected-sed
81	81	0	ok:protected-sed
81	81	0	ok:protected-sed
81	81	0	ok:protected-sed
81	81	0	ok:protected-sed
85	93	0	ok:protected-sed
85	93	0	ok:protected-sed
95	74	0	ok:protected-sed
95	74	0	ok:protected-sed
95	89	0	ok:protected-sed
95	89	0	ok:protected-sed
95	89	0	ok:protected-sed
97	103	0	ok:protected-sed
97	103	0	ok:protected-sed
97	103	0	ok:protected-sed
97	103	0	ok:protected-sed
97	103	0	ok:protected-sed
97	103	0	ok:protected-sed
97	103	0	ok:protected-sed
97	103	0	ok:protected-sed
97	103	0	ok:protected-sed
97	103	0	ok:protected-sed
97	103	0	ok:protected-sed
97	103	0	ok:protected-sed
97	103	0	ok:protected-sed
97	103	0	ok:protected-sed
97	103	0	ok:protected-sed
97	103	0	ok:protected-sed
97	103	0	ok:protected-sed
104	104	0	ok:protected-sed
104	104	0	ok:protected-sed
104	104	0	ok:protected-sed
104	104	0	ok:protected-sed
104	104	0	ok:protected-sed
104	104	0	ok:protected-sed
104	104	0	ok:protected-sed
104	104	0	ok:protected-sed
105	105	0	ok:protected-sed
105	105	0	ok:protected-sed
105	105	0	ok:protected-sed
105	105	0	ok:protected-sed
105	105	0	ok:protected-sed
105	105	0	ok:protected-sed
105	105	0	ok:protected-sed
105	105	0	ok:protected-sed
105	106	0	ok:protected-sed
105	106	0	ok:protected-sed
105	106	0	ok:protected-sed
106	106	0	ok:protected-sed
106	106	0	ok:protected-sed
106	106	0	ok:protected-sed
106	106	0	ok:protected-sed
106	106	0	ok:protected-sed
106	106	0	ok:protected-sed
106	106	0	ok:protected-sed
106	106	0	ok:protected-sed
106	106	0	ok:protected-sed
106	106	0	ok:protected-sed
106	106	0	ok:protected-sed
106	106	0	ok:protected-sed
106	106	0	ok:protected-sed
106	106	0	ok:protected-sed
106	106	0	ok:protected-sed
106	106	0	ok:protected-sed
106	116	0	ok:protected-sed
106	116	0	ok:protected-sed
106	116	0	ok:protected-sed
106	116	0	ok:protected-sed
106	116	0	ok:protected-sed
106	116	0	ok:protected-sed
106	116	0	ok:protected-sed
106	116	0	ok:protected-sed
106	116	0	ok:protected-sed
108	108	0	ok:protected-sed
108	108	0	ok:protected-sed
108	108	0	ok:protected-sed
108	108	0	ok:protected-sed
108	108	0	ok:protected-sed
108	108	0	ok:protected-sed
108	108	0	ok:protected-sed
108	108	0	ok:protected-sed
111	112	0	ok:protected-sed
111	112	0	ok:protected-sed
111	112	0	ok:protected-sed
111	112	0	ok:protected-sed
111	112	0	ok:protected-sed
111	112	0	ok:protected-sed
111	112	0	ok:protected-sed
111	112	0	ok:protected-sed
112	11	0	ok:protected-sed
112	105	0	ok:protected-sed
113	105	0	ok:protected-sed
115	105	0	ok:protected-sed
115	115	0	ok:protected-sed
115	115	0	ok:protected-sed
115	115	0	ok:protected-sed
115	115	0	ok:protected-sed
115	115	0	ok:protected-sed
115	115	0	ok:protected-sed
115	115	0	ok:protected-sed
115	115	0	ok:protected-sed
118	111	0	ok:protected-sed
119	111	0	ok:protected-sed
119	111	0	ok:protected-sed
120	111	0	ok:protected-sed
120	111	0	ok:protected-sed
120	111	0	ok:protected-sed
120	111	0	ok:protected-sed
121	111	0	ok:protected-sed
123	135	0	ok:protected-sed
123	135	0	ok:protected-sed
123	135	0	ok:protected-sed
123	135	0	ok:protected-sed
123	135	0	ok:protected-sed
123	135	0	ok:protected-sed
123	135	0	ok:protected-sed
123	135	0	ok:protected-sed
123	141	0	ok:protected-sed
123	141	0	ok:protected-sed
123	141	0	ok:protected-sed
123	141	0	ok:protected-sed
123	141	0	ok:protected-sed
123	141	0	ok:protected-sed
123	141	0	ok:protected-sed
123	141	0	ok:protected-sed
123	141	0	ok:protected-sed
126	123	0	ok:protected-sed
126	123	0	ok:protected-sed
127	127	0	ok:protected-sed
127	127	0	ok:protected-sed
127	127	0	ok:protected-sed
127	127	0	ok:protected-sed
127	127	0	ok:protected-sed
127	127	0	ok:protected-sed
131	10	0	ok:protected-sed
131	10	0	ok:protected-sed
131	10	0	ok:protected-sed
131	10	0	ok:protected-sed
131	10	0	ok:protected-sed
131	10	0	ok:protected-sed
131	10	0	ok:protected-sed
131	10	0	ok:protected-sed
131	131	0	ok:protected-sed
131	131	0	ok:protected-sed
131	131	0	ok:protected-sed
131	131	0	ok:protected-sed
131	131	0	ok:protected-sed
131	131	0	ok:protected-sed
131	131	0	ok:protected-sed
131	131	0	ok:protected-sed
131	131	0	ok:protected-sed
141	216	0	ok:protected-sed
141	216	0	ok:protected-sed
144	256	0	ok:protected-sed
161	161	0	ok:protected-sed
161	161	0	ok:protected-sed
161	161	0	ok:protected-sed
161	161	0	ok:protected-sed
161	161	0	ok:protected-sed
161	161	0	ok:protected-sed
161	161	0	ok:protected-sed
161	161	0	ok:protected-sed
165	137	0	ok:protected-sed
165	137	0	ok:protected-sed
165	137	0	ok:protected-sed
181	265	0	ok:protected-sed
188	188	0	ok:protected-sed
188	188	0	ok:protected-sed
188	188	0	ok:protected-sed
188	188	0	ok:protected-sed
188	188	0	ok:protected-sed
188	188	0	ok:protected-sed
188	188	0	ok:protected-sed
188	188	0	ok:protected-sed
195	208	0	ok:protected-sed
195	208	0	ok:protected-sed
195	286	0	ok:protected-sed
195	286	0	ok:protected-sed
197	215	0	ok:protected-sed
197	215	0	ok:protected-sed
197	215	0	ok:protected-sed
197	215	0	ok:protected-sed
197	215	0	ok:protected-sed
197	215	0	ok:protected-sed
197	215	0	ok:protected-sed
197	215	0	ok:protected-sed
197	225	0	ok:protected-sed
197	225	0	ok:protected-sed
197	225	0	ok:protected-sed
197	225	0	ok:protected-sed
197	225	0	ok:protected-sed
197	225	0	ok:protected-sed
197	225	0	ok:protected-sed
197	225	0	ok:protected-sed
197	225	0	ok:protected-sed
219	201	0	ok:protected-sed
219	201	0	ok:protected-sed
219	201	0	ok:protected-sed
239	239	0	ok:protected-sed
239	239	0	ok:protected-sed
239	239	0	ok:protected-sed
239	239	0	ok:protected-sed
239	239	0	ok:protected-sed
239	239	0	ok:protected-sed
239	239	0	ok:protected-sed
239	239	0	ok:protected-sed
239	239	0	ok:protected-sed
239	239	0	ok:protected-sed
239	239	0	ok:protected-sed
239	239	0	ok:protected-sed
239	239	0	ok:protected-sed
239	239	0	ok:protected-sed
239	239	0	ok:protected-sed
239	239	0	ok:protected-sed
239	239	0	ok:protected-sed
239	239	0	ok:protected-sed
239	239	0	ok:protected-sed
239	239	0	ok:protected-sed
239	239	0	ok:protected-sed
239	239	0	ok:protected-sed
239	239	0	ok:protected-sed
239	239	0	ok:protected-sed
239	239	0	ok:protected-sed
239	239	0	ok:protected-sed
239	239	0	ok:protected-sed
239	239	0	ok:protected-sed
239	239	0	ok:protected-sed
239	239	0	ok:protected-sed
239	239	0	ok:protected-sed
239	239	0	ok:protected-sed
239	239	0	ok:protected-sed
239	239	0	ok:protected-sed
239	239	0	ok:protected-sed
239	239	0	ok:protected-sed
239	239	0	ok:protected-sed
239	239	0	ok:protected-sed
239	239	0	ok:protected-sed
239	239	0	ok:protected-sed
239	239	0	ok:protected-sed
239	239	0	ok:protected-sed
239	239	0	ok:protected-sed
239	239	0	ok:protected-sed
239	239	0	ok:protected-sed
240	240	0	ok:protected-sed
240	240	0	ok:protected-sed
240	240	0	ok:protected-sed
240	240	0	ok:protected-sed
240	240	0	ok:protected-sed
240	240	0	ok:protected-sed
240	240	0	ok:protected-sed
240	240	0	ok:protected-sed
240	240	0	ok:protected-sed
240	240	0	ok:protected-sed
240	240	0	ok:protected-sed
240	240	0	ok:protected-sed
240	240	0	ok:protected-sed
240	240	0	ok:protected-sed
240	240	0	ok:protected-sed
240	240	0	ok:protected-sed
254	254	0	ok:protected-sed
254	254	0	ok:protected-sed
254	254	0	ok:protected-sed
254	254	0	ok:protected-sed
254	254	0	ok:protected-sed
254	254	0	ok:protected-sed
254	254	0	ok:protected-sed
254	254	0	ok:protected-sed
265	264	0	ok:protected-sed
272	4	0	ok:protected-sed
292	442	0	ok:protected-sed
297	380	0	ok:protected-sed
297	447	0	ok:protected-sed
306	306	0	ok:protected-sed
321	321	0	ok:protected-sed
321	321	0	ok:protected-sed
321	321	0	ok:protected-sed
321	321	0	ok:protected-sed
321	321	0	ok:protected-sed
321	321	0	ok:protected-sed
321	321	0	ok:protected-sed
321	321	0	ok:protected-sed
345	357	0	ok:protected-sed
345	357	0	ok:protected-sed
357	522	0	ok:protected-sed
364	734	0	ok:protected-sed
376	766	0	ok:protected-sed
402	326	0	ok:protected-sed
402	326	0	ok:protected-sed
402	326	0	ok:protected-sed
489	489	0	ok:protected-sed
489	489	0	ok:protected-sed
571	471	0	ok:protected-sed
625	624	0	ok:protected-sed
625	625	0	ok:protected-sed
625	625	0	ok:protected-sed
633	682	0	ok:protected-sed
633	682	0	ok:protected-sed
641	641	0	ok:protected-sed
641	641	0	ok:protected-sed
641	641	0	ok:protected-sed
641	641	0	ok:protected-sed
641	641	0	ok:protected-sed
641	641	0	ok:protected-sed
641	641	0	ok:protected-sed
641	641	0	ok:protected-sed
697	698	0	ok:protected-sed
698	698	0	ok:protected-sed
734	732	0	ok:protected-sed
739	1499	0	ok:protected-sed
740	740	0	ok:protected-sed
740	740	0	ok:protected-sed
740	740	0	ok:protected-sed
740	740	0	ok:protected-sed
740	740	0	ok:protected-sed
740	740	0	ok:protected-sed
759	758	0	ok:protected-sed
759	759	0	ok:protected-sed
759	759	0	ok:protected-sed
764	762	0	ok:protected-sed
764	764	0	ok:protected-sed
764	764	0	ok:protected-sed
766	762	0	ok:protected-sed
766	764	0	ok:protected-sed
766	766	0	ok:protected-sed
766	766	0	ok:protected-sed
769	768	0	ok:protected-sed
769	768	0	ok:protected-sed
769	769	0	ok:protected-sed
769	769	0	ok:protected-sed
769	769	0	ok:protected-sed
769	769	0	ok:protected-sed
771	771	0	ok:protected-sed
771	771	0	ok:protected-sed
771	772	0	ok:protected-sed
797	2384	0	ok:protected-sed
824	823	0	ok:protected-sed
836	834	0	ok:protected-sed
836	836	0	ok:protected-sed
836	836	0	ok:protected-sed
837	831	0	ok:protected-sed
837	837	0	ok:protected-sed
837	837	0	ok:protected-sed
839	839	0	ok:protected-sed
839	839	0	ok:protected-sed
839	840	0	ok:protected-sed
840	839	0	ok:protected-sed
840	840	0	ok:protected-sed
840	840	0	ok:protected-sed
857	861	0	ok:protected-sed
857	861	0	ok:protected-sed
859	863	0	ok:protected-sed
859	863	0	ok:protected-sed
859	863	0	ok:protected-sed
859	863	0	ok:protected-sed
859	863	0	ok:protected-sed
861	865	0	ok:protected-sed
861	865	0	ok:protected-sed
861	865	0	ok:protected-sed
861	865	0	ok:protected-sed
861	865	0	ok:protected-sed
861	865	0	ok:protected-sed
861	865	0	ok:protected-sed
863	864	0	ok:protected-sed
863	867	0	ok:protected-sed
863	867	0	ok:protected-sed
863	867	0	ok:protected-sed
863	867	0	ok:protected-sed
863	867	0	ok:protected-sed
863	867	0	ok:protected-sed
863	867	0	ok:protected-sed
863	867	0	ok:protected-sed
863	867	0	ok:protected-sed
863	867	0	ok:protected-sed
863	867	0	ok:protected-sed
864	864	0	ok:protected-sed
865	864	0	ok:protected-sed
865	865	0	ok:protected-sed
865	865	0	ok:protected-sed
865	869	0	ok:protected-sed
865	869	0	ok:protected-sed
865	869	0	ok:protected-sed
865	869	0	ok:protected-sed
865	869	0	ok:protected-sed
867	871	0	ok:protected-sed
867	871	0	ok:protected-sed
867	871	0	ok:protected-sed
867	871	0	ok:protected-sed
867	871	0	ok:protected-sed
867	871	0	ok:protected-sed
867	871	0	ok:protected-sed
867	871	0	ok:protected-sed
867	871	0	ok:protected-sed
869	873	0	ok:protected-sed
869	873	0	ok:protected-sed
869	873	0	ok:protected-sed
869	873	0	ok:protected-sed
869	873	0	ok:protected-sed
869	873	0	ok:protected-sed
869	873	0	ok:protected-sed
869	873	0	ok:protected-sed
869	873	0	ok:protected-sed
869	873	0	ok:protected-sed
871	875	0	ok:protected-sed
871	875	0	ok:protected-sed
871	875	0	ok:protected-sed
873	877	0	ok:protected-sed
875	879	0	ok:protected-sed
875	879	0	ok:protected-sed
879	883	0	ok:protected-sed
920	2760	0	ok:protected-sed
927	935	0	ok:protected-sed
943	895	0	ok:protected-sed
963	960	0	ok:protected-sed
963	963	0	ok:protected-sed
963	963	0	ok:protected-sed
978	935	0	ok:protected-sed
1039	1037	0	ok:protected-sed
1039	1039	0	ok:protected-sed
1039	1039	0	ok:protected-sed
1045	1045	0	ok:protected-sed
1045	1045	0	ok:protected-sed
1107	1105	0	ok:protected-sed
1107	1107	0	ok:protected-sed
1107	1107	0	ok:protected-sed
1107	1107	0	ok:protected-sed
1125	1126	0	ok:protected-sed
1186	1175	0	ok:protected-sed
1191	1180	0	ok:protected-sed
1192	1181	0	ok:protected-sed
1211	1219	0	ok:protected-sed
1213	1221	0	ok:protected-sed
1229	1218	0	ok:protected-sed
1264	3778	0	ok:protected-sed
1281	1281	0	ok:protected-sed
1281	1281	0	ok:protected-sed
1281	1281	0	ok:protected-sed
1281	1281	0	ok:protected-sed
1281	1281	0	ok:protected-sed
1281	1281	0	ok:protected-sed
1281	1281	0	ok:protected-sed
1281	1281	0	ok:protected-sed
1382	4134	0	ok:protected-sed
1409	1408	0	ok:protected-sed
1409	1408	0	ok:protected-sed
1409	1408	0	ok:protected-sed
1409	1408	0	ok:protected-sed
1409	1408	0	ok:protected-sed
1409	1408	0	ok:protected-sed
1409	1408	0	ok:protected-sed
1409	1408	0	ok:protected-sed
1409	1408	0	ok:protected-sed
1479	1223	0	ok:protected-sed
1499	1497	0	ok:protected-sed
1566	4692	0	ok:protected-sed
1643	1644	0	ok:protected-sed
1644	1644	0	ok:protected-sed
1654	1654	0	ok:protected-sed
1657	4874	0	ok:protected-sed
1659	1654	0	ok:protected-sed
1719	5088	0	ok:protected-sed
1721	1721	0	ok:protected-sed
1851	5402	0	ok:protected-sed
1882	1887	0	ok:protected-sed
1887	1887	0	ok:protected-sed
1938	1952	0	ok:protected-sed
1952	1952	0	ok:protected-sed
1961	5702	0	ok:protected-sed
1961	5702	0	ok:protected-sed
2325	2328	0	ok:protected-sed
2325	2328	0	ok:protected-sed
2328	2328	0	ok:protected-sed
2328	2328	0	ok:protected-sed
2561	2561	0	ok:protected-sed
2561	2561	0	ok:protected-sed
2561	2561	0	ok:protected-sed
2561	2561	0	ok:protected-sed
2561	2561	0	ok:protected-sed
2561	2561	0	ok:protected-sed
2561	2561	0	ok:protected-sed
2561	2561	0	ok:protected-sed
2880	5290	0	ok:protected-sed
3101	2577	0	ok:protected-sed
3464	3464	0	ok:protected-sed
3469	3464	0	ok:protected-sed
3636	3810	0	ok:protected-sed
3716	3912	0	ok:protected-sed
3810	3731	0	ok:protected-sed
3830	5180	0	ok:protected-sed
3912	3820	0	ok:protected-sed
4290	4290	0	ok:protected-sed
4396	6523	0	ok:protected-sed
4414	7144	0	ok:protected-sed
4454	4454	0	ok:protected-sed
4682	7064	0	ok:protected-sed
4839	4091	0	ok:protected-sed
4869	6490	0	ok:protected-sed
4898	6555	0	ok:protected-sed
5121	5121	0	ok:protected-sed
5121	5121	0	ok:protected-sed
5121	5121	0	ok:protected-sed
5121	5121	0	ok:protected-sed
5121	5121	0	ok:protected-sed
5121	5121	0	ok:protected-sed
5121	5121	0	ok:protected-sed
5121	5121	0	ok:protected-sed
5290	5288	0	ok:protected-sed
5467	5094	0	ok:protected-sed
5497	5124	0	ok:protected-sed
5508	5140	0	ok:protected-sed
5538	5170	0	ok:protected-sed
5713	5336	0	ok:protected-sed
5713	5336	0	ok:protected-sed
5754	5382	0	ok:protected-sed
5754	5382	0	ok:protected-sed
5795	5417	0	ok:protected-sed
5795	5417	0	ok:protected-sed
5836	5463	0	ok:protected-sed
5836	5463	0	ok:protected-sed
5855	6148	0	ok:protected-sed
6015	8620	0	ok:protected-sed
6074	8553	0	ok:protected-sed
6148	6011	0	ok:protected-sed
6200	6517	0	ok:protected-sed
6323	9207	0	ok:protected-sed
6329	6660	0	ok:protected-sed
6481	6481	0	ok:protected-sed
6517	6392	0	ok:protected-sed
6660	6504	0	ok:protected-sed
6764	7099	0	ok:protected-sed
6779	7134	0	ok:protected-sed
6862	6862	0	ok:protected-sed
6896	7259	0	ok:protected-sed
6974	6974	0	ok:protected-sed
7064	7063	0	ok:protected-sed
7099	6943	0	ok:protected-sed
7134	6969	0	ok:protected-sed
7144	7142	0	ok:protected-sed
7195	11817	0	ok:protected-sed
7259	7089	0	ok:protected-sed
7413	7413	0	ok:protected-sed
7439	7439	0	ok:protected-sed
7660	11997	0	ok:protected-sed
7660	11997	0	ok:protected-sed
7792	7792	0	ok:protected-sed
7966	7608	0	ok:protected-sed
8000	7648	0	ok:protected-sed
8157	7818	0	ok:protected-sed
8328	7969	0	ok:protected-sed
8342	8741	0	ok:protected-sed
8342	8741	0	ok:protected-sed
8362	8009	0	ok:protected-sed
8367	8069	0	ok:protected-sed
8380	8079	0	ok:protected-sed
8401	8109	0	ok:protected-sed
8414	8119	0	ok:protected-sed
8434	8149	0	ok:protected-sed
8436	8078	0	ok:protected-sed
8470	8118	0	ok:protected-sed
8519	8179	0	ok:protected-sed
8571	8289	0	ok:protected-sed
8575	8296	0	ok:protected-sed
8575	8296	0	ok:protected-sed
8590	8231	0	ok:protected-sed
8590	8231	0	ok:protected-sed
8624	8271	0	ok:protected-sed
8624	8271	0	ok:protected-sed
8627	8288	0	ok:protected-sed
8728	8430	0	ok:protected-sed
8741	8563	0	ok:protected-sed
8741	8563	0	ok:protected-sed
8742	8440	0	ok:protected-sed
8762	8470	0	ok:protected-sed
8776	8480	0	ok:protected-sed
8798	8439	0	ok:protected-sed
8832	8479	0	ok:protected-sed
8837	8539	0	ok:protected-sed
8850	8549	0	ok:protected-sed
8871	8579	0	ok:protected-sed
8884	8589	0	ok:protected-sed
8898	8538	0	ok:protected-sed
8903	8543	0	ok:protected-sed
8904	8619	0	ok:protected-sed
8913	8575	0	ok:protected-sed
8913	8575	0	ok:protected-sed
8930	8651	0	ok:protected-sed
8932	8578	0	ok:protected-sed
8933	8650	0	ok:protected-sed
8937	8583	0	ok:protected-sed
8952	8592	0	ok:protected-sed
8952	8592	0	ok:protected-sed
8986	8632	0	ok:protected-sed
8986	8632	0	ok:protected-sed
8989	8649	0	ok:protected-sed
8989	8690	0	ok:protected-sed
8989	8690	0	ok:protected-sed
9006	8704	0	ok:protected-sed
9006	8704	0	ok:protected-sed
9023	8730	0	ok:protected-sed
9023	8730	0	ok:protected-sed
9033	9033	0	ok:protected-sed
9033	9033	0	ok:protected-sed
9033	9033	0	ok:protected-sed
9040	8744	0	ok:protected-sed
9040	8744	0	ok:protected-sed
9041	8759	0	ok:protected-sed
9045	8766	0	ok:protected-sed
9045	8766	0	ok:protected-sed
9188	8904	0	ok:protected-sed
9188	8904	0	ok:protected-sed
9198	8900	0	ok:protected-sed
9212	8910	0	ok:protected-sed
9221	8882	0	ok:protected-sed
9226	8887	0	ok:protected-sed
9232	8940	0	ok:protected-sed
9246	8950	0	ok:protected-sed
9260	8899	0	ok:protected-sed
9265	8904	0	ok:protected-sed
9275	8936	0	ok:protected-sed
9275	8936	0	ok:protected-sed
9294	8939	0	ok:protected-sed
9297	8997	0	ok:protected-sed
9299	8944	0	ok:protected-sed
9302	9002	0	ok:protected-sed
9314	9011	0	ok:protected-sed
9319	9016	0	ok:protected-sed
9329	9048	0	ok:protected-sed
9329	9048	0	ok:protected-sed
9329	9051	0	ok:protected-sed
9329	9051	0	ok:protected-sed
9329	9051	0	ok:protected-sed
9329	9051	0	ok:protected-sed
9331	9037	0	ok:protected-sed
9336	9042	0	ok:protected-sed
9344	7227	0	ok:protected-sed
9344	7227	0	ok:protected-sed
9344	7227	0	ok:protected-sed
9344	7227	0	ok:protected-sed
9344	7227	0	ok:protected-sed
9344	7227	0	ok:protected-sed
9344	7227	0	ok:protected-sed
9344	7227	0	ok:protected-sed
9348	9051	0	ok:protected-sed
9350	9051	0	ok:protected-sed
9350	9051	0	ok:protected-sed
9353	9056	0	ok:protected-sed
9368	9065	0	ok:protected-sed
9368	9065	0	ok:protected-sed
9384	9091	0	ok:protected-sed
9384	9091	0	ok:protected-sed
9400	9121	0	ok:protected-sed
9402	9105	0	ok:protected-sed
9402	9105	0	ok:protected-sed
9403	9120	0	ok:protected-sed
9496	9211	0	ok:protected-sed
9501	9216	0	ok:protected-sed
9511	8047	0	ok:protected-sed
9511	8047	0	ok:protected-sed
9583	9243	0	ok:protected-sed
9588	9248	0	ok:protected-sed
9637	9355	0	ok:protected-sed
9637	9358	0	ok:protected-sed
9637	9358	0	ok:protected-sed
9642	9360	0	ok:protected-sed
9642	9363	0	ok:protected-sed
9642	9363	0	ok:protected-sed
9658	9358	0	ok:protected-sed
9663	9363	0	ok:protected-sed
9676	9372	0	ok:protected-sed
9681	9377	0	ok:protected-sed
9684	9406	0	ok:protected-sed
9684	9406	0	ok:protected-sed
9691	9409	0	ok:protected-sed
9691	9409	0	ok:protected-sed
9692	9398	0	ok:protected-sed
9697	9403	0	ok:protected-sed
9710	9412	0	ok:protected-sed
9715	9417	0	ok:protected-sed
9992	9713	0	ok:protected-sed
9997	9718	0	ok:protected-sed
9999	9716	0	ok:protected-sed
10004	9721	0	ok:protected-sed
10241	10241	0	ok:protected-sed
10241	10241	0	ok:protected-sed
10241	10241	0	ok:protected-sed
10241	10241	0	ok:protected-sed
10241	10241	0	ok:protected-sed
10241	10241	0	ok:protected-sed
10241	10241	0	ok:protected-sed
10241	10241	0	ok:protected-sed
10328	8792	0	ok:protected-sed
10999	10999	0	ok:protected-sed
11028	6	0	ok:protected-sed
11033	6	0	ok:protected-sed
20481	20481	0	ok:protected-sed
20481	20481	0	ok:protected-sed
20481	20481	0	ok:protected-sed
20481	20481	0	ok:protected-sed
20481	20481	0	ok:protected-sed
20481	20481	0	ok:protected-sed
20481	20481	0	ok:protected-sed
20481	20481	0	ok:protected-sed
22464	134	0	ok:protected-sed
22464	134	0	ok:protected-sed
22464	134	0	ok:protected-sed
22464	134	0	ok:protected-sed
22464	134	0	ok:protected-sed
22464	134	0	ok:protected-sed
22464	134	0	ok:protected-sed
22464	134	0	ok:protected-sed
22464	134	0	ok:protected-sed
23627	4396	0	ok:protected-sed
24001	4396	0	ok:protected-sed
25454	6929	0	ok:protected-sed
25645	7195	0	ok:protected-sed
25972	7128	0	ok:protected-sed
26399	7195	0	ok:protected-sed
27373	8709	0	ok:protected-sed
27826	3830	0	ok:protected-sed
28271	8918	0	ok:protected-sed
28575	3830	0	ok:protected-sed
29248	0	0	ok:protected-sed
29248	0	0	ok:protected-sed
29248	1	0	ok:protected-sed
29248	6	0	ok:protected-sed
29248	8	0	ok:protected-sed
29841	0	0	ok:protected-sed
29841	0	0	ok:protected-sed
29841	1	0	ok:protected-sed
29841	6	0	ok:protected-sed
29841	8	0	ok:protected-sed
30270	7927	0	ok:protected-sed
31431	4869	0	ok:protected-sed
31505	8153	0	ok:protected-sed
31836	4869	0	ok:protected-sed
33052	6015	0	ok:protected-sed
33230	4898	0	ok:protected-sed
33269	0	0	ok:protected-sed
33269	0	0	ok:protected-sed
33269	1	0	ok:protected-sed
33269	6	0	ok:protected-sed
33269	8	0	ok:protected-sed
33457	6015	0	ok:protected-sed
33635	4898	0	ok:protected-sed
34003	8706	0	ok:protected-sed
34552	8933	0	ok:protected-sed
34624	6323	0	ok:protected-sed
34835	34835	0	ok:protected-sed
34835	34835	0	ok:protected-sed
35029	6323	0	ok:protected-sed
35120	6074	0	ok:protected-sed
35525	6074	0	ok:protected-sed
36100	9322	0	ok:protected-sed
36215	10374	0	ok:protected-sed
36649	9549	0	ok:protected-sed
36764	10601	0	ok:protected-sed
37653	11012	0	ok:protected-sed
38092	7660	0	ok:protected-sed
38111	7660	0	ok:protected-sed
38202	11239	0	ok:protected-sed
38497	7660	0	ok:protected-sed
38516	7660	0	ok:protected-sed
39984	0	0	ok:protected-sed
39984	0	0	ok:protected-sed
39984	0	0	ok:protected-sed
39984	0	0	ok:protected-sed
39984	1	0	ok:protected-sed
39984	1	0	ok:protected-sed
39984	6	0	ok:protected-sed
39984	6	0	ok:protected-sed
39984	8	0	ok:protected-sed
39984	8	0	ok:protected-sed
40670	0	0	ok:protected-sed
40670	1	0	ok:protected-sed
40670	6	0	ok:protected-sed
40670	8	0	ok:protected-sed
40670	571	0	ok:protected-sed
41542	12171	0	ok:protected-sed
41561	12171	0	ok:protected-sed
42092	12398	0	ok:protected-sed
42111	12398	0	ok:protected-sed
52192	0	0	ok:protected-sed
52192	1	0	ok:protected-sed
52192	6	0	ok:protected-sed
52192	8	0	ok:protected-sed
52192	4839	0	ok:protected-sed
54092	12453	0	ok:protected-sed
54641	12680	0	ok:protected-sed
56620	45205	0	ok:protected-sed
59192	0	0	ok:protected-sed
59192	1	0	ok:protected-sed
59192	6	0	ok:protected-sed
59192	8	0	ok:protected-sed
59192	1479	0	ok:protected-sed
67834	0	0	ok:protected-sed
67834	0	0	ok:protected-sed
67834	1	0	ok:protected-sed
67834	1	0	ok:protected-sed
67834	6	0	ok:protected-sed
67834	6	0	ok:protected-sed
67834	8	0	ok:protected-sed
67834	8	0	ok:protected-sed
67834	9511	0	ok:protected-sed
67834	9511	0	ok:protected-sed
138225	138225	0	ok:protected-sed
138225	138303	0	ok:protected-sed
139645	0	0	ok:protected-sed
139645	1	0	ok:protected-sed
139645	6	0	ok:protected-sed
139645	8	0	ok:protected-sed
139645	10328	0	ok:protected-sed
173264	0	0	ok:protected-sed
173264	1	0	ok:protected-sed
173264	6	0	ok:protected-sed
173264	8	0	ok:protected-sed
173264	3101	0	ok:protected-sed
264930	11028	0	ok:protected-sed
264939	11033	0	ok:protected-sed
0	2376	1	ok:ylwrap-sed
0	2857	1	ok:ylwrap-sed
0	3069	1	ok:ylwrap-sed
0	3339	1	ok:ylwrap-sed
0	3361	1	ok:ylwrap-sed
0	7007	1	ok:ylwrap-sed
0	8332	1	ok:ylwrap-sed
0	47824	1	ok:ylwrap-sed
0	49668	1	ok:ylwrap-sed
0	51326	1	ok:ylwrap-sed
0	53910	1	ok:ylwrap-sed
0	54905	1	ok:ylwrap-sed
0	60422	1	ok:ylwrap-sed
0	60637	1	ok:ylwrap-sed
0	89018	1	ok:ylwrap-sed
0	139730	1	ok:ylwrap-sed
0	145619	1	ok:ylwrap-sed
0	159678	1	ok:ylwrap-sed
17	0	1	rejected:mixed-input-authority
