$ nix run path:/home/brittonr/git/OnixResearch/cairn#cairn -- archive verify-remote-admission-with-trellis --root . --execute
{
  "actions": [
    {
      "description": "move active change to archive: verify-remote-admission-with-trellis",
      "kind": "archive_change",
      "path": "./.cairn/archive/1970-01-01-verify-remote-admission-with-trellis"
    }
  ],
  "blocked": false,
  "change": "verify-remote-admission-with-trellis",
  "cross_repo_dependencies": {
    "blocked_count": 0,
    "dependency_count": 0,
    "input_hash": "0c9d8ce2dd523de14496e45af2117118ea53827153b9a0bd6cf11bb5e88835ad",
    "non_claims": [
      "dependency satisfaction proves presented receipt linkage only",
      "dependency satisfaction does not prove upstream correctness or remote trust",
      "dependency satisfaction does not prove downstream integration correctness or release eligibility"
    ],
    "policy_hash": "acf9eb63eba35b8dfa98a4cdefca99088de442d8a20548ea3ab81a127b7b2746",
    "receipt_hash": "b476b08a11456e26e76cb472af0963a1356f795be02cec5ae6de482246164bc1",
    "rows": [],
    "satisfied_count": 0,
    "schema": "cairn.cross-repo-dependency-receipt.v1",
    "valid": true,
    "verdict": "PASS"
  },
  "cross_repo_evidence_issues": [],
  "dry_run": false,
  "input_hash": "06c64ca933f6c78107cba8a936e3426a6d145ad1e551c873feb50a0ebddf79cc",
  "layout": "cairn",
  "mutated": true,
  "mutation_manifest": {
    "after": {
      "entries": [
        {
          "content_hash": "42dad2a11238cd33631b04cd40c2c9fd19425a7b8af5d8ede1936d4affc47de4",
          "exists": true,
          "path": "./.cairn/archive/1970-01-01-verify-remote-admission-with-trellis/design.md"
        },
        {
          "content_hash": "c6d00faf461269df51624b2e35a6f23a6c509eeebe8138156a8c390f3839cdff",
          "exists": true,
          "path": "./.cairn/archive/1970-01-01-verify-remote-admission-with-trellis/evidence/architecture-search-2026-09-04.md"
        },
        {
          "content_hash": "f377b2bbb4ab352296273fbdf25a4bf45d0d3dc99545a9dd717f8574e0527adf",
          "exists": true,
          "path": "./.cairn/archive/1970-01-01-verify-remote-admission-with-trellis/evidence/archive-2026-09-04/archive-dry-run.log"
        },
        {
          "content_hash": "5893db1651d17f98e610528b5ac95d44ad2e88925b9c12bbe2e5b9b19e59ba55",
          "exists": true,
          "path": "./.cairn/archive/1970-01-01-verify-remote-admission-with-trellis/evidence/archive-2026-09-04/archive-dry-run.status"
        },
        {
          "content_hash": "64f99735b79f857c5fd99856ef7b1531525abe096bccbc2bac06ad4094123a68",
          "exists": true,
          "path": "./.cairn/archive/1970-01-01-verify-remote-admission-with-trellis/evidence/archive-2026-09-04/archive-execute.log"
        },
        {
          "content_hash": "6f47abb1674bd450be3af0d884c2b801490cd27913323e4864c9af5f4f27b7dc",
          "exists": true,
          "path": "./.cairn/archive/1970-01-01-verify-remote-admission-with-trellis/evidence/baseline-2026-09-04/cairn.log"
        },
        {
          "content_hash": "5893db1651d17f98e610528b5ac95d44ad2e88925b9c12bbe2e5b9b19e59ba55",
          "exists": true,
          "path": "./.cairn/archive/1970-01-01-verify-remote-admission-with-trellis/evidence/baseline-2026-09-04/cairn.status"
        },
        {
          "content_hash": "b8fa56cab64f6610e6d6f7b1cd9d868db80bffa9845d23c1a2c1532a30b27a6a",
          "exists": true,
          "path": "./.cairn/archive/1970-01-01-verify-remote-admission-with-trellis/evidence/baseline-2026-09-04/crunch-build.log"
        },
        {
          "content_hash": "5893db1651d17f98e610528b5ac95d44ad2e88925b9c12bbe2e5b9b19e59ba55",
          "exists": true,
          "path": "./.cairn/archive/1970-01-01-verify-remote-admission-with-trellis/evidence/baseline-2026-09-04/crunch-build.status"
        },
        {
          "content_hash": "ccf9a72f05dde95990a137add5e63e0aefcc2750a4457da5e6a86436c15af814",
          "exists": true,
          "path": "./.cairn/archive/1970-01-01-verify-remote-admission-with-trellis/evidence/baseline-2026-09-04/gate-design.log"
        },
        {
          "content_hash": "5893db1651d17f98e610528b5ac95d44ad2e88925b9c12bbe2e5b9b19e59ba55",
          "exists": true,
          "path": "./.cairn/archive/1970-01-01-verify-remote-admission-with-trellis/evidence/baseline-2026-09-04/gate-design.status"
        },
        {
          "content_hash": "7b5746b1ceb99d75ba96cefbd1bcc4a024755766843f46e8e0766e84f4ccbcc8",
          "exists": true,
          "path": "./.cairn/archive/1970-01-01-verify-remote-admission-with-trellis/evidence/baseline-2026-09-04/gate-proposal.log"
        },
        {
          "content_hash": "5893db1651d17f98e610528b5ac95d44ad2e88925b9c12bbe2e5b9b19e59ba55",
          "exists": true,
          "path": "./.cairn/archive/1970-01-01-verify-remote-admission-with-trellis/evidence/baseline-2026-09-04/gate-proposal.status"
        },
        {
          "content_hash": "ab2bed2bd9183c8eb1afbe465da23db4d364b3498e9ff9758ebcb23590e7b60c",
          "exists": true,
          "path": "./.cairn/archive/1970-01-01-verify-remote-admission-with-trellis/evidence/baseline-2026-09-04/gate-tasks.log"
        },
        {
          "content_hash": "5893db1651d17f98e610528b5ac95d44ad2e88925b9c12bbe2e5b9b19e59ba55",
          "exists": true,
          "path": "./.cairn/archive/1970-01-01-verify-remote-admission-with-trellis/evidence/baseline-2026-09-04/gate-tasks.status"
        },
        {
          "content_hash": "a1a51b9cb6aeec1c95091591008b97d85b4e4a2b234e6022518299f063d13988",
          "exists": true,
          "path": "./.cairn/archive/1970-01-01-verify-remote-admission-with-trellis/evidence/baseline-2026-09-04/machine-contracts.log"
        },
        {
          "content_hash": "5893db1651d17f98e610528b5ac95d44ad2e88925b9c12bbe2e5b9b19e59ba55",
          "exists": true,
          "path": "./.cairn/archive/1970-01-01-verify-remote-admission-with-trellis/evidence/baseline-2026-09-04/machine-contracts.status"
        },
        {
          "content_hash": "50a0126e68dafbbbde820be794e3d3ef78c784c212ef40b2131d7de85481d167",
          "exists": true,
          "path": "./.cairn/archive/1970-01-01-verify-remote-admission-with-trellis/evidence/baseline-2026-09-04/release-sidecars.log"
        },
        {
          "content_hash": "5893db1651d17f98e610528b5ac95d44ad2e88925b9c12bbe2e5b9b19e59ba55",
          "exists": true,
          "path": "./.cairn/archive/1970-01-01-verify-remote-admission-with-trellis/evidence/baseline-2026-09-04/release-sidecars.status"
        },
        {
          "content_hash": "9e7726d22b99af1224d9ca1dab24c956b8cd0f56146b4ae0ef306b8a4a008c8f",
          "exists": true,
          "path": "./.cairn/archive/1970-01-01-verify-remote-admission-with-trellis/evidence/baseline-2026-09-04/root-remote.log"
        },
        {
          "content_hash": "5893db1651d17f98e610528b5ac95d44ad2e88925b9c12bbe2e5b9b19e59ba55",
          "exists": true,
          "path": "./.cairn/archive/1970-01-01-verify-remote-admission-with-trellis/evidence/baseline-2026-09-04/root-remote.status"
        },
        {
          "content_hash": "f872367b3e408643e412e24c762901171eb89e4d77220738a1ea90ba57fcf0b9",
          "exists": true,
          "path": "./.cairn/archive/1970-01-01-verify-remote-admission-with-trellis/evidence/baseline-2026-09-04/summary.md"
        },
        {
          "content_hash": "6f47abb1674bd450be3af0d884c2b801490cd27913323e4864c9af5f4f27b7dc",
          "exists": true,
          "path": "./.cairn/archive/1970-01-01-verify-remote-admission-with-trellis/evidence/baseline-attempt1-quota-2026-09-04/cairn.log"
        },
        {
          "content_hash": "5893db1651d17f98e610528b5ac95d44ad2e88925b9c12bbe2e5b9b19e59ba55",
          "exists": true,
          "path": "./.cairn/archive/1970-01-01-verify-remote-admission-with-trellis/evidence/baseline-attempt1-quota-2026-09-04/cairn.status"
        },
        {
          "content_hash": "348420b09d00677dd8083bae8644cd3ab27e2b8b511c671a1d4efe7025deb4be",
          "exists": true,
          "path": "./.cairn/archive/1970-01-01-verify-remote-admission-with-trellis/evidence/baseline-attempt1-quota-2026-09-04/crunch-build.log"
        },
        {
          "content_hash": "b7d8c8ab3a68694045f84b1f705ddaeb0085e76f209bb5b47b7d15ee13ec7cb5",
          "exists": true,
          "path": "./.cairn/archive/1970-01-01-verify-remote-admission-with-trellis/evidence/baseline-attempt1-quota-2026-09-04/crunch-build.status"
        },
        {
          "content_hash": "e76ef02a9f19601b1e72f5270e8214496ac9e94e3459d0a39ee412f177bf563c",
          "exists": true,
          "path": "./.cairn/archive/1970-01-01-verify-remote-admission-with-trellis/evidence/baseline-attempt1-quota-2026-09-04/machine-contracts.log"
        },
        {
          "content_hash": "b7d8c8ab3a68694045f84b1f705ddaeb0085e76f209bb5b47b7d15ee13ec7cb5",
          "exists": true,
          "path": "./.cairn/archive/1970-01-01-verify-remote-admission-with-trellis/evidence/baseline-attempt1-quota-2026-09-04/machine-contracts.status"
        },
        {
          "content_hash": "baaa781700026e2e5887001ab7390884321f7de4bffa68513d437fe4308b5234",
          "exists": true,
          "path": "./.cairn/archive/1970-01-01-verify-remote-admission-with-trellis/evidence/baseline-attempt1-quota-2026-09-04/release-sidecars.log"
        },
        {
          "content_hash": "b7d8c8ab3a68694045f84b1f705ddaeb0085e76f209bb5b47b7d15ee13ec7cb5",
          "exists": true,
          "path": "./.cairn/archive/1970-01-01-verify-remote-admission-with-trellis/evidence/baseline-attempt1-quota-2026-09-04/release-sidecars.status"
        },
        {
          "content_hash": "90c5f51025367705ebe90cf6ffbc96b38890c3670dabe4c6f727353bc8f5c36a",
          "exists": true,
          "path": "./.cairn/archive/1970-01-01-verify-remote-admission-with-trellis/evidence/baseline-attempt1-quota-2026-09-04/root-remote.log"
        },
        {
          "content_hash": "b7d8c8ab3a68694045f84b1f705ddaeb0085e76f209bb5b47b7d15ee13ec7cb5",
          "exists": true,
          "path": "./.cairn/archive/1970-01-01-verify-remote-admission-with-trellis/evidence/baseline-attempt1-quota-2026-09-04/root-remote.status"
        },
        {
          "content_hash": "302558d08b78e4849c48c0fd32368ef2483c4f02fd95fbbac2b2965650902968",
          "exists": true,
          "path": "./.cairn/archive/1970-01-01-verify-remote-admission-with-trellis/evidence/committed-validation-2026-09-04/cairn-validate.log"
        },
        {
          "content_hash": "5893db1651d17f98e610528b5ac95d44ad2e88925b9c12bbe2e5b9b19e59ba55",
          "exists": true,
          "path": "./.cairn/archive/1970-01-01-verify-remote-admission-with-trellis/evidence/committed-validation-2026-09-04/cairn-validate.status"
        },
        {
          "content_hash": "47bfc394271473062a578fbd43b9a8e7a534a9fbbe347bfc3574118f7e6dbfbe",
          "exists": true,
          "path": "./.cairn/archive/1970-01-01-verify-remote-admission-with-trellis/evidence/committed-validation-2026-09-04/commit-diff.log"
        },
        {
          "content_hash": "5893db1651d17f98e610528b5ac95d44ad2e88925b9c12bbe2e5b9b19e59ba55",
          "exists": true,
          "path": "./.cairn/archive/1970-01-01-verify-remote-admission-with-trellis/evidence/committed-validation-2026-09-04/commit-diff.status"
        },
        {
          "content_hash": "6efb1ee11a3298748629cf7c9d4101a433d11c28f7662d91ff9072050fb16033",
          "exists": true,
          "path": "./.cairn/archive/1970-01-01-verify-remote-admission-with-trellis/evidence/committed-validation-2026-09-04/crunch-build-clippy.log"
        },
        {
          "content_hash": "5893db1651d17f98e610528b5ac95d44ad2e88925b9c12bbe2e5b9b19e59ba55",
          "exists": true,
          "path": "./.cairn/archive/1970-01-01-verify-remote-admission-with-trellis/evidence/committed-validation-2026-09-04/crunch-build-clippy.status"
        },
        {
          "content_hash": "f6e363726c1e2c36858804ed7c35f9922ec4990be3a991a072776c21287b483b",
          "exists": true,
          "path": "./.cairn/archive/1970-01-01-verify-remote-admission-with-trellis/evidence/committed-validation-2026-09-04/crunch-build-tests.log"
        },
        {
          "content_hash": "5893db1651d17f98e610528b5ac95d44ad2e88925b9c12bbe2e5b9b19e59ba55",
          "exists": true,
          "path": "./.cairn/archive/1970-01-01-verify-remote-admission-with-trellis/evidence/committed-validation-2026-09-04/crunch-build-tests.status"
        },
        {
          "content_hash": "8cbe9be158fb61d4266d5d783e0a28d8e4443e180f92197b96e34a82f6adea38",
          "exists": true,
          "path": "./.cairn/archive/1970-01-01-verify-remote-admission-with-trellis/evidence/committed-validation-2026-09-04/evidence-check.log"
        },
        {
          "content_hash": "5893db1651d17f98e610528b5ac95d44ad2e88925b9c12bbe2e5b9b19e59ba55",
          "exists": true,
          "path": "./.cairn/archive/1970-01-01-verify-remote-admission-with-trellis/evidence/committed-validation-2026-09-04/evidence-check.status"
        },
        {
          "content_hash": "99423d759c40b3b7099042c51af910ddb164b05ecd94969c8a6479faf230df7f",
          "exists": true,
          "path": "./.cairn/archive/1970-01-01-verify-remote-admission-with-trellis/evidence/committed-validation-2026-09-04/evidence-integration.log"
        },
        {
          "content_hash": "5893db1651d17f98e610528b5ac95d44ad2e88925b9c12bbe2e5b9b19e59ba55",
          "exists": true,
          "path": "./.cairn/archive/1970-01-01-verify-remote-admission-with-trellis/evidence/committed-validation-2026-09-04/evidence-integration.status"
        },
        {
          "content_hash": "ffb209185f5a8630137e13e1d47b1baf538190ab5cfd0bedc5eb1f6e80a906e5",
          "exists": true,
          "path": "./.cairn/archive/1970-01-01-verify-remote-admission-with-trellis/evidence/committed-validation-2026-09-04/flake-no-build.log"
        },
        {
          "content_hash": "5893db1651d17f98e610528b5ac95d44ad2e88925b9c12bbe2e5b9b19e59ba55",
          "exists": true,
          "path": "./.cairn/archive/1970-01-01-verify-remote-admission-with-trellis/evidence/committed-validation-2026-09-04/flake-no-build.status"
        },
        {
          "content_hash": "3bb38bba26cabfbf4d92299cc7433fe76f6a4335408e8686a15961d69f9942cd",
          "exists": true,
          "path": "./.cairn/archive/1970-01-01-verify-remote-admission-with-trellis/evidence/committed-validation-2026-09-04/formatting.log"
        },
        {
          "content_hash": "5893db1651d17f98e610528b5ac95d44ad2e88925b9c12bbe2e5b9b19e59ba55",
          "exists": true,
          "path": "./.cairn/archive/1970-01-01-verify-remote-admission-with-trellis/evidence/committed-validation-2026-09-04/formatting.status"
        },
        {
          "content_hash": "026fce07a11945572b26b111c1af988c446cdb6466dad7a01d5fcb2a7c1fb20d",
          "exists": true,
          "path": "./.cairn/archive/1970-01-01-verify-remote-admission-with-trellis/evidence/committed-validation-2026-09-04/gate-design.log"
        },
        {
          "content_hash": "5893db1651d17f98e610528b5ac95d44ad2e88925b9c12bbe2e5b9b19e59ba55",
          "exists": true,
          "path": "./.cairn/archive/1970-01-01-verify-remote-admission-with-trellis/evidence/committed-validation-2026-09-04/gate-design.status"
        },
        {
          "content_hash": "b6c74351c5c400faae4c3be160765efa701d28710f79c469baa693c245902a0c",
          "exists": true,
          "path": "./.cairn/archive/1970-01-01-verify-remote-admission-with-trellis/evidence/committed-validation-2026-09-04/gate-proposal.log"
        },
        {
          "content_hash": "5893db1651d17f98e610528b5ac95d44ad2e88925b9c12bbe2e5b9b19e59ba55",
          "exists": true,
          "path": "./.cairn/archive/1970-01-01-verify-remote-admission-with-trellis/evidence/committed-validation-2026-09-04/gate-proposal.status"
        },
        {
          "content_hash": "2496e94b75c1229175f6907cb6e6ee761423bf10ce4f308d29db513cfb4a56bc",
          "exists": true,
          "path": "./.cairn/archive/1970-01-01-verify-remote-admission-with-trellis/evidence/committed-validation-2026-09-04/gate-tasks.log"
        },
        {
          "content_hash": "5893db1651d17f98e610528b5ac95d44ad2e88925b9c12bbe2e5b9b19e59ba55",
          "exists": true,
          "path": "./.cairn/archive/1970-01-01-verify-remote-admission-with-trellis/evidence/committed-validation-2026-09-04/gate-tasks.status"
        },
        {
          "content_hash": "5893db1651d17f98e610528b5ac95d44ad2e88925b9c12bbe2e5b9b19e59ba55",
          "exists": true,
          "path": "./.cairn/archive/1970-01-01-verify-remote-admission-with-trellis/evidence/committed-validation-2026-09-04/lifecycle.status"
        },
        {
          "content_hash": "5893db1651d17f98e610528b5ac95d44ad2e88925b9c12bbe2e5b9b19e59ba55",
          "exists": true,
          "path": "./.cairn/archive/1970-01-01-verify-remote-admission-with-trellis/evidence/committed-validation-2026-09-04/local.status"
        },
        {
          "content_hash": "c707ae90942be0b738562abeb0209a013bfc7315781618bbd3a0a49f95df4723",
          "exists": true,
          "path": "./.cairn/archive/1970-01-01-verify-remote-admission-with-trellis/evidence/committed-validation-2026-09-04/machine-contracts.log"
        },
        {
          "content_hash": "5893db1651d17f98e610528b5ac95d44ad2e88925b9c12bbe2e5b9b19e59ba55",
          "exists": true,
          "path": "./.cairn/archive/1970-01-01-verify-remote-admission-with-trellis/evidence/committed-validation-2026-09-04/machine-contracts.status"
        },
        {
          "content_hash": "4ac34240461ea1ad4e6e65a170055a81bc961f595f36229c203aab917294aa5e",
          "exists": true,
          "path": "./.cairn/archive/1970-01-01-verify-remote-admission-with-trellis/evidence/committed-validation-2026-09-04/nix-evidence.log"
        },
        {
          "content_hash": "5893db1651d17f98e610528b5ac95d44ad2e88925b9c12bbe2e5b9b19e59ba55",
          "exists": true,
          "path": "./.cairn/archive/1970-01-01-verify-remote-admission-with-trellis/evidence/committed-validation-2026-09-04/nix-evidence.status"
        },
        {
          "content_hash": "c3b1aaefd09bb6ff81f5fb5e19721f4e959f323dbc26abe5bdd84127b85e0758",
          "exists": true,
          "path": "./.cairn/archive/1970-01-01-verify-remote-admission-with-trellis/evidence/committed-validation-2026-09-04/nix-integration.log"
        },
        {
          "content_hash": "5893db1651d17f98e610528b5ac95d44ad2e88925b9c12bbe2e5b9b19e59ba55",
          "exists": true,
          "path": "./.cairn/archive/1970-01-01-verify-remote-admission-with-trellis/evidence/committed-validation-2026-09-04/nix-integration.status"
        },
        {
          "content_hash": "e8ac615699c380cb11bb49c543e819f7b250d661e351ed4002ce29784f164434",
          "exists": true,
          "path": "./.cairn/archive/1970-01-01-verify-remote-admission-with-trellis/evidence/committed-validation-2026-09-04/nix-matrix.log"
        },
        {
          "content_hash": "5893db1651d17f98e610528b5ac95d44ad2e88925b9c12bbe2e5b9b19e59ba55",
          "exists": true,
          "path": "./.cairn/archive/1970-01-01-verify-remote-admission-with-trellis/evidence/committed-validation-2026-09-04/nix-matrix.status"
        },
        {
          "content_hash": "5893db1651d17f98e610528b5ac95d44ad2e88925b9c12bbe2e5b9b19e59ba55",
          "exists": true,
          "path": "./.cairn/archive/1970-01-01-verify-remote-admission-with-trellis/evidence/committed-validation-2026-09-04/nix.status"
        },
        {
          "content_hash": "1062da3c45f0a96526a37736a9b3ca59eb261e929a526c7a8f750807ca2281cc",
          "exists": true,
          "path": "./.cairn/archive/1970-01-01-verify-remote-admission-with-trellis/evidence/committed-validation-2026-09-04/release-clippy.log"
        },
        {
          "content_hash": "5893db1651d17f98e610528b5ac95d44ad2e88925b9c12bbe2e5b9b19e59ba55",
          "exists": true,
          "path": "./.cairn/archive/1970-01-01-verify-remote-admission-with-trellis/evidence/committed-validation-2026-09-04/release-clippy.status"
        },
        {
          "content_hash": "980f3d45c21e38ad37784d0a380abb8607d62eb51b17eee77732c8897f2994f5",
          "exists": true,
          "path": "./.cairn/archive/1970-01-01-verify-remote-admission-with-trellis/evidence/committed-validation-2026-09-04/release-tests.log"
        },
        {
          "content_hash": "5893db1651d17f98e610528b5ac95d44ad2e88925b9c12bbe2e5b9b19e59ba55",
          "exists": true,
          "path": "./.cairn/archive/1970-01-01-verify-remote-admission-with-trellis/evidence/committed-validation-2026-09-04/release-tests.status"
        },
        {
          "content_hash": "2210f3b82f6c1c77acf6b6ffc57139aa8889f6e1f3423ca75a8ad99f0ead86d6",
          "exists": true,
          "path": "./.cairn/archive/1970-01-01-verify-remote-admission-with-trellis/evidence/committed-validation-2026-09-04/root-attempt-tests.log"
        },
        {
          "content_hash": "5893db1651d17f98e610528b5ac95d44ad2e88925b9c12bbe2e5b9b19e59ba55",
          "exists": true,
          "path": "./.cairn/archive/1970-01-01-verify-remote-admission-with-trellis/evidence/committed-validation-2026-09-04/root-attempt-tests.status"
        },
        {
          "content_hash": "4c92c83a4f0095065e6ad387df5d2d1ef637c816e0b9d2f53275daf45f25b90a",
          "exists": true,
          "path": "./.cairn/archive/1970-01-01-verify-remote-admission-with-trellis/evidence/committed-validation-2026-09-04/root-clippy.log"
        },
        {
          "content_hash": "5893db1651d17f98e610528b5ac95d44ad2e88925b9c12bbe2e5b9b19e59ba55",
          "exists": true,
          "path": "./.cairn/archive/1970-01-01-verify-remote-admission-with-trellis/evidence/committed-validation-2026-09-04/root-clippy.status"
        },
        {
          "content_hash": "3b0da12df642c2c6db5efd1edefdd8b851ad42d6bfad003bfb823d0cfe54bb7e",
          "exists": true,
          "path": "./.cairn/archive/1970-01-01-verify-remote-admission-with-trellis/evidence/committed-validation-2026-09-04/root-gateway-tests.log"
        },
        {
          "content_hash": "5893db1651d17f98e610528b5ac95d44ad2e88925b9c12bbe2e5b9b19e59ba55",
          "exists": true,
          "path": "./.cairn/archive/1970-01-01-verify-remote-admission-with-trellis/evidence/committed-validation-2026-09-04/root-gateway-tests.status"
        },
        {
          "content_hash": "c18cf75dd38605ad2f044fa0d614891394ebd2c6b0da5b6757910afc1eb4a0d2",
          "exists": true,
          "path": "./.cairn/archive/1970-01-01-verify-remote-admission-with-trellis/evidence/committed-validation-2026-09-04/summary.md"
        },
        {
          "content_hash": "14609e31f7d9288d1ab3ab9842be7fdc08b6a6d005b087296b6833fc8b8902d3",
          "exists": true,
          "path": "./.cairn/archive/1970-01-01-verify-remote-admission-with-trellis/evidence/committed-validation-2026-09-04/tigerstyle.log"
        },
        {
          "content_hash": "5893db1651d17f98e610528b5ac95d44ad2e88925b9c12bbe2e5b9b19e59ba55",
          "exists": true,
          "path": "./.cairn/archive/1970-01-01-verify-remote-admission-with-trellis/evidence/committed-validation-2026-09-04/tigerstyle.status"
        },
        {
          "content_hash": "ab4e2214795d479c81256f8e2a9579f3aa5c3aac3e1ce034fe44b951d0d8d03f",
          "exists": true,
          "path": "./.cairn/archive/1970-01-01-verify-remote-admission-with-trellis/evidence/committed-validation-2026-09-04/tracey.log"
        },
        {
          "content_hash": "5893db1651d17f98e610528b5ac95d44ad2e88925b9c12bbe2e5b9b19e59ba55",
          "exists": true,
          "path": "./.cairn/archive/1970-01-01-verify-remote-admission-with-trellis/evidence/committed-validation-2026-09-04/tracey.status"
        },
        {
          "content_hash": "302558d08b78e4849c48c0fd32368ef2483c4f02fd95fbbac2b2965650902968",
          "exists": true,
          "path": "./.cairn/archive/1970-01-01-verify-remote-admission-with-trellis/evidence/final-validation-2026-09-04/cairn-validate.log"
        },
        {
          "content_hash": "5893db1651d17f98e610528b5ac95d44ad2e88925b9c12bbe2e5b9b19e59ba55",
          "exists": true,
          "path": "./.cairn/archive/1970-01-01-verify-remote-admission-with-trellis/evidence/final-validation-2026-09-04/cairn-validate.status"
        },
        {
          "content_hash": "04e316d05560dadbb12b9283242b6a5c1677375041b7a5557a46359b413a3aa8",
          "exists": true,
          "path": "./.cairn/archive/1970-01-01-verify-remote-admission-with-trellis/evidence/final-validation-2026-09-04/cargo-deny.log"
        },
        {
          "content_hash": "b7d8c8ab3a68694045f84b1f705ddaeb0085e76f209bb5b47b7d15ee13ec7cb5",
          "exists": true,
          "path": "./.cairn/archive/1970-01-01-verify-remote-admission-with-trellis/evidence/final-validation-2026-09-04/cargo-deny.status"
        },
        {
          "content_hash": "d5b54b5657798140162e6b93f8d049a7cbf039987ef391ee894fc1d91e978d3b",
          "exists": true,
          "path": "./.cairn/archive/1970-01-01-verify-remote-admission-with-trellis/evidence/final-validation-2026-09-04/crunch-build-clippy.log"
        },
        {
          "content_hash": "5893db1651d17f98e610528b5ac95d44ad2e88925b9c12bbe2e5b9b19e59ba55",
          "exists": true,
          "path": "./.cairn/archive/1970-01-01-verify-remote-admission-with-trellis/evidence/final-validation-2026-09-04/crunch-build-clippy.status"
        },
        {
          "content_hash": "cac767ccd0b82ca608443b83bc3c5706f7747f02fe45e19aa6479af5b2325640",
          "exists": true,
          "path": "./.cairn/archive/1970-01-01-verify-remote-admission-with-trellis/evidence/final-validation-2026-09-04/crunch-build-tests.log"
        },
        {
          "content_hash": "5893db1651d17f98e610528b5ac95d44ad2e88925b9c12bbe2e5b9b19e59ba55",
          "exists": true,
          "path": "./.cairn/archive/1970-01-01-verify-remote-admission-with-trellis/evidence/final-validation-2026-09-04/crunch-build-tests.status"
        },
        {
          "content_hash": "57582c55689f0ce92b751393ccb34f304463bd28eb2e386dace04cc277a1563c",
          "exists": true,
          "path": "./.cairn/archive/1970-01-01-verify-remote-admission-with-trellis/evidence/final-validation-2026-09-04/diff-check.log"
        },
        {
          "content_hash": "5893db1651d17f98e610528b5ac95d44ad2e88925b9c12bbe2e5b9b19e59ba55",
          "exists": true,
          "path": "./.cairn/archive/1970-01-01-verify-remote-admission-with-trellis/evidence/final-validation-2026-09-04/diff-check.status"
        },
        {
          "content_hash": "8cbe9be158fb61d4266d5d783e0a28d8e4443e180f92197b96e34a82f6adea38",
          "exists": true,
          "path": "./.cairn/archive/1970-01-01-verify-remote-admission-with-trellis/evidence/final-validation-2026-09-04/evidence-check.log"
        },
        {
          "content_hash": "5893db1651d17f98e610528b5ac95d44ad2e88925b9c12bbe2e5b9b19e59ba55",
          "exists": true,
          "path": "./.cairn/archive/1970-01-01-verify-remote-admission-with-trellis/evidence/final-validation-2026-09-04/evidence-check.status"
        },
        {
          "content_hash": "b984ca22e4cce2ac224d827ef33a856952bcad1d12055911046bc44326aa317c",
          "exists": true,
          "path": "./.cairn/archive/1970-01-01-verify-remote-admission-with-trellis/evidence/final-validation-2026-09-04/evidence-integration.log"
        },
        {
          "content_hash": "5893db1651d17f98e610528b5ac95d44ad2e88925b9c12bbe2e5b9b19e59ba55",
          "exists": true,
          "path": "./.cairn/archive/1970-01-01-verify-remote-admission-with-trellis/evidence/final-validation-2026-09-04/evidence-integration.status"
        },
        {
          "content_hash": "3bb38bba26cabfbf4d92299cc7433fe76f6a4335408e8686a15961d69f9942cd",
          "exists": true,
          "path": "./.cairn/archive/1970-01-01-verify-remote-admission-with-trellis/evidence/final-validation-2026-09-04/formatting.log"
        },
        {
          "content_hash": "5893db1651d17f98e610528b5ac95d44ad2e88925b9c12bbe2e5b9b19e59ba55",
          "exists": true,
          "path": "./.cairn/archive/1970-01-01-verify-remote-admission-with-trellis/evidence/final-validation-2026-09-04/formatting.status"
        },
        {
          "content_hash": "026fce07a11945572b26b111c1af988c446cdb6466dad7a01d5fcb2a7c1fb20d",
          "exists": true,
          "path": "./.cairn/archive/1970-01-01-verify-remote-admission-with-trellis/evidence/final-validation-2026-09-04/gate-design.log"
        },
        {
          "content_hash": "5893db1651d17f98e610528b5ac95d44ad2e88925b9c12bbe2e5b9b19e59ba55",
          "exists": true,
          "path": "./.cairn/archive/1970-01-01-verify-remote-admission-with-trellis/evidence/final-validation-2026-09-04/gate-design.status"
        },
        {
          "content_hash": "b6c74351c5c400faae4c3be160765efa701d28710f79c469baa693c245902a0c",
          "exists": true,
          "path": "./.cairn/archive/1970-01-01-verify-remote-admission-with-trellis/evidence/final-validation-2026-09-04/gate-proposal.log"
        },
        {
          "content_hash": "5893db1651d17f98e610528b5ac95d44ad2e88925b9c12bbe2e5b9b19e59ba55",
          "exists": true,
          "path": "./.cairn/archive/1970-01-01-verify-remote-admission-with-trellis/evidence/final-validation-2026-09-04/gate-proposal.status"
        },
        {
          "content_hash": "2496e94b75c1229175f6907cb6e6ee761423bf10ce4f308d29db513cfb4a56bc",
          "exists": true,
          "path": "./.cairn/archive/1970-01-01-verify-remote-admission-with-trellis/evidence/final-validation-2026-09-04/gate-tasks.log"
        },
        {
          "content_hash": "5893db1651d17f98e610528b5ac95d44ad2e88925b9c12bbe2e5b9b19e59ba55",
          "exists": true,
          "path": "./.cairn/archive/1970-01-01-verify-remote-admission-with-trellis/evidence/final-validation-2026-09-04/gate-tasks.status"
        },
        {
          "content_hash": "5893db1651d17f98e610528b5ac95d44ad2e88925b9c12bbe2e5b9b19e59ba55",
          "exists": true,
          "path": "./.cairn/archive/1970-01-01-verify-remote-admission-with-trellis/evidence/final-validation-2026-09-04/lifecycle.status"
        },
        {
          "content_hash": "4f7191bcf3628e115fc1625fd46750aa73c347d546e9c070f12406e7639165f3",
          "exists": true,
          "path": "./.cairn/archive/1970-01-01-verify-remote-admission-with-trellis/evidence/final-validation-2026-09-04/local.status"
        },
        {
          "content_hash": "c707ae90942be0b738562abeb0209a013bfc7315781618bbd3a0a49f95df4723",
          "exists": true,
          "path": "./.cairn/archive/1970-01-01-verify-remote-admission-with-trellis/evidence/final-validation-2026-09-04/machine-contracts.log"
        },
        {
          "content_hash": "5893db1651d17f98e610528b5ac95d44ad2e88925b9c12bbe2e5b9b19e59ba55",
          "exists": true,
          "path": "./.cairn/archive/1970-01-01-verify-remote-admission-with-trellis/evidence/final-validation-2026-09-04/machine-contracts.status"
        },
        {
          "content_hash": "1dd2cb997bc5b9446086f16f854a6b3adffea38595a4014b53eae6d42f97fc2b",
          "exists": true,
          "path": "./.cairn/archive/1970-01-01-verify-remote-admission-with-trellis/evidence/final-validation-2026-09-04/nickel.log"
        },
        {
          "content_hash": "5893db1651d17f98e610528b5ac95d44ad2e88925b9c12bbe2e5b9b19e59ba55",
          "exists": true,
          "path": "./.cairn/archive/1970-01-01-verify-remote-admission-with-trellis/evidence/final-validation-2026-09-04/nickel.status"
        },
        {
          "content_hash": "deeb2f0a738c5c8c37638cabb623a1e54845e977b95a2e9a3682163a44deefc9",
          "exists": true,
          "path": "./.cairn/archive/1970-01-01-verify-remote-admission-with-trellis/evidence/final-validation-2026-09-04/nix-evidence-integration.log"
        },
        {
          "content_hash": "5893db1651d17f98e610528b5ac95d44ad2e88925b9c12bbe2e5b9b19e59ba55",
          "exists": true,
          "path": "./.cairn/archive/1970-01-01-verify-remote-admission-with-trellis/evidence/final-validation-2026-09-04/nix-evidence-integration.status"
        },
        {
          "content_hash": "d60f73dac5a41dedc20cf4b0fd2d1a5272d4a5de3db81f4139fae55fe24da3a6",
          "exists": true,
          "path": "./.cairn/archive/1970-01-01-verify-remote-admission-with-trellis/evidence/final-validation-2026-09-04/nix-evidence.log"
        },
        {
          "content_hash": "5893db1651d17f98e610528b5ac95d44ad2e88925b9c12bbe2e5b9b19e59ba55",
          "exists": true,
          "path": "./.cairn/archive/1970-01-01-verify-remote-admission-with-trellis/evidence/final-validation-2026-09-04/nix-evidence.status"
        },
        {
          "content_hash": "750a20e8bbd94fd4220b50ca581fd7f9d9440fcb8012ce0492769b680b2725d0",
          "exists": true,
          "path": "./.cairn/archive/1970-01-01-verify-remote-admission-with-trellis/evidence/final-validation-2026-09-04/nix-matrix.log"
        },
        {
          "content_hash": "5893db1651d17f98e610528b5ac95d44ad2e88925b9c12bbe2e5b9b19e59ba55",
          "exists": true,
          "path": "./.cairn/archive/1970-01-01-verify-remote-admission-with-trellis/evidence/final-validation-2026-09-04/nix-matrix.status"
        },
        {
          "content_hash": "83ebd63f03598378666c1ac6c32474311a401d25d47de65605582d2c98dc98ff",
          "exists": true,
          "path": "./.cairn/archive/1970-01-01-verify-remote-admission-with-trellis/evidence/final-validation-2026-09-04/nix-no-build.log"
        },
        {
          "content_hash": "5893db1651d17f98e610528b5ac95d44ad2e88925b9c12bbe2e5b9b19e59ba55",
          "exists": true,
          "path": "./.cairn/archive/1970-01-01-verify-remote-admission-with-trellis/evidence/final-validation-2026-09-04/nix-no-build.status"
        },
        {
          "content_hash": "f5e65ad0a0c0b84c73aa44317d5b7546b1841518db8de8017255a9505c82b2c7",
          "exists": true,
          "path": "./.cairn/archive/1970-01-01-verify-remote-admission-with-trellis/evidence/final-validation-2026-09-04/octet-crunch-build.log"
        },
        {
          "content_hash": "5893db1651d17f98e610528b5ac95d44ad2e88925b9c12bbe2e5b9b19e59ba55",
          "exists": true,
          "path": "./.cairn/archive/1970-01-01-verify-remote-admission-with-trellis/evidence/final-validation-2026-09-04/octet-crunch-build.status"
        },
        {
          "content_hash": "19797eec14242f651aeaf5af6ca2c6c4672d79403071e9678bca9ab5e50a00bb",
          "exists": true,
          "path": "./.cairn/archive/1970-01-01-verify-remote-admission-with-trellis/evidence/final-validation-2026-09-04/octet-release-core.log"
        },
        {
          "content_hash": "5893db1651d17f98e610528b5ac95d44ad2e88925b9c12bbe2e5b9b19e59ba55",
          "exists": true,
          "path": "./.cairn/archive/1970-01-01-verify-remote-admission-with-trellis/evidence/final-validation-2026-09-04/octet-release-core.status"
        },
        {
          "content_hash": "c7d3cea49bd01a5d11ce1503f527ee90a579492cdafad60d54122a0fff8e627d",
          "exists": true,
          "path": "./.cairn/archive/1970-01-01-verify-remote-admission-with-trellis/evidence/final-validation-2026-09-04/pinned-octet.log"
        },
        {
          "content_hash": "01514b8d69abec5a237ddc5c4371864e99489dfc9df68c071791b82f58dba6bb",
          "exists": true,
          "path": "./.cairn/archive/1970-01-01-verify-remote-admission-with-trellis/evidence/final-validation-2026-09-04/pinned-octet.status"
        },
        {
          "content_hash": "706b67cfc392657d64183d4e98f860da59a3f4d4ef9cc7d9d5843c25f081d078",
          "exists": true,
          "path": "./.cairn/archive/1970-01-01-verify-remote-admission-with-trellis/evidence/final-validation-2026-09-04/release-clippy.log"
        },
        {
          "content_hash": "5893db1651d17f98e610528b5ac95d44ad2e88925b9c12bbe2e5b9b19e59ba55",
          "exists": true,
          "path": "./.cairn/archive/1970-01-01-verify-remote-admission-with-trellis/evidence/final-validation-2026-09-04/release-clippy.status"
        },
        {
          "content_hash": "60f73ab63f40d68de5b9b455969253213df7805c47ec775862a28cec138e9baf",
          "exists": true,
          "path": "./.cairn/archive/1970-01-01-verify-remote-admission-with-trellis/evidence/final-validation-2026-09-04/release-tests.log"
        },
        {
          "content_hash": "5893db1651d17f98e610528b5ac95d44ad2e88925b9c12bbe2e5b9b19e59ba55",
          "exists": true,
          "path": "./.cairn/archive/1970-01-01-verify-remote-admission-with-trellis/evidence/final-validation-2026-09-04/release-tests.status"
        },
        {
          "content_hash": "f725c058aac9040bf61a59c3fbe9556777beea420b476dc7360f7d6d263f4c78",
          "exists": true,
          "path": "./.cairn/archive/1970-01-01-verify-remote-admission-with-trellis/evidence/final-validation-2026-09-04/release-wasm.log"
        },
        {
          "content_hash": "5893db1651d17f98e610528b5ac95d44ad2e88925b9c12bbe2e5b9b19e59ba55",
          "exists": true,
          "path": "./.cairn/archive/1970-01-01-verify-remote-admission-with-trellis/evidence/final-validation-2026-09-04/release-wasm.status"
        },
        {
          "content_hash": "7e7f57e118fc748be665af6f1b9cd1444853c8a9dd56fb061927f5bb6fe511d4",
          "exists": true,
          "path": "./.cairn/archive/1970-01-01-verify-remote-admission-with-trellis/evidence/final-validation-2026-09-04/root-clippy.log"
        },
        {
          "content_hash": "5893db1651d17f98e610528b5ac95d44ad2e88925b9c12bbe2e5b9b19e59ba55",
          "exists": true,
          "path": "./.cairn/archive/1970-01-01-verify-remote-admission-with-trellis/evidence/final-validation-2026-09-04/root-clippy.status"
        },
        {
          "content_hash": "a2492b3c93e41946d4acff6d9e491cebd492b32123f26452799a3078bb155986",
          "exists": true,
          "path": "./.cairn/archive/1970-01-01-verify-remote-admission-with-trellis/evidence/final-validation-2026-09-04/root-concurrent-retry.log"
        },
        {
          "content_hash": "5893db1651d17f98e610528b5ac95d44ad2e88925b9c12bbe2e5b9b19e59ba55",
          "exists": true,
          "path": "./.cairn/archive/1970-01-01-verify-remote-admission-with-trellis/evidence/final-validation-2026-09-04/root-concurrent-retry.status"
        },
        {
          "content_hash": "372610d34b72ff90f762bf8a3efb7798624602391d0d7e6b0be8581440e3480b",
          "exists": true,
          "path": "./.cairn/archive/1970-01-01-verify-remote-admission-with-trellis/evidence/final-validation-2026-09-04/root-gateway-tests.log"
        },
        {
          "content_hash": "5893db1651d17f98e610528b5ac95d44ad2e88925b9c12bbe2e5b9b19e59ba55",
          "exists": true,
          "path": "./.cairn/archive/1970-01-01-verify-remote-admission-with-trellis/evidence/final-validation-2026-09-04/root-gateway-tests.status"
        },
        {
          "content_hash": "89308a0fd542b399ff8ec91859f8f4c77b34526c0a6bf13ce19906dc5ec293f8",
          "exists": true,
          "path": "./.cairn/archive/1970-01-01-verify-remote-admission-with-trellis/evidence/final-validation-2026-09-04/root-remote-attempt-tests.log"
        },
        {
          "content_hash": "5893db1651d17f98e610528b5ac95d44ad2e88925b9c12bbe2e5b9b19e59ba55",
          "exists": true,
          "path": "./.cairn/archive/1970-01-01-verify-remote-admission-with-trellis/evidence/final-validation-2026-09-04/root-remote-attempt-tests.status"
        },
        {
          "content_hash": "07cfdf27f10339d91aa34141423d542628bde5dffa1c26b40375ce1812bf5b94",
          "exists": true,
          "path": "./.cairn/archive/1970-01-01-verify-remote-admission-with-trellis/evidence/final-validation-2026-09-04/root-remote-tests.log"
        },
        {
          "content_hash": "80c5151dba8b5d9f654216b6ca23e34dde754362b4bec92bc52644d954e237e0",
          "exists": true,
          "path": "./.cairn/archive/1970-01-01-verify-remote-admission-with-trellis/evidence/final-validation-2026-09-04/root-remote-tests.serial.log"
        },
        {
          "content_hash": "5893db1651d17f98e610528b5ac95d44ad2e88925b9c12bbe2e5b9b19e59ba55",
          "exists": true,
          "path": "./.cairn/archive/1970-01-01-verify-remote-admission-with-trellis/evidence/final-validation-2026-09-04/root-remote-tests.serial.status"
        },
        {
          "content_hash": "b7d8c8ab3a68694045f84b1f705ddaeb0085e76f209bb5b47b7d15ee13ec7cb5",
          "exists": true,
          "path": "./.cairn/archive/1970-01-01-verify-remote-admission-with-trellis/evidence/final-validation-2026-09-04/root-remote-tests.status"
        },
        {
          "content_hash": "1c7b56b35169768ebe1c5bda6b391ff1b3256e5da8f82ee56a32a8f87861bf5f",
          "exists": true,
          "path": "./.cairn/archive/1970-01-01-verify-remote-admission-with-trellis/evidence/final-validation-2026-09-04/summary.md"
        },
        {
          "content_hash": "ab4e2214795d479c81256f8e2a9579f3aa5c3aac3e1ce034fe44b951d0d8d03f",
          "exists": true,
          "path": "./.cairn/archive/1970-01-01-verify-remote-admission-with-trellis/evidence/final-validation-2026-09-04/tracey.log"
        },
        {
          "content_hash": "5893db1651d17f98e610528b5ac95d44ad2e88925b9c12bbe2e5b9b19e59ba55",
          "exists": true,
          "path": "./.cairn/archive/1970-01-01-verify-remote-admission-with-trellis/evidence/final-validation-2026-09-04/tracey.status"
        },
        {
          "content_hash": "a4a1eb6666b2ac2e44f50ad6f34eb48fa29febc8f7705cfc4c24cd15cc9f7929",
          "exists": true,
          "path": "./.cairn/archive/1970-01-01-verify-remote-admission-with-trellis/evidence/machine-contract-2026-09-04/check.log"
        },
        {
          "content_hash": "5893db1651d17f98e610528b5ac95d44ad2e88925b9c12bbe2e5b9b19e59ba55",
          "exists": true,
          "path": "./.cairn/archive/1970-01-01-verify-remote-admission-with-trellis/evidence/machine-contract-2026-09-04/check.status"
        },
        {
          "content_hash": "4e83819963d5a7ddfe6e6170aed4cc00c8df68377ace035911c4887266c27151",
          "exists": true,
          "path": "./.cairn/archive/1970-01-01-verify-remote-admission-with-trellis/evidence/machine-contract-2026-09-04/generate.attempt1.log"
        },
        {
          "content_hash": "01514b8d69abec5a237ddc5c4371864e99489dfc9df68c071791b82f58dba6bb",
          "exists": true,
          "path": "./.cairn/archive/1970-01-01-verify-remote-admission-with-trellis/evidence/machine-contract-2026-09-04/generate.attempt1.status"
        },
        {
          "content_hash": "01d67aa4d5f3e8093c5f3081772d868263850755c78c95b4181a1fc157a7a3c4",
          "exists": true,
          "path": "./.cairn/archive/1970-01-01-verify-remote-admission-with-trellis/evidence/machine-contract-2026-09-04/generate.attempt2.log"
        },
        {
          "content_hash": "01514b8d69abec5a237ddc5c4371864e99489dfc9df68c071791b82f58dba6bb",
          "exists": true,
          "path": "./.cairn/archive/1970-01-01-verify-remote-admission-with-trellis/evidence/machine-contract-2026-09-04/generate.attempt2.status"
        },
        {
          "content_hash": "01d67aa4d5f3e8093c5f3081772d868263850755c78c95b4181a1fc157a7a3c4",
          "exists": true,
          "path": "./.cairn/archive/1970-01-01-verify-remote-admission-with-trellis/evidence/machine-contract-2026-09-04/generate.attempt3.log"
        },
        {
          "content_hash": "01514b8d69abec5a237ddc5c4371864e99489dfc9df68c071791b82f58dba6bb",
          "exists": true,
          "path": "./.cairn/archive/1970-01-01-verify-remote-admission-with-trellis/evidence/machine-contract-2026-09-04/generate.attempt3.status"
        },
        {
          "content_hash": "d85f7320709f212bf30fbfab1f806b9bbee4a5cc439972cc950f0293bb3f8062",
          "exists": true,
          "path": "./.cairn/archive/1970-01-01-verify-remote-admission-with-trellis/evidence/machine-contract-2026-09-04/generate.attempt4.log"
        },
        {
          "content_hash": "01514b8d69abec5a237ddc5c4371864e99489dfc9df68c071791b82f58dba6bb",
          "exists": true,
          "path": "./.cairn/archive/1970-01-01-verify-remote-admission-with-trellis/evidence/machine-contract-2026-09-04/generate.attempt4.status"
        },
        {
          "content_hash": "488643ec4282f6c78abb9a07bead4eaeeaff982d6fd8a729f9d51d9cfd4bbedd",
          "exists": true,
          "path": "./.cairn/archive/1970-01-01-verify-remote-admission-with-trellis/evidence/machine-contract-2026-09-04/generate.attempt5.log"
        },
        {
          "content_hash": "01514b8d69abec5a237ddc5c4371864e99489dfc9df68c071791b82f58dba6bb",
          "exists": true,
          "path": "./.cairn/archive/1970-01-01-verify-remote-admission-with-trellis/evidence/machine-contract-2026-09-04/generate.attempt5.status"
        },
        {
          "content_hash": "c8587a6d40bd9c88f5e9850b16e34276390233399fa53771a0f7225f9c339833",
          "exists": true,
          "path": "./.cairn/archive/1970-01-01-verify-remote-admission-with-trellis/evidence/machine-contract-2026-09-04/generate.attempt6.log"
        },
        {
          "content_hash": "5893db1651d17f98e610528b5ac95d44ad2e88925b9c12bbe2e5b9b19e59ba55",
          "exists": true,
          "path": "./.cairn/archive/1970-01-01-verify-remote-admission-with-trellis/evidence/machine-contract-2026-09-04/generate.attempt6.status"
        },
        {
          "content_hash": "c8587a6d40bd9c88f5e9850b16e34276390233399fa53771a0f7225f9c339833",
          "exists": true,
          "path": "./.cairn/archive/1970-01-01-verify-remote-admission-with-trellis/evidence/machine-contract-2026-09-04/generate.attempt7.log"
        },
        {
          "content_hash": "5893db1651d17f98e610528b5ac95d44ad2e88925b9c12bbe2e5b9b19e59ba55",
          "exists": true,
          "path": "./.cairn/archive/1970-01-01-verify-remote-admission-with-trellis/evidence/machine-contract-2026-09-04/generate.attempt7.status"
        },
        {
          "content_hash": "c8587a6d40bd9c88f5e9850b16e34276390233399fa53771a0f7225f9c339833",
          "exists": true,
          "path": "./.cairn/archive/1970-01-01-verify-remote-admission-with-trellis/evidence/machine-contract-2026-09-04/generate.attempt8.log"
        },
        {
          "content_hash": "5893db1651d17f98e610528b5ac95d44ad2e88925b9c12bbe2e5b9b19e59ba55",
          "exists": true,
          "path": "./.cairn/archive/1970-01-01-verify-remote-admission-with-trellis/evidence/machine-contract-2026-09-04/generate.attempt8.status"
        },
        {
          "content_hash": "c8587a6d40bd9c88f5e9850b16e34276390233399fa53771a0f7225f9c339833",
          "exists": true,
          "path": "./.cairn/archive/1970-01-01-verify-remote-admission-with-trellis/evidence/machine-contract-2026-09-04/generate.attempt9.log"
        },
        {
          "content_hash": "5893db1651d17f98e610528b5ac95d44ad2e88925b9c12bbe2e5b9b19e59ba55",
          "exists": true,
          "path": "./.cairn/archive/1970-01-01-verify-remote-admission-with-trellis/evidence/machine-contract-2026-09-04/generate.attempt9.status"
        },
        {
          "content_hash": "ecdd6977013e81a93902cebbde88846663a0c1eb16d7c78f2f8c96b1827deffa",
          "exists": true,
          "path": "./.cairn/archive/1970-01-01-verify-remote-admission-with-trellis/evidence/machine-contract-2026-09-04/summary.md"
        },
        {
          "content_hash": "21b2f6ae57b9347238444476e758da8f984e22d8f68de2d0e32fbae84e5920ec",
          "exists": true,
          "path": "./.cairn/archive/1970-01-01-verify-remote-admission-with-trellis/evidence/scaffold-validation.md"
        },
        {
          "content_hash": "569c07dedcbc547fa77fc6707c435dfee58171ce25df6de9b8a1b981b33bec20",
          "exists": true,
          "path": "./.cairn/archive/1970-01-01-verify-remote-admission-with-trellis/evidence/sync-2026-09-04/accepted-spec-blake3.log"
        },
        {
          "content_hash": "5893db1651d17f98e610528b5ac95d44ad2e88925b9c12bbe2e5b9b19e59ba55",
          "exists": true,
          "path": "./.cairn/archive/1970-01-01-verify-remote-admission-with-trellis/evidence/sync-2026-09-04/accepted-spec-blake3.status"
        },
        {
          "content_hash": "2496e94b75c1229175f6907cb6e6ee761423bf10ce4f308d29db513cfb4a56bc",
          "exists": true,
          "path": "./.cairn/archive/1970-01-01-verify-remote-admission-with-trellis/evidence/sync-2026-09-04/post-sync-tasks-gate.log"
        },
        {
          "content_hash": "5893db1651d17f98e610528b5ac95d44ad2e88925b9c12bbe2e5b9b19e59ba55",
          "exists": true,
          "path": "./.cairn/archive/1970-01-01-verify-remote-admission-with-trellis/evidence/sync-2026-09-04/post-sync-tasks-gate.status"
        },
        {
          "content_hash": "ab4e2214795d479c81256f8e2a9579f3aa5c3aac3e1ce034fe44b951d0d8d03f",
          "exists": true,
          "path": "./.cairn/archive/1970-01-01-verify-remote-admission-with-trellis/evidence/sync-2026-09-04/post-sync-tracey.log"
        },
        {
          "content_hash": "5893db1651d17f98e610528b5ac95d44ad2e88925b9c12bbe2e5b9b19e59ba55",
          "exists": true,
          "path": "./.cairn/archive/1970-01-01-verify-remote-admission-with-trellis/evidence/sync-2026-09-04/post-sync-tracey.status"
        },
        {
          "content_hash": "82e0c1afc5d89eddde7618e4132cf036e34ded165a9982a3dab034ccbaa1a03e",
          "exists": true,
          "path": "./.cairn/archive/1970-01-01-verify-remote-admission-with-trellis/evidence/sync-2026-09-04/post-sync-validate.log"
        },
        {
          "content_hash": "5893db1651d17f98e610528b5ac95d44ad2e88925b9c12bbe2e5b9b19e59ba55",
          "exists": true,
          "path": "./.cairn/archive/1970-01-01-verify-remote-admission-with-trellis/evidence/sync-2026-09-04/post-sync-validate.status"
        },
        {
          "content_hash": "5893db1651d17f98e610528b5ac95d44ad2e88925b9c12bbe2e5b9b19e59ba55",
          "exists": true,
          "path": "./.cairn/archive/1970-01-01-verify-remote-admission-with-trellis/evidence/sync-2026-09-04/post-sync.status"
        },
        {
          "content_hash": "fcff52076d32033b5b33b66bbfb6dd1517fe3912eb56066260a621d107903591",
          "exists": true,
          "path": "./.cairn/archive/1970-01-01-verify-remote-admission-with-trellis/evidence/sync-2026-09-04/summary.md"
        },
        {
          "content_hash": "3023cb3dd07c3fc211eafe55d8331a7b560b37652ce96375b343e41a0492c57c",
          "exists": true,
          "path": "./.cairn/archive/1970-01-01-verify-remote-admission-with-trellis/evidence/sync-2026-09-04/sync-dry-run.log"
        },
        {
          "content_hash": "5893db1651d17f98e610528b5ac95d44ad2e88925b9c12bbe2e5b9b19e59ba55",
          "exists": true,
          "path": "./.cairn/archive/1970-01-01-verify-remote-admission-with-trellis/evidence/sync-2026-09-04/sync-dry-run.status"
        },
        {
          "content_hash": "f8d701d35e39278df2104599ba036962337a369b71ba8d02539237e2678d4416",
          "exists": true,
          "path": "./.cairn/archive/1970-01-01-verify-remote-admission-with-trellis/evidence/sync-2026-09-04/sync-execute.log"
        },
        {
          "content_hash": "5893db1651d17f98e610528b5ac95d44ad2e88925b9c12bbe2e5b9b19e59ba55",
          "exists": true,
          "path": "./.cairn/archive/1970-01-01-verify-remote-admission-with-trellis/evidence/sync-2026-09-04/sync-execute.status"
        },
        {
          "content_hash": "0f9ce024bdff1a899c78a2dacad60f0238765eac21bfa4cd1640f12b6a38ebd9",
          "exists": true,
          "path": "./.cairn/archive/1970-01-01-verify-remote-admission-with-trellis/evidence/trellis-export-2026-09-04/export.attempt1.log"
        },
        {
          "content_hash": "b7d8c8ab3a68694045f84b1f705ddaeb0085e76f209bb5b47b7d15ee13ec7cb5",
          "exists": true,
          "path": "./.cairn/archive/1970-01-01-verify-remote-admission-with-trellis/evidence/trellis-export-2026-09-04/export.attempt1.status"
        },
        {
          "content_hash": "9f4a234f393bc53d282c3fa0c2a4cb839db73a3282a5d24fa25a182ba4b0962b",
          "exists": true,
          "path": "./.cairn/archive/1970-01-01-verify-remote-admission-with-trellis/evidence/trellis-export-2026-09-04/export.attempt2.log"
        },
        {
          "content_hash": "5893db1651d17f98e610528b5ac95d44ad2e88925b9c12bbe2e5b9b19e59ba55",
          "exists": true,
          "path": "./.cairn/archive/1970-01-01-verify-remote-admission-with-trellis/evidence/trellis-export-2026-09-04/export.attempt2.status"
        },
        {
          "content_hash": "df66590c450ce2f3001a74cca7d957135a80f547543bc65c537f212f8198d61d",
          "exists": true,
          "path": "./.cairn/archive/1970-01-01-verify-remote-admission-with-trellis/evidence/trellis-export-2026-09-04/export.log"
        },
        {
          "content_hash": "5893db1651d17f98e610528b5ac95d44ad2e88925b9c12bbe2e5b9b19e59ba55",
          "exists": true,
          "path": "./.cairn/archive/1970-01-01-verify-remote-admission-with-trellis/evidence/trellis-export-2026-09-04/export.status"
        },
        {
          "content_hash": "a0196e60513f5a0a6e987a1b736a8ee88bb956ec2527f385b2722f5edc0b7e75",
          "exists": true,
          "path": "./.cairn/archive/1970-01-01-verify-remote-admission-with-trellis/evidence/trellis-export-2026-09-04/generator/Cargo.lock"
        },
        {
          "content_hash": "e05dea4ae861a8173393d0682d2a7fcb71d5b9e7943973f60c43e883ff73f413",
          "exists": true,
          "path": "./.cairn/archive/1970-01-01-verify-remote-admission-with-trellis/evidence/trellis-export-2026-09-04/generator/Cargo.toml"
        },
        {
          "content_hash": "f89de19f8abf0a16ca71d6d05da497a60209de3271f2caacf58edec4f7604e00",
          "exists": true,
          "path": "./.cairn/archive/1970-01-01-verify-remote-admission-with-trellis/evidence/trellis-export-2026-09-04/generator/main.rs"
        },
        {
          "content_hash": "a2e96ed1cff645dd8ee7fb61b56fe3625d4e4c7cd36a9e32b6e84c4f3872c44d",
          "exists": true,
          "path": "./.cairn/archive/1970-01-01-verify-remote-admission-with-trellis/evidence/trellis-export-2026-09-04/summary.md"
        },
        {
          "content_hash": "b5746d4b8db47161551f3bf94f2f3f16cf91d087d40e52aae937eb66c8b88d3f",
          "exists": true,
          "path": "./.cairn/archive/1970-01-01-verify-remote-admission-with-trellis/evidence/trellis-oracle-2026-09-04/generator/Cargo.lock"
        },
        {
          "content_hash": "27533a5251e602762e2145d85ca5fc71777c0acfc4bea24e069e42dbacff5f19",
          "exists": true,
          "path": "./.cairn/archive/1970-01-01-verify-remote-admission-with-trellis/evidence/trellis-oracle-2026-09-04/generator/Cargo.toml"
        },
        {
          "content_hash": "1b73304d6fd8cca719160b1c674c1c0f93a44ffa3a6fd15da62f1035dcae359a",
          "exists": true,
          "path": "./.cairn/archive/1970-01-01-verify-remote-admission-with-trellis/evidence/trellis-oracle-2026-09-04/generator/main.rs"
        },
        {
          "content_hash": "d75d2ae463f591d3cf72f2b251101e04b6c5f642ee7b7aee567e0699e9d8fc4e",
          "exists": true,
          "path": "./.cairn/archive/1970-01-01-verify-remote-admission-with-trellis/evidence/trellis-oracle-2026-09-04/oracle-generation.log"
        },
        {
          "content_hash": "5893db1651d17f98e610528b5ac95d44ad2e88925b9c12bbe2e5b9b19e59ba55",
          "exists": true,
          "path": "./.cairn/archive/1970-01-01-verify-remote-admission-with-trellis/evidence/trellis-oracle-2026-09-04/oracle-generation.status"
        },
        {
          "content_hash": "ddae2c1a60ef26402617d6f7c9a660b326bda61d34665fb247732d2e9c964797",
          "exists": true,
          "path": "./.cairn/archive/1970-01-01-verify-remote-admission-with-trellis/evidence/trellis-oracle-2026-09-04/summary.md"
        },
        {
          "content_hash": "988a0dc9a430f1e0f47cedc92fdcd161a6eed47a0184854fce82b22ac67e930f",
          "exists": true,
          "path": "./.cairn/archive/1970-01-01-verify-remote-admission-with-trellis/evidence/trellis-upstream-2026-09-04/blake3.txt"
        },
        {
          "content_hash": "cfca683c757da617a989dc0919d8ee7f662aae658ae9ae8dab64ee324ade63e9",
          "exists": true,
          "path": "./.cairn/archive/1970-01-01-verify-remote-admission-with-trellis/evidence/trellis-upstream-2026-09-04/consumer-profile.log"
        },
        {
          "content_hash": "57d53ec8002f1e044005b37e6248736072f5285cd77ef94576811a9e5d88b83b",
          "exists": true,
          "path": "./.cairn/archive/1970-01-01-verify-remote-admission-with-trellis/evidence/trellis-upstream-2026-09-04/focused-cargo-test.log"
        },
        {
          "content_hash": "14b4b3d41fc4fe07a4e4ddc25eda4432d27a456653abb5155e3150c6d0b8b5c8",
          "exists": true,
          "path": "./.cairn/archive/1970-01-01-verify-remote-admission-with-trellis/evidence/trellis-upstream-2026-09-04/focused-verus.log"
        },
        {
          "content_hash": "02a1d975e4c3383f82321339a709c166b21c3953929f00678c8ce8d43095a4fd",
          "exists": true,
          "path": "./.cairn/archive/1970-01-01-verify-remote-admission-with-trellis/evidence/trellis-upstream-2026-09-04/full-verify.log"
        },
        {
          "content_hash": "68aca16d8edaed535b2fe916b214ba728b523e6b690e5c9ef76d38ef96733ad4",
          "exists": true,
          "path": "./.cairn/archive/1970-01-01-verify-remote-admission-with-trellis/evidence/trellis-upstream-2026-09-04/octet-summary.log"
        },
        {
          "content_hash": "772cd51879451c055f18a23d9da4662b0299b8d4ecfb69b81be80226d252de79",
          "exists": true,
          "path": "./.cairn/archive/1970-01-01-verify-remote-admission-with-trellis/evidence/trellis-upstream-2026-09-04/summary.md"
        },
        {
          "content_hash": "f5119ae40fcfd64e1357333a1aa79197069b7b68db026729241e94d4864c967c",
          "exists": true,
          "path": "./.cairn/archive/1970-01-01-verify-remote-admission-with-trellis/evidence/trellis-upstream-2026-09-04/trellis-spec.md"
        },
        {
          "content_hash": "2193ad5d232573af07ee1d9cf6c9dc331a37d2524fe147377d32e1027755b15f",
          "exists": true,
          "path": "./.cairn/archive/1970-01-01-verify-remote-admission-with-trellis/evidence/trellis-upstream-2026-09-04/trellis-verification.md"
        },
        {
          "content_hash": "4be3c96b540b266debe3eb14a43d0714b67ec57eb1d076f6a6f51f4350ed26e4",
          "exists": true,
          "path": "./.cairn/archive/1970-01-01-verify-remote-admission-with-trellis/evidence/validation-2026-09-04/crunch-build-clippy.log"
        },
        {
          "content_hash": "5893db1651d17f98e610528b5ac95d44ad2e88925b9c12bbe2e5b9b19e59ba55",
          "exists": true,
          "path": "./.cairn/archive/1970-01-01-verify-remote-admission-with-trellis/evidence/validation-2026-09-04/crunch-build-clippy.status"
        },
        {
          "content_hash": "f3c93146424d656485999bdfa029223e98c313eacd9134d0f37745633344e73f",
          "exists": true,
          "path": "./.cairn/archive/1970-01-01-verify-remote-admission-with-trellis/evidence/validation-2026-09-04/crunch-build-tests.log"
        },
        {
          "content_hash": "5893db1651d17f98e610528b5ac95d44ad2e88925b9c12bbe2e5b9b19e59ba55",
          "exists": true,
          "path": "./.cairn/archive/1970-01-01-verify-remote-admission-with-trellis/evidence/validation-2026-09-04/crunch-build-tests.status"
        },
        {
          "content_hash": "d6207ef3d9bbacfd7f34225a808fec993a30e657acc6bc2f783d90081ae1acf3",
          "exists": true,
          "path": "./.cairn/archive/1970-01-01-verify-remote-admission-with-trellis/evidence/validation-2026-09-04/diff-check.attempt1.log"
        },
        {
          "content_hash": "f28cefd19aa653f5c87c109d5adec96ff0e5e9a33e05aaa11711484f6b627c60",
          "exists": true,
          "path": "./.cairn/archive/1970-01-01-verify-remote-admission-with-trellis/evidence/validation-2026-09-04/diff-check.attempt1.status"
        },
        {
          "content_hash": "3adaeb39f7f732eb4abaa2b3ee8651d76e429f5f6bfbf5066ee3c279acc9c6c8",
          "exists": true,
          "path": "./.cairn/archive/1970-01-01-verify-remote-admission-with-trellis/evidence/validation-2026-09-04/diff-check.log"
        },
        {
          "content_hash": "5893db1651d17f98e610528b5ac95d44ad2e88925b9c12bbe2e5b9b19e59ba55",
          "exists": true,
          "path": "./.cairn/archive/1970-01-01-verify-remote-admission-with-trellis/evidence/validation-2026-09-04/diff-check.status"
        },
        {
          "content_hash": "8cbe9be158fb61d4266d5d783e0a28d8e4443e180f92197b96e34a82f6adea38",
          "exists": true,
          "path": "./.cairn/archive/1970-01-01-verify-remote-admission-with-trellis/evidence/validation-2026-09-04/evidence-check.log"
        },
        {
          "content_hash": "5893db1651d17f98e610528b5ac95d44ad2e88925b9c12bbe2e5b9b19e59ba55",
          "exists": true,
          "path": "./.cairn/archive/1970-01-01-verify-remote-admission-with-trellis/evidence/validation-2026-09-04/evidence-check.status"
        },
        {
          "content_hash": "5e950c88c42683742766dbd9997cdc34d1eab11b589d73ad2f3c6c3691a99b4f",
          "exists": true,
          "path": "./.cairn/archive/1970-01-01-verify-remote-admission-with-trellis/evidence/validation-2026-09-04/evidence-integration.log"
        },
        {
          "content_hash": "5893db1651d17f98e610528b5ac95d44ad2e88925b9c12bbe2e5b9b19e59ba55",
          "exists": true,
          "path": "./.cairn/archive/1970-01-01-verify-remote-admission-with-trellis/evidence/validation-2026-09-04/evidence-integration.status"
        },
        {
          "content_hash": "7b4add7eea7b00588de910162a391c2ad4a81402ac6f96ab4393ed88a7dfabbf",
          "exists": true,
          "path": "./.cairn/archive/1970-01-01-verify-remote-admission-with-trellis/evidence/validation-2026-09-04/formatting.log"
        },
        {
          "content_hash": "5893db1651d17f98e610528b5ac95d44ad2e88925b9c12bbe2e5b9b19e59ba55",
          "exists": true,
          "path": "./.cairn/archive/1970-01-01-verify-remote-admission-with-trellis/evidence/validation-2026-09-04/formatting.status"
        },
        {
          "content_hash": "c707ae90942be0b738562abeb0209a013bfc7315781618bbd3a0a49f95df4723",
          "exists": true,
          "path": "./.cairn/archive/1970-01-01-verify-remote-admission-with-trellis/evidence/validation-2026-09-04/machine-contracts.log"
        },
        {
          "content_hash": "5893db1651d17f98e610528b5ac95d44ad2e88925b9c12bbe2e5b9b19e59ba55",
          "exists": true,
          "path": "./.cairn/archive/1970-01-01-verify-remote-admission-with-trellis/evidence/validation-2026-09-04/machine-contracts.status"
        },
        {
          "content_hash": "6d3b3de3b438da3d3af9a0a315e4287d7b191fec5fb64e0cc8c5f669748f30dd",
          "exists": true,
          "path": "./.cairn/archive/1970-01-01-verify-remote-admission-with-trellis/evidence/validation-2026-09-04/nickel-typecheck.log"
        },
        {
          "content_hash": "5893db1651d17f98e610528b5ac95d44ad2e88925b9c12bbe2e5b9b19e59ba55",
          "exists": true,
          "path": "./.cairn/archive/1970-01-01-verify-remote-admission-with-trellis/evidence/validation-2026-09-04/nickel-typecheck.status"
        },
        {
          "content_hash": "3da7a33b431d1fbfec952ca9baba1cd45245cd5ff90d4a25bec48605d8a12ac7",
          "exists": true,
          "path": "./.cairn/archive/1970-01-01-verify-remote-admission-with-trellis/evidence/validation-2026-09-04/nix-evidence-integration.log"
        },
        {
          "content_hash": "5893db1651d17f98e610528b5ac95d44ad2e88925b9c12bbe2e5b9b19e59ba55",
          "exists": true,
          "path": "./.cairn/archive/1970-01-01-verify-remote-admission-with-trellis/evidence/validation-2026-09-04/nix-evidence-integration.status"
        },
        {
          "content_hash": "2bba227ba91ea26e3064ddf4922125f8bdba7ed9173511e70e9ba5811d3db3dd",
          "exists": true,
          "path": "./.cairn/archive/1970-01-01-verify-remote-admission-with-trellis/evidence/validation-2026-09-04/nix-evidence.attempt1.log"
        },
        {
          "content_hash": "01514b8d69abec5a237ddc5c4371864e99489dfc9df68c071791b82f58dba6bb",
          "exists": true,
          "path": "./.cairn/archive/1970-01-01-verify-remote-admission-with-trellis/evidence/validation-2026-09-04/nix-evidence.attempt1.status"
        },
        {
          "content_hash": "41f46c7146c7ddb54dbd03d609faca88794050885529f3aebba0837bf5efebfe",
          "exists": true,
          "path": "./.cairn/archive/1970-01-01-verify-remote-admission-with-trellis/evidence/validation-2026-09-04/nix-evidence.log"
        },
        {
          "content_hash": "5893db1651d17f98e610528b5ac95d44ad2e88925b9c12bbe2e5b9b19e59ba55",
          "exists": true,
          "path": "./.cairn/archive/1970-01-01-verify-remote-admission-with-trellis/evidence/validation-2026-09-04/nix-evidence.status"
        },
        {
          "content_hash": "b0dd96f0cf8219fa8ac3894cf93ff0eb18708f482a89fb6eba21377d64a766fc",
          "exists": true,
          "path": "./.cairn/archive/1970-01-01-verify-remote-admission-with-trellis/evidence/validation-2026-09-04/nix-matrix.attempt1.log"
        },
        {
          "content_hash": "01514b8d69abec5a237ddc5c4371864e99489dfc9df68c071791b82f58dba6bb",
          "exists": true,
          "path": "./.cairn/archive/1970-01-01-verify-remote-admission-with-trellis/evidence/validation-2026-09-04/nix-matrix.attempt1.status"
        },
        {
          "content_hash": "d2b208bdd9a60e8562320e481bbb6368ff23e8930e8e7b5f26e98098df8cf939",
          "exists": true,
          "path": "./.cairn/archive/1970-01-01-verify-remote-admission-with-trellis/evidence/validation-2026-09-04/nix-matrix.log"
        },
        {
          "content_hash": "5893db1651d17f98e610528b5ac95d44ad2e88925b9c12bbe2e5b9b19e59ba55",
          "exists": true,
          "path": "./.cairn/archive/1970-01-01-verify-remote-admission-with-trellis/evidence/validation-2026-09-04/nix-matrix.status"
        },
        {
          "content_hash": "ac8a66027ac2199b6d24e9cc4489942a3f74c935071cdfec7751bb40d2c8ba71",
          "exists": true,
          "path": "./.cairn/archive/1970-01-01-verify-remote-admission-with-trellis/evidence/validation-2026-09-04/nix-no-build.log"
        },
        {
          "content_hash": "5893db1651d17f98e610528b5ac95d44ad2e88925b9c12bbe2e5b9b19e59ba55",
          "exists": true,
          "path": "./.cairn/archive/1970-01-01-verify-remote-admission-with-trellis/evidence/validation-2026-09-04/nix-no-build.status"
        },
        {
          "content_hash": "e9a668e18e716d692e9b72289c4e1872aea37ed7ec9327ad0d5791b6268212b0",
          "exists": true,
          "path": "./.cairn/archive/1970-01-01-verify-remote-admission-with-trellis/evidence/validation-2026-09-04/octet-crunch-build.log"
        },
        {
          "content_hash": "5893db1651d17f98e610528b5ac95d44ad2e88925b9c12bbe2e5b9b19e59ba55",
          "exists": true,
          "path": "./.cairn/archive/1970-01-01-verify-remote-admission-with-trellis/evidence/validation-2026-09-04/octet-crunch-build.status"
        },
        {
          "content_hash": "17cd139ddb52168bb6a2b39357881ad33cad484707130f1b7e877f74fa031d76",
          "exists": true,
          "path": "./.cairn/archive/1970-01-01-verify-remote-admission-with-trellis/evidence/validation-2026-09-04/octet-release-core.log"
        },
        {
          "content_hash": "5893db1651d17f98e610528b5ac95d44ad2e88925b9c12bbe2e5b9b19e59ba55",
          "exists": true,
          "path": "./.cairn/archive/1970-01-01-verify-remote-admission-with-trellis/evidence/validation-2026-09-04/octet-release-core.status"
        },
        {
          "content_hash": "7f75342f7cd71d8972988c4215a649b94d44b15a0178e75348464980fa54eb3c",
          "exists": true,
          "path": "./.cairn/archive/1970-01-01-verify-remote-admission-with-trellis/evidence/validation-2026-09-04/release-clippy.log"
        },
        {
          "content_hash": "5893db1651d17f98e610528b5ac95d44ad2e88925b9c12bbe2e5b9b19e59ba55",
          "exists": true,
          "path": "./.cairn/archive/1970-01-01-verify-remote-admission-with-trellis/evidence/validation-2026-09-04/release-clippy.status"
        },
        {
          "content_hash": "bbdc93ab42960c83ac887c1c6f1f631f49dd22b365ee8f910831d85ec597c0cb",
          "exists": true,
          "path": "./.cairn/archive/1970-01-01-verify-remote-admission-with-trellis/evidence/validation-2026-09-04/release-tests.log"
        },
        {
          "content_hash": "5893db1651d17f98e610528b5ac95d44ad2e88925b9c12bbe2e5b9b19e59ba55",
          "exists": true,
          "path": "./.cairn/archive/1970-01-01-verify-remote-admission-with-trellis/evidence/validation-2026-09-04/release-tests.status"
        },
        {
          "content_hash": "3707c9ad4cc3b0091553fa2f28dbfc40222392db279b43a5633cd33f37eec09a",
          "exists": true,
          "path": "./.cairn/archive/1970-01-01-verify-remote-admission-with-trellis/evidence/validation-2026-09-04/release-wasm.log"
        },
        {
          "content_hash": "5893db1651d17f98e610528b5ac95d44ad2e88925b9c12bbe2e5b9b19e59ba55",
          "exists": true,
          "path": "./.cairn/archive/1970-01-01-verify-remote-admission-with-trellis/evidence/validation-2026-09-04/release-wasm.status"
        },
        {
          "content_hash": "c2d3fa3303bc45ca413f25732c564f3329db584bd230144d29c7f328030b30a6",
          "exists": true,
          "path": "./.cairn/archive/1970-01-01-verify-remote-admission-with-trellis/evidence/validation-2026-09-04/root-clippy.log"
        },
        {
          "content_hash": "5893db1651d17f98e610528b5ac95d44ad2e88925b9c12bbe2e5b9b19e59ba55",
          "exists": true,
          "path": "./.cairn/archive/1970-01-01-verify-remote-admission-with-trellis/evidence/validation-2026-09-04/root-clippy.status"
        },
        {
          "content_hash": "2a78d10a1e75e3cfa7be5deea2ec59acc49823aa1c956ba17c83b47c7ee9df64",
          "exists": true,
          "path": "./.cairn/archive/1970-01-01-verify-remote-admission-with-trellis/evidence/validation-2026-09-04/root-remote-tests.log"
        },
        {
          "content_hash": "5893db1651d17f98e610528b5ac95d44ad2e88925b9c12bbe2e5b9b19e59ba55",
          "exists": true,
          "path": "./.cairn/archive/1970-01-01-verify-remote-admission-with-trellis/evidence/validation-2026-09-04/root-remote-tests.status"
        },
        {
          "content_hash": "01384a3326aa63782fcd32b9fceedbd25d8876269d8dd2f79c5e28827e91aa07",
          "exists": true,
          "path": "./.cairn/archive/1970-01-01-verify-remote-admission-with-trellis/evidence/validation-2026-09-04/tigerstyle-pinned.attempt2.log"
        },
        {
          "content_hash": "01514b8d69abec5a237ddc5c4371864e99489dfc9df68c071791b82f58dba6bb",
          "exists": true,
          "path": "./.cairn/archive/1970-01-01-verify-remote-admission-with-trellis/evidence/validation-2026-09-04/tigerstyle-pinned.attempt2.status"
        },
        {
          "content_hash": "33c5f0f1ecd353e482b397c69d1eb6b6898faa52d57c9fed0c277191270523b4",
          "exists": true,
          "path": "./.cairn/archive/1970-01-01-verify-remote-admission-with-trellis/evidence/validation-2026-09-04/tigerstyle-pinned.attempt3.log"
        },
        {
          "content_hash": "01514b8d69abec5a237ddc5c4371864e99489dfc9df68c071791b82f58dba6bb",
          "exists": true,
          "path": "./.cairn/archive/1970-01-01-verify-remote-admission-with-trellis/evidence/validation-2026-09-04/tigerstyle-pinned.attempt3.status"
        },
        {
          "content_hash": "3b148c6158646fa43b62fb5c9bc1899b8a1a16cf6d7ae34f1a91b93d03f3162f",
          "exists": true,
          "path": "./.cairn/archive/1970-01-01-verify-remote-admission-with-trellis/evidence/validation-2026-09-04/tigerstyle-pinned.attempt4.log"
        },
        {
          "content_hash": "01514b8d69abec5a237ddc5c4371864e99489dfc9df68c071791b82f58dba6bb",
          "exists": true,
          "path": "./.cairn/archive/1970-01-01-verify-remote-admission-with-trellis/evidence/validation-2026-09-04/tigerstyle-pinned.attempt4.status"
        },
        {
          "content_hash": "24e78284ad5bad8e1ffc6c84df8ca6db7b7e06febad1ffcc2875ee92f5e0af97",
          "exists": true,
          "path": "./.cairn/archive/1970-01-01-verify-remote-admission-with-trellis/evidence/validation-2026-09-04/tigerstyle-pinned.attempt5.log"
        },
        {
          "content_hash": "01514b8d69abec5a237ddc5c4371864e99489dfc9df68c071791b82f58dba6bb",
          "exists": true,
          "path": "./.cairn/archive/1970-01-01-verify-remote-admission-with-trellis/evidence/validation-2026-09-04/tigerstyle-pinned.attempt5.status"
        },
        {
          "content_hash": "74b7815ca9d6d352de0fcb1ba60af8a28fd9cbe5c7be7e197d5877039926c221",
          "exists": true,
          "path": "./.cairn/archive/1970-01-01-verify-remote-admission-with-trellis/evidence/validation-2026-09-04/tigerstyle-pinned.attempt6.log"
        },
        {
          "content_hash": "5893db1651d17f98e610528b5ac95d44ad2e88925b9c12bbe2e5b9b19e59ba55",
          "exists": true,
          "path": "./.cairn/archive/1970-01-01-verify-remote-admission-with-trellis/evidence/validation-2026-09-04/tigerstyle-pinned.attempt6.status"
        },
        {
          "content_hash": "598a5ffee49c88149b5da45e7289a66d31bf069c9e3b9f2dbe8e4697506f982f",
          "exists": true,
          "path": "./.cairn/archive/1970-01-01-verify-remote-admission-with-trellis/evidence/validation-2026-09-04/tigerstyle-pinned.log"
        },
        {
          "content_hash": "01514b8d69abec5a237ddc5c4371864e99489dfc9df68c071791b82f58dba6bb",
          "exists": true,
          "path": "./.cairn/archive/1970-01-01-verify-remote-admission-with-trellis/evidence/validation-2026-09-04/tigerstyle-pinned.status"
        },
        {
          "content_hash": "30ed5dc5ba489b0ebfaff93dd2190f91ab0895086a8c0969ef7fa91e8b596def",
          "exists": true,
          "path": "./.cairn/archive/1970-01-01-verify-remote-admission-with-trellis/proposal.md"
        },
        {
          "content_hash": "07ff91398c60decff1e502587cb854194789607d2529807fe905aae403c20b4f",
          "exists": true,
          "path": "./.cairn/archive/1970-01-01-verify-remote-admission-with-trellis/specs/remote-builds/spec.md"
        },
        {
          "content_hash": "10484fcf7283214d82d546138959a46ee0862ebdedbd5eec625ab0d842d300fc",
          "exists": true,
          "path": "./.cairn/archive/1970-01-01-verify-remote-admission-with-trellis/tasks.md"
        },
        {
          "content_hash": null,
          "exists": false,
          "path": "./.cairn/changes/verify-remote-admission-with-trellis"
        }
      ],
      "manifest_hash": "1d7fbef6ab6e17ea7e26a46f91cbcf200743bcb96c78cbca9f08b91204a78b17"
    },
    "before": {
      "entries": [
        {
          "content_hash": "42dad2a11238cd33631b04cd40c2c9fd19425a7b8af5d8ede1936d4affc47de4",
          "exists": true,
          "path": "./.cairn/changes/verify-remote-admission-with-trellis/design.md"
        },
        {
          "content_hash": "c6d00faf461269df51624b2e35a6f23a6c509eeebe8138156a8c390f3839cdff",
          "exists": true,
          "path": "./.cairn/changes/verify-remote-admission-with-trellis/evidence/architecture-search-2026-09-04.md"
        },
        {
          "content_hash": "f377b2bbb4ab352296273fbdf25a4bf45d0d3dc99545a9dd717f8574e0527adf",
          "exists": true,
          "path": "./.cairn/changes/verify-remote-admission-with-trellis/evidence/archive-2026-09-04/archive-dry-run.log"
        },
        {
          "content_hash": "5893db1651d17f98e610528b5ac95d44ad2e88925b9c12bbe2e5b9b19e59ba55",
          "exists": true,
          "path": "./.cairn/changes/verify-remote-admission-with-trellis/evidence/archive-2026-09-04/archive-dry-run.status"
        },
        {
          "content_hash": "64f99735b79f857c5fd99856ef7b1531525abe096bccbc2bac06ad4094123a68",
          "exists": true,
          "path": "./.cairn/changes/verify-remote-admission-with-trellis/evidence/archive-2026-09-04/archive-execute.log"
        },
        {
          "content_hash": "6f47abb1674bd450be3af0d884c2b801490cd27913323e4864c9af5f4f27b7dc",
          "exists": true,
          "path": "./.cairn/changes/verify-remote-admission-with-trellis/evidence/baseline-2026-09-04/cairn.log"
        },
        {
          "content_hash": "5893db1651d17f98e610528b5ac95d44ad2e88925b9c12bbe2e5b9b19e59ba55",
          "exists": true,
          "path": "./.cairn/changes/verify-remote-admission-with-trellis/evidence/baseline-2026-09-04/cairn.status"
        },
        {
          "content_hash": "b8fa56cab64f6610e6d6f7b1cd9d868db80bffa9845d23c1a2c1532a30b27a6a",
          "exists": true,
          "path": "./.cairn/changes/verify-remote-admission-with-trellis/evidence/baseline-2026-09-04/crunch-build.log"
        },
        {
          "content_hash": "5893db1651d17f98e610528b5ac95d44ad2e88925b9c12bbe2e5b9b19e59ba55",
          "exists": true,
          "path": "./.cairn/changes/verify-remote-admission-with-trellis/evidence/baseline-2026-09-04/crunch-build.status"
        },
        {
          "content_hash": "ccf9a72f05dde95990a137add5e63e0aefcc2750a4457da5e6a86436c15af814",
          "exists": true,
          "path": "./.cairn/changes/verify-remote-admission-with-trellis/evidence/baseline-2026-09-04/gate-design.log"
        },
        {
          "content_hash": "5893db1651d17f98e610528b5ac95d44ad2e88925b9c12bbe2e5b9b19e59ba55",
          "exists": true,
          "path": "./.cairn/changes/verify-remote-admission-with-trellis/evidence/baseline-2026-09-04/gate-design.status"
        },
        {
          "content_hash": "7b5746b1ceb99d75ba96cefbd1bcc4a024755766843f46e8e0766e84f4ccbcc8",
          "exists": true,
          "path": "./.cairn/changes/verify-remote-admission-with-trellis/evidence/baseline-2026-09-04/gate-proposal.log"
        },
        {
          "content_hash": "5893db1651d17f98e610528b5ac95d44ad2e88925b9c12bbe2e5b9b19e59ba55",
          "exists": true,
          "path": "./.cairn/changes/verify-remote-admission-with-trellis/evidence/baseline-2026-09-04/gate-proposal.status"
        },
        {
          "content_hash": "ab2bed2bd9183c8eb1afbe465da23db4d364b3498e9ff9758ebcb23590e7b60c",
          "exists": true,
          "path": "./.cairn/changes/verify-remote-admission-with-trellis/evidence/baseline-2026-09-04/gate-tasks.log"
        },
        {
          "content_hash": "5893db1651d17f98e610528b5ac95d44ad2e88925b9c12bbe2e5b9b19e59ba55",
          "exists": true,
          "path": "./.cairn/changes/verify-remote-admission-with-trellis/evidence/baseline-2026-09-04/gate-tasks.status"
        },
        {
          "content_hash": "a1a51b9cb6aeec1c95091591008b97d85b4e4a2b234e6022518299f063d13988",
          "exists": true,
          "path": "./.cairn/changes/verify-remote-admission-with-trellis/evidence/baseline-2026-09-04/machine-contracts.log"
        },
        {
          "content_hash": "5893db1651d17f98e610528b5ac95d44ad2e88925b9c12bbe2e5b9b19e59ba55",
          "exists": true,
          "path": "./.cairn/changes/verify-remote-admission-with-trellis/evidence/baseline-2026-09-04/machine-contracts.status"
        },
        {
          "content_hash": "50a0126e68dafbbbde820be794e3d3ef78c784c212ef40b2131d7de85481d167",
          "exists": true,
          "path": "./.cairn/changes/verify-remote-admission-with-trellis/evidence/baseline-2026-09-04/release-sidecars.log"
        },
        {
          "content_hash": "5893db1651d17f98e610528b5ac95d44ad2e88925b9c12bbe2e5b9b19e59ba55",
          "exists": true,
          "path": "./.cairn/changes/verify-remote-admission-with-trellis/evidence/baseline-2026-09-04/release-sidecars.status"
        },
        {
          "content_hash": "9e7726d22b99af1224d9ca1dab24c956b8cd0f56146b4ae0ef306b8a4a008c8f",
          "exists": true,
          "path": "./.cairn/changes/verify-remote-admission-with-trellis/evidence/baseline-2026-09-04/root-remote.log"
        },
        {
          "content_hash": "5893db1651d17f98e610528b5ac95d44ad2e88925b9c12bbe2e5b9b19e59ba55",
          "exists": true,
          "path": "./.cairn/changes/verify-remote-admission-with-trellis/evidence/baseline-2026-09-04/root-remote.status"
        },
        {
          "content_hash": "f872367b3e408643e412e24c762901171eb89e4d77220738a1ea90ba57fcf0b9",
          "exists": true,
          "path": "./.cairn/changes/verify-remote-admission-with-trellis/evidence/baseline-2026-09-04/summary.md"
        },
        {
          "content_hash": "6f47abb1674bd450be3af0d884c2b801490cd27913323e4864c9af5f4f27b7dc",
          "exists": true,
          "path": "./.cairn/changes/verify-remote-admission-with-trellis/evidence/baseline-attempt1-quota-2026-09-04/cairn.log"
        },
        {
          "content_hash": "5893db1651d17f98e610528b5ac95d44ad2e88925b9c12bbe2e5b9b19e59ba55",
          "exists": true,
          "path": "./.cairn/changes/verify-remote-admission-with-trellis/evidence/baseline-attempt1-quota-2026-09-04/cairn.status"
        },
        {
          "content_hash": "348420b09d00677dd8083bae8644cd3ab27e2b8b511c671a1d4efe7025deb4be",
          "exists": true,
          "path": "./.cairn/changes/verify-remote-admission-with-trellis/evidence/baseline-attempt1-quota-2026-09-04/crunch-build.log"
        },
        {
          "content_hash": "b7d8c8ab3a68694045f84b1f705ddaeb0085e76f209bb5b47b7d15ee13ec7cb5",
          "exists": true,
          "path": "./.cairn/changes/verify-remote-admission-with-trellis/evidence/baseline-attempt1-quota-2026-09-04/crunch-build.status"
        },
        {
          "content_hash": "e76ef02a9f19601b1e72f5270e8214496ac9e94e3459d0a39ee412f177bf563c",
          "exists": true,
          "path": "./.cairn/changes/verify-remote-admission-with-trellis/evidence/baseline-attempt1-quota-2026-09-04/machine-contracts.log"
        },
        {
          "content_hash": "b7d8c8ab3a68694045f84b1f705ddaeb0085e76f209bb5b47b7d15ee13ec7cb5",
          "exists": true,
          "path": "./.cairn/changes/verify-remote-admission-with-trellis/evidence/baseline-attempt1-quota-2026-09-04/machine-contracts.status"
        },
        {
          "content_hash": "baaa781700026e2e5887001ab7390884321f7de4bffa68513d437fe4308b5234",
          "exists": true,
          "path": "./.cairn/changes/verify-remote-admission-with-trellis/evidence/baseline-attempt1-quota-2026-09-04/release-sidecars.log"
        },
        {
          "content_hash": "b7d8c8ab3a68694045f84b1f705ddaeb0085e76f209bb5b47b7d15ee13ec7cb5",
          "exists": true,
          "path": "./.cairn/changes/verify-remote-admission-with-trellis/evidence/baseline-attempt1-quota-2026-09-04/release-sidecars.status"
        },
        {
          "content_hash": "90c5f51025367705ebe90cf6ffbc96b38890c3670dabe4c6f727353bc8f5c36a",
          "exists": true,
          "path": "./.cairn/changes/verify-remote-admission-with-trellis/evidence/baseline-attempt1-quota-2026-09-04/root-remote.log"
        },
        {
          "content_hash": "b7d8c8ab3a68694045f84b1f705ddaeb0085e76f209bb5b47b7d15ee13ec7cb5",
          "exists": true,
          "path": "./.cairn/changes/verify-remote-admission-with-trellis/evidence/baseline-attempt1-quota-2026-09-04/root-remote.status"
        },
        {
          "content_hash": "302558d08b78e4849c48c0fd32368ef2483c4f02fd95fbbac2b2965650902968",
          "exists": true,
          "path": "./.cairn/changes/verify-remote-admission-with-trellis/evidence/committed-validation-2026-09-04/cairn-validate.log"
        },
        {
          "content_hash": "5893db1651d17f98e610528b5ac95d44ad2e88925b9c12bbe2e5b9b19e59ba55",
          "exists": true,
          "path": "./.cairn/changes/verify-remote-admission-with-trellis/evidence/committed-validation-2026-09-04/cairn-validate.status"
        },
        {
          "content_hash": "47bfc394271473062a578fbd43b9a8e7a534a9fbbe347bfc3574118f7e6dbfbe",
          "exists": true,
          "path": "./.cairn/changes/verify-remote-admission-with-trellis/evidence/committed-validation-2026-09-04/commit-diff.log"
        },
        {
          "content_hash": "5893db1651d17f98e610528b5ac95d44ad2e88925b9c12bbe2e5b9b19e59ba55",
          "exists": true,
          "path": "./.cairn/changes/verify-remote-admission-with-trellis/evidence/committed-validation-2026-09-04/commit-diff.status"
        },
        {
          "content_hash": "6efb1ee11a3298748629cf7c9d4101a433d11c28f7662d91ff9072050fb16033",
          "exists": true,
          "path": "./.cairn/changes/verify-remote-admission-with-trellis/evidence/committed-validation-2026-09-04/crunch-build-clippy.log"
        },
        {
          "content_hash": "5893db1651d17f98e610528b5ac95d44ad2e88925b9c12bbe2e5b9b19e59ba55",
          "exists": true,
          "path": "./.cairn/changes/verify-remote-admission-with-trellis/evidence/committed-validation-2026-09-04/crunch-build-clippy.status"
        },
        {
          "content_hash": "f6e363726c1e2c36858804ed7c35f9922ec4990be3a991a072776c21287b483b",
          "exists": true,
          "path": "./.cairn/changes/verify-remote-admission-with-trellis/evidence/committed-validation-2026-09-04/crunch-build-tests.log"
        },
        {
          "content_hash": "5893db1651d17f98e610528b5ac95d44ad2e88925b9c12bbe2e5b9b19e59ba55",
          "exists": true,
          "path": "./.cairn/changes/verify-remote-admission-with-trellis/evidence/committed-validation-2026-09-04/crunch-build-tests.status"
        },
        {
          "content_hash": "8cbe9be158fb61d4266d5d783e0a28d8e4443e180f92197b96e34a82f6adea38",
          "exists": true,
          "path": "./.cairn/changes/verify-remote-admission-with-trellis/evidence/committed-validation-2026-09-04/evidence-check.log"
        },
        {
          "content_hash": "5893db1651d17f98e610528b5ac95d44ad2e88925b9c12bbe2e5b9b19e59ba55",
          "exists": true,
          "path": "./.cairn/changes/verify-remote-admission-with-trellis/evidence/committed-validation-2026-09-04/evidence-check.status"
        },
        {
          "content_hash": "99423d759c40b3b7099042c51af910ddb164b05ecd94969c8a6479faf230df7f",
          "exists": true,
          "path": "./.cairn/changes/verify-remote-admission-with-trellis/evidence/committed-validation-2026-09-04/evidence-integration.log"
        },
        {
          "content_hash": "5893db1651d17f98e610528b5ac95d44ad2e88925b9c12bbe2e5b9b19e59ba55",
          "exists": true,
          "path": "./.cairn/changes/verify-remote-admission-with-trellis/evidence/committed-validation-2026-09-04/evidence-integration.status"
        },
        {
          "content_hash": "ffb209185f5a8630137e13e1d47b1baf538190ab5cfd0bedc5eb1f6e80a906e5",
          "exists": true,
          "path": "./.cairn/changes/verify-remote-admission-with-trellis/evidence/committed-validation-2026-09-04/flake-no-build.log"
        },
        {
          "content_hash": "5893db1651d17f98e610528b5ac95d44ad2e88925b9c12bbe2e5b9b19e59ba55",
          "exists": true,
          "path": "./.cairn/changes/verify-remote-admission-with-trellis/evidence/committed-validation-2026-09-04/flake-no-build.status"
        },
        {
          "content_hash": "3bb38bba26cabfbf4d92299cc7433fe76f6a4335408e8686a15961d69f9942cd",
          "exists": true,
          "path": "./.cairn/changes/verify-remote-admission-with-trellis/evidence/committed-validation-2026-09-04/formatting.log"
        },
        {
          "content_hash": "5893db1651d17f98e610528b5ac95d44ad2e88925b9c12bbe2e5b9b19e59ba55",
          "exists": true,
          "path": "./.cairn/changes/verify-remote-admission-with-trellis/evidence/committed-validation-2026-09-04/formatting.status"
        },
        {
          "content_hash": "026fce07a11945572b26b111c1af988c446cdb6466dad7a01d5fcb2a7c1fb20d",
          "exists": true,
          "path": "./.cairn/changes/verify-remote-admission-with-trellis/evidence/committed-validation-2026-09-04/gate-design.log"
        },
        {
          "content_hash": "5893db1651d17f98e610528b5ac95d44ad2e88925b9c12bbe2e5b9b19e59ba55",
          "exists": true,
          "path": "./.cairn/changes/verify-remote-admission-with-trellis/evidence/committed-validation-2026-09-04/gate-design.status"
        },
        {
          "content_hash": "b6c74351c5c400faae4c3be160765efa701d28710f79c469baa693c245902a0c",
          "exists": true,
          "path": "./.cairn/changes/verify-remote-admission-with-trellis/evidence/committed-validation-2026-09-04/gate-proposal.log"
        },
        {
          "content_hash": "5893db1651d17f98e610528b5ac95d44ad2e88925b9c12bbe2e5b9b19e59ba55",
          "exists": true,
          "path": "./.cairn/changes/verify-remote-admission-with-trellis/evidence/committed-validation-2026-09-04/gate-proposal.status"
        },
        {
          "content_hash": "2496e94b75c1229175f6907cb6e6ee761423bf10ce4f308d29db513cfb4a56bc",
          "exists": true,
          "path": "./.cairn/changes/verify-remote-admission-with-trellis/evidence/committed-validation-2026-09-04/gate-tasks.log"
        },
        {
          "content_hash": "5893db1651d17f98e610528b5ac95d44ad2e88925b9c12bbe2e5b9b19e59ba55",
          "exists": true,
          "path": "./.cairn/changes/verify-remote-admission-with-trellis/evidence/committed-validation-2026-09-04/gate-tasks.status"
        },
        {
          "content_hash": "5893db1651d17f98e610528b5ac95d44ad2e88925b9c12bbe2e5b9b19e59ba55",
          "exists": true,
          "path": "./.cairn/changes/verify-remote-admission-with-trellis/evidence/committed-validation-2026-09-04/lifecycle.status"
        },
        {
          "content_hash": "5893db1651d17f98e610528b5ac95d44ad2e88925b9c12bbe2e5b9b19e59ba55",
          "exists": true,
          "path": "./.cairn/changes/verify-remote-admission-with-trellis/evidence/committed-validation-2026-09-04/local.status"
        },
        {
          "content_hash": "c707ae90942be0b738562abeb0209a013bfc7315781618bbd3a0a49f95df4723",
          "exists": true,
          "path": "./.cairn/changes/verify-remote-admission-with-trellis/evidence/committed-validation-2026-09-04/machine-contracts.log"
        },
        {
          "content_hash": "5893db1651d17f98e610528b5ac95d44ad2e88925b9c12bbe2e5b9b19e59ba55",
          "exists": true,
          "path": "./.cairn/changes/verify-remote-admission-with-trellis/evidence/committed-validation-2026-09-04/machine-contracts.status"
        },
        {
          "content_hash": "4ac34240461ea1ad4e6e65a170055a81bc961f595f36229c203aab917294aa5e",
          "exists": true,
          "path": "./.cairn/changes/verify-remote-admission-with-trellis/evidence/committed-validation-2026-09-04/nix-evidence.log"
        },
        {
          "content_hash": "5893db1651d17f98e610528b5ac95d44ad2e88925b9c12bbe2e5b9b19e59ba55",
          "exists": true,
          "path": "./.cairn/changes/verify-remote-admission-with-trellis/evidence/committed-validation-2026-09-04/nix-evidence.status"
        },
        {
          "content_hash": "c3b1aaefd09bb6ff81f5fb5e19721f4e959f323dbc26abe5bdd84127b85e0758",
          "exists": true,
          "path": "./.cairn/changes/verify-remote-admission-with-trellis/evidence/committed-validation-2026-09-04/nix-integration.log"
        },
        {
          "content_hash": "5893db1651d17f98e610528b5ac95d44ad2e88925b9c12bbe2e5b9b19e59ba55",
          "exists": true,
          "path": "./.cairn/changes/verify-remote-admission-with-trellis/evidence/committed-validation-2026-09-04/nix-integration.status"
        },
        {
          "content_hash": "e8ac615699c380cb11bb49c543e819f7b250d661e351ed4002ce29784f164434",
          "exists": true,
          "path": "./.cairn/changes/verify-remote-admission-with-trellis/evidence/committed-validation-2026-09-04/nix-matrix.log"
        },
        {
          "content_hash": "5893db1651d17f98e610528b5ac95d44ad2e88925b9c12bbe2e5b9b19e59ba55",
          "exists": true,
          "path": "./.cairn/changes/verify-remote-admission-with-trellis/evidence/committed-validation-2026-09-04/nix-matrix.status"
        },
        {
          "content_hash": "5893db1651d17f98e610528b5ac95d44ad2e88925b9c12bbe2e5b9b19e59ba55",
          "exists": true,
          "path": "./.cairn/changes/verify-remote-admission-with-trellis/evidence/committed-validation-2026-09-04/nix.status"
        },
        {
          "content_hash": "1062da3c45f0a96526a37736a9b3ca59eb261e929a526c7a8f750807ca2281cc",
          "exists": true,
          "path": "./.cairn/changes/verify-remote-admission-with-trellis/evidence/committed-validation-2026-09-04/release-clippy.log"
        },
        {
          "content_hash": "5893db1651d17f98e610528b5ac95d44ad2e88925b9c12bbe2e5b9b19e59ba55",
          "exists": true,
          "path": "./.cairn/changes/verify-remote-admission-with-trellis/evidence/committed-validation-2026-09-04/release-clippy.status"
        },
        {
          "content_hash": "980f3d45c21e38ad37784d0a380abb8607d62eb51b17eee77732c8897f2994f5",
          "exists": true,
          "path": "./.cairn/changes/verify-remote-admission-with-trellis/evidence/committed-validation-2026-09-04/release-tests.log"
        },
        {
          "content_hash": "5893db1651d17f98e610528b5ac95d44ad2e88925b9c12bbe2e5b9b19e59ba55",
          "exists": true,
          "path": "./.cairn/changes/verify-remote-admission-with-trellis/evidence/committed-validation-2026-09-04/release-tests.status"
        },
        {
          "content_hash": "2210f3b82f6c1c77acf6b6ffc57139aa8889f6e1f3423ca75a8ad99f0ead86d6",
          "exists": true,
          "path": "./.cairn/changes/verify-remote-admission-with-trellis/evidence/committed-validation-2026-09-04/root-attempt-tests.log"
        },
        {
          "content_hash": "5893db1651d17f98e610528b5ac95d44ad2e88925b9c12bbe2e5b9b19e59ba55",
          "exists": true,
          "path": "./.cairn/changes/verify-remote-admission-with-trellis/evidence/committed-validation-2026-09-04/root-attempt-tests.status"
        },
        {
          "content_hash": "4c92c83a4f0095065e6ad387df5d2d1ef637c816e0b9d2f53275daf45f25b90a",
          "exists": true,
          "path": "./.cairn/changes/verify-remote-admission-with-trellis/evidence/committed-validation-2026-09-04/root-clippy.log"
        },
        {
          "content_hash": "5893db1651d17f98e610528b5ac95d44ad2e88925b9c12bbe2e5b9b19e59ba55",
          "exists": true,
          "path": "./.cairn/changes/verify-remote-admission-with-trellis/evidence/committed-validation-2026-09-04/root-clippy.status"
        },
        {
          "content_hash": "3b0da12df642c2c6db5efd1edefdd8b851ad42d6bfad003bfb823d0cfe54bb7e",
          "exists": true,
          "path": "./.cairn/changes/verify-remote-admission-with-trellis/evidence/committed-validation-2026-09-04/root-gateway-tests.log"
        },
        {
          "content_hash": "5893db1651d17f98e610528b5ac95d44ad2e88925b9c12bbe2e5b9b19e59ba55",
          "exists": true,
          "path": "./.cairn/changes/verify-remote-admission-with-trellis/evidence/committed-validation-2026-09-04/root-gateway-tests.status"
        },
        {
          "content_hash": "c18cf75dd38605ad2f044fa0d614891394ebd2c6b0da5b6757910afc1eb4a0d2",
          "exists": true,
          "path": "./.cairn/changes/verify-remote-admission-with-trellis/evidence/committed-validation-2026-09-04/summary.md"
        },
        {
          "content_hash": "14609e31f7d9288d1ab3ab9842be7fdc08b6a6d005b087296b6833fc8b8902d3",
          "exists": true,
          "path": "./.cairn/changes/verify-remote-admission-with-trellis/evidence/committed-validation-2026-09-04/tigerstyle.log"
        },
        {
          "content_hash": "5893db1651d17f98e610528b5ac95d44ad2e88925b9c12bbe2e5b9b19e59ba55",
          "exists": true,
          "path": "./.cairn/changes/verify-remote-admission-with-trellis/evidence/committed-validation-2026-09-04/tigerstyle.status"
        },
        {
          "content_hash": "ab4e2214795d479c81256f8e2a9579f3aa5c3aac3e1ce034fe44b951d0d8d03f",
          "exists": true,
          "path": "./.cairn/changes/verify-remote-admission-with-trellis/evidence/committed-validation-2026-09-04/tracey.log"
        },
        {
          "content_hash": "5893db1651d17f98e610528b5ac95d44ad2e88925b9c12bbe2e5b9b19e59ba55",
          "exists": true,
          "path": "./.cairn/changes/verify-remote-admission-with-trellis/evidence/committed-validation-2026-09-04/tracey.status"
        },
        {
          "content_hash": "302558d08b78e4849c48c0fd32368ef2483c4f02fd95fbbac2b2965650902968",
          "exists": true,
          "path": "./.cairn/changes/verify-remote-admission-with-trellis/evidence/final-validation-2026-09-04/cairn-validate.log"
        },
        {
          "content_hash": "5893db1651d17f98e610528b5ac95d44ad2e88925b9c12bbe2e5b9b19e59ba55",
          "exists": true,
          "path": "./.cairn/changes/verify-remote-admission-with-trellis/evidence/final-validation-2026-09-04/cairn-validate.status"
        },
        {
          "content_hash": "04e316d05560dadbb12b9283242b6a5c1677375041b7a5557a46359b413a3aa8",
          "exists": true,
          "path": "./.cairn/changes/verify-remote-admission-with-trellis/evidence/final-validation-2026-09-04/cargo-deny.log"
        },
        {
          "content_hash": "b7d8c8ab3a68694045f84b1f705ddaeb0085e76f209bb5b47b7d15ee13ec7cb5",
          "exists": true,
          "path": "./.cairn/changes/verify-remote-admission-with-trellis/evidence/final-validation-2026-09-04/cargo-deny.status"
        },
        {
          "content_hash": "d5b54b5657798140162e6b93f8d049a7cbf039987ef391ee894fc1d91e978d3b",
          "exists": true,
          "path": "./.cairn/changes/verify-remote-admission-with-trellis/evidence/final-validation-2026-09-04/crunch-build-clippy.log"
        },
        {
          "content_hash": "5893db1651d17f98e610528b5ac95d44ad2e88925b9c12bbe2e5b9b19e59ba55",
          "exists": true,
          "path": "./.cairn/changes/verify-remote-admission-with-trellis/evidence/final-validation-2026-09-04/crunch-build-clippy.status"
        },
        {
          "content_hash": "cac767ccd0b82ca608443b83bc3c5706f7747f02fe45e19aa6479af5b2325640",
          "exists": true,
          "path": "./.cairn/changes/verify-remote-admission-with-trellis/evidence/final-validation-2026-09-04/crunch-build-tests.log"
        },
        {
          "content_hash": "5893db1651d17f98e610528b5ac95d44ad2e88925b9c12bbe2e5b9b19e59ba55",
          "exists": true,
          "path": "./.cairn/changes/verify-remote-admission-with-trellis/evidence/final-validation-2026-09-04/crunch-build-tests.status"
        },
        {
          "content_hash": "57582c55689f0ce92b751393ccb34f304463bd28eb2e386dace04cc277a1563c",
          "exists": true,
          "path": "./.cairn/changes/verify-remote-admission-with-trellis/evidence/final-validation-2026-09-04/diff-check.log"
        },
        {
          "content_hash": "5893db1651d17f98e610528b5ac95d44ad2e88925b9c12bbe2e5b9b19e59ba55",
          "exists": true,
          "path": "./.cairn/changes/verify-remote-admission-with-trellis/evidence/final-validation-2026-09-04/diff-check.status"
        },
        {
          "content_hash": "8cbe9be158fb61d4266d5d783e0a28d8e4443e180f92197b96e34a82f6adea38",
          "exists": true,
          "path": "./.cairn/changes/verify-remote-admission-with-trellis/evidence/final-validation-2026-09-04/evidence-check.log"
        },
        {
          "content_hash": "5893db1651d17f98e610528b5ac95d44ad2e88925b9c12bbe2e5b9b19e59ba55",
          "exists": true,
          "path": "./.cairn/changes/verify-remote-admission-with-trellis/evidence/final-validation-2026-09-04/evidence-check.status"
        },
        {
          "content_hash": "b984ca22e4cce2ac224d827ef33a856952bcad1d12055911046bc44326aa317c",
          "exists": true,
          "path": "./.cairn/changes/verify-remote-admission-with-trellis/evidence/final-validation-2026-09-04/evidence-integration.log"
        },
        {
          "content_hash": "5893db1651d17f98e610528b5ac95d44ad2e88925b9c12bbe2e5b9b19e59ba55",
          "exists": true,
          "path": "./.cairn/changes/verify-remote-admission-with-trellis/evidence/final-validation-2026-09-04/evidence-integration.status"
        },
        {
          "content_hash": "3bb38bba26cabfbf4d92299cc7433fe76f6a4335408e8686a15961d69f9942cd",
          "exists": true,
          "path": "./.cairn/changes/verify-remote-admission-with-trellis/evidence/final-validation-2026-09-04/formatting.log"
        },
        {
          "content_hash": "5893db1651d17f98e610528b5ac95d44ad2e88925b9c12bbe2e5b9b19e59ba55",
          "exists": true,
          "path": "./.cairn/changes/verify-remote-admission-with-trellis/evidence/final-validation-2026-09-04/formatting.status"
        },
        {
          "content_hash": "026fce07a11945572b26b111c1af988c446cdb6466dad7a01d5fcb2a7c1fb20d",
          "exists": true,
          "path": "./.cairn/changes/verify-remote-admission-with-trellis/evidence/final-validation-2026-09-04/gate-design.log"
        },
        {
          "content_hash": "5893db1651d17f98e610528b5ac95d44ad2e88925b9c12bbe2e5b9b19e59ba55",
          "exists": true,
          "path": "./.cairn/changes/verify-remote-admission-with-trellis/evidence/final-validation-2026-09-04/gate-design.status"
        },
        {
          "content_hash": "b6c74351c5c400faae4c3be160765efa701d28710f79c469baa693c245902a0c",
          "exists": true,
          "path": "./.cairn/changes/verify-remote-admission-with-trellis/evidence/final-validation-2026-09-04/gate-proposal.log"
        },
        {
          "content_hash": "5893db1651d17f98e610528b5ac95d44ad2e88925b9c12bbe2e5b9b19e59ba55",
          "exists": true,
          "path": "./.cairn/changes/verify-remote-admission-with-trellis/evidence/final-validation-2026-09-04/gate-proposal.status"
        },
        {
          "content_hash": "2496e94b75c1229175f6907cb6e6ee761423bf10ce4f308d29db513cfb4a56bc",
          "exists": true,
          "path": "./.cairn/changes/verify-remote-admission-with-trellis/evidence/final-validation-2026-09-04/gate-tasks.log"
        },
        {
          "content_hash": "5893db1651d17f98e610528b5ac95d44ad2e88925b9c12bbe2e5b9b19e59ba55",
          "exists": true,
          "path": "./.cairn/changes/verify-remote-admission-with-trellis/evidence/final-validation-2026-09-04/gate-tasks.status"
        },
        {
          "content_hash": "5893db1651d17f98e610528b5ac95d44ad2e88925b9c12bbe2e5b9b19e59ba55",
          "exists": true,
          "path": "./.cairn/changes/verify-remote-admission-with-trellis/evidence/final-validation-2026-09-04/lifecycle.status"
        },
        {
          "content_hash": "4f7191bcf3628e115fc1625fd46750aa73c347d546e9c070f12406e7639165f3",
          "exists": true,
          "path": "./.cairn/changes/verify-remote-admission-with-trellis/evidence/final-validation-2026-09-04/local.status"
        },
        {
          "content_hash": "c707ae90942be0b738562abeb0209a013bfc7315781618bbd3a0a49f95df4723",
          "exists": true,
          "path": "./.cairn/changes/verify-remote-admission-with-trellis/evidence/final-validation-2026-09-04/machine-contracts.log"
        },
        {
          "content_hash": "5893db1651d17f98e610528b5ac95d44ad2e88925b9c12bbe2e5b9b19e59ba55",
          "exists": true,
          "path": "./.cairn/changes/verify-remote-admission-with-trellis/evidence/final-validation-2026-09-04/machine-contracts.status"
        },
        {
          "content_hash": "1dd2cb997bc5b9446086f16f854a6b3adffea38595a4014b53eae6d42f97fc2b",
          "exists": true,
          "path": "./.cairn/changes/verify-remote-admission-with-trellis/evidence/final-validation-2026-09-04/nickel.log"
        },
        {
          "content_hash": "5893db1651d17f98e610528b5ac95d44ad2e88925b9c12bbe2e5b9b19e59ba55",
          "exists": true,
          "path": "./.cairn/changes/verify-remote-admission-with-trellis/evidence/final-validation-2026-09-04/nickel.status"
        },
        {
          "content_hash": "deeb2f0a738c5c8c37638cabb623a1e54845e977b95a2e9a3682163a44deefc9",
          "exists": true,
          "path": "./.cairn/changes/verify-remote-admission-with-trellis/evidence/final-validation-2026-09-04/nix-evidence-integration.log"
        },
        {
          "content_hash": "5893db1651d17f98e610528b5ac95d44ad2e88925b9c12bbe2e5b9b19e59ba55",
          "exists": true,
          "path": "./.cairn/changes/verify-remote-admission-with-trellis/evidence/final-validation-2026-09-04/nix-evidence-integration.status"
        },
        {
          "content_hash": "d60f73dac5a41dedc20cf4b0fd2d1a5272d4a5de3db81f4139fae55fe24da3a6",
          "exists": true,
          "path": "./.cairn/changes/verify-remote-admission-with-trellis/evidence/final-validation-2026-09-04/nix-evidence.log"
        },
        {
          "content_hash": "5893db1651d17f98e610528b5ac95d44ad2e88925b9c12bbe2e5b9b19e59ba55",
          "exists": true,
          "path": "./.cairn/changes/verify-remote-admission-with-trellis/evidence/final-validation-2026-09-04/nix-evidence.status"
        },
        {
          "content_hash": "750a20e8bbd94fd4220b50ca581fd7f9d9440fcb8012ce0492769b680b2725d0",
          "exists": true,
          "path": "./.cairn/changes/verify-remote-admission-with-trellis/evidence/final-validation-2026-09-04/nix-matrix.log"
        },
        {
          "content_hash": "5893db1651d17f98e610528b5ac95d44ad2e88925b9c12bbe2e5b9b19e59ba55",
          "exists": true,
          "path": "./.cairn/changes/verify-remote-admission-with-trellis/evidence/final-validation-2026-09-04/nix-matrix.status"
        },
        {
          "content_hash": "83ebd63f03598378666c1ac6c32474311a401d25d47de65605582d2c98dc98ff",
          "exists": true,
          "path": "./.cairn/changes/verify-remote-admission-with-trellis/evidence/final-validation-2026-09-04/nix-no-build.log"
        },
        {
          "content_hash": "5893db1651d17f98e610528b5ac95d44ad2e88925b9c12bbe2e5b9b19e59ba55",
          "exists": true,
          "path": "./.cairn/changes/verify-remote-admission-with-trellis/evidence/final-validation-2026-09-04/nix-no-build.status"
        },
        {
          "content_hash": "f5e65ad0a0c0b84c73aa44317d5b7546b1841518db8de8017255a9505c82b2c7",
          "exists": true,
          "path": "./.cairn/changes/verify-remote-admission-with-trellis/evidence/final-validation-2026-09-04/octet-crunch-build.log"
        },
        {
          "content_hash": "5893db1651d17f98e610528b5ac95d44ad2e88925b9c12bbe2e5b9b19e59ba55",
          "exists": true,
          "path": "./.cairn/changes/verify-remote-admission-with-trellis/evidence/final-validation-2026-09-04/octet-crunch-build.status"
        },
        {
          "content_hash": "19797eec14242f651aeaf5af6ca2c6c4672d79403071e9678bca9ab5e50a00bb",
          "exists": true,
          "path": "./.cairn/changes/verify-remote-admission-with-trellis/evidence/final-validation-2026-09-04/octet-release-core.log"
        },
        {
          "content_hash": "5893db1651d17f98e610528b5ac95d44ad2e88925b9c12bbe2e5b9b19e59ba55",
          "exists": true,
          "path": "./.cairn/changes/verify-remote-admission-with-trellis/evidence/final-validation-2026-09-04/octet-release-core.status"
        },
        {
          "content_hash": "c7d3cea49bd01a5d11ce1503f527ee90a579492cdafad60d54122a0fff8e627d",
          "exists": true,
          "path": "./.cairn/changes/verify-remote-admission-with-trellis/evidence/final-validation-2026-09-04/pinned-octet.log"
        },
        {
          "content_hash": "01514b8d69abec5a237ddc5c4371864e99489dfc9df68c071791b82f58dba6bb",
          "exists": true,
          "path": "./.cairn/changes/verify-remote-admission-with-trellis/evidence/final-validation-2026-09-04/pinned-octet.status"
        },
        {
          "content_hash": "706b67cfc392657d64183d4e98f860da59a3f4d4ef9cc7d9d5843c25f081d078",
          "exists": true,
          "path": "./.cairn/changes/verify-remote-admission-with-trellis/evidence/final-validation-2026-09-04/release-clippy.log"
        },
        {
          "content_hash": "5893db1651d17f98e610528b5ac95d44ad2e88925b9c12bbe2e5b9b19e59ba55",
          "exists": true,
          "path": "./.cairn/changes/verify-remote-admission-with-trellis/evidence/final-validation-2026-09-04/release-clippy.status"
        },
        {
          "content_hash": "60f73ab63f40d68de5b9b455969253213df7805c47ec775862a28cec138e9baf",
          "exists": true,
          "path": "./.cairn/changes/verify-remote-admission-with-trellis/evidence/final-validation-2026-09-04/release-tests.log"
        },
        {
          "content_hash": "5893db1651d17f98e610528b5ac95d44ad2e88925b9c12bbe2e5b9b19e59ba55",
          "exists": true,
          "path": "./.cairn/changes/verify-remote-admission-with-trellis/evidence/final-validation-2026-09-04/release-tests.status"
        },
        {
          "content_hash": "f725c058aac9040bf61a59c3fbe9556777beea420b476dc7360f7d6d263f4c78",
          "exists": true,
          "path": "./.cairn/changes/verify-remote-admission-with-trellis/evidence/final-validation-2026-09-04/release-wasm.log"
        },
        {
          "content_hash": "5893db1651d17f98e610528b5ac95d44ad2e88925b9c12bbe2e5b9b19e59ba55",
          "exists": true,
          "path": "./.cairn/changes/verify-remote-admission-with-trellis/evidence/final-validation-2026-09-04/release-wasm.status"
        },
        {
          "content_hash": "7e7f57e118fc748be665af6f1b9cd1444853c8a9dd56fb061927f5bb6fe511d4",
          "exists": true,
          "path": "./.cairn/changes/verify-remote-admission-with-trellis/evidence/final-validation-2026-09-04/root-clippy.log"
        },
        {
          "content_hash": "5893db1651d17f98e610528b5ac95d44ad2e88925b9c12bbe2e5b9b19e59ba55",
          "exists": true,
          "path": "./.cairn/changes/verify-remote-admission-with-trellis/evidence/final-validation-2026-09-04/root-clippy.status"
        },
        {
          "content_hash": "a2492b3c93e41946d4acff6d9e491cebd492b32123f26452799a3078bb155986",
          "exists": true,
          "path": "./.cairn/changes/verify-remote-admission-with-trellis/evidence/final-validation-2026-09-04/root-concurrent-retry.log"
        },
        {
          "content_hash": "5893db1651d17f98e610528b5ac95d44ad2e88925b9c12bbe2e5b9b19e59ba55",
          "exists": true,
          "path": "./.cairn/changes/verify-remote-admission-with-trellis/evidence/final-validation-2026-09-04/root-concurrent-retry.status"
        },
        {
          "content_hash": "372610d34b72ff90f762bf8a3efb7798624602391d0d7e6b0be8581440e3480b",
          "exists": true,
          "path": "./.cairn/changes/verify-remote-admission-with-trellis/evidence/final-validation-2026-09-04/root-gateway-tests.log"
        },
        {
          "content_hash": "5893db1651d17f98e610528b5ac95d44ad2e88925b9c12bbe2e5b9b19e59ba55",
          "exists": true,
          "path": "./.cairn/changes/verify-remote-admission-with-trellis/evidence/final-validation-2026-09-04/root-gateway-tests.status"
        },
        {
          "content_hash": "89308a0fd542b399ff8ec91859f8f4c77b34526c0a6bf13ce19906dc5ec293f8",
          "exists": true,
          "path": "./.cairn/changes/verify-remote-admission-with-trellis/evidence/final-validation-2026-09-04/root-remote-attempt-tests.log"
        },
        {
          "content_hash": "5893db1651d17f98e610528b5ac95d44ad2e88925b9c12bbe2e5b9b19e59ba55",
          "exists": true,
          "path": "./.cairn/changes/verify-remote-admission-with-trellis/evidence/final-validation-2026-09-04/root-remote-attempt-tests.status"
        },
        {
          "content_hash": "07cfdf27f10339d91aa34141423d542628bde5dffa1c26b40375ce1812bf5b94",
          "exists": true,
          "path": "./.cairn/changes/verify-remote-admission-with-trellis/evidence/final-validation-2026-09-04/root-remote-tests.log"
        },
        {
          "content_hash": "80c5151dba8b5d9f654216b6ca23e34dde754362b4bec92bc52644d954e237e0",
          "exists": true,
          "path": "./.cairn/changes/verify-remote-admission-with-trellis/evidence/final-validation-2026-09-04/root-remote-tests.serial.log"
        },
        {
          "content_hash": "5893db1651d17f98e610528b5ac95d44ad2e88925b9c12bbe2e5b9b19e59ba55",
          "exists": true,
          "path": "./.cairn/changes/verify-remote-admission-with-trellis/evidence/final-validation-2026-09-04/root-remote-tests.serial.status"
        },
        {
          "content_hash": "b7d8c8ab3a68694045f84b1f705ddaeb0085e76f209bb5b47b7d15ee13ec7cb5",
          "exists": true,
          "path": "./.cairn/changes/verify-remote-admission-with-trellis/evidence/final-validation-2026-09-04/root-remote-tests.status"
        },
        {
          "content_hash": "1c7b56b35169768ebe1c5bda6b391ff1b3256e5da8f82ee56a32a8f87861bf5f",
          "exists": true,
          "path": "./.cairn/changes/verify-remote-admission-with-trellis/evidence/final-validation-2026-09-04/summary.md"
        },
        {
          "content_hash": "ab4e2214795d479c81256f8e2a9579f3aa5c3aac3e1ce034fe44b951d0d8d03f",
          "exists": true,
          "path": "./.cairn/changes/verify-remote-admission-with-trellis/evidence/final-validation-2026-09-04/tracey.log"
        },
        {
          "content_hash": "5893db1651d17f98e610528b5ac95d44ad2e88925b9c12bbe2e5b9b19e59ba55",
          "exists": true,
          "path": "./.cairn/changes/verify-remote-admission-with-trellis/evidence/final-validation-2026-09-04/tracey.status"
        },
        {
          "content_hash": "a4a1eb6666b2ac2e44f50ad6f34eb48fa29febc8f7705cfc4c24cd15cc9f7929",
          "exists": true,
          "path": "./.cairn/changes/verify-remote-admission-with-trellis/evidence/machine-contract-2026-09-04/check.log"
        },
        {
          "content_hash": "5893db1651d17f98e610528b5ac95d44ad2e88925b9c12bbe2e5b9b19e59ba55",
          "exists": true,
          "path": "./.cairn/changes/verify-remote-admission-with-trellis/evidence/machine-contract-2026-09-04/check.status"
        },
        {
          "content_hash": "4e83819963d5a7ddfe6e6170aed4cc00c8df68377ace035911c4887266c27151",
          "exists": true,
          "path": "./.cairn/changes/verify-remote-admission-with-trellis/evidence/machine-contract-2026-09-04/generate.attempt1.log"
        },
        {
          "content_hash": "01514b8d69abec5a237ddc5c4371864e99489dfc9df68c071791b82f58dba6bb",
          "exists": true,
          "path": "./.cairn/changes/verify-remote-admission-with-trellis/evidence/machine-contract-2026-09-04/generate.attempt1.status"
        },
        {
          "content_hash": "01d67aa4d5f3e8093c5f3081772d868263850755c78c95b4181a1fc157a7a3c4",
          "exists": true,
          "path": "./.cairn/changes/verify-remote-admission-with-trellis/evidence/machine-contract-2026-09-04/generate.attempt2.log"
        },
        {
          "content_hash": "01514b8d69abec5a237ddc5c4371864e99489dfc9df68c071791b82f58dba6bb",
          "exists": true,
          "path": "./.cairn/changes/verify-remote-admission-with-trellis/evidence/machine-contract-2026-09-04/generate.attempt2.status"
        },
        {
          "content_hash": "01d67aa4d5f3e8093c5f3081772d868263850755c78c95b4181a1fc157a7a3c4",
          "exists": true,
          "path": "./.cairn/changes/verify-remote-admission-with-trellis/evidence/machine-contract-2026-09-04/generate.attempt3.log"
        },
        {
          "content_hash": "01514b8d69abec5a237ddc5c4371864e99489dfc9df68c071791b82f58dba6bb",
          "exists": true,
          "path": "./.cairn/changes/verify-remote-admission-with-trellis/evidence/machine-contract-2026-09-04/generate.attempt3.status"
        },
        {
          "content_hash": "d85f7320709f212bf30fbfab1f806b9bbee4a5cc439972cc950f0293bb3f8062",
          "exists": true,
          "path": "./.cairn/changes/verify-remote-admission-with-trellis/evidence/machine-contract-2026-09-04/generate.attempt4.log"
        },
        {
          "content_hash": "01514b8d69abec5a237ddc5c4371864e99489dfc9df68c071791b82f58dba6bb",
          "exists": true,
          "path": "./.cairn/changes/verify-remote-admission-with-trellis/evidence/machine-contract-2026-09-04/generate.attempt4.status"
        },
        {
          "content_hash": "488643ec4282f6c78abb9a07bead4eaeeaff982d6fd8a729f9d51d9cfd4bbedd",
          "exists": true,
          "path": "./.cairn/changes/verify-remote-admission-with-trellis/evidence/machine-contract-2026-09-04/generate.attempt5.log"
        },
        {
          "content_hash": "01514b8d69abec5a237ddc5c4371864e99489dfc9df68c071791b82f58dba6bb",
          "exists": true,
          "path": "./.cairn/changes/verify-remote-admission-with-trellis/evidence/machine-contract-2026-09-04/generate.attempt5.status"
        },
        {
          "content_hash": "c8587a6d40bd9c88f5e9850b16e34276390233399fa53771a0f7225f9c339833",
          "exists": true,
          "path": "./.cairn/changes/verify-remote-admission-with-trellis/evidence/machine-contract-2026-09-04/generate.attempt6.log"
        },
        {
          "content_hash": "5893db1651d17f98e610528b5ac95d44ad2e88925b9c12bbe2e5b9b19e59ba55",
          "exists": true,
          "path": "./.cairn/changes/verify-remote-admission-with-trellis/evidence/machine-contract-2026-09-04/generate.attempt6.status"
        },
        {
          "content_hash": "c8587a6d40bd9c88f5e9850b16e34276390233399fa53771a0f7225f9c339833",
          "exists": true,
          "path": "./.cairn/changes/verify-remote-admission-with-trellis/evidence/machine-contract-2026-09-04/generate.attempt7.log"
        },
        {
          "content_hash": "5893db1651d17f98e610528b5ac95d44ad2e88925b9c12bbe2e5b9b19e59ba55",
          "exists": true,
          "path": "./.cairn/changes/verify-remote-admission-with-trellis/evidence/machine-contract-2026-09-04/generate.attempt7.status"
        },
        {
          "content_hash": "c8587a6d40bd9c88f5e9850b16e34276390233399fa53771a0f7225f9c339833",
          "exists": true,
          "path": "./.cairn/changes/verify-remote-admission-with-trellis/evidence/machine-contract-2026-09-04/generate.attempt8.log"
        },
        {
          "content_hash": "5893db1651d17f98e610528b5ac95d44ad2e88925b9c12bbe2e5b9b19e59ba55",
          "exists": true,
          "path": "./.cairn/changes/verify-remote-admission-with-trellis/evidence/machine-contract-2026-09-04/generate.attempt8.status"
        },
        {
          "content_hash": "c8587a6d40bd9c88f5e9850b16e34276390233399fa53771a0f7225f9c339833",
          "exists": true,
          "path": "./.cairn/changes/verify-remote-admission-with-trellis/evidence/machine-contract-2026-09-04/generate.attempt9.log"
        },
        {
          "content_hash": "5893db1651d17f98e610528b5ac95d44ad2e88925b9c12bbe2e5b9b19e59ba55",
          "exists": true,
          "path": "./.cairn/changes/verify-remote-admission-with-trellis/evidence/machine-contract-2026-09-04/generate.attempt9.status"
        },
        {
          "content_hash": "ecdd6977013e81a93902cebbde88846663a0c1eb16d7c78f2f8c96b1827deffa",
          "exists": true,
          "path": "./.cairn/changes/verify-remote-admission-with-trellis/evidence/machine-contract-2026-09-04/summary.md"
        },
        {
          "content_hash": "21b2f6ae57b9347238444476e758da8f984e22d8f68de2d0e32fbae84e5920ec",
          "exists": true,
          "path": "./.cairn/changes/verify-remote-admission-with-trellis/evidence/scaffold-validation.md"
        },
        {
          "content_hash": "569c07dedcbc547fa77fc6707c435dfee58171ce25df6de9b8a1b981b33bec20",
          "exists": true,
          "path": "./.cairn/changes/verify-remote-admission-with-trellis/evidence/sync-2026-09-04/accepted-spec-blake3.log"
        },
        {
          "content_hash": "5893db1651d17f98e610528b5ac95d44ad2e88925b9c12bbe2e5b9b19e59ba55",
          "exists": true,
          "path": "./.cairn/changes/verify-remote-admission-with-trellis/evidence/sync-2026-09-04/accepted-spec-blake3.status"
        },
        {
          "content_hash": "2496e94b75c1229175f6907cb6e6ee761423bf10ce4f308d29db513cfb4a56bc",
          "exists": true,
          "path": "./.cairn/changes/verify-remote-admission-with-trellis/evidence/sync-2026-09-04/post-sync-tasks-gate.log"
        },
        {
          "content_hash": "5893db1651d17f98e610528b5ac95d44ad2e88925b9c12bbe2e5b9b19e59ba55",
          "exists": true,
          "path": "./.cairn/changes/verify-remote-admission-with-trellis/evidence/sync-2026-09-04/post-sync-tasks-gate.status"
        },
        {
          "content_hash": "ab4e2214795d479c81256f8e2a9579f3aa5c3aac3e1ce034fe44b951d0d8d03f",
          "exists": true,
          "path": "./.cairn/changes/verify-remote-admission-with-trellis/evidence/sync-2026-09-04/post-sync-tracey.log"
        },
        {
          "content_hash": "5893db1651d17f98e610528b5ac95d44ad2e88925b9c12bbe2e5b9b19e59ba55",
          "exists": true,
          "path": "./.cairn/changes/verify-remote-admission-with-trellis/evidence/sync-2026-09-04/post-sync-tracey.status"
        },
        {
          "content_hash": "82e0c1afc5d89eddde7618e4132cf036e34ded165a9982a3dab034ccbaa1a03e",
          "exists": true,
          "path": "./.cairn/changes/verify-remote-admission-with-trellis/evidence/sync-2026-09-04/post-sync-validate.log"
        },
        {
          "content_hash": "5893db1651d17f98e610528b5ac95d44ad2e88925b9c12bbe2e5b9b19e59ba55",
          "exists": true,
          "path": "./.cairn/changes/verify-remote-admission-with-trellis/evidence/sync-2026-09-04/post-sync-validate.status"
        },
        {
          "content_hash": "5893db1651d17f98e610528b5ac95d44ad2e88925b9c12bbe2e5b9b19e59ba55",
          "exists": true,
          "path": "./.cairn/changes/verify-remote-admission-with-trellis/evidence/sync-2026-09-04/post-sync.status"
        },
        {
          "content_hash": "fcff52076d32033b5b33b66bbfb6dd1517fe3912eb56066260a621d107903591",
          "exists": true,
          "path": "./.cairn/changes/verify-remote-admission-with-trellis/evidence/sync-2026-09-04/summary.md"
        },
        {
          "content_hash": "3023cb3dd07c3fc211eafe55d8331a7b560b37652ce96375b343e41a0492c57c",
          "exists": true,
          "path": "./.cairn/changes/verify-remote-admission-with-trellis/evidence/sync-2026-09-04/sync-dry-run.log"
        },
        {
          "content_hash": "5893db1651d17f98e610528b5ac95d44ad2e88925b9c12bbe2e5b9b19e59ba55",
          "exists": true,
          "path": "./.cairn/changes/verify-remote-admission-with-trellis/evidence/sync-2026-09-04/sync-dry-run.status"
        },
        {
          "content_hash": "f8d701d35e39278df2104599ba036962337a369b71ba8d02539237e2678d4416",
          "exists": true,
          "path": "./.cairn/changes/verify-remote-admission-with-trellis/evidence/sync-2026-09-04/sync-execute.log"
        },
        {
          "content_hash": "5893db1651d17f98e610528b5ac95d44ad2e88925b9c12bbe2e5b9b19e59ba55",
          "exists": true,
          "path": "./.cairn/changes/verify-remote-admission-with-trellis/evidence/sync-2026-09-04/sync-execute.status"
        },
        {
          "content_hash": "0f9ce024bdff1a899c78a2dacad60f0238765eac21bfa4cd1640f12b6a38ebd9",
          "exists": true,
          "path": "./.cairn/changes/verify-remote-admission-with-trellis/evidence/trellis-export-2026-09-04/export.attempt1.log"
        },
        {
          "content_hash": "b7d8c8ab3a68694045f84b1f705ddaeb0085e76f209bb5b47b7d15ee13ec7cb5",
          "exists": true,
          "path": "./.cairn/changes/verify-remote-admission-with-trellis/evidence/trellis-export-2026-09-04/export.attempt1.status"
        },
        {
          "content_hash": "9f4a234f393bc53d282c3fa0c2a4cb839db73a3282a5d24fa25a182ba4b0962b",
          "exists": true,
          "path": "./.cairn/changes/verify-remote-admission-with-trellis/evidence/trellis-export-2026-09-04/export.attempt2.log"
        },
        {
          "content_hash": "5893db1651d17f98e610528b5ac95d44ad2e88925b9c12bbe2e5b9b19e59ba55",
          "exists": true,
          "path": "./.cairn/changes/verify-remote-admission-with-trellis/evidence/trellis-export-2026-09-04/export.attempt2.status"
        },
        {
          "content_hash": "df66590c450ce2f3001a74cca7d957135a80f547543bc65c537f212f8198d61d",
          "exists": true,
          "path": "./.cairn/changes/verify-remote-admission-with-trellis/evidence/trellis-export-2026-09-04/export.log"
        },
        {
          "content_hash": "5893db1651d17f98e610528b5ac95d44ad2e88925b9c12bbe2e5b9b19e59ba55",
          "exists": true,
          "path": "./.cairn/changes/verify-remote-admission-with-trellis/evidence/trellis-export-2026-09-04/export.status"
        },
        {
          "content_hash": "a0196e60513f5a0a6e987a1b736a8ee88bb956ec2527f385b2722f5edc0b7e75",
          "exists": true,
          "path": "./.cairn/changes/verify-remote-admission-with-trellis/evidence/trellis-export-2026-09-04/generator/Cargo.lock"
        },
        {
          "content_hash": "e05dea4ae861a8173393d0682d2a7fcb71d5b9e7943973f60c43e883ff73f413",
          "exists": true,
          "path": "./.cairn/changes/verify-remote-admission-with-trellis/evidence/trellis-export-2026-09-04/generator/Cargo.toml"
        },
        {
          "content_hash": "f89de19f8abf0a16ca71d6d05da497a60209de3271f2caacf58edec4f7604e00",
          "exists": true,
          "path": "./.cairn/changes/verify-remote-admission-with-trellis/evidence/trellis-export-2026-09-04/generator/main.rs"
        },
        {
          "content_hash": "a2e96ed1cff645dd8ee7fb61b56fe3625d4e4c7cd36a9e32b6e84c4f3872c44d",
          "exists": true,
          "path": "./.cairn/changes/verify-remote-admission-with-trellis/evidence/trellis-export-2026-09-04/summary.md"
        },
        {
          "content_hash": "b5746d4b8db47161551f3bf94f2f3f16cf91d087d40e52aae937eb66c8b88d3f",
          "exists": true,
          "path": "./.cairn/changes/verify-remote-admission-with-trellis/evidence/trellis-oracle-2026-09-04/generator/Cargo.lock"
        },
        {
          "content_hash": "27533a5251e602762e2145d85ca5fc71777c0acfc4bea24e069e42dbacff5f19",
          "exists": true,
          "path": "./.cairn/changes/verify-remote-admission-with-trellis/evidence/trellis-oracle-2026-09-04/generator/Cargo.toml"
        },
        {
          "content_hash": "1b73304d6fd8cca719160b1c674c1c0f93a44ffa3a6fd15da62f1035dcae359a",
          "exists": true,
          "path": "./.cairn/changes/verify-remote-admission-with-trellis/evidence/trellis-oracle-2026-09-04/generator/main.rs"
        },
        {
          "content_hash": "d75d2ae463f591d3cf72f2b251101e04b6c5f642ee7b7aee567e0699e9d8fc4e",
          "exists": true,
          "path": "./.cairn/changes/verify-remote-admission-with-trellis/evidence/trellis-oracle-2026-09-04/oracle-generation.log"
        },
        {
          "content_hash": "5893db1651d17f98e610528b5ac95d44ad2e88925b9c12bbe2e5b9b19e59ba55",
          "exists": true,
          "path": "./.cairn/changes/verify-remote-admission-with-trellis/evidence/trellis-oracle-2026-09-04/oracle-generation.status"
        },
        {
          "content_hash": "ddae2c1a60ef26402617d6f7c9a660b326bda61d34665fb247732d2e9c964797",
          "exists": true,
          "path": "./.cairn/changes/verify-remote-admission-with-trellis/evidence/trellis-oracle-2026-09-04/summary.md"
        },
        {
          "content_hash": "988a0dc9a430f1e0f47cedc92fdcd161a6eed47a0184854fce82b22ac67e930f",
          "exists": true,
          "path": "./.cairn/changes/verify-remote-admission-with-trellis/evidence/trellis-upstream-2026-09-04/blake3.txt"
        },
        {
          "content_hash": "cfca683c757da617a989dc0919d8ee7f662aae658ae9ae8dab64ee324ade63e9",
          "exists": true,
          "path": "./.cairn/changes/verify-remote-admission-with-trellis/evidence/trellis-upstream-2026-09-04/consumer-profile.log"
        },
        {
          "content_hash": "57d53ec8002f1e044005b37e6248736072f5285cd77ef94576811a9e5d88b83b",
          "exists": true,
          "path": "./.cairn/changes/verify-remote-admission-with-trellis/evidence/trellis-upstream-2026-09-04/focused-cargo-test.log"
        },
        {
          "content_hash": "14b4b3d41fc4fe07a4e4ddc25eda4432d27a456653abb5155e3150c6d0b8b5c8",
          "exists": true,
          "path": "./.cairn/changes/verify-remote-admission-with-trellis/evidence/trellis-upstream-2026-09-04/focused-verus.log"
        },
        {
          "content_hash": "02a1d975e4c3383f82321339a709c166b21c3953929f00678c8ce8d43095a4fd",
          "exists": true,
          "path": "./.cairn/changes/verify-remote-admission-with-trellis/evidence/trellis-upstream-2026-09-04/full-verify.log"
        },
        {
          "content_hash": "68aca16d8edaed535b2fe916b214ba728b523e6b690e5c9ef76d38ef96733ad4",
          "exists": true,
          "path": "./.cairn/changes/verify-remote-admission-with-trellis/evidence/trellis-upstream-2026-09-04/octet-summary.log"
        },
        {
          "content_hash": "772cd51879451c055f18a23d9da4662b0299b8d4ecfb69b81be80226d252de79",
          "exists": true,
          "path": "./.cairn/changes/verify-remote-admission-with-trellis/evidence/trellis-upstream-2026-09-04/summary.md"
        },
        {
          "content_hash": "f5119ae40fcfd64e1357333a1aa79197069b7b68db026729241e94d4864c967c",
          "exists": true,
          "path": "./.cairn/changes/verify-remote-admission-with-trellis/evidence/trellis-upstream-2026-09-04/trellis-spec.md"
        },
        {
          "content_hash": "2193ad5d232573af07ee1d9cf6c9dc331a37d2524fe147377d32e1027755b15f",
          "exists": true,
          "path": "./.cairn/changes/verify-remote-admission-with-trellis/evidence/trellis-upstream-2026-09-04/trellis-verification.md"
        },
        {
          "content_hash": "4be3c96b540b266debe3eb14a43d0714b67ec57eb1d076f6a6f51f4350ed26e4",
          "exists": true,
          "path": "./.cairn/changes/verify-remote-admission-with-trellis/evidence/validation-2026-09-04/crunch-build-clippy.log"
        },
        {
          "content_hash": "5893db1651d17f98e610528b5ac95d44ad2e88925b9c12bbe2e5b9b19e59ba55",
          "exists": true,
          "path": "./.cairn/changes/verify-remote-admission-with-trellis/evidence/validation-2026-09-04/crunch-build-clippy.status"
        },
        {
          "content_hash": "f3c93146424d656485999bdfa029223e98c313eacd9134d0f37745633344e73f",
          "exists": true,
          "path": "./.cairn/changes/verify-remote-admission-with-trellis/evidence/validation-2026-09-04/crunch-build-tests.log"
        },
        {
          "content_hash": "5893db1651d17f98e610528b5ac95d44ad2e88925b9c12bbe2e5b9b19e59ba55",
          "exists": true,
          "path": "./.cairn/changes/verify-remote-admission-with-trellis/evidence/validation-2026-09-04/crunch-build-tests.status"
        },
        {
          "content_hash": "d6207ef3d9bbacfd7f34225a808fec993a30e657acc6bc2f783d90081ae1acf3",
          "exists": true,
          "path": "./.cairn/changes/verify-remote-admission-with-trellis/evidence/validation-2026-09-04/diff-check.attempt1.log"
        },
        {
          "content_hash": "f28cefd19aa653f5c87c109d5adec96ff0e5e9a33e05aaa11711484f6b627c60",
          "exists": true,
          "path": "./.cairn/changes/verify-remote-admission-with-trellis/evidence/validation-2026-09-04/diff-check.attempt1.status"
        },
        {
          "content_hash": "3adaeb39f7f732eb4abaa2b3ee8651d76e429f5f6bfbf5066ee3c279acc9c6c8",
          "exists": true,
          "path": "./.cairn/changes/verify-remote-admission-with-trellis/evidence/validation-2026-09-04/diff-check.log"
        },
        {
          "content_hash": "5893db1651d17f98e610528b5ac95d44ad2e88925b9c12bbe2e5b9b19e59ba55",
          "exists": true,
          "path": "./.cairn/changes/verify-remote-admission-with-trellis/evidence/validation-2026-09-04/diff-check.status"
        },
        {
          "content_hash": "8cbe9be158fb61d4266d5d783e0a28d8e4443e180f92197b96e34a82f6adea38",
          "exists": true,
          "path": "./.cairn/changes/verify-remote-admission-with-trellis/evidence/validation-2026-09-04/evidence-check.log"
        },
        {
          "content_hash": "5893db1651d17f98e610528b5ac95d44ad2e88925b9c12bbe2e5b9b19e59ba55",
          "exists": true,
          "path": "./.cairn/changes/verify-remote-admission-with-trellis/evidence/validation-2026-09-04/evidence-check.status"
        },
        {
          "content_hash": "5e950c88c42683742766dbd9997cdc34d1eab11b589d73ad2f3c6c3691a99b4f",
          "exists": true,
          "path": "./.cairn/changes/verify-remote-admission-with-trellis/evidence/validation-2026-09-04/evidence-integration.log"
        },
        {
          "content_hash": "5893db1651d17f98e610528b5ac95d44ad2e88925b9c12bbe2e5b9b19e59ba55",
          "exists": true,
          "path": "./.cairn/changes/verify-remote-admission-with-trellis/evidence/validation-2026-09-04/evidence-integration.status"
        },
        {
          "content_hash": "7b4add7eea7b00588de910162a391c2ad4a81402ac6f96ab4393ed88a7dfabbf",
          "exists": true,
          "path": "./.cairn/changes/verify-remote-admission-with-trellis/evidence/validation-2026-09-04/formatting.log"
        },
        {
          "content_hash": "5893db1651d17f98e610528b5ac95d44ad2e88925b9c12bbe2e5b9b19e59ba55",
          "exists": true,
          "path": "./.cairn/changes/verify-remote-admission-with-trellis/evidence/validation-2026-09-04/formatting.status"
        },
        {
          "content_hash": "c707ae90942be0b738562abeb0209a013bfc7315781618bbd3a0a49f95df4723",
          "exists": true,
          "path": "./.cairn/changes/verify-remote-admission-with-trellis/evidence/validation-2026-09-04/machine-contracts.log"
        },
        {
          "content_hash": "5893db1651d17f98e610528b5ac95d44ad2e88925b9c12bbe2e5b9b19e59ba55",
          "exists": true,
          "path": "./.cairn/changes/verify-remote-admission-with-trellis/evidence/validation-2026-09-04/machine-contracts.status"
        },
        {
          "content_hash": "6d3b3de3b438da3d3af9a0a315e4287d7b191fec5fb64e0cc8c5f669748f30dd",
          "exists": true,
          "path": "./.cairn/changes/verify-remote-admission-with-trellis/evidence/validation-2026-09-04/nickel-typecheck.log"
        },
        {
          "content_hash": "5893db1651d17f98e610528b5ac95d44ad2e88925b9c12bbe2e5b9b19e59ba55",
          "exists": true,
          "path": "./.cairn/changes/verify-remote-admission-with-trellis/evidence/validation-2026-09-04/nickel-typecheck.status"
        },
        {
          "content_hash": "3da7a33b431d1fbfec952ca9baba1cd45245cd5ff90d4a25bec48605d8a12ac7",
          "exists": true,
          "path": "./.cairn/changes/verify-remote-admission-with-trellis/evidence/validation-2026-09-04/nix-evidence-integration.log"
        },
        {
          "content_hash": "5893db1651d17f98e610528b5ac95d44ad2e88925b9c12bbe2e5b9b19e59ba55",
          "exists": true,
          "path": "./.cairn/changes/verify-remote-admission-with-trellis/evidence/validation-2026-09-04/nix-evidence-integration.status"
        },
        {
          "content_hash": "2bba227ba91ea26e3064ddf4922125f8bdba7ed9173511e70e9ba5811d3db3dd",
          "exists": true,
          "path": "./.cairn/changes/verify-remote-admission-with-trellis/evidence/validation-2026-09-04/nix-evidence.attempt1.log"
        },
        {
          "content_hash": "01514b8d69abec5a237ddc5c4371864e99489dfc9df68c071791b82f58dba6bb",
          "exists": true,
          "path": "./.cairn/changes/verify-remote-admission-with-trellis/evidence/validation-2026-09-04/nix-evidence.attempt1.status"
        },
        {
          "content_hash": "41f46c7146c7ddb54dbd03d609faca88794050885529f3aebba0837bf5efebfe",
          "exists": true,
          "path": "./.cairn/changes/verify-remote-admission-with-trellis/evidence/validation-2026-09-04/nix-evidence.log"
        },
        {
          "content_hash": "5893db1651d17f98e610528b5ac95d44ad2e88925b9c12bbe2e5b9b19e59ba55",
          "exists": true,
          "path": "./.cairn/changes/verify-remote-admission-with-trellis/evidence/validation-2026-09-04/nix-evidence.status"
        },
        {
          "content_hash": "b0dd96f0cf8219fa8ac3894cf93ff0eb18708f482a89fb6eba21377d64a766fc",
          "exists": true,
          "path": "./.cairn/changes/verify-remote-admission-with-trellis/evidence/validation-2026-09-04/nix-matrix.attempt1.log"
        },
        {
          "content_hash": "01514b8d69abec5a237ddc5c4371864e99489dfc9df68c071791b82f58dba6bb",
          "exists": true,
          "path": "./.cairn/changes/verify-remote-admission-with-trellis/evidence/validation-2026-09-04/nix-matrix.attempt1.status"
        },
        {
          "content_hash": "d2b208bdd9a60e8562320e481bbb6368ff23e8930e8e7b5f26e98098df8cf939",
          "exists": true,
          "path": "./.cairn/changes/verify-remote-admission-with-trellis/evidence/validation-2026-09-04/nix-matrix.log"
        },
        {
          "content_hash": "5893db1651d17f98e610528b5ac95d44ad2e88925b9c12bbe2e5b9b19e59ba55",
          "exists": true,
          "path": "./.cairn/changes/verify-remote-admission-with-trellis/evidence/validation-2026-09-04/nix-matrix.status"
        },
        {
          "content_hash": "ac8a66027ac2199b6d24e9cc4489942a3f74c935071cdfec7751bb40d2c8ba71",
          "exists": true,
          "path": "./.cairn/changes/verify-remote-admission-with-trellis/evidence/validation-2026-09-04/nix-no-build.log"
        },
        {
          "content_hash": "5893db1651d17f98e610528b5ac95d44ad2e88925b9c12bbe2e5b9b19e59ba55",
          "exists": true,
          "path": "./.cairn/changes/verify-remote-admission-with-trellis/evidence/validation-2026-09-04/nix-no-build.status"
        },
        {
          "content_hash": "e9a668e18e716d692e9b72289c4e1872aea37ed7ec9327ad0d5791b6268212b0",
          "exists": true,
          "path": "./.cairn/changes/verify-remote-admission-with-trellis/evidence/validation-2026-09-04/octet-crunch-build.log"
        },
        {
          "content_hash": "5893db1651d17f98e610528b5ac95d44ad2e88925b9c12bbe2e5b9b19e59ba55",
          "exists": true,
          "path": "./.cairn/changes/verify-remote-admission-with-trellis/evidence/validation-2026-09-04/octet-crunch-build.status"
        },
        {
          "content_hash": "17cd139ddb52168bb6a2b39357881ad33cad484707130f1b7e877f74fa031d76",
          "exists": true,
          "path": "./.cairn/changes/verify-remote-admission-with-trellis/evidence/validation-2026-09-04/octet-release-core.log"
        },
        {
          "content_hash": "5893db1651d17f98e610528b5ac95d44ad2e88925b9c12bbe2e5b9b19e59ba55",
          "exists": true,
          "path": "./.cairn/changes/verify-remote-admission-with-trellis/evidence/validation-2026-09-04/octet-release-core.status"
        },
        {
          "content_hash": "7f75342f7cd71d8972988c4215a649b94d44b15a0178e75348464980fa54eb3c",
          "exists": true,
          "path": "./.cairn/changes/verify-remote-admission-with-trellis/evidence/validation-2026-09-04/release-clippy.log"
        },
        {
          "content_hash": "5893db1651d17f98e610528b5ac95d44ad2e88925b9c12bbe2e5b9b19e59ba55",
          "exists": true,
          "path": "./.cairn/changes/verify-remote-admission-with-trellis/evidence/validation-2026-09-04/release-clippy.status"
        },
        {
          "content_hash": "bbdc93ab42960c83ac887c1c6f1f631f49dd22b365ee8f910831d85ec597c0cb",
          "exists": true,
          "path": "./.cairn/changes/verify-remote-admission-with-trellis/evidence/validation-2026-09-04/release-tests.log"
        },
        {
          "content_hash": "5893db1651d17f98e610528b5ac95d44ad2e88925b9c12bbe2e5b9b19e59ba55",
          "exists": true,
          "path": "./.cairn/changes/verify-remote-admission-with-trellis/evidence/validation-2026-09-04/release-tests.status"
        },
        {
          "content_hash": "3707c9ad4cc3b0091553fa2f28dbfc40222392db279b43a5633cd33f37eec09a",
          "exists": true,
          "path": "./.cairn/changes/verify-remote-admission-with-trellis/evidence/validation-2026-09-04/release-wasm.log"
        },
        {
          "content_hash": "5893db1651d17f98e610528b5ac95d44ad2e88925b9c12bbe2e5b9b19e59ba55",
          "exists": true,
          "path": "./.cairn/changes/verify-remote-admission-with-trellis/evidence/validation-2026-09-04/release-wasm.status"
        },
        {
          "content_hash": "c2d3fa3303bc45ca413f25732c564f3329db584bd230144d29c7f328030b30a6",
          "exists": true,
          "path": "./.cairn/changes/verify-remote-admission-with-trellis/evidence/validation-2026-09-04/root-clippy.log"
        },
        {
          "content_hash": "5893db1651d17f98e610528b5ac95d44ad2e88925b9c12bbe2e5b9b19e59ba55",
          "exists": true,
          "path": "./.cairn/changes/verify-remote-admission-with-trellis/evidence/validation-2026-09-04/root-clippy.status"
        },
        {
          "content_hash": "2a78d10a1e75e3cfa7be5deea2ec59acc49823aa1c956ba17c83b47c7ee9df64",
          "exists": true,
          "path": "./.cairn/changes/verify-remote-admission-with-trellis/evidence/validation-2026-09-04/root-remote-tests.log"
        },
        {
          "content_hash": "5893db1651d17f98e610528b5ac95d44ad2e88925b9c12bbe2e5b9b19e59ba55",
          "exists": true,
          "path": "./.cairn/changes/verify-remote-admission-with-trellis/evidence/validation-2026-09-04/root-remote-tests.status"
        },
        {
          "content_hash": "01384a3326aa63782fcd32b9fceedbd25d8876269d8dd2f79c5e28827e91aa07",
          "exists": true,
          "path": "./.cairn/changes/verify-remote-admission-with-trellis/evidence/validation-2026-09-04/tigerstyle-pinned.attempt2.log"
        },
        {
          "content_hash": "01514b8d69abec5a237ddc5c4371864e99489dfc9df68c071791b82f58dba6bb",
          "exists": true,
          "path": "./.cairn/changes/verify-remote-admission-with-trellis/evidence/validation-2026-09-04/tigerstyle-pinned.attempt2.status"
        },
        {
          "content_hash": "33c5f0f1ecd353e482b397c69d1eb6b6898faa52d57c9fed0c277191270523b4",
          "exists": true,
          "path": "./.cairn/changes/verify-remote-admission-with-trellis/evidence/validation-2026-09-04/tigerstyle-pinned.attempt3.log"
        },
        {
          "content_hash": "01514b8d69abec5a237ddc5c4371864e99489dfc9df68c071791b82f58dba6bb",
          "exists": true,
          "path": "./.cairn/changes/verify-remote-admission-with-trellis/evidence/validation-2026-09-04/tigerstyle-pinned.attempt3.status"
        },
        {
          "content_hash": "3b148c6158646fa43b62fb5c9bc1899b8a1a16cf6d7ae34f1a91b93d03f3162f",
          "exists": true,
          "path": "./.cairn/changes/verify-remote-admission-with-trellis/evidence/validation-2026-09-04/tigerstyle-pinned.attempt4.log"
        },
        {
          "content_hash": "01514b8d69abec5a237ddc5c4371864e99489dfc9df68c071791b82f58dba6bb",
          "exists": true,
          "path": "./.cairn/changes/verify-remote-admission-with-trellis/evidence/validation-2026-09-04/tigerstyle-pinned.attempt4.status"
        },
        {
          "content_hash": "24e78284ad5bad8e1ffc6c84df8ca6db7b7e06febad1ffcc2875ee92f5e0af97",
          "exists": true,
          "path": "./.cairn/changes/verify-remote-admission-with-trellis/evidence/validation-2026-09-04/tigerstyle-pinned.attempt5.log"
        },
        {
          "content_hash": "01514b8d69abec5a237ddc5c4371864e99489dfc9df68c071791b82f58dba6bb",
          "exists": true,
          "path": "./.cairn/changes/verify-remote-admission-with-trellis/evidence/validation-2026-09-04/tigerstyle-pinned.attempt5.status"
        },
        {
          "content_hash": "74b7815ca9d6d352de0fcb1ba60af8a28fd9cbe5c7be7e197d5877039926c221",
          "exists": true,
          "path": "./.cairn/changes/verify-remote-admission-with-trellis/evidence/validation-2026-09-04/tigerstyle-pinned.attempt6.log"
        },
        {
          "content_hash": "5893db1651d17f98e610528b5ac95d44ad2e88925b9c12bbe2e5b9b19e59ba55",
          "exists": true,
          "path": "./.cairn/changes/verify-remote-admission-with-trellis/evidence/validation-2026-09-04/tigerstyle-pinned.attempt6.status"
        },
        {
          "content_hash": "598a5ffee49c88149b5da45e7289a66d31bf069c9e3b9f2dbe8e4697506f982f",
          "exists": true,
          "path": "./.cairn/changes/verify-remote-admission-with-trellis/evidence/validation-2026-09-04/tigerstyle-pinned.log"
        },
        {
          "content_hash": "01514b8d69abec5a237ddc5c4371864e99489dfc9df68c071791b82f58dba6bb",
          "exists": true,
          "path": "./.cairn/changes/verify-remote-admission-with-trellis/evidence/validation-2026-09-04/tigerstyle-pinned.status"
        },
        {
          "content_hash": "30ed5dc5ba489b0ebfaff93dd2190f91ab0895086a8c0969ef7fa91e8b596def",
          "exists": true,
          "path": "./.cairn/changes/verify-remote-admission-with-trellis/proposal.md"
        },
        {
          "content_hash": "07ff91398c60decff1e502587cb854194789607d2529807fe905aae403c20b4f",
          "exists": true,
          "path": "./.cairn/changes/verify-remote-admission-with-trellis/specs/remote-builds/spec.md"
        },
        {
          "content_hash": "10484fcf7283214d82d546138959a46ee0862ebdedbd5eec625ab0d842d300fc",
          "exists": true,
          "path": "./.cairn/changes/verify-remote-admission-with-trellis/tasks.md"
        }
      ],
      "manifest_hash": "9aa5c8aa195581b1ca96ca92074227c20c0c073cd93324572c36fc81e354ecb6"
    },
    "kind": "archive",
    "manifest_hash": "152ae0fb91900ede76a13adde3c920f6add67ebae7cc4ca212e983b5d68e4b30"
  },
  "plan_hash": "5f1e71ef7f05756d033ea553b4267fa9bcf0eb580aa265db44cb16ba1c15bab1",
  "policy": "mantle-default",
  "policy_hash": "acf9eb63eba35b8dfa98a4cdefca99088de442d8a20548ea3ab81a127b7b2746",
  "reasons": [],
  "receipt_hash": "503256c91de27f6619c504a291e0391a618a33aaf778dc336961c3d9ad62a755"
}
