warning: unknown experimental feature 'wasm-builtin'
Using Cargo: /nix/store/gbrj4zlys951xy55wqwr74m0kmiz6xr1-rust-default-1.96.0-nightly-2026-03-21/bin/cargo
Using Rustc: /nix/store/gbrj4zlys951xy55wqwr74m0kmiz6xr1-rust-default-1.96.0-nightly-2026-03-21/bin/rustc
Using Rustdoc: /nix/store/gbrj4zlys951xy55wqwr74m0kmiz6xr1-rust-default-1.96.0-nightly-2026-03-21/bin/rustdoc

=== Coverage: r[impl] on every pub fn ===
warning: unknown experimental feature 'wasm-builtin'

Checked 2701 pub fn declarations, 0 exempted
✓ all pub fns have r[impl] annotations

=== Coverage: ensures on every verified pub fn ===
warning: unknown experimental feature 'wasm-builtin'

Checked 2324 pub fn in verus! blocks, 0 exempted
✓ all verified pub fns have ensures clauses

=== Proof-gap inventory drift ===
warning: unknown experimental feature 'wasm-builtin'
# Proof-Gap Inventory Report

Source root: `src/`

Manifest: `docs/proof-gap-sites.tsv`

## Summary

| marker | expected | actual | status |
| --- | ---: | ---: | --- |
| `external_body` | 16 | 16 | ok |
| `assume_specification` | 0 | 0 | ok |
| `no_ensures` | 0 | 0 | ok |
| `runtime_exempt` | 0 | 0 | ok |
| `assume_call` | 0 | 0 | ok |

## External Body Site List, Classifications, and Rationales

Status: `ok`

Expected sites from manifest: 16

Actual sites from source: 16

Manifest rationales: 16 non-empty entries.

Missing expected sites: none.

Unexpected sites: none.

## Hits

### `external_body`

- `src/chain.rs:176` `#[verifier::external_body]` → `pub fn compute_entry_hash(`
- `src/chain.rs:856` `#[verifier::external_body]` → `pub proof fn hash_collision_free(`
- `src/nix_version.rs:762` `#[verifier::external_body]` → `fn compare_versions_unmodeled_trusted(a: &Vec<u8>, b: &Vec<u8>) -> (result: i8)`
- `src/snapshot_integrity.rs:54` `#[verifier::external_body]` → `pub proof fn dual_hash_collision_resistant(a1: u64, b1: u64, a2: u64, b2: u64)`
- `src/snapshot_integrity.rs:63` `#[verifier::external_body]` → `pub fn dual_hash(a: u64, b: u64) -> (result: u64)`
- `src/ucan_did.rs:623` `#[verifier::external_body]` → `pub proof fn axiom_base58btc_round_trip(bytes: Seq<u8>)`
- `src/ucan_did.rs:631` `#[verifier::external_body]` → `pub proof fn axiom_base58btc_injective(a: Seq<u8>, b: Seq<u8>)`
- `src/ucan_did.rs:640` `#[verifier::external_body]` → `pub fn base58btc_encode(bytes: &Vec<u8>) -> (result: Vec<u8>)`
- `src/ucan_did.rs:649` `#[verifier::external_body]` → `pub fn base58btc_decode(encoded: &Vec<u8>) -> (result: Option<Vec<u8>>)`
- `src/ucan_signature.rs:254` `#[verifier::external_body]` → `pub proof fn axiom_sign_verify_round_trip(sk: Seq<u8>, msg: Seq<u8>)`
- `src/ucan_signature.rs:263` `#[verifier::external_body]` → `pub proof fn axiom_wrong_key_rejects(sk: Seq<u8>, pk: Seq<u8>, msg: Seq<u8>)`
- `src/ucan_signature.rs:275` `#[verifier::external_body]` → `pub proof fn axiom_wrong_message_rejects(sk: Seq<u8>, msg1: Seq<u8>, msg2: Seq<u8>)`
- `src/ucan_signature.rs:289` `#[verifier::external_body]` → `pub fn sign(sk: &SecretKey, message: &Vec<u8>) -> (result: Ed25519Signature)`
- `src/ucan_signature.rs:303` `#[verifier::external_body]` → `pub fn verify(pk: &PublicKey, message: &Vec<u8>, sig: &Ed25519Signature) -> (result: bool)`
- `src/ucan_signature.rs:315` `#[verifier::external_body]` → `pub fn public_from_secret(sk: &SecretKey) -> (result: PublicKey)`
- `src/web_of_trust_principal.rs:103` `#[verifier::external_body]` → `pub fn blake3_digest_bridge(input: &[u8]) -> (result: Vec<u8>)`

### `assume_specification`

No hits.

### `no_ensures`

No hits.

### `runtime_exempt`

No hits.

### `assume_call`

No hits.

✓ proof-gap inventory matches expected counts, sites, classifications, and rationale manifest

=== Aspen evidence index drift ===
warning: unknown experimental feature 'wasm-builtin'
aspen evidence index valid: 8 rows
✓ Aspen evidence index matches recorded source commits and blobs

=== Nickel policy freshness and fixtures ===
warning: unknown experimental feature 'wasm-builtin'
PASS nickel export verification-policy/policy.ncl
PASS verification policy fresh verification-policy/generated/policy.json
PASS nickel export proof-review/policy.ncl
PASS proof-review policy fresh proof-review/generated/policy.json
PASS nickel export cairn-policy/default.ncl
PASS cairn policy fresh cairn-policy/generated/cairn-policy.json
PASS invalid fixture rejected /home/brittonr/git/OnixResearch/.worktrees/trellis-fenced-attempt-20260903/verification-policy/fixtures/invalid-duplicate-checker.ncl
PASS invalid fixture rejected /home/brittonr/git/OnixResearch/.worktrees/trellis-fenced-attempt-20260903/verification-policy/fixtures/invalid-empty-checkers.ncl
PASS invalid fixture rejected /home/brittonr/git/OnixResearch/.worktrees/trellis-fenced-attempt-20260903/verification-policy/fixtures/invalid-missing-exemption-owner.ncl
PASS invalid fixture rejected /home/brittonr/git/OnixResearch/.worktrees/trellis-fenced-attempt-20260903/verification-policy/fixtures/invalid-unsafe-path.ncl
PASS invalid fixture rejected /home/brittonr/git/OnixResearch/.worktrees/trellis-fenced-attempt-20260903/verification-policy/fixtures/invalid-unsupported-severity.ncl
PASS valid fixture /home/brittonr/git/OnixResearch/.worktrees/trellis-fenced-attempt-20260903/verification-policy/fixtures/valid-minimal.ncl
PASS invalid fixture rejected /home/brittonr/git/OnixResearch/.worktrees/trellis-fenced-attempt-20260903/proof-review/fixtures/invalid-dangling-mode.ncl
PASS invalid fixture rejected /home/brittonr/git/OnixResearch/.worktrees/trellis-fenced-attempt-20260903/proof-review/fixtures/invalid-dangling-rule-reference.ncl
PASS invalid fixture rejected /home/brittonr/git/OnixResearch/.worktrees/trellis-fenced-attempt-20260903/proof-review/fixtures/invalid-dangling-validation-gate.ncl
PASS invalid fixture rejected /home/brittonr/git/OnixResearch/.worktrees/trellis-fenced-attempt-20260903/proof-review/fixtures/invalid-duplicate-rule.ncl
PASS invalid fixture rejected /home/brittonr/git/OnixResearch/.worktrees/trellis-fenced-attempt-20260903/proof-review/fixtures/invalid-empty-rules.ncl
PASS invalid fixture rejected /home/brittonr/git/OnixResearch/.worktrees/trellis-fenced-attempt-20260903/proof-review/fixtures/invalid-unsupported-severity.ncl
PASS valid fixture /home/brittonr/git/OnixResearch/.worktrees/trellis-fenced-attempt-20260903/proof-review/fixtures/valid-minimal.ncl
PASS invalid fixture rejected /home/brittonr/git/OnixResearch/.worktrees/trellis-fenced-attempt-20260903/cairn-policy/fixtures/invalid-artifact-dependency.ncl
PASS invalid fixture rejected /home/brittonr/git/OnixResearch/.worktrees/trellis-fenced-attempt-20260903/cairn-policy/fixtures/invalid-determinism-surface-coverage.ncl
PASS invalid fixture rejected /home/brittonr/git/OnixResearch/.worktrees/trellis-fenced-attempt-20260903/cairn-policy/fixtures/invalid-duplicate-marker.ncl
PASS invalid fixture rejected /home/brittonr/git/OnixResearch/.worktrees/trellis-fenced-attempt-20260903/cairn-policy/fixtures/invalid-receipt-schema-hash-field.ncl
PASS invalid fixture rejected /home/brittonr/git/OnixResearch/.worktrees/trellis-fenced-attempt-20260903/cairn-policy/fixtures/invalid-replay-group-case.ncl
PASS valid fixture /home/brittonr/git/OnixResearch/.worktrees/trellis-fenced-attempt-20260903/cairn-policy/fixtures/valid-minimal.ncl
verification policy fixture checks: PASS
verification policy check: PASS

=== Nickel policy checker self-test ===
warning: unknown experimental feature 'wasm-builtin'
PASS invalid fixture rejected /home/brittonr/git/OnixResearch/.worktrees/trellis-fenced-attempt-20260903/target-test/policy-fixture-self-test-4186743/invalid-fixture.ncl
PASS valid fixture /home/brittonr/git/OnixResearch/.worktrees/trellis-fenced-attempt-20260903/target-test/policy-fixture-self-test-4186743/valid-fixture.ncl
verification policy checker self-test: PASS

=== Upstream Verus corpus catalog ===
warning: unknown experimental feature 'wasm-builtin'
validated 5 pinned upstream Verus corpus entries

=== Upstream Verus corpus checker self-test ===
warning: unknown experimental feature 'wasm-builtin'
upstream Verus corpus checker self-test passed

=== Nickel lifecycle config freshness and fixtures ===
warning: unknown experimental feature 'wasm-builtin'
PASS nickel export --format yaml cairn/config.ncl
PASS lifecycle config fresh cairn/config.yaml
PASS lifecycle config fresh openspec/config.yaml
PASS invalid lifecycle fixture rejected /home/brittonr/git/OnixResearch/.worktrees/trellis-fenced-attempt-20260903/cairn/lifecycle-config-fixtures/invalid-empty-domains.ncl
PASS invalid lifecycle fixture rejected /home/brittonr/git/OnixResearch/.worktrees/trellis-fenced-attempt-20260903/cairn/lifecycle-config-fixtures/invalid-malformed-rules.ncl
PASS invalid lifecycle fixture rejected /home/brittonr/git/OnixResearch/.worktrees/trellis-fenced-attempt-20260903/cairn/lifecycle-config-fixtures/invalid-missing-project-name.ncl
PASS invalid lifecycle fixture rejected /home/brittonr/git/OnixResearch/.worktrees/trellis-fenced-attempt-20260903/cairn/lifecycle-config-fixtures/invalid-unsafe-generated-path.ncl
PASS invalid lifecycle fixture rejected /home/brittonr/git/OnixResearch/.worktrees/trellis-fenced-attempt-20260903/cairn/lifecycle-config-fixtures/invalid-unsupported-schema.ncl
PASS valid lifecycle fixture /home/brittonr/git/OnixResearch/.worktrees/trellis-fenced-attempt-20260903/cairn/lifecycle-config-fixtures/valid-minimal.ncl
lifecycle config check: PASS

=== Nickel lifecycle config checker self-test ===
warning: unknown experimental feature 'wasm-builtin'
PASS invalid lifecycle fixture rejected /home/brittonr/git/OnixResearch/.worktrees/trellis-fenced-attempt-20260903/target-test/lifecycle-config-self-test-4187434/invalid-fixture.ncl
PASS valid lifecycle fixture /home/brittonr/git/OnixResearch/.worktrees/trellis-fenced-attempt-20260903/target-test/lifecycle-config-self-test-4187434/valid-fixture.ncl
lifecycle config checker self-test: PASS

=== Crate metadata discoverability ===
warning: unknown experimental feature 'wasm-builtin'
✓ Cargo package metadata is discoverable and locally valid

=== Crate metadata checker self-test ===
warning: unknown experimental feature 'wasm-builtin'
✓ crate metadata checker self-test passed

=== README module catalog drift ===
warning: unknown experimental feature 'wasm-builtin'
✓ README module catalog covers 619 public modules (619 catalog entries, 0 exclusions)

=== README module catalog checker fixtures ===
warning: unknown experimental feature 'wasm-builtin'
✓ README module catalog covers 3 public modules (3 catalog entries, 1 exclusions)
missing README module catalog entries (1):
  - `beta`
stale README module catalog entries (1):
  - `removed`
✓ README module catalog self-test fixtures passed

=== Module guide link drift ===
warning: unknown experimental feature 'wasm-builtin'
✓ module guide links 48 public module source files

=== Module guide checker self-test ===
warning: unknown experimental feature 'wasm-builtin'
✓ module guide checker self-test passed

=== Module maturity index drift ===
warning: unknown experimental feature 'wasm-builtin'
✓ module maturity index covers 619 public modules

=== Module maturity index checker self-test ===
warning: unknown experimental feature 'wasm-builtin'
✓ module index checker self-test fixtures passed

=== Invariant surface catalog drift ===
warning: unknown experimental feature 'wasm-builtin'
✓ invariant surface catalog covers 11 required rows

=== Invariant surface catalog checker self-test ===
warning: unknown experimental feature 'wasm-builtin'
✓ invariant catalog checker self-test passed

=== Cookbook recipe metadata ===
warning: unknown experimental feature 'wasm-builtin'
✓ cookbook contains 6 recipes and 11 checked local links

=== Cookbook checker self-test ===
warning: unknown experimental feature 'wasm-builtin'
✓ cookbook checker self-test passed

=== Runnable examples docs ===
warning: unknown experimental feature 'wasm-builtin'
✓ 6 examples are linked with run commands

=== Runnable examples checker self-test ===
warning: unknown experimental feature 'wasm-builtin'
✓ examples checker self-test passed

=== Runnable proof examples ===
✓ runnable proof examples verified; negative fixture failed as expected

=== JSON artifact contract admission ===
warning: unknown experimental feature 'wasm-builtin'
PASS json artifact contract json-artifacts/proof-evidence-bundle.ncl
PASS json artifact contract json-artifacts/octet-baseline.ncl
PASS json artifact contract json-artifacts/verification-policy-generated.ncl
PASS json artifact contract json-artifacts/proof-review-policy-generated.ncl
PASS json artifact contract json-artifacts/cairn-policy-generated.ncl
PASS invalid json artifact fixture rejected /home/brittonr/git/OnixResearch/.worktrees/trellis-fenced-attempt-20260903/json-artifacts/fixtures/invalid-generated-policy-unsafe-path.ncl
PASS invalid json artifact fixture rejected /home/brittonr/git/OnixResearch/.worktrees/trellis-fenced-attempt-20260903/json-artifacts/fixtures/invalid-generated-policy-unsupported-enum.ncl
PASS invalid json artifact fixture rejected /home/brittonr/git/OnixResearch/.worktrees/trellis-fenced-attempt-20260903/json-artifacts/fixtures/invalid-octet-malformed-finding.ncl
PASS invalid json artifact fixture rejected /home/brittonr/git/OnixResearch/.worktrees/trellis-fenced-attempt-20260903/json-artifacts/fixtures/invalid-octet-unsafe-path.ncl
PASS invalid json artifact fixture rejected /home/brittonr/git/OnixResearch/.worktrees/trellis-fenced-attempt-20260903/json-artifacts/fixtures/invalid-octet-unsupported-severity.ncl
PASS invalid json artifact fixture rejected /home/brittonr/git/OnixResearch/.worktrees/trellis-fenced-attempt-20260903/json-artifacts/fixtures/invalid-proof-malformed-digest.ncl
PASS invalid json artifact fixture rejected /home/brittonr/git/OnixResearch/.worktrees/trellis-fenced-attempt-20260903/json-artifacts/fixtures/invalid-proof-missing-nonclaim.ncl
PASS invalid json artifact fixture rejected /home/brittonr/git/OnixResearch/.worktrees/trellis-fenced-attempt-20260903/json-artifacts/fixtures/invalid-proof-overbroad-claim.ncl
PASS invalid json artifact fixture rejected /home/brittonr/git/OnixResearch/.worktrees/trellis-fenced-attempt-20260903/json-artifacts/fixtures/invalid-proof-unsafe-path.ncl
PASS invalid json artifact fixture rejected /home/brittonr/git/OnixResearch/.worktrees/trellis-fenced-attempt-20260903/json-artifacts/fixtures/invalid-proof-unsupported-schema.ncl
PASS valid json artifact fixture /home/brittonr/git/OnixResearch/.worktrees/trellis-fenced-attempt-20260903/json-artifacts/fixtures/valid-generated-policy.ncl
PASS valid json artifact fixture /home/brittonr/git/OnixResearch/.worktrees/trellis-fenced-attempt-20260903/json-artifacts/fixtures/valid-octet-baseline.ncl
PASS valid json artifact fixture /home/brittonr/git/OnixResearch/.worktrees/trellis-fenced-attempt-20260903/json-artifacts/fixtures/valid-proof-evidence.ncl
json artifact contract check: PASS

=== JSON artifact contract checker self-test ===
warning: unknown experimental feature 'wasm-builtin'
PASS invalid json artifact fixture rejected /home/brittonr/git/OnixResearch/.worktrees/trellis-fenced-attempt-20260903/target-test/json-artifact-contract-self-test-4190346/invalid-fixture.ncl
PASS valid json artifact fixture /home/brittonr/git/OnixResearch/.worktrees/trellis-fenced-attempt-20260903/target-test/json-artifact-contract-self-test-4190346/valid-fixture.ncl
json artifact contract checker self-test: PASS

=== Proof evidence bundle validation ===
✓ proof evidence bundle validates 3 records

=== Proof evidence bundle self-test ===
✓ proof evidence bundle self-test fixtures passed

=== Proof evidence IR chain validation ===
✓ proof evidence IR chain validates 3 records

=== Proof evidence IR chain self-test ===
✓ proof evidence IR chain self-test fixtures passed

=== Runtime-cost evidence metadata ===
warning: unknown experimental feature 'wasm-builtin'
✓ runtime evidence contains 2 complete records

=== Runtime-cost evidence checker self-test ===
warning: unknown experimental feature 'wasm-builtin'
✓ runtime evidence checker self-test passed

=== Verified primitive manifest freshness ===
warning: unknown experimental feature 'wasm-builtin'
verified primitive manifest check passed: 4 primitives, 1 preserves envelopes, 11 fixtures checked

=== Verified primitive manifest checker self-test ===
warning: unknown experimental feature 'wasm-builtin'
verified primitive manifest check passed: 1 primitives, 1 preserves envelopes, 1 fixtures checked

=== UCAN bridge coverage ===
warning: unknown experimental feature 'wasm-builtin'
UCAN bridge coverage check passed: 2 rows, 5 fixtures checked

=== UCAN bridge coverage checker self-test ===
warning: unknown experimental feature 'wasm-builtin'
UCAN bridge coverage check passed: 1 rows, 1 fixtures checked

=== Verified-logic consumer release profile ===
warning: unknown experimental feature 'wasm-builtin'
verified-logic consumer profile passed: 39 modules, 42 artifacts, 10 fixtures

=== Verified-logic consumer release profile self-test ===
warning: unknown experimental feature 'wasm-builtin'
verified-logic consumer profile self-test passed

=== README headline metrics drift ===
warning: unknown experimental feature 'wasm-builtin'
✓ README metrics headline static counts are fresh at line 15 (619 modules, 16 trusted/proof-gap boundaries); use --full for command-backed proof/test/requirement counts

=== README headline metrics checker self-test ===
warning: unknown experimental feature 'wasm-builtin'
✓ README metrics self-test passed

=== Clippy ===
    Finished `dev` profile [unoptimized + debuginfo] target(s) in 0.11s
✓ clippy clean

=== Tests ===
   Compiling verified-logic v0.2.0 (/home/brittonr/git/OnixResearch/.worktrees/trellis-fenced-attempt-20260903)
    Finished `test` profile [unoptimized + debuginfo] target(s) in 1.96s
     Running unittests src/lib.rs (/home/brittonr/.cargo-target-autoresearch-verified-logic/debug/deps/verified_logic-bdd90455a5d0dacf)

running 5118 tests
test access_mode::tests::test_delegation_allowed ... ok
test access_mode::tests::test_full_not_le_leaf ... ok
test access_mode::tests::test_leaf_incomparable ... ok
test access_mode::tests::test_mode_le_reflexive ... ok
test access_mode::tests::test_mode_le_to_full ... ok
test access_mode::tests::test_mode_permits ... ok
test access_mode::tests::test_valid_modes ... ok
test acid::tests::test_abort_no_change ... ok
test ability_effect::tests::rejects_with_first_missing_ability ... ok
test ability_effect::tests::admits_when_all_abilities_are_provided ... ok
test ability_effect::tests::sandbox_attenuates_parent_and_bounds_computation ... ok
test ability_effect::tests::handler_removes_only_declared_available_ability ... ok
test acid::tests::test_apply_write_preserves_length ... ok
test acid::tests::test_apply_write ... ok
test acid::tests::test_commit_preserves_length ... ok
test acid::tests::test_apply_writes_batch ... ok
test acid::tests::test_disjoint_writes_commute ... ok
test acid::tests::test_wal_recover_all_committed ... ok
test acid::tests::test_unwritten_positions_unchanged ... ok
test acid::tests::test_wal_recover_mixed ... ok
test acid::tests::test_apply_writes_empty ... ok
test acid::tests::test_wal_recover_none_committed ... ok
test acid::tests::test_wal_recover_preserves_length ... ok
test acid::tests::test_writes_disjoint ... ok
test acid::tests::test_writes_disjoint_empty ... ok
test acid::tests::test_writes_not_disjoint ... ok
test algebraic_effect::tests::continuation_resume_mode_rejects_non_resumable_operations ... ok
test algebraic_effect::tests::handler_application_removes_handled_effect_from_summary_residual ... ok
test algebraic_effect::tests::handler_clause_resume_must_match_operation_resume_mode ... ok
test algebraic_effect::tests::effect_summary_admission_requires_all_effects_in_row ... ok
test algebraic_effect::tests::effect_row_admits_calls_by_effect_and_removes_handled_effects ... ok
test algebraic_effect::tests::handler_composition_unions_disjoint_same_effect_clauses ... ok
test algebraic_effect::tests::effect_summary_composition_chains_residual_rows ... ok
test algebraic_effect::tests::handler_covers_only_its_declared_effect_clauses ... ok
test algebraic_effect::tests::handler_composition_rejects_ambiguous_or_mismatched_handlers ... ok
test algebraic_effect::tests::continuation_token_is_single_use_for_matching_handler ... ok
test algebraic_effect::tests::signature_admits_declared_call_only ... ok
test algebraic_effect::tests::invocation_admission_checks_declared_arities ... ok
test algebraic_effect::tests::handler_discharges_matching_calls_and_keeps_residuals ... ok
test alloc_bitmap::tests::test_handle_roundtrip ... ok
test alloc_bitmap::tests::test_utilization ... ok
test alloc_bitmap::tests::test_is_allocated ... ok
test alloc_bitmap::tests::test_alloc_basic ... ok
test alloc_bitmap::tests::test_alloc_full ... ok
test alloc_bitmap::tests::test_double_free ... ok
test alloc_bitmap::tests::test_stale_handle ... ok
test alloc_bitmap::tests::test_free_basic ... ok
test alloc_token::tests::test_allocate ... ok
test alloc_token::tests::test_valid_states ... ok
test alloc_token::tests::test_new_token ... ok
test alloc_token::tests::test_is_live ... ok
test alloc_token::tests::test_release ... ok
test alloc_token::tests::test_full_lifecycle ... ok
test append_entries_build::tests::test_missing_prev_log_position_returns_zero_term ... ok
test append_entries_build::tests::test_is_heartbeat ... ok
test append_entries_build::tests::test_caught_up_boundary_uses_last_entry_term ... ok
test append_entries_build::tests::test_empty_log_builds_heartbeat_for_late_next_index ... ok
test append_entries_build::tests::test_build_with_max ... ok
test append_entries_build::tests::test_beyond_log_next_index_has_zero_prev_term_and_no_entries ... ok
test append_entries_build::tests::test_build_caught_up ... ok
test append_entries_build::tests::test_consistency_with_check ... ok
test append_entries_build::tests::test_minimal_consistency_boundary_uses_first_term ... ok
test append_entries_build::tests::test_build_middle ... ok
test append_entries_build::tests::test_build_first_entry ... ok
test append_entries_build::tests::test_prev_log_index_one_boundary_is_before_next ... ok
test append_entries_build::tests::test_zero_max_sends_available_but_positive_max_caps ... ok
test append_entries_check::tests::test_matching_entry ... ok
test append_entries_check::tests::test_empty_prefix ... ok
test append_entries_check::tests::test_log_too_short ... ok
test append_entries_check::tests::test_term_mismatch ... ok
test append_entries_check::tests::test_consistency_agreement ... ok
test append_response::tests::test_on_append_failure ... ok
test append_response::tests::test_classify_append_response ... ok
test append_response::tests::test_on_append_success ... ok
test access_mode::tests::prop_permits_implies_le ... ok
test access_mode::tests::prop_mode_le_reflexive ... ok
test access_mode::tests::prop_delegation_no_escalation ... ok
test access_mode::tests::prop_mode_le_antisymmetric ... ok
test access_mode::tests::prop_escalation_denies ... ok
test access_mode::tests::prop_permits_self ... ok
test access_mode::tests::prop_mode_le_transitive ... ok
test alloc_bitmap::tests::prop_handle_roundtrip ... ok
test acid::tests::prop_single_writes_commute ... ok
test append_entries_build::tests::prop_prev_log_index_before_next ... ok
test acid::tests::prop_writes_disjoint_symmetric ... ok
test append_entries_build::tests::prop_entries_bounded ... ok
test approval::tests::test_count_valid_approvals ... ok
test acid::tests::prop_wal_none_committed_is_identity ... ok
test append_entries_build::tests::prop_caught_up_heartbeat ... ok
test acid::tests::prop_wal_all_committed_equals_direct ... ok
test arena::tests::test_arena_fits ... ok
test alloc_bitmap::tests::prop_alloc_free_cycle ... ok
test approval::tests::test_is_merge_allowed ... ok
test approval::tests::test_needs_more_approvals ... ok
test append_entries_check::tests::prop_short_log_rejects ... ok
test arena::tests::test_arena_alloc ... ok
test arena::tests::test_alloc_advances_mark_edge_case ... ok
test approval::tests::test_has_stale_approvals ... ok
test arena::tests::test_arena_is_valid ... ok
test arena::tests::test_arena_reset ... ok
test arena::tests::test_arena_remaining ... ok
test arena::tests::test_collective_reset_restores_base_and_generation ... ok
test arena::tests::test_next_generation_rejects_stale_pointer ... ok
test arena::tests::test_reset_invalidates ... ok
test arena::tests::test_remaining_at_base_edge_case ... ok
test arena::tests::test_zero_fits_but_over_capacity_fails ... ok
test append_response::tests::prop_backtrack_floor ... ok
test arithmetic::tests::test_checked_mul ... ok
test arithmetic::tests::test_abs_diff ... ok
test append_entries_check::tests::prop_consistency_implies_agreement ... ok
test acid::tests::prop_commit_preserves_length ... ok
test append_entries_check::tests::prop_empty_prefix_always_passes ... ok
test arithmetic::tests::test_gcd ... ok
test arithmetic::tests::test_saturating_add ... ok
test arithmetic::tests::test_saturating_sub ... ok
test append_entries_build::tests::prop_first_entry_no_prev ... ok
test arithmetic::tests::test_div_ceil ... ok
test async_task_state::tests::completed_task_rejects_later_cancellation ... ok
test async_task_state::tests::pending_task_can_become_ready_then_cancelled ... ok
test async_task_state::tests::ready_task_can_complete_at_runtime ... ok
test async_task_state::tests::pending_task_cannot_complete_without_readiness ... ok
test append_entries_check::tests::prop_matching_entry_passes ... ok
test append_response::tests::prop_classify_exhaustive ... ok
test append_response::tests::prop_match_monotonic ... ok
test acid::tests::prop_unwritten_unchanged ... ok
test authorize::tests::test_compound_both_match ... ok
test authorize::tests::test_mode_mismatch_denies ... ok
test authorize::tests::test_optional_none_passes ... ok
test authorize::tests::test_compound_mount_mismatch ... ok
test append_response::tests::prop_next_follows_match ... ok
test authorize::tests::test_full_read_within_scope ... ok
test approval::tests::prop_ci_failed_no_merge ... ok
test authorize::tests::test_optional_some_none_blocks ... ok
test authorize::tests::test_self_variant_authorizes ... ok
test authorize::tests::test_variant_mismatch_denies ... ok
test authorize::tests::test_optional_some_some_covers ... ok
test alloc_bitmap::tests::prop_utilization_conservation ... ok
test authorize::tests::test_scope_mismatch_denies ... ok
test approval::tests::prop_needs_more_zero_iff_sufficient ... ok
test arena::tests::prop_reset_restores_capacity ... ok
test backend_codegen_trace::tests::negative::invalid_branch_target_is_rejected ... ok
test backend_codegen_trace::tests::negative::missing_local_class_is_rejected ... ok
test backend_codegen_trace::tests::negative::missing_terminator_operation_is_rejected ... ok
test backend_codegen_trace::tests::negative::duplicate_value_definition_is_rejected ... ok
test backend_codegen_trace::tests::negative::missing_block_mapping_is_rejected ... ok
test backend_codegen_trace::tests::negative::duplicate_block_assignment_is_rejected ... ok
test backend_codegen_trace::tests::negative::invalid_source_location_is_rejected ... ok
test arena::tests::prop_successive_disjoint ... ok
test backend_codegen_trace::tests::negative::out_of_range_source_block_mapping_is_rejected ... ok
test backend_codegen_trace::tests::negative::repeated_dangling_function_has_same_first_failure ... ok
test backend_codegen_trace::tests::negative::operation_kind_must_match_source_location ... ok
test backend_codegen_trace::tests::negative::undeclared_type_handle_is_rejected ... ok
test backend_codegen_trace::tests::negative::undeclared_expansion_emission_is_rejected ... ok
test backend_codegen_trace::tests::negative::unsupported_operation_is_rejected ... ok
test arena::tests::prop_stale_invalid ... ok
test append_entries_check::tests::prop_check_implies_length ... ok
test backend_codegen_trace::tests::positive::admitted_facts_export_counts_not_backend_semantics ... ok
test backend_codegen_trace::tests::positive::complete_builder_record_is_admitted ... ok
test backend_codegen_trace::tests::positive::declared_call_expansion_and_unwind_block_are_admitted ... ok
test backend_codegen_trace::tests::negative::value_use_before_definition_is_rejected ... ok
test backend_codegen_trace::tests::negative::conflicting_local_class_is_rejected ... ok
test backend_codegen_trace::tests::positive::direct_and_memory_backed_locals_are_distinct ... ok
test backend_codegen_trace::tests::positive::operand_place_rvalue_and_statement_entries_compose ... ok
test backend_frame_allocator::tests::admits_valid_local_spill_slice ... ok
test backend_frame_allocator::tests::overlap_reuse_is_rejected ... ok
test backend_frame_allocator::tests::overlapping_same_slot_slice_is_rejected ... ok
test backend_frame_allocator::tests::safe_reuse_is_admitted ... ok
test backoff::tests::test_compute_backoff ... ok
test backoff::tests::test_jitter_range ... ok
test arena::tests::prop_alloc_monotonic ... ok
test balance::tests::test_has_funds_basic ... ok
test approval::tests::prop_required_zero_ci_passed ... ok
test balance::tests::test_is_valid_amount ... ok
test balance::tests::test_credit_basic ... ok
test balance::tests::test_net_change_basic ... ok
test balance::tests::test_debit_basic ... ok
test ballot::tests::test_can_grant_vote_fresh ... ok
test arithmetic::tests::prop_div_ceil_ge_floor ... ok
test arithmetic::tests::prop_abs_diff_symmetric ... ok
test arithmetic::tests::prop_div_ceil_exact_when_divisible ... ok
test ballot::tests::test_can_grant_vote_outdated_log ... ok
test ballot::tests::test_can_grant_vote_same_term_different_candidate ... ok
test ballot::tests::test_can_grant_vote_same_term_same_candidate ... ok
test arithmetic::tests::prop_gcd_commutative ... ok
test backend_codegen_trace::tests::negative::operation_after_terminator_is_rejected ... ok
test authorize::tests::prop_mode_mismatch_denies ... ok
test ballot::tests::test_can_grant_vote_stale_term ... ok
test ballot::tests::test_grant_vote ... ok
test ballot::tests::test_has_won_election ... ok
test approval::tests::prop_model_oracle ... ok
test authorize::tests::prop_decomposition_matches ... ok
test arithmetic::tests::prop_gcd_divides ... ok
test authorize::tests::prop_variant_mismatch_denies ... ok
test barrier::tests::test_all_arrived ... ok
test arithmetic::tests::prop_saturating_sub_self_is_zero ... ok
test arithmetic::tests::prop_saturating_add_commutative ... ok
test barrier::tests::test_barrier_scenario ... ok
test barrier::tests::test_arrive ... ok
test barrier::tests::test_is_leader ... ok
test authorize::tests::prop_self_authorizes ... ok
test backoff::tests::prop_backoff_base_zero ... ok
test balance::tests::prop_credit_debit_roundtrip ... ok
test balance::tests::prop_conservation ... ok
test barrier::tests::test_remaining ... ok
test barrier::tests::test_reset ... ok
test barrier::tests::test_same_generation ... ok
test barrier::tests::test_should_release ... ok
test approval::tests::prop_count_valid_bounded ... ok
test balance::tests::prop_net_change_abs ... ok
test balance::tests::prop_credit_commutes ... ok
test balance::tests::prop_has_funds_agrees_debit ... ok
test ballot::tests::prop_stale_candidate_always_rejected ... ok
test ballot::tests::prop_single_vote_per_term ... ok
test barrier::tests::prop_reset_changes_generation ... ok
test ballot::tests::prop_election_quorum_overlap ... ok
test balance::tests::prop_debit_credit_roundtrip ... ok
test backoff::tests::prop_backoff_bounded ... ok
test batch::tests::test_check_limits ... ok
test barrier::tests::prop_reset_not_arrived ... ok
test batch::tests::test_op_size ... ok
test barrier::tests::prop_early_no_release ... ok
test backoff::tests::prop_jitter_range_valid ... ok
test beam_link::tests::test_abnormal_exit_cascades ... ok
test ballot::tests::prop_revote_idempotent ... ok
test beam_link::tests::test_link_and_unlink_are_symmetric ... ok
test beam_link::tests::test_kill_bypasses_trap_exit ... ok
test beam_link::tests::test_normal_exit_does_not_cascade ... ok
test beam_link::tests::test_repeated_link_does_not_duplicate_existing_peer ... ok
test beam_link::tests::test_inactive_dead_process_ignores_exit_signal ... ok
test barrier::tests::prop_last_arrival_releases ... ok
test batch::tests::test_flush_decision ... ok
test barrier::tests::prop_arrive_decreases_remaining ... ok
test beam_link::tests::test_unlink_removes_duplicates_and_preserves_other_links ... ok
test beam_link::tests::test_trap_exit_turns_signal_into_message ... ok
test beam_mailbox::tests::test_mailbox_fifo_append ... ok
test beam_mailbox::tests::test_selective_receive_first_match ... ok
test barrier::tests::prop_arrive_monotonic ... ok
test arithmetic::tests::prop_checked_mul_zero ... ok
test beam_monitor::tests::test_late_monitor_gets_noproc ... ok
test beam_monitor::tests::test_monitor_creation_is_watcher_owned ... ok
test approval::tests::prop_no_stale_valid_eq_approved ... ok
test beam_monitor::tests::test_demonitor_flush_removes_down ... ok
test beam_mailbox::tests::test_selective_receive_no_match_keeps_mailbox ... ok
test backoff::tests::prop_backoff_monotonic_attempt ... ok
test beam_process::tests::test_dead_process_ignores_signals ... ok
test beam_monitor::tests::test_monitor_death_delivers_down_once ... ok
test beam_process::tests::test_heap_append_and_copy_term ... ok
test barrier::tests::prop_reset_full_remaining ... ok
test beam_process::tests::test_process_lifecycle ... ok
test barrier::tests::prop_remaining_consistent ... ok
test beam_registry::tests::test_cleanup_dead_process ... ok
test beam_scheduler::tests::test_budget_exhaustion_preempts ... ok
test beam_scheduler::tests::test_priority_selection ... ok
test beam_scheduler::tests::test_runnable_process_state ... ok
test beam_registry::tests::test_cleanup_allows_reregister_same_name ... ok
test beam_registry::tests::test_unregister_name ... ok
test barrier::tests::prop_exactly_one_leader ... ok
test beam_registry::tests::test_register_and_whereis ... ok
test beam_send::tests::test_send_to_dead_process ... ok
test beam_send::tests::test_send_to_live_process ... ok
test barrier::tests::prop_same_gen_reflexive ... ok
test batch::tests::prop_op_size_ge_parts ... ok
test batch::tests::prop_immediate_mode_non_empty ... ok
test batch::tests::prop_delete_le_set ... ok
test batch::tests::prop_full_entries_exceeds ... ok
test beam_link::tests::prop_link_contains_peer ... ok
test batch::tests::prop_full_always_immediate ... ok
test bitfield::tests::test_clear_field ... ok
test bitfield::tests::test_extract_field ... ok
test bitfield::tests::test_field_mask ... ok
test bitfield::tests::test_insert_field ... ok
test bitmap::tests::test_new ... ok
test bitmap::tests::test_set_preserves_other_bits ... ok
test bitmap::tests::test_set_get ... ok
test bitmap::tests::test_clear ... ok
test bitmap::tests::test_new_exact ... ok
test bitmap::tests::test_toggle ... ok
test beam_scheduler::tests::prop_low_priority_runs_when_alone ... ok
test beam_process::tests::prop_heap_append_keeps_heap_id ... ok
test batch::tests::prop_empty_never_exceeds ... ok
test beam_process::tests::prop_copy_term_roundtrip ... ok
test beam_registry::tests::prop_register_fresh_name_pid ... ok
test beam_mailbox::tests::prop_append_keeps_previous_messages ... ok
test bitwise::tests::test_bit_at ... ok
test bitwise::tests::test_clear_bit ... ok
test beam_process::tests::prop_distinct_pids_get_distinct_heap_ids ... ok
test beam_send::tests::prop_send_either_keeps_or_grows ... ok
test beam_process::tests::prop_states_only_move_forward ... ok
test beam_mailbox::tests::prop_selective_receive_removes_one_match ... ok
test bitwise::tests::test_is_power_of_two ... ok
test bitwise::tests::test_is_sign_extended ... ok
test bitwise::tests::test_set_bit ... ok
test beam_monitor::tests::prop_demonitor_disables_monitor ... ok
test beam_scheduler::tests::prop_consumed_budget_never_negative ... ok
test bitwise::tests::test_toggle_bit ... ok
test beam_scheduler::tests::prop_max_priority_ignores_high_streak ... ok
test bitfield::tests::prop_round_trip ... ok
test bitfield::tests::prop_insert_idempotent ... ok
test bitfield::tests::prop_clear_idempotent ... ok
test block_cache::tests::test_clock_advance ... ok
test block_cache::tests::test_dirty_count ... ok
test bitwise::tests::prop_set_idempotent ... ok
test bitwise::tests::prop_sign_extended_full ... ok
test bitwise::tests::prop_clear_idempotent ... ok
test bitwise::tests::prop_sign_extended_model_oracle ... ok
test block_cache::tests::test_is_full ... ok
test block_cache::tests::test_mark_dirty ... ok
test block_cache::tests::test_insert_into_empty ... ok
test block_cache::tests::test_occupied_count ... ok
test block_cache::tests::test_write_back ... ok
test bitwise::tests::prop_power_of_two_matches_stdlib ... ok
test batch::tests::prop_batch_lifecycle ... ok
test block_cache::tests::test_dirty_ratio ... ok
test bitwise::tests::prop_set_then_read ... ok
test blocking_bounded_channel::tests::available_slot_sends_without_parking ... ok
test blocking_bounded_channel::tests::full_blocking_enters_valid_wait_backoff ... ok
test block_cache::tests::test_evict ... ok
test blocking_bounded_channel::tests::full_nonblocking_rejects_without_mutation ... ok
test blocking_bounded_channel::tests::invalid_memory_order_rejects ... ok
test bounded_interval::tests::interval_accepts_contains_and_clamps ... ok
test bounded_interval::tests::interval_rejects_inverted_and_disjoint_overlap ... ok
test bloom::tests::test_bloom_insert_query ... ok
test bitfield::tests::prop_non_interference ... ok
test bloom::tests::test_bloom_false_positive_possible ... ok
test bloom::tests::test_bloom_no_false_negative ... ok
test bitfield::tests::prop_extract_bounded ... ok
test bitwise::tests::prop_clear_then_read ... ok
test bitwise::tests::prop_sign_extended_all_ones ... ok
test bitfield::tests::prop_clear_then_extract ... ok
test bitwise::tests::prop_sign_extended_monotonic ... ok
test bounded_mpmc::tests::test_after_enqueue_dequeue ... ok
test bitwise::tests::prop_toggle_involution ... ok
test bounded_mpmc::tests::test_can_enqueue_dequeue ... ok
test bounded_mpmc::tests::test_empty_full ... ok
test bounded_mpmc::tests::test_occupancy ... ok
test bounded_mpmc::tests::test_buffer_index ... ok
test bounded_mpmc::tests::test_slot_generation ... ok
test bounded_mpmc::tests::test_remaining_capacity ... ok
test bounded_mpmc::tests::test_scenario_producer_consumer ... ok
test bitwise::tests::prop_sign_extended_zero ... ok
test bounded_peers::tests::test_collect_basic ... ok
test block_cache::proptests::prop_dirty_ratio_bounded ... ok
test bounded_peers::tests::test_collect_empty_candidates ... ok
test block_cache::proptests::prop_clock_stays_in_bounds ... ok
test bounded_peers::tests::test_collect_bounded ... ok
test bounded_peers::tests::test_collect_non_empty ... ok
test bounded_peers::tests::test_collect_self_affects_count ... ok
test bounded_peers::tests::test_collect_self_excluded ... ok
test bounded_peers::tests::test_collect_zero_max ... ok
test bounded_peers::tests::test_collect_self_only ... ok
test bounded_mpmc::tests::prop_empty_blocks_dequeue ... ok
test bounded_mpmc::tests::prop_empty_full_exclusive ... ok
test bloom::tests::prop_insert_idempotent ... ok
test bounded_mpmc::tests::prop_dequeue_decreases ... ok
test bloom::tests::prop_no_false_negatives ... ok
test bounded_mpmc::tests::prop_buffer_index_bounded ... ok
test bloom::tests::prop_empty_filter_no_match ... ok
test bloom::tests::prop_insert_monotonic ... ok
test bounded_mpmc::tests::prop_full_blocks_enqueue ... ok
test bounded_mpmc::tests::prop_capacity_conservation ... ok
test bitmap::tests::prop_toggle_involution ... ok
test bloom::tests::prop_full_filter_always_match ... ok
test bitmap::tests::prop_set_then_get ... ok
test bounded_range::tests::test_contains ... ok
test bounded_range::tests::test_is_bounded ... ok
test bounded_range::tests::test_is_empty ... ok
test bitmap::tests::prop_clear_then_get ... ok
test bounded_range::tests::test_is_unbounded ... ok
test bounded_range::tests::test_overlaps ... ok
test bounded_mpmc::tests::prop_empty_zero_occupancy ... ok
test bounded_range::tests::test_restrict ... ok
test bounds::tests::test_clamp ... ok
test bounded_mpmc::tests::prop_enqueue_increases ... ok
test bounds::tests::test_in_range ... ok
test bounded_range::tests::prop_bounded_follows_interval ... ok
test bounded_range::tests::prop_bounded_implies_nonempty ... ok
test btree_balance::tests::test_can_borrow_basic ... ok
test btree_balance::tests::test_fill_pct_basic ... ok
test bounded_peers::tests::prop_self_excluded ... ok
test bounds::tests::prop_clamp_result_in_range ... ok
test btree_balance::tests::test_is_underfull_basic ... ok
test btree_balance::tests::test_is_overfull_basic ... ok
test bounded_peers::tests::prop_order_preserved ... ok
test bounded_range::tests::prop_overlaps_symmetric ... ok
test bounded_range::tests::prop_restrict_preserves_lower ... ok
test bounded_range::tests::prop_bounded_subset_unbounded ... ok
test btree_balance::tests::test_min_keys_basic ... ok
test bounded_range::tests::prop_restrict_makes_bounded ... ok
test btree_balance::tests::test_should_merge_basic ... ok
test btree_balance::tests::test_should_split_basic ... ok
test bounded_range::tests::prop_unbounded_overlap ... ok
test bounded_peers::tests::prop_non_empty_guarantee ... ok
test bounded_range::tests::prop_unbounded_contains_all_ge ... ok
test btree_balance::tests::test_split_point_basic ... ok
test btree_balance::tests::test_split_sizes_conserve ... ok
test bounded_range::tests::prop_empty_contains_nothing ... ok
test btree_delete::tests::test_borrow_left ... ok
test bounded_range::tests::prop_empty_no_overlap ... ok
test btree_delete::tests::test_contains_key ... ok
test btree_delete::tests::test_borrow_right ... ok
test btree_delete::tests::test_delete_at ... ok
test bounded_range::tests::prop_unbounded_never_empty ... ok
test btree_delete::tests::test_delete_preserves_sorted ... ok
test bounds::tests::prop_clamp_idempotent ... ok
test bounds::tests::prop_in_range_boundaries ... ok
test btree_delete::tests::test_merge_nodes ... ok
test btree_balance::tests::prop_fill_bounded ... ok
test btree_insert::tests::test_insert_at ... ok
test btree_insert::tests::test_find_position ... ok
test bounded_range::tests::prop_restrict_is_subset ... ok
test btree_insert::tests::test_split_left_lt_right ... ok
test btree_insert::tests::test_insert_preserves_sorted ... ok
test btree_insert::tests::test_is_sorted ... ok
test bounded_peers::tests::prop_no_duplicates ... ok
test bounded_peers::tests::prop_bounded ... ok
test btree_balance::tests::prop_merge_fits ... ok
test btree_balance::tests::prop_split_conserves ... ok
test btree_balance::tests::prop_min_keys_not_underfull ... ok
test btree_delete::tests::test_find_key_position ... ok
test btree_insert::tests::test_split_node ... ok
test btree_balance::tests::prop_borrow_implies_above_min ... ok
test buddy::tests::test_block_size ... ok
test buddy::tests::test_buddy_of ... ok
test buddy::tests::test_can_coalesce ... ok
test buddy::tests::test_is_aligned_to_order ... ok
test buddy::tests::test_order_for_size ... ok
test buddy::tests::test_parent_block ... ok
test cache_coherent_memory_region::tests::exclusive_writer_remains_unique ... ok
test cache_coherent_memory_region::tests::invalid_shapes_reject_before_coherence_claim ... ok
test cache_coherent_memory_region::tests::prefetch_or_forwarding_shape_violation_rejected ... ok
test btree_balance::tests::prop_split_halves_within_capacity ... ok
test cache_coherent_memory_region::tests::second_dirty_owner_rejected ... ok
test btree_balance::tests::prop_right_ge_left ... ok
test buddy::tests::prop_buddy_differs ... ok
test buddy::tests::prop_block_size_positive ... ok
test buddy::tests::prop_buddies_same_parent ... ok
test buddy::tests::prop_block_size_doubles ... ok
test cache_hierarchy::tests::test_exclusive_capacity_equals_sum_of_levels ... ok
test cache_hierarchy::tests::test_exclusive_promote_removes_line_from_l2 ... ok
test cache_hierarchy::tests::test_non_inclusive_allows_same_line_in_both_levels ... ok
test cache_hierarchy::tests::test_exclusive_snoop_must_check_both_levels ... ok
test cache_hierarchy::tests::test_inclusive_without_back_invalidation_breaks_invariant ... ok
test cache_hierarchy::tests::test_inclusive_capacity_equals_l2_size ... ok
test cache_hierarchy::tests::test_inclusive_l2_evict_back_invalidates_l1 ... ok
test btree_insert::tests::prop_split_conserves ... ok
test cache_hierarchy::tests::test_inclusive_fill_adds_line_to_both_levels ... ok
test buddy::tests::prop_coalesce_symmetric ... ok
test cache_hierarchy::tests::test_inclusive_snoop_only_needs_l2 ... ok
test btree_delete::tests::prop_delete_preserves_sorted ... ok
test btree_delete::tests::prop_borrow_conserves ... ok
test btree_insert::tests::prop_split_left_lt_right ... ok
test buddy::tests::prop_buddy_involution ... ok
test cache_partition::tests::test_evict_from_correct_partition ... ok
test cache_partition::tests::test_resize_transfer ... ok
test cache_partition::tests::test_lookup_hit_within_partition ... ok
test cache_partition::tests::test_lookup_miss_across_partition ... ok
test cache_partition::tests::test_lookup_same_partition_hit ... ok
test cache_partition::tests::test_resize_capacity_preserved ... ok
test cache_partition::tests::test_partition_size ... ok
test cache_partition::tests::test_resize_nontransferred_unchanged ... ok
test btree_delete::tests::prop_contains_present ... ok
test btree_delete::tests::prop_merge_sorted ... ok
test cache_partition::tests::test_evict_no_victim_when_partition_empty ... ok
test cache_partition::tests::test_single_partition_lookup ... ok
test cache_prefetch::tests::test_dirty_victim_writeback_updates_memory ... ok
test cache_prefetch::tests::test_clean_victim_no_writeback ... ok
test cache_prefetch::tests::test_prefetch_read_enters_exclusive_when_line_is_private ... ok
test cache_prefetch::tests::test_prefetch_drop_is_identity ... ok
test btree_insert::tests::prop_sorted_after_sort ... ok
test btree_insert::tests::prop_insert_preserves_sorted ... ok
test btree_delete::tests::prop_not_contains_absent ... ok
test cache_prefetch::tests::test_prefetch_read_invalid_address_is_noop ... ok
test cache_prefetch::tests::test_prefetch_read_enters_shared_when_other_cache_has_copy ... ok
test cache_partition::tests::test_valid_assignment ... ok
test buddy::tests::prop_order_for_power_of_two ... ok
test cache_prefetch::tests::test_prefetch_write_enters_exclusive_and_invalidates_others ... ok
test cache_prefetch::tests::test_prefetch_write_invalid_address_is_noop ... ok
test buddy::tests::prop_zero_aligned ... ok
test buddy::tests::prop_order_covers_size ... ok
test calendar::tests::test_days_in_month ... ok
test calendar::tests::test_leap_years ... ok
test calendar::tests::test_valid_date ... ok
test buddy::tests::prop_parent_aligned ... ok
test calendar::tests::test_day_of_week ... ok
test btree_insert::tests::prop_position_in_range ... ok
test cas::tests::test_evaluate_conditions ... ok
test cas::tests::test_check_cas ... ok
test cas::tests::test_check_condition ... ok
test cache_partition::tests::prop_capacity_sum_random ... ok
test cache_hierarchy::tests::proptest_exclusive_invariant_preserved ... ok
test cache_partition::tests::prop_isolation_random ... ok
test cache_hierarchy::tests::proptest_effective_capacity_matches_policy ... ok
test cache_hierarchy::tests::proptest_inclusive_invariant_preserved ... ok
test calendar::tests::prop_days_in_month_bounded ... ok
test calendar::tests::prop_february_leap_day ... ok
test calendar::tests::prop_max_day_valid ... ok
test calendar::tests::prop_next_day_advances_weekday ... ok
test calendar::tests::prop_day_one_always_valid ... ok
test cas_loop::tests::test_aba_detection ... ok
test cas_loop::tests::test_aba_next_generation ... ok
test cas_loop::tests::test_aba_pack_unpack ... ok
test cas_loop::tests::test_attempts_remaining ... ok
test calendar::tests::prop_day_of_week_bounded ... ok
test calendar::tests::prop_leap_year_consistency ... ok
test cache_prefetch::tests::prop_replacement_changes_only_victim_slot ... ok
test cache_prefetch::tests::prop_bus_actions_are_valid ... ok
test cas::tests::prop_exists_complement ... ok
test cas_loop::tests::test_cas_result_failure ... ok
test cas::tests::prop_cas_reflexive ... ok
test causal_order::tests::test_causally_ready ... ok
test causal_order::tests::test_consistent_cut ... ok
test cas_loop::tests::test_cas_succeeds ... ok
test cache_partition::tests::prop_resize_preserves_capacity_and_isolation ... ok
test cas::tests::prop_evaluate_all_key_exists ... ok
test cas_loop::tests::test_scenario_cas_retry_loop ... ok
test causal_order::tests::test_cut_join ... ok
test cas_loop::tests::test_should_retry ... ok
test cas_loop::tests::test_cas_result_success ... ok
test bitmap::tests::prop_model_oracle ... ok
test cas_loop::tests::prop_aba_distinguishes ... ok
test chain::tests::test_agreement_matching_chains ... ok
test cas_loop::tests::prop_cas_match_succeeds ... ok
test chain::tests::test_append_preserves ... ok
test cas_loop::tests::prop_aba_value_roundtrip ... ok
test chain::tests::test_blake3_runtime_hash_matches_documented_layout ... ok
test chain::tests::test_chain_hash_domain_is_separated ... ok
test chain::tests::test_chain_valid ... ok
test cas_loop::tests::prop_success_stops_retry ... ok
test cas_loop::tests::prop_max_attempts_stops ... ok
test chain::tests::test_compact_history_overlay_uses_base_chain_tip ... ok
test chain::tests::test_corruption_detected ... ok
test cas_loop::tests::prop_cas_mismatch_fails ... ok
test chain::tests::test_empty_chain_valid ... ok
test chain::tests::test_compact_history_membership_and_range_anchor_to_base_chain ... ok
test chain::tests::test_hash_deterministic ... ok
test chain::tests::test_log_shape_accepts_contiguous_nondecreasing_terms ... ok
test chain::tests::test_collision_free_different_inputs ... ok
test chain::tests::test_log_shape_rejects_index_gap ... ok
test cas::tests::prop_evaluate_model_oracle ... ok
test chain::tests::test_log_shape_rejects_term_regression ... ok
test chain::tests::test_single_entry_valid ... ok
test chain::tests::test_divergence_propagates ... ok
test cas_loop::tests::prop_aba_generation_roundtrip ... ok
test chain::tests::test_tamper_classification_inputs_change_hashes ... ok
test cas::tests::prop_cas_presence_mismatch ... ok
test chaoscontrol_coverage::tests::test_new_bitmap_is_zeroed ... ok
test chaoscontrol_coverage::tests::test_hit_saturates ... ok
test causal_order::tests::prop_cut_join_idempotent ... ok
test causal_order::tests::prop_ready_sender_one_ahead ... ok
test chaoscontrol_coverage::tests::test_region_boundaries ... ok
test chaoscontrol_coverage::tests::test_classify_buckets ... ok
test chaoscontrol_fault_schedule::tests::test_drain_cursor_monotone ... ok
test chaoscontrol_fault_schedule::tests::test_drain_due_basic ... ok
test chaoscontrol_fault_schedule::tests::test_drain_due_all ... ok
test chaoscontrol_fault_schedule::tests::test_drain_due_no_redelivery ... ok
test chaoscontrol_fault_schedule::tests::test_drain_due_none ... ok
test chaoscontrol_fault_schedule::tests::test_subset_basic ... ok
test chaoscontrol_fault_schedule::tests::test_empty_schedule ... ok
test chaoscontrol_fault_schedule::tests::test_subset_out_of_bounds ... ok
test chaoscontrol_fault_state::tests::test_all_alive_no_partitions ... ok
test causal_order::tests::prop_cut_join_commutative ... ok
test chaoscontrol_fault_schedule::tests::test_subset_dedup ... ok
test chaoscontrol_fault_state::tests::test_bidirectional_pair ... ok
test chaoscontrol_fault_state::tests::test_minority_alive ... ok
test chaoscontrol_fault_state::tests::test_majority_but_all_partitioned ... ok
test chaoscontrol_fault_state::tests::test_not_all_alive_not_healthy ... ok
test chaoscontrol_fault_schedule::tests::test_subset_empty ... ok
test chaoscontrol_coverage::tests::test_new_edge_count ... ok
test chaoscontrol_fault_state::tests::test_partition_count ... ok
test chaoscontrol_input_tree::tests::test_budget_prefix ... ok
test chaoscontrol_input_tree::tests::test_empty_batch ... ok
test chaoscontrol_input_tree::tests::test_higher_score_emitted_first ... ok
test chaoscontrol_input_tree::tests::test_lex_tie_break ... ok
test chaoscontrol_input_tree::tests::test_normalize_rejects_duplicate_ids ... ok
test chaoscontrol_frontier::tests::test_greedy_selects_highest ... ok
test chaoscontrol_input_tree::tests::test_normalize_sorts_by_score ... ok
test chain::tests::prop_hash_deterministic ... ok
test chaoscontrol_frontier::tests::test_decay_after_reselection ... ok
test chaoscontrol_frontier::tests::test_single_entry ... ok
test chaoscontrol_input_tree::tests::test_original_excluded ... ok
test chaoscontrol_coverage::tests::test_merge_pointwise_max ... ok
test chaoscontrol_input_tree::tests::test_score_ordering ... ok
test chaoscontrol_input_tree::tests::test_valid_choice ... ok
test chaoscontrol_frontier::tests::test_greedy_tie_lowest_index ... ok
test chaoscontrol_frontier::tests::test_score_ge_basic ... ok
test chaoscontrol_oracle::tests::test_always_fail_unhit ... ok
test chaoscontrol_oracle::tests::test_always_fail_on_false ... ok
test chaoscontrol_oracle::tests::test_invalid_reachable_shape_rejected ... ok
test chaoscontrol_oracle::tests::test_invalid_unreachable_shape_rejected ... ok
test chaoscontrol_oracle::tests::test_always_pass ... ok
test chaoscontrol_oracle::tests::test_reachable_fail ... ok
test chaoscontrol_oracle::tests::test_reachable_pass ... ok
test chaoscontrol_oracle::tests::test_invalid_record_rejected ... ok
test chaoscontrol_oracle::tests::test_sometimes_fail_no_true ... ok
test chaoscontrol_oracle::tests::test_unreachable_fail ... ok
test chaoscontrol_oracle::tests::test_unreachable_pass ... ok
test chaoscontrol_oracle::tests::test_sometimes_pass ... ok
test chaoscontrol_scheduler::tests::test_apply_variant_resets ... ok
test chaoscontrol_scheduler::tests::test_apply_variant_strategy_override ... ok
test chaoscontrol_coverage::tests::test_record_hit_isolation ... ok
test chaoscontrol_scheduler::tests::test_constructor_canonicalizes ... ok
test chaoscontrol_exploration_core::tests::oracle_violation_rejects_without_mutating_core_or_branch ... ok
test chaoscontrol_scheduler::tests::test_early_advance ... ok
test chain::tests::prop_single_entry_valid ... ok
test chaoscontrol_scheduler::tests::test_fingerprint_changes_on_advance ... ok
test chaoscontrol_coverage::tests::test_new_edge_excludes_already_global ... ok
test chaoscontrol_scheduler::tests::test_fingerprint_reproducible ... ok
test chaoscontrol_scheduler::tests::test_randomized_advance ... ok
test chaoscontrol_scheduler::tests::test_randomized_degenerate ... ok
test chaoscontrol_scheduler::tests::test_round_robin_advance ... ok
test chaoscontrol_scheduler::tests::test_round_robin_wraps ... ok
test chaoscontrol_scheduler::tests::test_single_vcpu_tick_noop ... ok
test chaoscontrol_scheduler::tests::test_smp_countdown ... ok
test check_quorum::tests::test_count_recent_contacts ... ok
test check_quorum::tests::test_has_recent_contact ... ok
test check_quorum::tests::test_should_step_down ... ok
test check_quorum::tests::test_singleton_never_steps_down ... ok
test choreography_global::tests::test_comm_parts_exact ... ok
test choreography_global::tests::test_duplicate_labels_rejected ... ok
test choreography_global::tests::test_participants_exact ... ok
test choreography_global::tests::test_payload_tag_keeps_full_raw_domain_and_alias_scope ... ok
test choreography_global::tests::test_self_send_rejected ... ok
test choreography_local::tests::test_conflicting_heads_fail_merge ... ok
test choreography_local::tests::test_decider_recvs_form_offer ... ok
test choreography_local::tests::test_mismatched_payload_tags_fail_merge ... ok
test choreography_local::tests::test_identical_prefix_merge ... ok
test choreography_local::tests::test_offer_union_preserves_shared_and_unshared_labels ... ok
test choreography_local::tests::test_owned_transfer_direction_and_payload_mismatches_fail_merge ... ok
test choreography_local::tests::test_owned_transfer_heads_merge_only_on_exact_identity ... ok
test cas_loop::tests::prop_remaining_decreases ... ok
test choreography_ownership::tests::admits_empty_ownership ... ok
test choreography_ownership::tests::admits_normalized_unique_ownership ... ok
test choreography_ownership::tests::rejects_duplicate_and_out_of_order_values ... ok
test choreography_projection::tests::test_decider_projection ... ok
test choreography_projection::tests::test_nondecider_offer_uses_outer_choice_labels ... ok
test choreography_projection::tests::test_non_projectable_branch_conflict ... ok
test choreography_ownership::tests::supports_chained_and_return_transfers ... ok
test choreography_ownership::tests::transfer_changes_only_selected_owner ... ok
test choreography_ownership::tests::rejects_missing_self_wrong_and_stale_sources ... ok
test choreography_projection::tests::test_owned_self_transfer_is_not_projectable ... ok
test choreography_projection::tests::test_nonparticipant_projects_to_end ... ok
test chain::tests::prop_prefix_valid ... ok
test choreography_step::tests::test_global_choice_step ... ok
test choreography_projection::tests::test_projectable_common_behavior ... ok
test choreography_projection::tests::test_receiver_projection ... ok
test choreography_projection::tests::test_sender_projection ... ok
test choreography_step::tests::test_comm_projection_continuations ... ok
test choreography_step::tests::test_choice_alignment_under_common_prefix ... ok
test choreography_step::tests::test_choice_head_steps ... ok
test chaoscontrol_exploration_core::tests::deterministic_covered_step_is_accepted_and_accounted ... ok
test choreography_projection::tests::test_owned_transfer_projection_is_exact_for_all_roles ... ok
test choreography_step::tests::test_local_head_steps ... ok
test choreography_step::tests::test_outer_choice_label_drives_offer_step ... ok
test choreography_step::tests::test_global_comm_step ... ok
test chunk::tests::test_chunk_index_for_offset ... ok
test choreography_step::tests::test_owned_transfer_local_heads_reach_projected_continuations ... ok
test choreography_step::tests::test_owned_transfer_step_updates_owner_and_rejects_stale_source ... ok
test chunk::tests::test_chunk_offset ... ok
test chunk::tests::test_chunk_size_at ... ok
test chain::tests::prop_divergence_propagates ... ok
test chunk::tests::test_offset_decomposition ... ok
test chunk::tests::test_offset_within_chunk ... ok
test acid::tests::prop_acid_model_oracle ... ok
test chunk::tests::test_chunk_count_ceil ... ok
test chain::tests::prop_corruption_detected ... ok
test check_quorum::tests::prop_count_recent_bounded ... ok
test check_quorum::tests::prop_full_cluster_stable ... ok
test check_quorum::tests::prop_step_down_boundary ... ok
test check_quorum::tests::prop_current_contact_recent ... ok
test check_quorum::tests::prop_expired_contact_not_recent ... ok
test circuit_breaker::tests::test_allow_request ... ok
test circuit_breaker::tests::test_next_state_transitions ... ok
test client_routing::tests::test_is_leader_stale ... ok
test circuit_breaker::tests::test_valid_state ... ok
test client_routing::tests::test_route_read_request ... ok
test client_routing::tests::test_route_client_request ... ok
test client_routing::tests::test_should_accept ... ok
test choreography_local::tests::prop_offer_labels_stay_sorted ... ok
test client_routing::tests::test_should_redirect ... ok
test cache_prefetch::tests::prop_prefetch_drop_preserves_arch ... ok
test choreography_ownership::tests::prop_transfer_matches_pointwise_oracle ... ok
test chunk::tests::prop_valid_offset_in_bounds ... ok
test check_quorum::tests::prop_partitioned_steps_down ... ok
test chunk::tests::prop_chunk_count_zero_total ... ok
test chain::tests::prop_build_chain_valid ... ok
test chunk::tests::prop_offset_decomposition_roundtrip ... ok
test chunk::tests::prop_chunk_size_at_bounds ... ok
test chunk::tests::prop_chunk_count_ceil_vs_floor ... ok
test client_session::tests::test_classify_command ... ok
test client_session::tests::test_is_duplicate ... ok
test client_session::tests::test_is_next_in_sequence ... ok
test client_session::tests::test_new_session ... ok
test client_session::tests::test_sequential_commands ... ok
test client_session::tests::test_update_session ... ok
test client_session::tests::test_session_expired ... ok
test circuit_breaker::tests::prop_next_state_always_valid ... ok
test circuit_breaker::tests::prop_open_always_blocks ... ok
test coalesce_policy::tests::test_deferred ... ok
test coalesce_policy::tests::test_queue_add ... ok
test coalesce_policy::tests::test_immediate ... ok
test chain::tests::prop_agreement_identical_inputs ... ok
test circuit_breaker::tests::prop_closed_always_allows ... ok
test circuit_breaker::tests::prop_closed_stays_below_threshold ... ok
test client_routing::tests::prop_route_exhaustive ... ok
test client_routing::tests::prop_same_term_not_stale ... ok
test cache_prefetch::tests::prop_prefetch_write_preserves_arch ... ok
test client_routing::tests::prop_stale_reads_always_accepted ... ok
test client_routing::tests::prop_accept_matches_should_accept ... ok
test client_routing::tests::prop_only_leader_accepts ... ok
test collections::tests::test_binary_search ... ok
test collections::tests::test_count_matches ... ok
test collections::tests::test_find_first ... ok
test cache_prefetch::tests::prop_prefetch_read_preserves_arch ... ok
test client_session::tests::prop_classify_duplicate_agrees ... ok
test collections::tests::test_is_partitioned ... ok
test collections::tests::test_merge_sorted ... ok
test collections::tests::test_sorted_insert ... ok
test client_session::tests::prop_current_activity_not_expired ... ok
test client_session::tests::prop_update_makes_old_duplicate ... ok
test client_session::tests::prop_classify_exhaustive ... ok
test client_session::tests::prop_duplicate_iff_leq ... ok
test coalesce_policy::tests::prop_deferred_zero_eq_immediate ... ok
test coalesce_policy::tests::prop_immediate_subsumes_deferred ... ok
test commit_advance::tests::test_advance_commit_index ... ok
test client_session::tests::prop_next_then_duplicate_after_update ... ok
test coalesce_policy::tests::prop_coalesce_conserves ... ok
test commit_advance::tests::test_advance_commit_monotonic ... ok
test commit_advance::tests::test_advance_no_current_term_entries ... ok
test commit_advance::tests::test_can_commit_at ... ok
test commit_advance::tests::test_advance_empty_log ... ok
test commit_advance::tests::test_committed_prefix ... ok
test commit_advance::tests::test_has_quorum_at ... ok
test commit_notify::tests::test_count_ready_proposals ... ok
test commit_notify::tests::test_newly_committed_count ... ok
test commit_notify::tests::test_is_newly_committed ... ok
test commit_notify::tests::test_proposal_status ... ok
test commit_advance::tests::prop_quorum_at_model ... ok
test commit_notify::tests::test_should_notify ... ok
test circuit_breaker::tests::prop_state_machine_walk ... ok
test collections::tests::prop_find_first_is_first ... ok
test commit_advance::tests::prop_advance_model_oracle ... ok
test collections::tests::prop_count_matches_bounded ... ok
test collections::tests::prop_count_matches_correct ... ok
test compaction_fence::tests::test_is_safe_to_compact ... ok
test commit_advance::tests::prop_noop_advance_is_identity ... ok
test compaction_fence::tests::test_safe_compact_index ... ok
test compaction_fence::tests::test_min_active_next_all_snapshot ... ok
test commit_advance::tests::prop_advance_monotonic ... ok
test compaction_fence::tests::test_min_active_next ... ok
test compaction_fence::tests::test_needs_snapshot_switch ... ok
test collections::tests::prop_binary_search_none_means_absent ... ok
test composite_receipt_envelope::tests::out_of_window_result_is_rejected ... ok
test composite_receipt_envelope::tests::dangling_artifact_reference_is_rejected ... ok
test composite_receipt_envelope::tests::well_formed_receipt_is_admitted ... ok
test commit_advance::tests::prop_advance_never_decreases ... ok
test commit_notify::tests::prop_status_valid ... ok
test composite_outcome::tests::outcome_codes_are_stable ... ok
test collections::tests::prop_binary_search_found_valid ... ok
test commit_notify::tests::prop_notify_iff_count ... ok
test commit_advance::tests::prop_term_guard_blocks_prior ... ok
test commit_notify::tests::prop_count_nonneg ... ok
test commit_notify::tests::prop_committed_wins ... ok
test collections::tests::prop_sorted_insert_contains_value ... ok
test collections::tests::prop_merge_sorted_is_sorted ... ok
test collections::tests::prop_merge_sorted_length ... ok
test config_admission::tests::admission_requires_all_checks_runtime ... ok
test config_change::tests::test_can_leave_joint ... ok
test config_change::tests::test_can_start_config_change ... ok
test config_change::tests::test_config_for_quorum ... ok
test collections::tests::prop_sorted_insert_length ... ok
test compaction_fence::tests::prop_needs_snapshot_agrees ... ok
test compaction_fence::tests::prop_safe_index_le_desired ... ok
test compaction_fence::tests::prop_safe_index_never_exceeds_applied ... ok
test compaction_fence::tests::prop_safe_compact_monotonic ... ok
test config_change::tests::test_enter_leave_joint ... ok
test config_change::tests::test_full_lifecycle ... ok
test config_change::tests::test_leader_in_new_config ... ok
test config_default::tests::default_requires_key_and_value ... ok
test config_key::tests::key_membership_is_finite ... ok
test config_change::tests::test_should_leader_step_down ... ok
test collections::tests::prop_sorted_insert_preserves_sorted ... ok
test config_override_precedence::tests::precedence_selects_highest_unique ... ok
test config_typed_value::tests::typed_value_rejects_mismatch ... ok
test config_validation_decision::tests::rejection_reason_is_explicit ... ok
test consensus_path::tests::test_append_preserves_invariant ... ok
test consensus_path::tests::test_appended_entry_committable ... ok
test collections::tests::prop_merge_sorted_contains_all ... ok
test compaction_fence::tests::prop_safe_index_is_safe ... ok
test consensus_path::tests::test_write_path_scenario ... ok
test consensus_path::tests::test_follower_commit_bounded ... ok
test consensus_path::tests::test_applied_bounded ... ok
test consensus_path::tests::test_read_path_scenario ... ok
test consensus_path::tests::test_write_then_read ... ok
test consistency_history::tests::test_same_transaction ... ok
test consistency_history::tests::test_history_well_formed ... ok
test consistency_history::tests::test_same_session ... ok
test concurrent_composition::tests::prop_ticket_monotonic ... ok
test consistency_history::tests::test_complete_op ... ok
test consistency_history::tests::test_same_object ... ok
test concurrent_composition::tests::prop_cas_aba_detection ... ok
test concurrent_composition::tests::prop_cas_aba_roundtrip ... ok
test concurrent_composition::tests::prop_seqlock_write_versions_increase ... ok
test concurrent_composition::tests::prop_mpmc_enqueue_dequeue_balanced ... ok
test concurrent_composition::tests::prop_rwlock_write_exclusive ... ok
test consistency_object::tests::test_linearizability_rejects_realtime_inversion_but_sc_accepts_it ... ok
test consistency_object::tests::test_linearizability_accepts_realtime_ordered_history ... ok
test consistency_history::tests::test_valid_kinds ... ok
test concurrent_composition::tests::prop_hp_rcu_reclamation_agreement ... ok
test consistency_object::tests::test_sequential_consistency_accepts_program_ordered_history ... ok
test consistency_object::tests::test_sequential_consistency_rejects_program_order_inversion ... ok
test consistency_object::tests::test_sequential_witness_accepts_shared_history ... ok
test consistency_object::tests::test_sequential_witness_rejects_non_object_op ... ok
test consistency_refinement::tests::test_availability_classes_match_spec ... ok
test consistency_refinement::tests::test_object_history_distinguishes_linearizable_from_sequential ... ok
test consistency_refinement::tests::test_transactional_hierarchy_edges_have_runtime_representatives ... ok
test consistency_refinement::tests::test_session_hierarchy_distinguishes_causal_from_pram ... ok
test consistency_relations::tests::test_arbitration ... ok
test collections::tests::prop_sorted_is_partitioned ... ok
test consistency_relations::tests::test_happens_before_edge ... ok
test consistency_relations::tests::test_realtime_order ... ok
test consistency_relations::tests::test_session_order ... ok
test consistency_transactional::tests::test_first_committer_wins_blocks_conflicting_overlap ... ok
test consistency_transactional::tests::test_read_committed_adds_dirty_read_protection ... ok
test consistency_relations::tests::test_visibility ... ok
test consistency_relations::tests::test_write_conflict ... ok
test config_change::tests::prop_committed_can_leave ... ok
test consistency_transactional::tests::test_read_uncommitted_tracks_dirty_writes ... ok
test consistency_session::tests::test_causal_consistency_extends_pram ... ok
test consistency_transactional::tests::test_snapshot_isolation_allows_write_skew_shape ... ok
test consistency_transactional::tests::test_repeatable_read_allows_phantoms ... ok
test consistency_session::tests::test_causal_dependency_uses_vector_clocks ... ok
test consistency_session::tests::test_causal_ready_reuses_causal_delivery ... ok
test consistency_session::tests::test_pram_is_session_bundle ... ok
test consistency_transactional::tests::test_dependency_graph_acyclic ... ok
test compaction_fence::tests::prop_is_safe_compact_iff_strict_less ... ok
test config_change::tests::prop_no_change_during_joint ... ok
test config_change::tests::prop_valid_phase ... ok
test config_change::tests::prop_leader_in_config ... ok
test config_change::tests::prop_uncommitted_cannot_leave ... ok
test consistency_session::tests::test_read_your_writes ... ok
test choreography_global::tests::prop_participants_match_bruteforce ... ok
test consistency_transactional::tests::test_strict_serializability_strengthens_serializability ... ok
test consistent_hash::tests::test_lookup_basic ... ok
test consistent_hash::tests::test_single_node ... ok
test concurrent_composition::tests::prop_seqlock_concurrent_read_detected ... ok
test consistent_snapshot::tests::test_cut_join ... ok
test consistent_snapshot::tests::test_cut_le ... ok
test consistent_snapshot::tests::test_cut_meet ... ok
test consistent_snapshot::tests::test_message_consistent ... ok
test consistent_snapshot::tests::test_valid_cut ... ok
test consensus_path::tests::prop_write_then_read ... ok
test constant_folding::tests::test_constprop_straight_line_reaches_fixed_point ... ok
test constant_folding::tests::test_constprop_branch_merge_conflict_becomes_bottom ... ok
test consensus_path::tests::prop_applied_bounded ... ok
test constant_folding::tests::test_lattice_order_and_meet ... ok
test constant_folding::tests::test_transfer_copy_and_binary ... ok
test consensus_path::tests::prop_append_preserves ... ok
test consensus_path::tests::prop_follower_commit_bounded ... ok
test constant_folding::tests::test_transfer_no_def_or_malformed ... ok
test constant_time_eq::tests::test_different ... ok
test constant_time_eq::tests::test_equal ... ok
test concurrent_composition::tests::prop_2pl_lock_ordering ... ok
test constraint_domain::tests::finite_domain_membership ... ok
test constraint_propagation::tests::propagation_requires_subset ... ok
test constraint_relation::tests::relation_checks_tuple_arity_and_table ... ok
test constraint_assignment::tests::assignment_value_must_be_in_domain ... ok
test constraint_consistency::tests::local_consistency_checks_relation_tuple ... ok
test constraint_variable::tests::variable_references_declared_domain ... ok
test constraint_admission::tests::admission_rejects_any_bad_component ... ok
test constant_folding::tests::test_fold_expr_known_ops ... ok
test constant_time_eq::tests::test_single_bit_difference ... ok
test containment::tests::test_optional_parent_none ... ok
test constraint_witness::tests::witness_matches_consistency ... ok
test choreography_global::tests::prop_duplicate_adjacent_label_choice_rejected ... ok
test containment::tests::test_optional_parent_some_child_none ... ok
test containment::tests::test_scope_widening_denied ... ok
test containment::tests::test_attenuation ... ok
test containment::tests::test_compound_mount_mismatch ... ok
test containment::tests::test_compound_narrowing ... ok
test containment::tests::test_mode_escalation_denied ... ok
test content_addressed_code::tests::dependency_change_distinguishes_identity_input ... ok
test containment::tests::test_self_contained ... ok
test content_addressed_code::tests::dependency_closure_reports_first_missing_hash ... ok
test containment::tests::test_variant_escalation_denied ... ok
test content_addressed_code::tests::recursive_group_requires_sorted_members_and_in_bounds_refs ... ok
test content_addressed_code::tests::name_changes_do_not_affect_definition_identity ... ok
test control_actuator_saturation::tests::control_actuator_clamps ... ok
test control_deadband::tests::control_deadband_inclusive ... ok
test control_flow_graph::tests::test_check_well_formed ... ok
test control_flow_graph::tests::test_build_edges ... ok
test control_flow_graph::tests::test_build_blocks_partition ... ok
test control_error_signal::tests::control_error_signal_bounds_delta ... ok
test consensus_path::tests::prop_appended_committable ... ok
test control_flow_graph::tests::test_identify_leaders ... ok
test control_flow_graph::tests::test_find_dead_blocks ... ok
test control_flow_graph::tests::test_entry_block ... ok
test control_hysteresis::tests::control_hysteresis_transitions ... ok
test control_flow_graph::tests::test_validate_program_rejects_entry_target ... ok
test control_rate_limit::tests::control_rate_limits_steps ... ok
test consistent_hash::tests::prop_single_node_always_returns_it ... ok
test consistent_snapshot::tests::prop_max_cut_always_consistent ... ok
test control_flow_graph::tests::test_exit_block ... ok
test consistent_snapshot::tests::prop_cut_le_reflexive ... ok
test consistent_snapshot::tests::prop_join_dominates ... ok
test constant_folding::tests::prop_fold_matches_runtime ... ok
test control_safety_envelope::tests::control_safety_guard_checks_bounds ... ok
test consistent_hash::tests::prop_result_is_ring_member ... ok
test control_setpoint::tests::control_setpoint_accepts_and_rejects ... ok
test consistent_hash::tests::prop_complete_coverage ... ok
test constant_time_eq::tests::prop_reflexive ... ok
test consistent_hash::tests::prop_deterministic ... ok
test containment::tests::prop_no_mode_escalation ... ok
test containment::tests::prop_self_contained ... ok
test conversion::tests::test_narrow_u16 ... ok
test conversion::tests::test_narrow_u32 ... ok
test conversion::tests::test_signed_to_unsigned ... ok
test conversion::tests::test_narrow_u8 ... ok
test conversion::tests::test_unsigned_to_signed ... ok
test containment::tests::prop_decomposition ... ok
test containment::tests::prop_transitive ... ok
test cost_tracker::tests::test_accumulate_overflow ... ok
test cost_tracker::tests::test_accumulate_normal ... ok
test cost_tracker::tests::test_accumulate_zero ... ok
test cost_tracker::tests::test_budget_exceeded ... ok
test consistent_snapshot::tests::prop_meet_commutative ... ok
test consistent_snapshot::tests::prop_join_commutative ... ok
test cost_tracker::tests::test_budget_no_limits ... ok
test cost_tracker::tests::test_budget_ok_both_limits ... ok
test cost_tracker::tests::test_budget_only_hard_exceeded ... ok
test cost_tracker::tests::test_budget_only_hard_ok ... ok
test cost_tracker::tests::test_budget_only_soft_ok ... ok
test constant_time_eq::tests::prop_any_single_diff_detected ... ok
test conversion::tests::prop_narrow_u16_roundtrip ... ok
test conversion::tests::prop_narrow_chain ... ok
test conversion::tests::prop_narrow_u16_preserves ... ok
test conversion::tests::prop_narrow_u32_preserves ... ok
test cost_tracker::tests::test_budget_only_soft_warning ... ok
test cost_tracker::tests::test_budget_warning ... ok
test cost_tracker::tests::test_complexity_score_basic ... ok
test cost_tracker::tests::test_complexity_score_overflow ... ok
test cost_tracker::tests::test_complexity_score_zero ... ok
test cost_tracker::tests::test_complexity_score_with_tools ... ok
test cost_tracker::tests::test_compute_cost_one_mtok ... ok
test cost_tracker::tests::test_compute_cost_overflow ... ok
test cost_tracker::tests::test_compute_cost_small ... ok
test cost_tracker::tests::test_compute_cost_zero_tokens ... ok
test cost_tracker::tests::test_crosses_threshold_already_crossed ... ok
test cost_tracker::tests::test_crosses_threshold_fires ... ok
test cost_tracker::tests::test_crosses_threshold_exact_boundary ... ok
test cost_tracker::tests::test_crosses_threshold_not_reached ... ok
test cost_tracker::tests::test_hard_budget_overrides ... ok
test cost_tracker::tests::test_hint_overrides_score ... ok
test conversion::tests::prop_narrow_u32_roundtrip ... ok
test constant_time_eq::tests::prop_agrees_with_equality ... ok
test cost_tracker::tests::test_compute_cost_zero_price ... ok
test cost_tracker::tests::test_milestone_count_exact_boundary ... ok
test cost_tracker::tests::test_milestone_count_same ... ok
test cost_tracker::tests::test_milestone_count_three ... ok
test cost_tracker::tests::test_score_high ... ok
test cost_tracker::tests::test_score_low ... ok
test cost_tracker::tests::test_score_middle ... ok
test cost_tracker::tests::test_milestone_count_zero ... ok
test cost_tracker::tests::test_soft_budget_demotes ... ok
test conversion::tests::prop_unsigned_signed_roundtrip ... ok
test conversion::tests::prop_narrow_u8_roundtrip ... ok
test cost_tracker::proptests::prop_accumulate_monotonic ... ok
test cow::tests::test_cow_reader_value ... ok
test cow::tests::test_cow_writer_value ... ok
test cow::tests::test_can_reclaim ... ok
test cost_tracker::proptests::prop_soft_never_promotes ... ok
test conversion::tests::prop_narrow_u8_preserves ... ok
test conversion::tests::prop_signed_unsigned_roundtrip ... ok
test cow::tests::test_ref_count_after_drop ... ok
test cow::tests::test_ref_count_after_clone ... ok
test cow::tests::test_is_exclusive ... ok
test cost_tracker::proptests::prop_cost_non_negative ... ok
test constant_time_eq::tests::prop_symmetric ... ok
test cost_tracker::proptests::prop_threshold_at_most_once ... ok
test crash_safe_page_cache::tests::valid_prefix_recovery_is_accepted ... ok
test cost_tracker::proptests::prop_milestone_monotonic ... ok
test control_flow_graph::tests::prop_edges_match_manual ... ok
test cow::tests::test_should_copy ... ok
test crash_safe_page_cache::tests::invalid_checkpoint_rejects_without_mutation_authority ... ok
test control_flow_graph::tests::prop_blocks_cover_all_instrs ... ok
test control_flow_graph::tests::prop_reachability_matches_manual ... ok
test crash_safe_page_cache::tests::invalid_suffix_is_ignored_by_prefix_end ... ok
test crdt::tests::test_g_counter_increment ... ok
test crdt::tests::test_g_counter_merge ... ok
test crdt::tests::test_g_counter_value ... ok
test crdt::tests::test_lww_merge ... ok
test crdt::tests::test_pn_counter_merge ... ok
test constant_folding::tests::prop_meet_commutative_and_associative ... ok
test cron_field::tests::test_match_field ... ok
test cron_field::tests::test_first_match ... ok
test cron_field::tests::test_valid_field ... ok
test cron_match::tests::test_dow_derived_from_date ... ok
test cron_match::tests::test_matches_schedule_all_wildcards ... ok
test cron_match::tests::test_matches_schedule_dow_mismatch ... ok
test cron_match::tests::test_matches_schedule_minute_mismatch ... ok
test cron_match::tests::test_matches_schedule_specific ... ok
test cron_match::tests::test_valid_schedule ... ok
test cost_tracker::proptests::prop_budget_status_monotone ... ok
test cow::tests::prop_clone_drop_roundtrip ... ok
test cow::tests::prop_states_mutually_exclusive ... ok
test cow::tests::prop_write_same_is_noop ... ok
test cow::tests::prop_lifecycle_to_reclaim ... ok
test cow::tests::prop_exclusive_vs_shared ... ok
test cron_next::tests::test_next_every_minute ... ok
test cow::tests::prop_shared_readers_see_old ... ok
test cow::tests::prop_drop_clone_roundtrip ... ok
test cron_next::tests::test_next_feb29 ... ok
test cron_next::tests::test_next_month_rollover ... ok
test cron_next::tests::test_next_step_minute ... ok
test cow::tests::prop_clone_non_decreasing ... ok
test cron_next::tests::test_next_hour_rollover ... ok
test cron_next::tests::test_next_unsatisfiable ... ok
test cron_next::tests::test_next_weekly_monday ... ok
test cow::tests::prop_clone_exclusive_becomes_shared ... ok
test cow::tests::prop_drop_non_increasing ... ok
test cron_next::tests::test_timestamp_lt ... ok
test cryptoshedding::tests::recoverable_full_chain_present ... ok
test cow::tests::prop_writer_always_sees_new ... ok
test cryptoshedding::tests::on_chain_branching_forest ... ok
test cryptoshedding::tests::on_chain_linear_chain ... ok
test cryptoshedding::tests::recoverable_intermediate_missing ... ok
test cryptoshedding::tests::recoverable_leaf_missing ... ok
test cryptoshedding::tests::rotate_cross_tree_reparents_leaf ... ok
test cost_tracker::proptests::prop_hard_budget_always_smol ... ok
test crdt::tests::prop_g_counter_merge_commutative ... ok
test cryptoshedding::tests::rotate_new_parent_shed_breaks_recoverability ... ok
test cryptoshedding::tests::rotate_old_parent_shed_preserves_recoverability ... ok
test cryptoshedding::tests::rotate_reparents_leaf ... ok
test cryptoshedding::tests::shed_isolation_sibling_unaffected ... ok
test cryptoshedding::tests::shed_multiple_keys_and_repeat_is_stable ... ok
test cryptoshedding::tests::subtree_shedding_deep_chain_breaks_tail_leaf ... ok
test crdt::tests::prop_lww_merge_idempotent ... ok
test cryptoshedding::tests::subtree_shedding_internal_key_breaks_descendants ... ok
test cryptoshedding::tests::well_formed_accepts_valid_forest ... ok
test cryptoshedding::tests::well_formed_rejects_cycle ... ok
test crdt::tests::prop_g_counter_merge_idempotent ... ok
test crdt::tests::prop_lww_higher_wins ... ok
test cryptoshedding::tests::shed_clears_key ... ok
test ct_select::tests::test_select_u64_false ... ok
test ct_select::tests::test_select_u64_true ... ok
test ct_select::tests::test_select_u64_extremes ... ok
test cryptoshedding::tests::well_formed_rejects_out_of_bounds_parent ... ok
test ct_select::tests::test_select_u8_extremes ... ok
test ct_select::tests::test_select_u8_true ... ok
test ct_select::tests::test_select_u8_false ... ok
test cron_field::tests::prop_above_max_never_matches ... ok
test cycle_detect::tests::test_disconnected_with_cycle ... ok
test cycle_detect::tests::test_cycle_triangle ... ok
test cycle_detect::tests::test_diamond_no_cycle ... ok
test cron_field::tests::prop_wildcard_matches_all ... ok
test cron_field::tests::prop_step_hits_are_spaced ... ok
test cycle_detect::tests::test_no_cycle_linear ... ok
test cron_match::tests::prop_wildcard_always_matches ... ok
test data_validation_admission::tests::validation_admission_requires_all_checks ... ok
test data_validation_enum_constraint::tests::enum_constraint_checks_membership ... ok
test cycle_detect::tests::test_self_loop ... ok
test data_validation_error_accumulation::tests::validation_errors_accumulate_deterministically ... ok
test data_validation_field_presence::tests::field_presence_reports_missing_and_duplicate ... ok
test cron_field::tests::prop_first_match_is_valid_or_sentinel ... ok
test data_validation_cross_field::tests::cross_field_requires_both_dependencies ... ok
test cycle_detect::tests::test_no_edges ... ok
test data_validation_normalization_decision::tests::normalization_records_rejection ... ok
test data_validation_range_constraint::tests::range_constraint_checks_bounds ... ok
test data_validation_schema_predicate::tests::schema_predicates_reject_unknown ... ok
test cron_field::tests::prop_min_always_matches ... ok
test cron_next::tests::prop_result_after_input ... ok
test cron_field::tests::prop_below_min_never_matches ... ok
test dead_code_elimination::tests::test_effectful_instruction_is_not_dead ... ok
test dead_code_elimination::tests::test_eliminate_dead_preserves_blocks_and_edges ... ok
test dead_code_elimination::tests::test_dce_idempotent ... ok
test dead_code_elimination::tests::test_eliminate_dead_preserves_effectful_instruction ... ok
test cron_match::tests::prop_month_mismatch_rejects ... ok
test dead_code_elimination::tests::test_has_side_effect_boundaries ... ok
test dead_code_elimination::tests::test_eliminate_dead_removes_cascading_dead_code ... ok
test dead_code_elimination::tests::test_eliminate_dead_preserves_live_use_chain ... ok
test dead_code_elimination::tests::test_live_definition_is_not_dead ... ok
test cron_next::tests::prop_result_matches_schedule ... ok
test dead_code_elimination::tests::test_missing_definition_is_conservatively_live ... ok
test dead_code_elimination::tests::test_out_of_range_definition_is_conservatively_live ... ok
test dead_code_elimination::tests::test_pure_unused_definition_is_dead ... ok
test cron_next::tests::prop_result_is_valid_date ... ok
test dead_code_elimination::tests::test_observable_trace_preserved_for_sequential_program ... ok
test deadline_queue::test::test_edf_select ... ok
test deadline_queue::test::test_extend_deadline ... ok
test deadline_queue::test::test_is_earlier ... ok
test deadline_queue::test::test_slack ... ok
test deadline_queue::test::test_urgency ... ok
test ct_select::tests::prop_select_u64_same_value ... ok
test ct_select::tests::prop_select_u64_flip ... ok
test ct_select::tests::prop_select_u8_matches_branch ... ok
test ct_select::tests::prop_select_u8_flip ... ok
test ct_select::tests::prop_select_u8_same_value ... ok
test cycle_detect::tests::proptests::prop_no_edges_no_cycle ... ok
test ct_select::tests::prop_select_u64_matches_branch ... ok
test cryptoshedding::tests::prop_completeness_and_isolation_hold ... ok
test debruijn::tests::test_beta_reduce_nested_binder ... ok
test debruijn::tests::test_beta_reduce_identity ... ok
test debruijn::tests::test_beta_reduce_non_redex_returns_none ... ok
test debruijn::tests::test_runtime_scope_examples ... ok
test debruijn::tests::test_shift_under_binder ... ok
test debruijn::tests::test_shift_overflow_returns_none ... ok
test debruijn::tests::test_shift_zero_identity_runtime ... ok
test cryptoshedding::tests::prop_valid_rotation_old_parent_shed_preserves_recoverability ... ok
test debruijn::tests::test_subst_overflow_returns_none ... ok
test debruijn::tests::test_subst_top_cancels_lift_runtime ... ok
test cryptoshedding::tests::prop_random_shed_sequences_preserve_isolation ... ok
test deadline_queue::test::proptests::prop_extend_never_earlier ... ok
test cycle_detect::tests::proptests::prop_self_loop_detected ... ok
test deadline_queue::test::proptests::prop_urgency_valid ... ok
test deadline_queue::test::proptests::prop_is_earlier_total ... ok
test deadline_queue::test::proptests::prop_slack_bounded ... ok
test constant_folding::tests::prop_constprop_soundness_on_random_path ... ok
test dead_code_elimination::tests::prop_live_definition_never_dead ... ok
test delegation::tests::test_bad_root_fails ... ok
test cryptoshedding::tests::prop_valid_rotation_new_parent_shed_breaks_recoverability ... ok
test delegation::tests::test_depth_increments ... ok
test delegation::tests::test_depth_skip_fails ... ok
test dead_code_elimination::tests::prop_effectful_instruction_never_dead ... ok
test cycle_detect::tests::proptests::prop_dag_no_cycle ... ok
test dead_code_elimination::tests::prop_is_dead_matches_local_formula ... ok
test delegation::tests::test_exceeds_max_depth ... ok
test delegation::tests::test_depth_valid ... ok
test delegation::tests::test_empty_chain_invalid ... ok
test delegation::tests::test_mode_escalation_fails ... ok
test delegation::tests::test_max_depth_chain ... ok
test cycle_detect::tests::proptests::prop_forced_cycle_detected ... ok
test delegation::tests::test_no_delegate_fails ... ok
test delegation::tests::test_root_depth ... ok
test deadline_queue::test::proptests::prop_edf_select_is_min ... ok
test delegation::tests::test_variant_escalation_fails ... ok
test dependency_scheduler::tests::blocked_when_dependencies_unsatisfied ... ok
test dependency_scheduler::tests::cyclic_graph_rejected ... ok
test dependency_scheduler::tests::full_slots_rejected ... ok
test dependency_scheduler::tests::ready_acyclic_schedules ... ok
test delegation::tests::test_single_root_chain ... ok
test delegation::tests::prop_chain_valid_attenuation_monotone ... ok
test directory_coherence::tests::test_directory_mapping_returns_valid_mesi_states ... ok
test directory_coherence::tests::test_exclusive_entry_with_extra_holder_is_inconsistent ... ok
test directory_coherence::tests::test_different_lines_are_independent ... ok
test delegation::tests::prop_attenuation_valid ... ok
test delegation::tests::prop_chain_invalid_depth_skip ... ok
test directory_coherence::tests::test_invalid_entry_with_owner_and_sharers_is_rejected ... ok
test directory_coherence::tests::test_modified_eviction_requests_writeback ... ok
test delegation::tests::test_two_level_chain ... ok
test directory_coherence::tests::test_read_from_exclusive_downgrades_to_shared ... ok
test delegation::tests::prop_chain_valid_well_formed ... ok
test directory_coherence::tests::test_read_from_uncached_grants_exclusive ... ok
test directory_coherence::tests::test_second_exclusive_request_invalidates_previous_owner ... ok
test directory_coherence::tests::test_stale_shared_entry_is_inconsistent ... ok
test delegation::tests::prop_chain_invalid_mode_escalation ... ok
test directory_coherence::tests::test_write_from_shared_invalidates_other_sharers ... ok
test directory_coherence::tests::test_shared_eviction_clears_presence_bit ... ok
test delegation::tests::prop_depth_valid_range ... ok
test delegation::tests::prop_chain_invalid_missing_delegate ... ok
test delegation::tests::prop_depth_increments ... ok
test delegation::tests::prop_no_delegate_denied ... ok
test delegation::tests::prop_depth_invalid_range ... ok
test distributed_lock::tests::test_expiry ... ok
test distributed_lock::tests::test_backoff ... ok
test distributed_lock::tests::test_token ... ok
test dominator_tree::tests::test_entry_dominates_linear_graph ... ok
test dominator_tree::tests::test_partial_order_diamond ... ok
test dominator_tree::tests::test_immediate_dominators_linear ... ok
test dominator_tree::tests::test_compute_domtree_matches_manual_linear ... ok
test delegation::tests::prop_chain_valid_matches_pairwise ... ok
test dominator_tree::tests::test_dominance_frontier_diamond ... ok
test delegation::tests::prop_chain_invalid_bad_root ... ok
test delegation::tests::prop_chain_invalid_variant_escalation ... ok
test double_entry::tests::test_all_positive_basic ... ok
test double_entry::tests::test_sum_amounts_basic ... ok
test double_entry::tests::test_is_balanced_basic ... ok
test double_entry::tests::test_trial_balance_basic ... ok
test distributed_lock::tests::prop_jitter_bounded ... ok
test double_entry::tests::test_is_simple_entry ... ok
test distributed_lock::tests::prop_doubled_bounded ... ok
test distributed_lock::tests::prop_expired_implies_remaining_zero ... ok
test distributed_lock::tests::prop_token_ge_one ... ok
test distributed_lock::tests::prop_token_monotonic ... ok
test dead_code_elimination::tests::prop_dce_idempotent ... ok
test double_entry::tests::prop_add_equal_preserves_balance ... ok
test directory_coherence::tests::prop_random_operations_preserve_consistency_and_single_writer ... ok
test directory_coherence::tests::prop_directory_mapping_is_always_valid_after_random_operations ... ok
test double_entry::tests::prop_balanced_symmetric ... ok
test dead_code_elimination::tests::prop_eliminate_dead_matches_oracle ... ok
test double_entry::tests::prop_sum_matches_oracle ... ok
test double_entry::tests::prop_all_positive_oracle ... ok
test double_entry::tests::prop_balanced_implies_zero_trial ... ok
test drain::tests::test_after_finish_op ... ok
test drain::tests::test_can_start_op ... ok
test drain::tests::test_after_start_op ... ok
test drain::tests::test_is_drain_complete ... ok
test drain::tests::test_should_notify ... ok
test drain::tests::test_start_drain_decision ... ok
test drain::tests::prop_finish_floors_at_zero ... ok
test double_entry::tests::prop_trial_balance_oracle ... ok
test drain_protocol::tests::test_double_check ... ok
test drain_protocol::tests::test_finish ... ok
test drain::tests::prop_can_start_iff_not_draining ... ok
test debruijn::tests::prop_shift_composition ... ok
test drain::tests::prop_cannot_start_when_complete ... ok
test drain_protocol::tests::test_fully_drained ... ok
test drop_guard::tests::armed_guard_cleans_once_at_runtime ... ok
test drop_guard::tests::disarmed_guard_skips_cleanup_at_runtime ... ok
test drain::tests::prop_decision_covers_cases ... ok
test drain::tests::prop_drain_complete_iff_draining_and_zero ... ok
test drain::tests::prop_decision_meanings ... ok
test ds_bounded_array::tests::update_and_reject ... ok
test drop_guard::tests::repeated_terminal_disarm_is_rejected ... ok
test ds_key_value_map::tests::insert_remove_lookup ... ok
test ds_priority_queue::tests::min_tie_first ... ok
test ds_fifo_queue::tests::fifo_order ... ok
test ds_union_find::tests::union_links_roots ... ok
test durable_history::tests::test_durable_prefix_len ... ok
test durable_history::tests::test_history_valid_and_append_allowed ... ok
test drain::tests::prop_finish_decreases_when_positive ... ok
test ds_ring_buffer::tests::wraps ... ok
test durable_job_executor::tests::rejects_duplicate_or_expired_without_append ... ok
test durable_job_executor::tests::accepts_fresh_token_with_valid_resume_point ... ok
test drain::tests::prop_finish_start_roundtrip ... ok
test drain::tests::prop_notify_implies_complete ... ok
test durable_replay::tests::test_replayable_event_at ... ok
test drain::tests::prop_notify_on_finish_last ... ok
test dominator_tree::tests::prop_entry_dominates_reachable ... ok
test durable_replay::tests::test_should_execute_effect ... ok
test drain::tests::prop_start_increases_when_not_max ... ok
test drain_protocol::tests::prop_roundtrip ... ok
test drain_protocol::tests::prop_success_increments ... ok
test drain_protocol::tests::prop_notify_only_on_drain_zero ... ok
test drain_protocol::tests::prop_draining_rejects ... ok
test drain::tests::prop_notify_transition_to_zero ... ok
test durable_resume::tests::test_advance_checkpoint ... ok
test durable_history::tests::prop_terminal_blocks_append ... ok
test dominator_tree::tests::prop_matches_manual_dominators ... ok
test durable_resume::tests::test_resume_step ... ok
test dominator_tree::tests::prop_frontier_nodes_have_pred_dominated ... ok
test drain::tests::prop_start_finish_roundtrip ... ok
test durable_terminal::tests::test_is_terminal_execution ... ok
test durable_terminal::tests::test_recovered_status ... ok
test dominator_tree::tests::prop_matches_manual_idom ... ok
test durable_replay::tests::prop_matching_marker_blocks ... ok
test durable_history::tests::prop_prefix_of_contiguous_work_history ... ok
test durable_history::tests::prop_duplicate_or_gap_breaks_validity ... ok
test dead_code_elimination::tests::prop_observable_trace_preserved ... ok
test election::tests::test_preconditions ... ok
test durable_replay::tests::prop_replay_outside_prefix_rejected ... ok
test election::tests::test_state_after ... ok
test durable_resume::tests::prop_nonterminal_resume_is_prefix ... ok
test election::tests::test_state_predicates ... ok
test election::tests::test_token_progression ... ok
test election::tests::test_valid_transitions ... ok
test election::tests::test_timing ... ok
test election::tests::test_well_formedness ... ok
test debruijn::tests::prop_shift_zero_identity ... ok
test election::tests::prop_leader_self_requires_same_token ... ok
test election::tests::prop_leader_self_rejects_different_token ... ok
test election::tests::prop_maintain_start_complement ... ok
test durable_replay::tests::prop_random_valid_histories_unrelated_effect_ids_remain_independent ... ok
test election::tests::prop_follower_cannot_skip ... ok
test election_init::tests::test_init_vote_count ... ok
test election_init::tests::test_init_self_vote ... ok
test election_init::tests::test_init_election_state ... ok
test election_init::tests::test_init_election_term ... ok
test election::tests::prop_max_after_win_ge_current ... ok
test durable_terminal::tests::prop_completed_prefix_is_terminal ... ok
test durable_resume::tests::prop_valid_checkpoint_advances_to_prefix ... ok
test durable_terminal::tests::prop_terminal_status_matches_last_terminal ... ok
test durable_replay::tests::prop_random_histories_replay_obeys_prefix ... ok
test election_init::tests::test_self_vote_valid ... ok
test durable_replay::tests::prop_random_histories_match_effect_oracle ... ok
test election::tests::prop_non_leader_wellformed ... ok
test election_jitter::tests::test_bounded ... ok
test election_jitter::tests::test_basic ... ok
test election::tests::prop_timeout_ge_base ... ok
test election::tests::prop_next_token_monotonic ... ok
test durable_resume::tests::prop_random_histories_resume_rules ... ok
test election_init::tests::prop_init_state_is_transitioning ... ok
test election_init::tests::prop_max_term_returns_none ... ok
test election_safety_proof::tests::test_different_terms_independent ... ok
test election_safety_proof::tests::test_violation_detected ... ok
test durable_resume::tests::prop_terminal_history_never_resumes ... ok
test election_init::tests::prop_init_vote_count_is_one ... ok
test election_safety_proof::tests::test_empty_history_safe ... ok
test election::tests::prop_states_exclusive ... ok
test election_safety_proof::tests::test_two_candidates_impossible_with_svpt ... ok
test election_safety_proof::tests::test_single_winner_safe ... ok
test durable_resume::tests::prop_random_histories_invalid_checkpoint_can_survive_nonterminal_resume ... ok
test election_timer::tests::test_election_timer_expired ... ok
test election_timer::tests::test_reset_on_election_start ... ok
test election_init::tests::prop_new_term_strictly_greater ... ok
test election_timer::tests::test_reset_on_append_entries ... ok
test durable_terminal::tests::prop_random_histories_post_terminal_append_rejected ... ok
test election_timer::tests::test_reset_on_vote_grant ... ok
test election_timer::tests::test_should_start_election ... ok
test durable_resume::tests::prop_random_histories_checkpoint_rules ... ok
test election_init::tests::prop_self_vote_fields ... ok
test election_jitter::tests::prop_different_nodes_may_differ ... ok
test entry_type::tests::test_classify_entry ... ok
test entry_type::tests::test_is_config_change ... ok
test entry_type::tests::test_is_noop_entry ... ok
test entry_type::tests::test_should_apply ... ok
test entry_type::tests::test_takes_effect_on_append ... ok
test election_safety_proof::tests::prop_quorum_intersection_prevents_two_winners ... ok
test election_safety_proof::tests::prop_single_candidate_always_safe ... ok
test election_jitter::tests::prop_bounded ... ok
test durable_terminal::tests::prop_random_histories_recover_terminal_prefix ... ok
test election_safety_proof::tests::prop_no_votes_always_safe ... ok
test election_jitter::tests::prop_deterministic ... ok
test election_jitter::tests::prop_zero_range ... ok
test env_scrub::tests::test_blocked_anthropic ... ok
test env_scrub::tests::test_blocked_database ... ok
test env_scrub::tests::test_blocked_github ... ok
test env_scrub::tests::test_blocked_ssh ... ok
test env_scrub::tests::test_bytes_eq_different ... ok
test election_safety_proof::tests::prop_svpt_implies_election_safe ... ok
test env_scrub::tests::test_bytes_eq_different_len ... ok
test election_safety_proof::tests::prop_two_winners_requires_svpt_violation ... ok
test election_timer::tests::prop_reset_requires_current_or_higher_term ... ok
test env_scrub::tests::test_bytes_eq_empty ... ok
test election_timer::tests::prop_stale_never_resets ... ok
test env_scrub::tests::test_bytes_eq_same ... ok
test env_scrub::tests::test_empty_key_not_secret ... ok
test env_scrub::tests::test_ends_with_empty_suffix ... ok
test env_scrub::tests::test_ends_with_exact ... ok
test election_timer::tests::prop_start_election_iff_follower_and_expired ... ok
test env_scrub::tests::test_ends_with_match ... ok
test env_scrub::tests::test_ends_with_no_match ... ok
test env_scrub::tests::test_is_secret_blocked ... ok
test election_timer::tests::prop_only_follower_starts_election ... ok
test election_timer::tests::prop_timer_monotonic ... ok
test env_scrub::tests::test_ends_with_too_short ... ok
test election_timer::tests::prop_expired_at_threshold ... ok
test env_scrub::tests::test_is_secret_both ... ok
test env_scrub::tests::test_is_secret_suffix ... ok
test env_scrub::tests::test_just_suffix_is_secret ... ok
test election_safety_proof::tests::prop_election_safe_all_terms ... ok
test env_scrub::tests::test_not_blocked_home ... ok
test env_scrub::tests::test_not_secret_home ... ok
test env_scrub::tests::test_not_blocked_path ... ok
test env_scrub::tests::test_not_secret_marker ... ok
test env_scrub::tests::test_not_secret_path ... ok
test env_scrub::tests::test_suffix_api_key ... ok
test env_scrub::tests::test_partial_suffix_not_secret ... ok
test env_scrub::tests::test_suffix_token ... ok
test env_scrub::tests::test_suffix_apikey ... ok
test env_scrub::tests::test_suffix_case_insensitive ... ok
test env_scrub::tests::test_suffix_credentials ... ok
test env_scrub::tests::test_to_upper_empty ... ok
test env_scrub::tests::test_suffix_no_match ... ok
test env_scrub::tests::test_suffix_password ... ok
test entry_type::tests::prop_noop_sentinel_roundtrip ... ok
test env_scrub::tests::test_suffix_private_key ... ok
test env_scrub::tests::test_suffix_secret ... ok
test entry_type::tests::prop_classify_model_oracle ... ok
test entry_type::tests::prop_config_sentinel_roundtrip ... ok
test env_scrub::tests::test_to_upper_digits ... ok
test env_scrub::tests::test_to_upper_idempotent ... ok
test entry_type::tests::prop_types_mutually_exclusive ... ok
test env_scrub::proptests::prop_safe_keys_stay_safe ... ok
test env_scrub::tests::test_to_upper_uppercase ... ok
test entry_type::tests::prop_normal_applies_to_sm ... ok
test env_scrub::tests::test_to_upper_lowercase ... ok
test env_scrub::tests::test_to_upper_mixed ... ok
test entry_type::tests::prop_classify_exhaustive ... ok
test epoch::tests::test_epoch_cmp ... ok
test epoch::tests::test_epoch_ge ... ok
test env_scrub::proptests::prop_suffix_catches_all_seven ... ok
test epoch_reclaim::tests::test_can_advance ... ok
test epoch_reclaim::tests::test_epoch_gap ... ok
test epoch_reclaim::tests::test_count_active ... ok
test env_scrub::proptests::prop_suffix_subset_of_secret ... ok
test epoch_reclaim::tests::test_is_pinned ... ok
test epoch_reclaim::tests::test_next_epoch ... ok
test epoch_reclaim::tests::test_pin_epoch ... ok
test epoch_reclaim::tests::test_prev_epoch ... ok
test env_scrub::proptests::prop_blocked_subset_of_secret ... ok
test epoch_reclaim::tests::test_safe_to_reclaim ... ok
test epoch::tests::prop_epoch_cmp_antisymmetric ... ok
test epoch::tests::prop_epoch_ge_antisymmetric ... ok
test epoch::tests::prop_epoch_total_order ... ok
test epoch::tests::prop_epoch_ge_reflexive ... ok
test epoch::tests::prop_higher_term_wins ... ok
test escrow::tests::test_fund_basic ... ok
test epoch::tests::prop_epoch_transitivity ... ok
test escrow::tests::test_dispute_basic ... ok
test escrow::tests::test_release_basic ... ok
test escrow::tests::test_refund_basic ... ok
test escrow::tests::test_total_value ... ok
test escrow::tests::test_terminal_states ... ok
test epoch_reclaim::tests::prop_gap_one_after_advance ... ok
test epoch_reclaim::tests::prop_safe_implies_not_equal ... ok
test epoch_reclaim::tests::prop_all_at_global_can_advance ... ok
test epoch_reclaim::tests::prop_next_prev_roundtrip ... ok
test epoch_reclaim::tests::prop_gap_bounded ... ok
test epoch_reclaim::tests::prop_no_active_can_advance ... ok
test escrow::tests::test_transitions ... ok
test escrow::tests::test_valid_states ... ok
test epoch_reclaim::tests::prop_one_advance_not_safe ... ok
test epoch_reclaim::tests::prop_gap_self_zero ... ok
test eviction::tests::test_evictable_count ... ok
test epoch_reclaim::tests::prop_two_advances_safe ... ok
test eviction::tests::test_find_lru_candidate ... ok
test eviction::tests::test_is_cache_valid ... ok
test eviction::tests::test_should_evict ... ok
test epoch_reclaim::tests::prop_triple_cycles ... ok
test eviction_score::tests::test_critical_hot_dominates ... ok
test eviction_score::tests::test_full_score ... ok
test eviction_score::tests::test_priority_multiplier ... ok
test env_scrub::proptests::prop_to_upper_no_lowercase ... ok
test eviction_score::tests::test_tier_multiplier ... ok
test escrow::tests::prop_fund_dispute_release_conservation ... ok
test escrow::tests::prop_fund_refund_roundtrip ... ok
test eviction_score::tests::test_weighted_score ... ok
test eviction_score::tests::test_weights_valid ... ok
test env_scrub::proptests::prop_to_upper_idempotent ... ok
test exactly_once_ledger_transfer::tests::replayed_transfer_does_not_double_post ... ok
test exactly_once_ledger_transfer::tests::fresh_transfer_posts_once ... ok
test escrow::tests::prop_fund_dispute_refund_roundtrip ... ok
test epoch_reclaim::tests::prop_same_not_safe ... ok
test escrow::tests::prop_fund_release_conservation ... ok
test escrow::tests::prop_terminal_blocks_all ... ok
test escrow::tests::prop_transitions_preserve_validity ... ok
test expiration::tests::test_expires_at ... ok
test expiration::tests::test_is_expired_opt ... ok
test expiration::tests::test_is_expired ... ok
test expiration::tests::test_is_ttl_valid ... ok
test env_scrub::proptests::prop_to_upper_length ... ok
test expiration::tests::test_time_remaining ... ok
test eviction::tests::prop_should_evict_below_capacity ... ok
test fair_share::test::test_advance_vtime ... ok
test eviction::tests::prop_evictable_count_bounded ... ok
test eviction::tests::prop_should_evict_at_or_over_capacity ... ok
test eviction::tests::prop_evictable_zero_when_all_protected ... ok
test eviction::tests::prop_cache_valid_properties ... ok
test fair_share::test::test_fair_alloc ... ok
test eviction_score::tests::prop_tier_monotonic ... ok
test fair_share::test::test_select_min_vtime ... ok
test fair_share::test::test_total_weight ... ok
test eviction_score::tests::prop_weighted_score_bounded ... ok
test eviction_score::tests::prop_full_score_bounded ... ok
test false_sharing::tests::test_padding_examples ... ok
test false_sharing::tests::test_object_span ... ok
test false_sharing::tests::test_alignment_and_line_start ... ok
test eviction_score::tests::prop_factor_monotonic ... ok
test eviction::tests::prop_find_lru_exists_when_unprotected_present ... ok
test expiration::tests::prop_expires_at_ge_now ... ok
test false_sharing::tests::test_same_cache_line_known_pairs ... ok
test eviction_score::tests::prop_priority_monotonic ... ok
test expiration::tests::prop_expires_at_monotonic_ttl ... ok
test eviction::tests::prop_evictable_positive_implies_lru_found ... ok
test fast_backtrack::tests::test_conflict_hint_short_log ... ok
test eviction::tests::prop_find_lru_all_protected_returns_none ... ok
test fast_backtrack::tests::test_conflict_hint_single_term_run ... ok
test fast_backtrack::tests::test_conflict_hint_with_entry ... ok
test fast_backtrack::tests::test_fast_backtrack_leader_has_term ... ok
test expiration::tests::prop_time_remaining_consistency ... ok
test fast_backtrack::tests::test_fast_backtrack_leader_no_term ... ok
test expiration::tests::prop_fresh_not_expired ... ok
test expiration::tests::prop_time_remaining_decreases ... ok
test fast_backtrack::tests::test_end_to_end_backtrack ... ok
test expiration::tests::prop_none_never_expires ... ok
test fast_backtrack::tests::test_fast_backtrack_short_log ... ok
test fast_backtrack::tests::test_leader_find_last_index ... ok
test feature_flag_gate::tests::gate_rejects_unknown_subject ... ok
test feature_flag_rollout_bucket::tests::bucket_bounds_are_explicit ... ok
test fee::tests::test_compute_net_basic ... ok
test eviction::tests::prop_find_lru_result_valid ... ok
test fair_share::test::proptests::prop_vtime_monotone ... ok
test fair_share::test::proptests::prop_alloc_bounded ... ok
test fee::tests::test_split_with_fee ... ok
test fee::tests::test_tiered_fee ... ok
test fee::tests::test_valid_rate ... ok
test fenced_attempt_admission::tests::negative::epoch_exhaustion_rejects_rather_than_wrapping ... ok
test fenced_attempt_admission::tests::negative::event_identity_reuse_with_different_payload_rejects_as_conflict ... ok
test fair_share::test::proptests::prop_higher_weight_more ... ok
test fenced_attempt_admission::tests::negative::every_rejection_path_preserves_all_modeled_fields ... ok
test fee::tests::test_compute_fee_basic ... ok
test fenced_attempt_admission::tests::positive::closed_model_covers_every_phase_and_report_kind ... ok
test fenced_attempt_admission::tests::negative::completion_without_every_required_fact_rejects ... ok
test fenced_attempt_admission::tests::negative::stale_future_wrong_job_and_wrong_run_reports_reject ... ok
test fenced_attempt_admission::tests::negative::unmatched_phase_pairs_reject_as_invalid_transitions ... ok
test fenced_attempt_admission::tests::negative::worker_denial_blocks_progress_reports ... ok
test fenced_attempt_admission::tests::positive::every_report_kind_rejects_from_each_terminal_phase ... ok
test expiration::tests::prop_expiration_lifecycle ... ok
test fenced_attempt_admission::tests::positive::matching_completion_keeps_the_retained_link ... ok
test fenced_attempt_admission::tests::negative::stronger_system_claims_stay_outside_the_boundary ... ok
test fenced_attempt_admission::tests::positive::progress_and_checkpoint_advance_only_progress_and_history ... ok
test false_sharing::tests::prop_same_cache_line_matches_division ... ok
test fenced_attempt_admission::tests::positive::reassignment_produces_strictly_greater_nonzero_epoch ... ok
test fenced_attempt_admission::tests::property::one_fact_mutation_at_a_time_changes_only_that_decision ... ok
test fenced_attempt_admission::tests::positive::start_moves_queued_to_running_changing_only_named_fields ... ok
test fast_backtrack::tests::prop_leader_has_term_skips_to_after ... ok
test fenced_attempt_admission::tests::positive::identical_event_replays_without_any_state_change ... ok
test fast_backtrack::tests::prop_fast_backtrack_ge_one ... ok
test fenced_attempt_admission::tests::property::bounded_random_histories_never_break_preservation_or_identity ... ok
test fencing::tests::test_issue_token ... ok
test fencing::tests::test_is_valid_write ... ok
test fencing::tests::test_is_stale ... ok
test fast_backtrack::tests::prop_backtrack_model_oracle ... ok
test fast_backtrack::tests::prop_leader_missing_term_uses_first_index ... ok
test fetch_add::tests::test_fetch_add_return_semantics ... ok
test fair_share::test::proptests::prop_select_min_is_min ... ok
test fee::tests::prop_fee_bounded ... ok
test fast_backtrack::tests::prop_hint_log_length ... ok
test false_sharing::tests::prop_padding_gap_prevents_sharing ... ok
test fee::tests::prop_split_conservation ... ok
test fast_backtrack::tests::prop_hint_first_index_bounded ... ok
test fee::tests::prop_fee_net_conservation ... ok
test fetch_add::tests::test_fetch_sub_roundtrip ... ok
test fetch_add::tests::test_saturating_add_edges ... ok
test fetch_add::tests::test_wrapping_add_edges ... ok
test fee::tests::prop_tiered_at_least_min ... ok
test fee::tests::prop_fee_oracle ... ok
test follower_commit::tests::test_follower_commit_bounded_by_leader ... ok
test fee::tests::prop_fee_monotonic_rate ... ok
test fee::tests::prop_tiered_bounded ... ok
test follower_commit::tests::test_follower_commit_never_decreases ... ok
test follower_commit::tests::test_follower_commit_bounded_by_log ... ok
test follower_commit::tests::test_basic_follower_commit_update ... ok
test false_sharing::tests::prop_decomposition_equivalence ... ok
test follower_read::tests::test_can_serve_read ... ok
test fencing::tests::prop_issuance_increasing ... ok
test fencing::tests::prop_valid_write_reflexive ... ok
test follower_read::tests::test_entries_behind ... ok
test follower_read::tests::test_is_leader_stale ... ok
test fee::tests::prop_fee_monotonic_amount ... ok
test follower_read::tests::test_register_read ... ok
test follower_read::tests::test_is_read_timed_out ... ok
test follower_read::tests::test_safe_read_point ... ok
test fencing::tests::prop_no_false_rejection ... ok
test fencing::tests::prop_stale_irreflexive ... ok
test fencing::tests::prop_successive_issuance_monotonic ... ok
test follower_redirect::tests::test_is_hint_fresh ... ok
test follower_redirect::tests::test_leader_hint ... ok
test follower_redirect::tests::test_should_accept_request ... ok
test fetch_add::tests::prop_wrapping_commutative ... ok
test follower_redirect::tests::test_should_redirect ... ok
test fencing::tests::prop_stale_complement ... ok
test fetch_add::tests::prop_cas_refinement ... ok
test follower_commit::tests::prop_follower_commit_bounded ... ok
test fetch_add::tests::prop_wrapping_associative ... ok
test fetch_add::tests::prop_saturating_bounded ... ok
test follower_commit::tests::prop_idempotent ... ok
test forest::tests::test_ancestor_path ... ok
test follower_commit::tests::prop_follower_commit_monotonic ... ok
test follower_commit::tests::prop_follower_commit_model_oracle ... ok
test follower_commit::tests::prop_reorder_independence ... ok
test follower_commit::tests::prop_higher_leader_commit_advances ... ok
test forest::tests::test_depth ... ok
test forest::tests::test_is_leaf ... ok
test forest::tests::test_lca ... ok
test forest::tests::test_well_formed ... ok
test forest::tests::test_subtree ... ok
test forest::tests::test_leaves ... ok
test follower_read::tests::prop_safe_point_model ... ok
test follower_redirect::tests::prop_redirect_requires_known_leader ... ok
test follower_redirect::tests::prop_hint_freshness_is_equality ... ok
test follower_redirect::tests::prop_leader_hint_identity ... ok
test fragmentation::tests::test_buddy_bound ... ok
test fragmentation::tests::test_can_satisfy ... ok
test follower_read::tests::prop_safe_point_ge_both ... ok
test follower_redirect::tests::prop_accept_redirect_exclusive ... ok
test follower_redirect::tests::prop_only_leader_accepts ... ok
test fragmentation::tests::test_external_frag ... ok
test fragmentation::tests::test_internal_frag ... ok
test fragmentation::tests::test_slab_bound ... ok
test free_list::tests::test_contains ... ok
test free_list::tests::test_push_lifo ... ok
test free_list::tests::test_remove ... ok
test free_list::tests::test_push_pop ... ok
test free_list::tests::test_len ... ok
test follower_redirect::tests::prop_leader_never_redirects ... ok
test follower_read::tests::prop_no_immediate_timeout ... ok
test follower_read::tests::prop_caught_up_iff_can_serve ... ok
test fetch_add::tests::prop_add_sub_roundtrip ... ok
test free_space_map::tests::test_allocate_marks_used ... ok
test free_space_map::tests::test_alloc_free_roundtrip ... ok
test free_space_map::tests::test_contiguous_free_run ... ok
test free_space_map::tests::test_first_free_empty ... ok
test free_space_map::tests::test_first_free_first ... ok
test free_space_map::tests::test_first_free_found ... ok
test free_space_map::tests::test_first_free_none ... ok
test free_space_map::tests::test_fragmentation_pct ... ok
test free_space_map::tests::test_free_block_marks_free ... ok
test free_space_map::tests::test_free_count_all_free ... ok
test free_space_map::tests::test_free_count_empty ... ok
test free_space_map::tests::test_free_count_mixed ... ok
test free_space_map::tests::test_free_count_none_free ... ok
test fragmentation::tests::prop_buddy_waste_bounded ... ok
test fs_path_admission::tests::admission_requires_all_checks ... ok
test fs_path_containment::tests::containment_requires_prefix ... ok
test fs_path_form::tests::form_checks_empty_policy ... ok
test fs_path_extension_type::tests::extension_requires_declared_type ... ok
test fragmentation::tests::prop_can_satisfy_necessary ... ok
test fs_path_join_split::tests::join_split_checks_shape ... ok
test fs_path_normalization::tests::normalization_rejection_preserves_len ... ok
test fs_path_segment::tests::segment_rejects_empty_forbidden ... ok
test fragmentation::tests::prop_external_frag_bounded ... ok
test fragmentation::tests::prop_slab_waste_constant ... ok
test fragmentation::tests::prop_internal_nonneg ... ok
test fs_path_traversal::tests::traversal_rejects_parent ... ok
test free_list::tests::prop_remove_then_not_contains ... ok
test futex_state::tests::prop_consume_valid ... ok
test futex_state::tests::prop_notify_valid ... ok
test futex_state::tests::prop_notify_always_notified ... ok
test futex_state::tests::prop_consume_clears_notified ... ok
test free_list::tests::prop_push_increments_len ... ok
test futex_state::tests::test_consume ... ok
test futex_state::tests::test_notify ... ok
test futex_state::tests::test_scenario_pre_notify ... ok
test futex_state::tests::test_scenario_wait_notify_consume ... ok
test free_list::tests::prop_push_then_contains ... ok
test futex_state::tests::test_should_park ... ok
test futex_state::tests::test_try_wait ... ok
test futex_state::tests::prop_notify_idempotent ... ok
test futex_state::tests::prop_notify_consume_idle ... ok
test futex_state::tests::test_valid_states ... ok
test geom_containment::tests::containment_requires_inside ... ok
test geom_bounds::tests::bounds_reject_inverted ... ok
test futex_state::tests::test_waiter_count ... ok
test futex_state::tests::prop_try_wait_valid ... ok
test geom_intersection::tests::intersection_classifies_disjoint ... ok
test free_space_map::proptests::prop_allocate_decrements_or_same ... ok
test geom_admission::tests::admission_requires_all_checks ... ok
test free_space_map::proptests::prop_alloc_free_roundtrip ... ok
test geom_grid_cell::tests::grid_cell_fits_extent ... ok
test geom_orientation::tests::orientation_bounds_code ... ok
test futex_state::tests::prop_waiter_count_bounded ... ok
test geom_point_vector::tests::point_vector_rejects_dimension_mismatch ... ok
test geom_transform::tests::transform_rejects_overflow ... ok
test free_list::tests::prop_push_pop_roundtrip ... ok
test ghost_history::tests::test_single_vote_per_term_basic ... ok
test ghost_history::tests::test_vote_excludes_other ... ok
test gis_bounding_box::tests::inverted_box_is_rejected ... ok
test ghost_history::tests::test_single_vote_per_term_violation ... ok
test ghost_history::tests::test_leader_log_snapshot_valid ... ok
test gis_bounding_box::tests::normalized_box_contains_interior_point ... ok
test ghost_history::tests::test_append_vote ... ok
test ghost_history::tests::test_cronies_basic ... ok
test gis_coordinate_envelope::tests::out_of_range_coordinate_is_rejected ... ok
test gis_coordinate_envelope::tests::valid_coordinate_is_admitted ... ok
test ghost_history::tests::test_leader_log_snapshot_after_append ... ok
test gis_tile_index::tests::tile_coordinates_beyond_zoom_range_are_rejected ... ok
test gis_tile_index::tests::child_tile_refines_to_parent ... ok
test gis_linestring_topology::tests::degenerate_or_self_intersecting_chain_is_rejected ... ok
test gis_linestring_topology::tests::non_degenerate_segment_chain_is_accepted ... ok
test glob::tests::test_exact_match ... ok
test glob::tests::test_multi_segment ... ok
test glob::tests::test_multi_segment_edge_cases ... ok
test glob::tests::test_non_match_rejected ... ok
test glob::tests::test_prefix_wildcard ... ok
test glob::tests::test_pure_wildcard ... ok
test glob::tests::test_suffix_wildcard ... ok
test ghost_history::tests::prop_revote_same_candidate_preserves ... ok
test free_space_map::proptests::prop_free_count_bounded ... ok
test ghost_history::tests::prop_cronies_exclusive ... ok
test free_space_map::proptests::prop_first_free_correct ... ok
test ghost_history::tests::prop_snapshot_valid_after_appends ... ok
test glob::tests::prop_multi_segment_constructed ... ok
test glob::tests::prop_exact_match_reflexive ... ok
test gossip::tests::test_convergence_rounds ... ok
test ghost_history::tests::prop_cronies_count_matches_filter ... ok
test gpu_primitives::tests::block_dim_accepts_positive_product_under_limit ... ok
test gpu_primitives::tests::block_dim_rejects_zero_or_too_many_threads ... ok
test gpu_primitives::tests::block_reduction_program_requires_input_and_shared_capacity ... ok
test gpu_primitives::tests::elementwise_and_tiled_output_writes_stay_in_bounds ... ok
test gossip::tests::test_infection_lower_bound ... ok
test gossip::tests::prop_infection_bounded ... ok
test ghost_history::tests::prop_fresh_term_preserves_single_vote ... ok
test gpu_primitives::tests::pitched_buffer_requires_pitch_and_backing_capacity ... ok
test gpu_primitives::tests::pitched_address_checks_coordinate_bounds_and_final_element ... ok
test free_space_map::proptests::prop_contiguous_run_correct ... ok
test gpu_primitives::tests::elementwise_program_requires_capacity_for_all_elements ... ok
test gpu_primitives::tests::grid_stride_loop_last_index_must_stay_in_bounds ... ok
test gpu_primitives::tests::memory_access_requires_segment_and_buffer_fit ... ok
test gpu_primitives::tests::launch_envelope_requires_shared_tile_within_launch_limit ... ok
test gpu_primitives::tests::output_write_disjointness_allows_same_index_and_rejects_aliasing ... ok
test gpu_primitives::tests::reduction_stage_requires_positive_non_expanding_counts_and_lanes ... ok
test forest::tests::prop_lca_symmetric ... ok
test glob::tests::prop_prefix_wildcard ... ok
test gpu_primitives::tests::output_write_region_requires_positive_in_buffer_span ... ok
test gpu_primitives::tests::reduction_tree_reaches_declared_outputs_through_chain ... ok
test gpu_primitives::tests::reduction_tree_rejects_empty_expanding_or_broken_chains ... ok
test gpu_primitives::tests::stencil_full_window_accepts_interior_reads ... ok
test glob::tests::prop_exact_rejects_different ... ok
test gpu_primitives::tests::stencil_full_window_rejects_unguarded_edges_and_oversized_radius ... ok
test gossip::tests::prop_converged_means_all_infected ... ok
test gpu_primitives::tests::stencil_guarded_boundary_admits_only_in_domain_reads ... ok
test gossip::tests::prop_convergence_rounds_positive ... ok
test gpu_primitives::tests::tensor3d_layout_and_index_are_finite ... ok
test gpu_primitives::tests::thread_index_checks_block_and_thread_bounds ... ok
test gpu_primitives::tests::tile_projection_must_fit_inside_pitched_buffer ... ok
test gpu_primitives::tests::tiled_kernel2d_grid_must_cover_output_domain ... ok
test graph_adjacency::tests::adjacency_rejects_out_of_range_edge ... ok
test forest::tests::prop_path_starts_at_root ... ok
test ghost_history::tests::prop_append_preserves_svpt_random_history ... ok
test graph_color::tests::test_bipartite_path ... ok
test graph_color::tests::test_bipartite_even_cycle ... ok
test graph_color::tests::test_checker ... ok
test graph_color::tests::test_odd_cycle_not_bipartite ... ok
test graph_color::tests::test_disconnected_bipartite ... ok
test graph_color::tests::test_single_node ... ok
test graph_query_composition::tests::accepts_full_result_facade ... ok
test graph_frontier_cut::tests::frontier_cut_requires_disjointness ... ok
test graph_query_composition::tests::accepts_compatible_join_filter_witness ... ok
test graph_query_composition::tests::rejects_broken_path_step ... ok
test graph_query_composition::tests::rejects_conflicting_binding_extension ... ok
test graph_query_composition::tests::rejects_inconsistent_repeated_variable ... ok
test graph_query_composition::tests::accepts_complete_model ... ok
test graph_query_composition::tests::rejects_missing_index_scan_hit ... ok
test graph_component_partition::tests::partition_requires_coverage ... ok
test graph_query_composition::tests::rejects_unsupported_serialized_schema ... ok
test graph_reachability::tests::reachability_requires_witness ... ok
test graph_topological_order::tests::topological_order_rejects_cycle_marker ... ok
test forest::tests::prop_generated_is_well_formed ... ok
test gossip::tests::prop_infection_monotonic_rounds ... ok
test graph_shortest_path_envelope::tests::shortest_path_rejects_over_bound ... ok
test glob::tests::prop_wildcard_matches_all ... ok
test hash_bucket::tests::test_assign_bucket ... ok
test debruijn::tests::prop_shift_preserves_runtime_scope ... ok
test hash_bucket::tests::test_bucket_count_valid ... ok
test hash_bucket::tests::test_assign_bucket_pow2 ... ok
test hash_bucket::tests::test_is_power_of_two_buckets ... ok
test forest::tests::prop_lca_on_both_paths ... ok
test hash_bucket::tests::test_pow2_equivalence ... ok
test forest::tests::prop_path_valid_links ... ok
test gossip::tests::prop_zero_rounds_one_infected ... ok
test graph_color::tests::proptests::prop_even_cycle_colorable ... ok
test hash_bucket::tests::prop_assign_bucket_pow2_deterministic ... ok
test hash_bucket::tests::prop_assign_pow2_bit_pattern ... ok
test hash_bucket::tests::prop_assign_bucket_deterministic ... ok
test hash_bucket::tests::prop_assign_bucket_in_bounds ... ok
test hash_bucket::tests::prop_pow2_methods_equivalent ... ok
test hash_bucket::tests::prop_assign_uniform_distribution ... ok
test graph_color::tests::proptests::prop_odd_cycle_not_colorable ... ok
test hash_bucket::tests::prop_bucket_count_valid_iff_positive ... ok
test hazard_pointer::tests::test_protect ... ok
test hazard_pointer::tests::test_protect_unprotect_roundtrip ... ok
test hazard_pointer::tests::test_unprotect ... ok
test hazard_pointer::tests::test_can_reclaim ... ok
test hash_bucket::tests::prop_assign_bucket_pow2_in_bounds ... ok
test hazard_pointer::tests::test_count_reclaimable ... ok
test hash_bucket::tests::prop_power_of_two_implies_valid ... ok
test hdl_adapters::tests::adapter_emission_plan_accepts_supported_emitted_shapes ... ok
test hdl_adapters::tests::adapter_emission_plan_rejects_unemitted_or_invalid_shapes ... ok
test hdl_adapters::tests::admits_supported_bitwise_bitfield_arithmetic_and_fsm_adapters ... ok
test hazard_pointer::tests::test_all_slots_empty ... ok
test hazard_pointer::tests::test_is_protected ... ok
test hdl_adapters::tests::finite_fsm_adapter_matches_source_next_state ... ok
test hdl_adapters::tests::rejects_heap_io_async_crypto_distributed_and_spec_only_candidates ... ok
test hdl_adapters::tests::supported_adapters_match_source_semantics ... ok
test hdl_emit::tests::fixture_metadata_names_requirement_mode_and_oracle ... ok
test hdl_emit::tests::verilog_emission_is_stable_and_matches_golden ... ok
test hdl_ir::tests::evaluates_combinational_module_deterministically ... ok
test hdl_ir::tests::admits_valid_combinational_ir_and_rejects_width_mismatch ... ok
test hazard_pointer::tests::test_is_slot_active ... ok
test hdl_ir::tests::registered_fsm_step_advances_on_nonzero_output ... ok
test hdl_emit::tests::systemverilog_fsm_can_emit_assertion_snippet ... ok
test hdl_ir::tests::rejects_missing_inputs_width_mismatch_and_invalid_state ... ok
test hdl_validation::tests::evaluator_rejection_blocks_vector_collateral ... ok
test hdl_validation::tests::invalid_validation_input_records_failure_not_skip_or_pass ... ok
test hdl_validation::tests::validation_classifies_pass_fail_and_skipped ... ok
test hdl_validation::tests::vector_collateral_derives_expected_values_from_evaluator ... ok
test hdl_emit::tests::unsupported_or_reserved_shapes_emit_no_partial_text ... ok
test hdl_emit::tests::systemverilog_registered_module_uses_always_ff_and_matches_golden ... ok
test hdl_emit::tests::fixture_metadata_rejects_untraceable_entries ... ok
test hdl_ir::tests::rejects_unsupported_nodes_before_evaluation ... ok
test hdl_validation::tests::backend_admission_requires_every_check_and_names_limits ... ok
test hazard_pointer::tests::prop_empty_hazards_all_reclaimable ... ok
test hash_bucket::tests::prop_power_of_two_buckets_stdlib_compat ... ok
test hazard_pointer::tests::prop_all_empty_nothing_protected ... ok
test heap_index::tests::test_has_parent ... ok
test heap_index::tests::test_is_left_child ... ok
test heap_index::tests::test_is_leaf ... ok
test hazard_pointer::tests::prop_empty_hazards_all_retired_reclaimable ... ok
test heap_index::tests::test_is_right_child ... ok
test heap_index::tests::test_left_child ... ok
test heap_index::tests::test_parent_index ... ok
test heap_index::tests::test_right_child ... ok
test hazard_pointer::tests::prop_protect_makes_protected ... ok
test hazard_pointer::tests::prop_count_reclaimable_bounded ... ok
test hazard_pointer::tests::prop_protected_not_reclaimable ... ok
test hazard_pointer::tests::prop_protect_unprotect_roundtrip ... ok
test heartbeat::tests::test_heartbeat_ack_valid ... ok
test hazard_pointer::tests::prop_sentinel_always_reclaimable ... ok
test forest::tests::prop_leaves_sound_complete ... ok
test heartbeat::tests::test_is_leader_alive ... ok
test heartbeat::tests::test_is_heartbeat ... ok
test heartbeat::tests::test_should_reset_election_timer ... ok
test hir_attribute_parsing::tests::negative::bad_target_and_missing_safety_wrapper_are_rejected ... ok
test heartbeat::tests::test_should_send_heartbeat ... ok
test forest::tests::prop_subtree_sound ... ok
test hir_attribute_parsing::tests::negative::incomplete_descriptors_have_stable_first_failures ... ok
test hir_attribute_parsing::tests::negative::malformed_wrong_and_duplicate_arguments_are_rejected ... ok
test graph_color::tests::proptests::prop_coloring_is_valid ... ok
test heap_index::tests::prop_leaf_no_children ... ok
test hir_attribute_parsing::tests::negative::phase_disagreement_and_incomplete_results_fail_closed ... ok
test hir_attribute_parsing::tests::positive::parsed_metadata_contains_only_finite_declared_facts ... ok
test hir_attribute_parsing::tests::positive::all_parser_classes_have_valid_descriptors ... ok
test hir_id_lowering::tests::negative::duplicate_created_id_is_rejected ... ok
test hazard_pointer::tests::prop_sentinel_not_protected ... ok
test hir_attribute_parsing::tests::positive::matching_early_and_late_results_agree ... ok
test hir_attribute_parsing::tests::negative::unknown_parser_and_name_mismatch_are_rejected ... ok
test hir_attribute_parsing::tests::positive::no_args_and_single_occurrences_are_admitted ... ok
test hir_attribute_parsing::tests::negative::unstable_parser_requires_the_exact_gate ... ok
test hir_attribute_parsing::tests::positive::replacement_and_combine_policies_project_deterministically ... ok
test hir_attribute_parsing::tests::positive::target_safety_and_stability_policies_accept_declared_facts ... ok
test heap_index::tests::prop_non_root_is_left_xor_right ... ok
test heap_index::tests::prop_left_child_after_parent ... ok
test graph_color::tests::proptests::prop_bipartite_graph_colorable ... ok
test heap_index::tests::prop_left_before_right ... ok
test hir_id_lowering::tests::negative::duplicate_mapping_source_is_rejected ... ok
test hir_id_lowering::tests::negative::wrong_owner_mapping_is_rejected ... ok
test hir_id_lowering::tests::negative::unknown_used_id_is_rejected ... ok
test hir_id_lowering::tests::positive::admitted_facts_export_counts_not_frontend_semantics ... ok
test heap_index::tests::prop_non_leaf_has_left_in_bounds ... ok
test hir_id_lowering::tests::positive::complete_owner_local_record_is_admitted ... ok
test hir_id_lowering::tests::positive::definition_metadata_is_optional_without_a_requirement ... ok
test heap_index::tests::prop_right_child_classified_right ... ok
test hir_id_lowering::tests::positive::explicitly_discarded_created_id_need_not_be_used ... ok
test hir_id_lowering::tests::negative::unlowered_source_is_rejected ... ok
test hir_id_lowering::tests::negative::generated_id_cannot_alias_source_target ... ok
test heap_index::tests::prop_parent_before_self ... ok
test hypervisor_dirty_log::tests::test_clear ... ok
test hir_id_lowering::tests::negative::duplicate_used_id_is_rejected_deterministically ... ok
test heap_index::tests::prop_parent_right_roundtrip ... ok
test hir_id_lowering::tests::negative::stale_generated_id_without_creation_is_rejected ... ok
test hir_id_lowering::tests::negative::missing_definition_correspondence_is_rejected ... ok
test hir_id_lowering::tests::negative::duplicate_hir_mapping_target_is_rejected ... ok
test hir_id_lowering::tests::negative::unused_required_created_id_is_rejected ... ok
test hir_id_lowering::tests::negative::explicitly_discarded_id_cannot_be_used ... ok
test hir_id_lowering::tests::negative::duplicate_generation_provenance_is_rejected ... ok
test graph_color::tests::proptests::prop_only_two_colors ... ok
test hypervisor_dirty_log::tests::test_mark_preserves_others ... ok
test hypervisor_dirty_log::tests::test_mark_idempotent ... ok
test hypervisor_dirty_log::tests::test_dirty_index_interior ... ok
test heap_index::tests::prop_parent_left_roundtrip ... ok
test hypervisor_exit::tests::test_classify_mmio ... ok
test hypervisor_dirty_log::tests::test_merge_accumulates ... ok
test hypervisor_exit::tests::test_classify_unknown ... ok
test hypervisor_exit::tests::test_halt_blocks_without_wake ... ok
test hypervisor_exit::tests::test_halt_resumes_with_wake ... ok
test hir_id_lowering::tests::negative::unknown_definition_source_is_rejected ... ok
test hypervisor_exit::tests::test_io_userspace ... ok
test hypervisor_gpa::tests::test_readonly_read_ok ... ok
test hypervisor_gpa::tests::test_readonly_write ... ok
test heartbeat::tests::prop_only_same_term_valid ... ok
test hypervisor_gpa::tests::test_translate_first_byte ... ok
test forest::tests::prop_subtree_contains_root ... ok
test hypervisor_gpa::tests::test_translate_offset_preserved ... ok
test heap_index::tests::prop_left_child_classified_left ... ok
test hypervisor_interrupt::tests::test_deliver_consumes ... ok
test hypervisor_interrupt::tests::test_mark_idempotent ... ok
test hypervisor_interrupt::tests::test_deterministic_selection ... ok
test hypervisor_interrupt::tests::test_non_interruptible_unchanged ... ok
test hypervisor_memslot::tests::test_adjacent_slots_valid ... ok
test hypervisor_memslot::tests::test_empty_table_valid ... ok
test hypervisor_memslot::tests::test_lookup_first_gfn ... ok
test hypervisor_memslot::tests::test_lookup_hit ... ok
test hypervisor_memslot::tests::test_lookup_empty_table ... ok
test hypervisor_memslot::tests::test_lookup_last_gfn ... ok
test hypervisor_memslot::tests::test_lookup_miss ... ok
test heartbeat::tests::prop_stale_never_resets ... ok
test hypervisor_memslot::tests::test_overlapping_slots_invalid ... ok
test hypervisor_memslot::tests::test_single_slot_valid ... ok
test hypervisor_memslot::tests::test_unsorted_table_invalid ... ok
test hypervisor_vcpu::tests::test_blocked_cannot_enter ... ok
test heartbeat::tests::prop_heartbeat_monotonic ... ok
test hypervisor_vcpu::tests::test_halt_then_wake ... ok
test hypervisor_vcpu::tests::test_no_wake_without_event ... ok
test hypervisor_vcpu::tests::test_runnable_enters_guest ... ok
test hypervisor_vcpu::tests::test_stopped_is_terminal ... ok
test id_alias_map::tests::id_alias_map_accepts_and_rejects ... ok
test id_canonicalization::tests::id_canonicalization_accepts_and_rejects ... ok
test id_collision_metadata::tests::id_collision_metadata_accepts_and_rejects ... ok
test id_identifier_envelope::tests::id_identifier_envelope_accepts_and_rejects ... ok
test id_lookup_result::tests::id_lookup_result_accepts_and_rejects ... ok
test id_namespace_scope::tests::id_namespace_scope_accepts_and_rejects ... ok
test id_registration_admission::tests::id_registration_admission_accepts_and_rejects ... ok
test id_scoped_uniqueness::tests::id_scoped_uniqueness_accepts_and_rejects ... ok
test heartbeat::tests::prop_leader_alive_monotonic_death ... ok
test heap_index::tests::prop_right_child_after_parent ... ok
test index_query_pagination::tests::accepts_first_page_matching_scan_window ... ok
test index_query_pagination::tests::accepts_monotone_continuation_without_duplicates ... ok
test index_query_pagination::tests::rejects_duplicate_continuation_window ... ok
test index_query_pagination::tests::rejects_invalid_cursor_position ... ok
test index_select::tests::test_best_index_cross_multiply ... ok
test index_select::tests::test_best_index_equal ... ok
test index_select::tests::test_best_index_picks_lowest ... ok
test hypervisor_exit::tests::test_shutdown_terminates ... ok
test index_select::tests::test_best_index_single ... ok
test hypervisor_dirty_log::tests::test_dirty_index_first_page ... ok
test index_select::tests::test_is_covering_no ... ok
test hypervisor_gpa::tests::test_unmapped ... ok
test index_select::tests::test_column_count ... ok
test index_select::tests::test_is_covering_yes ... ok
test index_select::tests::test_is_covering_empty_query ... ok
test index_select::tests::test_is_covering_empty_index ... ok
test install_snapshot::tests::test_apply_snapshot_commit ... ok
test install_snapshot::tests::test_apply_snapshot_beyond_log ... ok
test install_snapshot::tests::test_apply_snapshot_matching ... ok
test instruction_selection::tests::const_literal_mismatch_returns_none ... ok
test instruction_selection::tests::check_soundness_rejects_tampered_selection_semantics ... ok
test instruction_selection::tests::deterministic_tie_break_uses_rank_then_index ... ok
test instruction_selection::tests::invalid_root_any_tile_is_rejected ... ok
test instruction_selection::tests::dp_prefers_lower_total_cost ... ok
test instruction_selection::tests::missing_tile_failure_on_root_reports_empty_path ... ok
test instruction_selection::tests::missing_tile_failure_reports_first_unmatched_root ... ok
test instruction_selection::tests::overflowing_tree_is_malformed_for_modeled_surface ... ok
test install_snapshot::tests::test_apply_snapshot_no_match ... ok
test instruction_selection::tests::pattern_match_deep_tile_returns_preorder_uncovered_roots ... ok
test install_snapshot::tests::test_has_matching_entry ... ok
test instruction_selection::tests::pattern_match_single_node_tile ... ok
test install_snapshot::tests::test_should_install_snapshot ... ok
test instruction_selection::tests::check_coverage_accepts_complete_base_tiles ... ok
test instruction_selection::tests::check_coverage_rejects_tampered_covered_paths ... ok
test instruction_selection::tests::pattern_mismatch_wrong_opcode_returns_none ... ok
test instruction_selection::tests::subtree_eval_matches_reference_arithmetic ... ok
test instruction_selection::tests::repeated_runs_produce_identical_tiling ... ok
test instruction_selection::tests::tile_pattern_validity_checks_root_shape_and_recursive_children ... ok
test instruction_selection::tests::pattern_mismatch_wrong_arity_returns_none ... ok
test instruction_selection::tests::tiling_cost_projects_total_cost ... ok
test instruction_selection::tests::check_soundness_accepts_small_tree ... ok
test integer::tests::test_align_down ... ok
test integer::tests::test_align_up ... ok
test integer::tests::test_is_even ... ok
test integer::tests::test_log2_floor ... ok
test integer::tests::test_is_odd ... ok
test integer::tests::test_next_power_of_two ... ok
test integration_adapters::tests::consensus_read_accepts_applied_index ... ok
test integration_adapters::tests::consensus_read_rejects_apply_lag ... ok
test integration_adapters::tests::nix_policy_rejects_duplicate_overlay_key ... ok
test integration_adapters::tests::nix_policy_accepts_valid_closure ... ok
test integration_adapters::tests::storage_wal_recovery_accepts_safe_append ... ok
test integration_adapters::tests::storage_wal_recovery_rejects_overflow_append ... ok
test integration_adapters::tests::ucan_authorization_accepts_valid_envelope ... ok
test integration_adapters::tests::ucan_authorization_rejects_invalid_signature ... ok
test install_snapshot::tests::prop_trigger_correct ... ok
test install_snapshot::tests::prop_apply_snapshot_nonempty ... ok
test integer::tests::prop_align_up_ge ... ok
test install_snapshot::tests::prop_commit_advances ... ok
test integer::tests::prop_align_down_le_align_up ... ok
test install_snapshot::tests::prop_commit_is_max ... ok
test integer::tests::prop_align_up_divisible ... ok
test integer::tests::prop_align_down_divisible ... ok
test index_select::tests::prop_column_count_matches_len ... ok
test integer::tests::prop_align_down_one_is_identity ... ok
test interval::tests::test_adjacent ... ok
test interval::tests::test_contains ... ok
test interval::tests::test_is_empty ... ok
test index_select::tests::prop_empty_query_covered ... ok
test integer::tests::prop_align_up_one_is_identity ... ok
test index_select::tests::prop_covering_superset ... ok
test interval::tests::test_merge ... ok
test integer::tests::prop_next_power_of_two_matches_stdlib ... ok
test job_cancel::tests::test_mixed_deps ... ok
test interval::tests::test_overlaps ... ok
test interval::tests::test_split ... ok
test job_cancel::tests::test_root_not_propagated ... ok
test integer::tests::prop_align_down_le ... ok
test interval::tests::test_split_merge_roundtrip ... ok
test job_cancel::tests::test_should_cancel ... ok
test job_cancel::tests::test_surviving_dep ... ok
test integer::tests::prop_next_power_of_two_is_power ... ok
test integer::tests::prop_log2_floor_matches_stdlib ... ok
test integer::tests::prop_even_odd_complement ... ok
test index_select::tests::prop_best_index_is_minimum ... ok
test job_cancel::tests::test_terminal_not_cancelled ... ok
test job_dag::test::test_topo_level ... ok
test job_dag::test::test_unsatisfied_count ... ok
test job_idempotency::tests::test_execute_sequence ... ok
test job_idempotency::tests::test_is_consumed ... ok
test job_dag::test::test_all_deps_satisfied ... ok
test job_idempotency::tests::test_try_execute ... ok
test interval::tests::prop_empty_contains_nothing ... ok
test interval::tests::prop_adjacent_symmetric ... ok
test interval::tests::prop_adjacent_no_overlap ... ok
test interval::tests::prop_split_merge_roundtrip ... ok
test job_priority::tests::test_select_highest ... ok
test job_priority::tests::test_higher_priority ... ok
test job_priority::tests::test_select_single ... ok
test index_select::tests::prop_best_index_in_bounds ... ok
test interval::tests::prop_split_covers ... ok
test interval::tests::prop_overlap_symmetric ... ok
test job_cancel::tests::prop_no_deps_never_cancels ... ok
test job_cancel::tests::prop_cancel_idempotent ... ok
test job_cancel::tests::prop_completed_never_cancelled ... ok
test job_result::tests::test_first_failure_order ... ok
test job_result::tests::test_exit_code_classification ... ok
test job_cancel::tests::prop_one_completed_survives ... ok
test job_cancel::tests::prop_terminal_never_cancels ... ok
test job_dag::test::proptests::prop_source_level_zero ... ok
test job_idempotency::tests::prop_execute_once_then_skip ... ok
test job_idempotency::tests::prop_present_is_consumed ... ok
test job_priority::tests::prop_antisymmetry ... ok
test job_result::tests::test_validate_result ... ok
test job_result::tests::test_output_size_valid ... ok
test job_result::tests::test_output_hash_matches ... ok
test job_cancel::tests::prop_root_never_propagated ... ok
test job_retry::tests::test_cooldown_elapsed ... ok
test job_dag::test::proptests::prop_no_deps_always_ready ... ok
test job_priority::tests::prop_transitivity ... ok
test job_retry::tests::test_attempts_remaining ... ok
test job_priority::tests::prop_totality ... ok
test job_dag::test::proptests::prop_zero_unsatisfied_iff_ready ... ok
test job_retry::tests::test_error_classification ... ok
test job_priority::tests::prop_select_is_best ... ok
test job_priority::tests::prop_select_in_bounds ... ok
test job_result::tests::prop_exact_match_valid ... ok
test job_result::tests::prop_status_in_range ... ok
test job_result::tests::prop_bad_exit_first ... ok
test job_result::tests::prop_classification_exhaustive ... ok
test job_retry::tests::test_next_attempt ... ok
test job_retry::tests::test_should_retry ... ok
test job_result::tests::prop_full_range_always_valid ... ok
test job_idempotency::tests::prop_consumed_monotonic ... ok
test job_idempotency::tests::prop_fresh_not_consumed ... ok
test job_dag::test::proptests::prop_unsatisfied_bounded ... ok
test job_result::tests::prop_hash_reflexive ... ok
test job_slot::tests::test_acquire ... ok
test job_slot::tests::test_acquire_release_roundtrip ... ok
test job_state::tests::test_invalid_transitions ... ok
test job_state::tests::test_can_become_ready ... ok
test job_slot::tests::test_has_available ... ok
test job_slot::tests::test_release ... ok
test job_state::tests::test_terminal ... ok
test job_state::tests::test_valid_states ... ok
test job_state::tests::test_valid_transitions ... ok
test job_result::tests::prop_valid_iff_all_pass ... ok
test job_retry::tests::prop_max_attempts_blocks ... ok
test job_retry::tests::prop_classification_exhaustive ... ok
test job_retry::tests::prop_next_decreases_remaining ... ok
test job_timeout::tests::test_compute_deadline ... ok
test job_retry::tests::prop_remaining_zero_iff_exhausted ... ok
test job_retry::tests::prop_remaining_bounded ... ok
test job_retry::tests::prop_cooldown_monotonic ... ok
test job_timeout::tests::test_extend_deadline ... ok
test job_timeout::tests::test_elapsed_time ... ok
test job_timeout::tests::test_is_timed_out ... ok
test job_timeout::tests::test_remaining_plus_elapsed ... ok
test job_timeout::tests::test_time_remaining ... ok
test job_slot::tests::prop_acquire_iff_available ... ok
test job_slot::tests::prop_acquire_release_identity ... ok
test job_retry::tests::prop_next_attempt_bounded ... ok
test job_slot::tests::prop_acquire_bounded ... ok
test joint_consensus::tests::test_joint_intersection ... ok
test joint_consensus::tests::test_joint_quorum ... ok
test job_retry::tests::prop_non_retryable_never_retries ... ok
test journal::tests::test_apply_entry_basic ... ok
test job_state::tests::prop_no_self_transition ... ok
test job_timeout::tests::prop_remaining_decreases ... ok
test journal::tests::test_final_balance ... ok
test journal::tests::test_journal_valid_single_credit ... ok
test journal::tests::test_journal_valid_empty ... ok
test job_state::tests::prop_no_deps_always_ready ... ok
test job_timeout::tests::prop_not_timed_out_at_start ... ok
test job_state::tests::prop_cancel_from_non_terminal ... ok
test job_slot::tests::prop_release_never_underflows ... ok
test job_timeout::tests::prop_deadline_ge_start ... ok
test job_state::tests::prop_terminal_no_outgoing ... ok
test job_timeout::tests::prop_extension_bounded ... ok
test job_timeout::tests::prop_timeout_monotonic ... ok
test job_timeout::tests::prop_extension_pushes_forward ... ok
test job_state::tests::prop_any_non_completed_blocks ... ok
test job_timeout::tests::prop_elapsed_monotonic ... ok
test journal::tests::test_journal_valid_wrong_balance ... ok
test journal::tests::test_make_entry_basic ... ok
test knowledge_graph::tests::knowledge_graph_admission_composes_all_checks ... ok
test journal::tests::test_make_entry_seq_num_check ... ok
test knowledge_graph::tests::knowledge_graph_alignment_rejects_conflict ... ok
test job_timeout::tests::prop_remaining_plus_elapsed ... ok
test knowledge_graph::tests::knowledge_graph_inference_requires_witness_and_bound ... ok
test knowledge_graph::tests::knowledge_graph_embedding_index_rejects_quality_claims ... ok
test knowledge_graph::tests::knowledge_graph_ontology_rejects_range_violation ... ok
test knowledge_graph::tests::knowledge_graph_property_accepts_declared_keys_only ... ok
test knowledge_graph::tests::knowledge_graph_provenance_requires_source ... ok
test knowledge_graph::tests::knowledge_graph_query_shape_requires_bounds ... ok
test job_state::tests::prop_all_completed_is_ready ... ok
test journal::tests::test_journal_valid_single_debit ... ok
test knowledge_graph::tests::knowledge_graph_terms_accept_and_reject ... ok
test job_timeout::tests::prop_remaining_zero_iff_timed_out ... ok
test joint_consensus::tests::prop_joint_intersection ... ok
test knowledge_graph::tests::knowledge_graph_triples_accept_and_reject ... ok
test joint_consensus::tests::prop_both_quorums_required ... ok
test kv_version::tests::test_new_key ... ok
test joint_consensus::tests::prop_full_always_joint ... ok
test kv_version::tests::test_saturation ... ok
test kv_version::tests::test_update_key ... ok
test last_applied::tests::test_can_apply ... ok
test last_applied::tests::test_advance_last_applied ... ok
test last_applied::tests::test_batch_apply_end ... ok
test last_applied::tests::test_invariant ... ok
test last_applied::tests::test_next_apply_index ... ok
test last_applied::tests::test_pending_apply_count ... ok
test layout_constraint::tests::test_clamp_fixed ... ok
test layout_constraint::tests::test_clamp_minmax ... ok
test layout_constraint::tests::test_clamp_proportion ... ok
test layout_constraint::tests::test_satisfies_fixed ... ok
test layout_constraint::tests::test_clamp_min ... ok
test layout_constraint::tests::test_satisfies_min ... ok
test layout_constraint::tests::test_satisfies_minmax ... ok
test job_slot::tests::prop_capacity_invariant_sequence ... ok
test layout_constraint::tests::test_satisfies_proportion ... ok
test journal::tests::prop_credit_debit_roundtrip ... ok
test joint_consensus::tests::prop_zero_count_never_quorum ... ok
test journal::tests::prop_debit_credit_roundtrip ... ok
test journal::tests::prop_apply_entry_oracle ... ok
test last_applied::tests::prop_advance_monotonic ... ok
test last_applied::tests::prop_pending_count_model ... ok
test kv_version::tests::prop_version_increments ... ok
test leader_append_only::tests::test_invariant_reflexive ... ok
test leader_append_only::tests::test_invariant_after_append ... ok
test last_applied::tests::prop_advance_preserves_invariant ... ok
test leader_append_only::tests::test_invariant_violated_by_overwrite ... ok
test leader_append_only::tests::test_invariant_violated_by_truncate ... ok
test leader_append_only::tests::test_leader_append_entry ... ok
test layout_constraint::tests::prop_clamp_always_satisfies ... ok
test kv_version::tests::prop_new_key_version_one ... ok
test kv_version::tests::prop_create_revision_preserved ... ok
test last_applied::tests::prop_batch_apply_bounded ... ok
test leader_completeness::tests::test_concrete_leader_completeness ... ok
test leader_completeness::tests::test_lower_term_lacks_entry ... ok
test leader_completeness::tests::test_higher_term_has_entry ... ok
test leader_completeness::tests::test_quorum_overlap_5_node ... ok
test leader_completeness::tests::test_same_term_needs_index ... ok
test leader_completeness_ghost::tests::test_full_chain ... ok
test leader_completeness_ghost::tests::test_leader_ge_voter ... ok
test leader_completeness_ghost::tests::test_shared_voter_2_of_3 ... ok
test layout_constraint::tests::prop_clamp_idempotent ... ok
test leader_completeness_ghost::tests::test_voter_has_committed_entry ... ok
test leader_completeness_ghost::tests::test_shared_voter_3_of_5 ... ok
test layout_constraint::tests::prop_fixed_ignores_value ... ok
test leader_append_only::tests::prop_append_satisfies ... ok
test leader_completeness_ghost::tests::test_vote_record_epoch ... ok
test journal::tests::prop_lifecycle ... ok
test layout_constraint::tests::prop_minmax_subsumes_min ... ok
test leadership_transfer::tests::test_can_abort_transfer ... ok
test leader_append_only::tests::prop_empty_log_extends_to_anything ... ok
test leadership_transfer::tests::test_can_start_transfer ... ok
test leadership_transfer::tests::test_is_target_caught_up ... ok
test layout_constraint::tests::prop_min_only_lower_bound ... ok
test layout_constraint::tests::prop_satisfies_reflexive ... ok
test leadership_transfer::tests::test_is_transfer_expired ... ok
test leadership_transfer::tests::test_should_reject_proposal ... ok
test leader_append_only::tests::prop_truncation_violates ... ok
test learner_change::tests::test_add_learner_result ... ok
test leadership_transfer::tests::test_should_send_timeout_now ... ok
test kv_version::tests::prop_mod_revision_is_log_index ... ok
test leader_append_only::tests::prop_append_preserves_prefix ... ok
test learner_change::tests::test_can_add_learner ... ok
test kv_version::tests::prop_version_positive ... ok
test kv_version::tests::prop_deterministic ... ok
test leader_append_only::tests::prop_double_append_maintains_invariant ... ok
test learner_change::tests::test_can_remove_learner ... ok
test learner_readiness::tests::test_is_caught_up ... ok
test learner_change::tests::test_remove_learner_result ... ok
test learner_change::tests::test_quorum_unchanged ... ok
test learner_readiness::tests::test_is_within_threshold ... ok
test learner_readiness::tests::test_promotion_safe ... ok
test learner_readiness::tests::test_replication_gap ... ok
test leader_completeness_ghost::tests::prop_quorum_overlap ... ok
test leader_completeness_ghost::tests::prop_higher_term_dominates ... ok
test leader_completeness_ghost::tests::prop_epoch_transitivity ... ok
test leader_completeness::tests::prop_higher_term_always_has_entry ... ok
test lease::tests::test_renewal ... ok
test lease::tests::test_lease_validity ... ok
test lease::tests::test_disjointness ... ok
test lease::tests::test_revocation ... ok
test leadership_transfer::tests::prop_self_transfer_rejected ... ok
test leader_append_only::tests::prop_invariant_transitive ... ok
test leader_completeness::tests::prop_transitivity ... ok
test leadership_transfer::tests::prop_caught_up_reflexive ... ok
test learner_change::tests::prop_pending_blocks_all ... ok
test learner_change::tests::prop_add_existing_idempotent ... ok
test learner_change::tests::prop_add_remove_roundtrip ... ok
test lease_mutex::tests::test_acquire_basic ... ok
test leadership_transfer::tests::prop_expired_blocks_send ... ok
test lease_mutex::tests::test_acquire_while_held ... ok
test lease_mutex::tests::test_fresh_lock_available ... ok
test learner_change::tests::prop_voter_never_added ... ok
test lease_mutex::tests::test_owner_check ... ok
test lease_mutex::tests::test_write_permitted ... ok
test leadership_transfer::tests::prop_expired_complement ... ok
test lease_mutex::tests::test_release ... ok
test leader_completeness::tests::prop_lower_term_never_has_entry ... ok
test leader_completeness::tests::prop_same_term_ge_index ... ok
test learner_readiness::tests::prop_caught_up_reflexive ... ok
test learner_readiness::tests::prop_gap_nonneg ... ok
test lease_read::tests::test_is_leader_for_lease ... ok
test lease_read::tests::test_drift_exceeds_timeout ... ok
test learner_readiness::tests::prop_caught_up_within_any_threshold ... ok
test lease_read::tests::test_is_lease_valid ... ok
test lease_read::tests::test_lease_read_safe ... ok
test lease_read::tests::test_start_lease ... ok
test ledger::tests::test_can_transfer ... ok
test ledger::tests::test_ledger_transfer ... ok
test ledger::tests::test_conservation_manual ... ok
test ledger::tests::test_total_balance ... ok
test learner_readiness::tests::prop_promotion_needs_caught_up ... ok
test ledger::tests::test_balance_at ... ok
test ledger::tests::test_transfer_with_fee ... ok
test ledger::tests::test_transfer_with_fee_invalid ... ok
test left_right::tests::test_initial_state ... ok
test left_right::tests::test_old_reader_keeps_snapshot_after_publish ... ok
test leadership_transfer::tests::prop_transfer_blocks_proposals ... ok
test left_right::tests::test_reader_enter_exit_left ... ok
test left_right::tests::test_writer_publish_cycle ... ok
test lease::tests::prop_lease_disjointness ... ok
test linearizability::tests::test_agrees_with ... ok
test lease::tests::prop_revocation_immediate ... ok
test lease::tests::prop_renewal_extends ... ok
test lease_mutex::tests::prop_release_terminates ... ok
test lease_mutex::tests::prop_owner_unique ... ok
test lease::tests::prop_grant_valid_at_start ... ok
test lease_mutex::tests::prop_acquire_sets_owner ... ok
test lease_read::tests::prop_fresh_lease_valid ... ok
test learner_readiness::tests::prop_gap_monotonic ... ok
test lease_mutex::tests::prop_fence_monotonic ... ok
test ledger::tests::prop_transfer_conservation ... ok
test lease_read::tests::prop_lease_expires_at_boundary ... ok
test lease_mutex::tests::prop_successive_leases_no_overlap ... ok
test block_cache::proptests::prop_insert_then_evict_identity ... ok
test lease_read::tests::prop_invalid_lease_blocks ... ok
test linearizability::tests::test_empty_linearizable ... ok
test linearizability::tests::test_mismatched_uid_not_sequential ... ok
test linearizability::tests::test_agrees_wrong_result ... ok
test linearizability::tests::test_empty_sequential ... ok
test linearizable_read_gate::tests::rejects_lost_authority_and_unsafe_read ... ok
test lease_read::tests::prop_lease_needs_commit ... ok
test ledger::tests::prop_fee_transfer_conservation ... ok
test liveness_analysis::tests::test_branch_live_range_contains_witness_path ... ok
test liveness_analysis::tests::test_exit_live_out_empty ... ok
test liveness_analysis::tests::test_local_def_kills_live_in ... ok
test linearizability::tests::test_sequential_trace_linearizable ... ok
test linearizability::tests::test_odd_length_not_sequential ... ok
test linearizability::tests::test_single_pair_sequential ... ok
test liveness_analysis::tests::test_straight_line_liveness ... ok
test linearizable_read_gate::tests::accepts_quorum_confirmed_read ... ok
test ledger::tests::prop_transfer_isolates ... ok
test left_right::tests::prop_exit_then_catch_up_restores_sync ... ok
test left_right::tests::prop_publish_toggles_and_advances ... ok
test left_right::tests::prop_live_reader_blocks_catch_up ... ok
test lock_ordering::tests::test_acquisition_order ... ok
test ledger::tests::prop_total_oracle ... ok
test linearizability::tests::prop_agrees_constructed ... ok
test block_cache::proptests::prop_write_back_dirty_cleans ... ok
test left_right::tests::prop_enter_exit_roundtrip ... ok
test lock_ordering::tests::test_can_acquire ... ok
test debruijn::tests::prop_beta_reduce_preserves_runtime_scope ... ok
test lock_ordering::tests::test_lock_count ... ok
test lock_ordering::tests::test_ordered_pair ... ok
test lock_ordering::tests::test_max_held_lock ... ok
test linearizability::tests::prop_sequential_is_linearizable ... ok
test lock_ordering::tests::test_valid_acquisition_order ... ok
test linearizability::tests::prop_sequential_pairs ... ok
test lock_ordering::tests::test_would_deadlock ... ok
test log::tests::test_agree_at ... ok
test log::tests::test_logs_match_prefix ... ok
test log::tests::test_log_append ... ok
test log::tests::test_log_truncate ... ok
test log_compaction::tests::test_compact_full_log ... ok
test log_compaction::tests::test_compact_log ... ok
test log_compaction::tests::test_first_log_index_after_compaction ... ok
test log_compaction::tests::test_compact_removes_prefix ... ok
test log_compaction::tests::test_should_compact ... ok
test log_compaction::tests::test_compact_nothing ... ok
test ledger::tests::prop_batch_conservation ... ok
test log_compaction::tests::test_translate_index ... ok
test lock_ordering::tests::prop_acquisition_order_commutative ... ok
test lock_ordering::tests::prop_no_locks_always_acquirable ... ok
test lock_ordering::tests::prop_ordered_pair_irreflexive ... ok
test lock_ordering::tests::prop_deadlock_negates_acquire ... ok
test log_conflict::tests::test_find_conflict_at_start ... ok
test log_conflict::tests::test_find_conflict_empty_leader ... ok
test log_conflict::tests::test_find_conflict_leader_extends ... ok
test lock_ordering::tests::prop_ordered_pair_asymmetric ... ok
test lock_ordering::tests::prop_ordered_pair_trichotomy ... ok
test log_conflict::tests::test_find_conflict_with_start_index ... ok
test log_conflict::tests::test_find_conflict_no_conflict ... ok
test lock_ordering::tests::prop_acquisition_order_covers ... ok
test log_conflict::tests::test_resolve_append_only ... ok
test log_conflict::tests::test_resolve_empty_leader ... ok
test log_conflict::tests::test_resolve_no_change ... ok
test lock_ordering::tests::prop_acquisition_order_valid_when_distinct ... ok
test log_invariant_inductive::tests::test_ae_check_then_resolve ... ok
test log_conflict::tests::test_resolve_truncate_and_append ... ok
test lock_ordering::tests::prop_max_is_last_in_valid_order ... ok
test log_compaction::tests::prop_compact_preserves_commit ... ok
test log_conflict::tests::test_resolve_with_start_index ... ok
test log_compaction::tests::prop_first_index_monotonic ... ok
test log_invariant_inductive::tests::test_empty_left_lmp ... ok
test log_invariant_inductive::tests::test_leader_append_preserves ... ok
test log_invariant_inductive::tests::test_leader_invariant_preserves ... ok
test log_invariant_inductive::tests::test_election_preserves ... ok
test log_invariant_inductive::tests::test_check_establishes_agreement ... ok
test log_invariant_inductive::tests::test_empty_logs_lmp ... ok
test log_compaction::tests::prop_translate_round_trip ... ok
test log::tests::prop_agree_at_symmetric ... ok
test log_compaction::tests::prop_compact_preserves_suffix ... ok
test log::tests::prop_prefix_match_monotonic ... ok
test loop_detection::tests::test_find_back_edges_nested_loops ... ok
test loop_detection::tests::test_compute_loop_body_while_if_shape ... ok
test log::tests::prop_append_truncate_roundtrip ... ok
test lock_ordering::tests::prop_sorted_vec_valid_order ... ok
test loop_detection::tests::test_compute_loop_body_nested_loops ... ok
test loop_detection::tests::test_header_dominates_nested_loop_bodies ... ok
test loop_detection::tests::test_loop_nesting_forest_nested_loops ... ok
test loop_detection::tests::test_loop_nesting_forest_picks_immediate_parent ... ok
test loop_detection::tests::test_loop_nesting_nested_loops ... ok
test loop_detection::tests::test_loop_exits_nested_loops ... ok
test log_invariant_inductive::tests::prop_ae_exchange_preserves ... ok
test log_invariant_inductive::tests::prop_lmp_symmetric ... ok
test log_invariant_inductive::tests::prop_prefix_preserves_lmp ... ok
test loop_detection::tests::test_single_entry_nested_loop ... ok
test log_invariant_inductive::tests::prop_lmp_model_oracle ... ok
test log_conflict::tests::prop_resolve_matches_leader ... ok
test log_invariant_inductive::tests::prop_random_append_sequence ... ok
test lsm_level::tests::test_space_amp_basic ... ok
test lsm_level::tests::test_target_size_basic ... ok
test lsm_level::tests::test_total_write_amp_basic ... ok
test lsm_level::tests::test_target_size_saturation ... ok
test log_conflict::tests::prop_no_conflict_same_terms ... ok
test lsm_level::tests::test_level_count_basic ... ok
test lsm_level::tests::test_needs_compaction_basic ... ok
test log_invariant_inductive::tests::prop_append_preserves_lmp ... ok
test lsm_level::tests::test_size_ratio_valid_basic ... ok
test log_conflict::tests::prop_resolve_prefix_preserved ... ok
test liveness_analysis::tests::prop_witness_paths_stay_inside_live_range ... ok
test liveness_analysis::tests::prop_matches_bruteforce_use_def ... ok
test log_conflict::tests::prop_conflict_in_range ... ok
test markov::tests::test_confidence_meets ... ok
test markov::tests::test_best_prediction_index ... ok
test liveness_analysis::tests::prop_converges_within_block_var_bound ... ok
test log_conflict::tests::prop_resolve_model_oracle ... ok
test markov::tests::test_prediction_valid ... ok
test lsm_level::tests::prop_level_count_zero_for_small ... ok
test liveness_analysis::tests::prop_exit_block_live_out_empty ... ok
test markov::tests::test_record_transition ... ok
test lsm_level::tests::prop_target_ge_base ... ok
test match_index::tests::test_backtrack_floor ... ok
test match_index::tests::test_backtrack_next_index ... ok
test match_index::tests::test_count_replicated ... ok
test match_index::tests::test_init_match_indices ... ok
test lsm_level::tests::prop_target_monotonic ... ok
test match_index::tests::test_init_next_indices ... ok
test lsm_level::tests::prop_compaction_iff_above_target ... ok
test match_index::tests::test_update_match_index ... ok
test liveness_analysis::tests::prop_fixed_point_satisfies_equations ... ok
test lsm_level::tests::prop_write_amp_monotonic_levels ... ok
test markov::tests::prop_best_prediction_in_bounds ... ok
test lsm_level::tests::prop_space_amp_ge_100 ... ok
test markov::tests::prop_record_maintains_invariants ... ok
test markov::tests::prop_confidence_matches_float ... ok
test markov::tests::prop_confidence_antimonotonic_in_threshold ... ok
test markov::tests::prop_full_count_meets_threshold ... ok
test memory_order::tests::test_combine ... ok
test memory_order::tests::test_semantics ... ok
test memory_order::tests::test_downgrade ... ok
test markov::tests::prop_confidence_monotonic_in_count ... ok
test memory_order::tests::test_strength_lattice ... ok
test memory_order::tests::test_valid_for_ops ... ok
test memory_order::tests::prop_combine_commutative ... ok
test markov::tests::prop_zero_count_fails_positive_threshold ... ok
test loop_detection::tests::prop_headers_dominate_computed_bodies ... ok
test memory_order::tests::prop_downgrade_store_valid ... ok
test match_index::tests::prop_backtrack_floor_at_1 ... ok
test memory_order::tests::test_valid_orderings ... ok
test memory_order::tests::prop_downgrade_load_valid ... ok
test match_index::tests::prop_count_bounded ... ok
test memory_order::tests::prop_combine_idempotent ... ok
test loop_detection::tests::prop_computed_loops_have_single_entry ... ok
test match_index::tests::prop_update_isolation ... ok
test memory_order::tests::prop_combine_produces_valid ... ok
test memory_order::tests::prop_relaxed_bottom ... ok
test merkle::tests::test_empty_proof ... ok
test merkle::tests::test_verify_proof_single_level ... ok
test merkle::tests::test_wrong_root_rejects ... ok
test memory_order::tests::prop_combine_at_least_both ... ok
test memory_order::tests::prop_antisymmetric ... ok
test match_index::tests::prop_count_oracle ... ok
test loop_detection::tests::prop_back_edges_match_manual ... ok
test mesi::tests::test_any_has_copy ... ok
test mesi::tests::test_bus_invalidate ... ok
test mesi::tests::test_bus_read_exclusive ... ok
test mesi::tests::test_bus_read_modified ... ok
test mesi::tests::test_full_read_miss_alone ... ok
test match_index::tests::prop_init_match_all_zero ... ok
test mesi::tests::test_read_hit ... ok
test loop_detection::tests::prop_exit_edges_match_partition ... ok
test mesi::tests::test_full_read_downgrades_modified ... ok
test mesi::tests::test_read_miss_alone ... ok
test mesi::tests::test_full_read_miss_others_shared ... ok
test mesi::tests::test_full_write ... ok
test mesi::tests::test_invariant_all_invalid ... ok
test mesi::tests::test_read_miss_shared ... ok
test memory_order::tests::prop_seq_cst_top ... ok
test mesi::tests::test_write_from_invalid ... ok
test mesi::tests::test_valid_states ... ok
test mesi::tests::test_invariant_one_modified ... ok
test mesi::tests::test_invariant_one_exclusive ... ok
test mesi::tests::test_write_read_sequence ... ok
test mesi::tests::test_invariant_violations ... ok
test metric_aggregate::tests::metric_aggregate_accepts_and_rejects ... ok
test metric_admission::tests::metric_admission_accepts_and_rejects ... ok
test metric_counter::tests::metric_counter_accepts_and_rejects ... ok
test metric_alert::tests::metric_alert_accepts_and_rejects ... ok
test mir_core::tests::negative::dangling_base_and_projection_index_are_rejected ... ok
test metric_window::tests::metric_window_accepts_and_rejects ... ok
test mir_core::tests::negative::adapter_fails_before_exposing_invalid_edges ... ok
test mir_core::tests::negative::invalid_statement_local_has_stable_location ... ok
test mir_core::tests::negative::missing_return_place_is_rejected ... ok
test loop_detection::tests::prop_nesting_forest_parent_selection ... ok
test metric_gauge::tests::metric_gauge_accepts_and_rejects ... ok
test mir_core::tests::negative::missing_terminator_is_rejected_before_statements ... ok
test mir_core::tests::negative::nested_rvalue_is_rejected ... ok
test mir_core::tests::negative::repeated_admission_reports_the_same_first_failure ... ok
test mir_core::tests::positive::branch_call_and_drop_edges_are_extracted_in_order ... ok
test mir_core::tests::negative::out_of_range_successor_is_rejected ... ok
test mir_core::tests::negative::unsupported_projection_is_rejected ... ok
test metric_histogram::tests::metric_histogram_accepts_and_rejects ... ok
test mir_core::tests::positive::places_operands_rvalues_and_statements_are_admitted ... ok
test mir_core::tests::positive::every_shallow_rvalue_family_is_admitted ... ok
test metric_id::tests::metric_id_accepts_and_rejects ... ok
test mir_core::tests::positive::terminal_terminators_have_no_edges ... ok
test mesi::tests::test_invariant_shared ... ok
test mir_dataflow_framework::tests::negative::duplicate_edge_effect_is_rejected ... ok
test metric_labels::tests::metric_labels_accepts_and_rejects ... ok
test mir_dataflow_framework::tests::negative::edge_effect_must_name_an_admitted_successor ... ok
test mir_dataflow_framework::tests::negative::effect_location_must_be_statement_or_terminator ... ok
test mir_dataflow_framework::tests::negative::duplicate_result_request_is_rejected ... ok
test mir_dataflow_framework::tests::negative::duplicate_location_effect_is_rejected ... ok
test mesi::tests::test_write_from_shared ... ok
test mir_dataflow_framework::tests::negative::excessive_budget_is_rejected ... ok
test mir_core::tests::positive::single_block_return_body_is_admitted ... ok
test mir_core::tests::negative::empty_block_table_is_rejected ... ok
test mir_dataflow_framework::tests::negative::first_failure_is_deterministic ... ok
test mir_dataflow_framework::tests::negative::insufficient_budget_is_rejected_before_iteration ... ok
test mir_dataflow_framework::tests::negative::invalid_boundary_is_rejected ... ok
test memory_order::tests::prop_strength_reflexive ... ok
test mir_dataflow_framework::tests::negative::invalid_cursor_point_is_rejected ... ok
test mir_dataflow_framework::tests::negative::missing_bottom_top_and_height_are_rejected ... ok
test mir_dataflow_framework::tests::negative::non_monotone_transfer_is_rejected ... ok
test mir_dataflow_framework::tests::negative::transfer_output_outside_domain_is_rejected ... ok
test mir_dataflow_framework::tests::positive::backward_direction_reverses_location_order_only ... ok
test mir_dataflow_framework::tests::positive::complete_analysis_is_admitted_with_derived_budget ... ok
test mir_dataflow_framework::tests::positive::before_effect_is_applied_immediately_before_primary ... ok
test mir_dataflow_framework::tests::positive::finite_chain_domain_is_admitted ... ok
test mir_dataflow_framework::tests::positive::edge_state_is_available_for_admitted_successor ... ok
test mir_dataflow_framework::tests::positive::fixed_results_export_finite_states_not_analysis_semantics ... ok
test mir_dataflow_framework::tests::positive::forward_analysis_reaches_stable_block_states ... ok
test mir_destruct::tests::negative::absent_initializedness_facts_are_rejected ... ok
test mir_dataflow_framework::tests::positive::result_visitor_preserves_requested_location_order ... ok
test mir_destruct::tests::negative::duplicate_active_variant_fact_is_rejected ... ok
test mir_destruct::tests::negative::first_failure_is_deterministic ... ok
test mir_destruct::tests::negative::duplicate_fact_is_rejected ... ok
test mir_destruct::tests::negative::expansion_budget_exhaustion_is_rejected ... ok
test mir_destruct::tests::negative::invalid_mir_place_is_rejected ... ok
test mir_destruct::tests::negative::invalid_replacement_target_is_rejected_before_write ... ok
test mir_destruct::tests::negative::missing_parent_and_wrong_depth_are_rejected ... ok
test mir_destruct::tests::negative::no_glue_path_cannot_be_an_obligation ... ok
test mir_destruct::tests::negative::unsupported_or_duplicate_metadata_is_rejected ... ok
test mir_destruct::tests::negative::open_enum_requires_one_valid_active_variant ... ok
test mir_destruct::tests::positive::conditional_target_emits_guarded_metadata ... ok
test mir_destruct::tests::positive::finite_facts_select_all_four_classes ... ok
test mir_destruct::tests::positive::initialize_establishes_and_move_releases_subtree_obligations ... ok
test mir_destruct::tests::positive::no_glue_path_emits_no_destructor_metadata ... ok
test mir_destruct::tests::positive::open_enum_uses_only_active_variant_children ... ok
test mir_destruct::tests::positive::old_target_steps_precede_replacement_write ... ok
test mir_destruct::tests::positive::open_struct_emits_only_initialized_child ... ok
test merkle::tests::prop_empty_proof_iff_equal ... ok
test mir_destruct::tests::positive::path_and_type_metadata_are_admitted ... ok
test mir_pass_pipeline::tests::negative::altered_registration_is_rejected ... ok
test mir_pass_pipeline::tests::negative::disabled_optimization_pass_is_rejected ... ok
test mir_pass_pipeline::tests::negative::double_steal_is_rejected ... ok
test mir_pass_pipeline::tests::negative::excessive_trace_is_rejected_at_bound ... ok
test mir_pass_pipeline::tests::negative::missing_validation_is_rejected ... ok
test mir_pass_pipeline::tests::negative::phase_reversal_reports_phase_order ... ok
test mir_pass_pipeline::tests::negative::read_after_steal_is_rejected ... ok
test mir_pass_pipeline::tests::negative::registered_pass_at_wrong_phase_is_rejected ... ok
test mir_pass_pipeline::tests::negative::repeated_admission_reports_same_first_failure ... ok
test mir_pass_pipeline::tests::negative::required_read_must_precede_steal ... ok
test mir_pass_pipeline::tests::negative::skipped_phase_reports_phase_order ... ok
test mir_pass_pipeline::tests::positive::available_read_preserves_artifact_state ... ok
test mir_pass_pipeline::tests::positive::dependent_read_before_steal_is_admitted ... ok
test mir_pass_pipeline::tests::positive::enabled_level_two_admits_optimization_pass ... ok
test mir_pass_pipeline::tests::positive::ordered_query_phases_are_admitted ... ok
test mir_pass_pipeline::tests::positive::registered_same_phase_mutation_is_admitted ... ok
test mir_pass_pipeline::tests::positive::validated_pipeline_reaches_optimized_mir ... ok
test mir_visitor_traversal::tests::negative::duplicate_requested_location_is_rejected ... ok
test mir_visitor_traversal::tests::negative::duplicate_visit_is_rejected ... ok
test mir_visitor_traversal::tests::negative::invalid_block_location_is_rejected ... ok
test mir_visitor_traversal::tests::negative::immutable_trace_rejects_after_body ... ok
test mir_visitor_traversal::tests::negative::invalid_nested_ordinal_is_rejected ... ok
test mir_visitor_traversal::tests::negative::missing_visit_is_rejected ... ok
test mir_visitor_traversal::tests::negative::ordered_mode_rejects_all_blocks_policy ... ok
test mir_visitor_traversal::tests::negative::repeated_malformed_trace_has_the_same_first_failure ... ok
test mir_visitor_traversal::tests::negative::unreachable_location_violates_reachable_only_policy ... ok
test mir_visitor_traversal::tests::negative::unsupported_structural_mutation_is_rejected ... ok
test mir_visitor_traversal::tests::negative::value_only_mutation_cannot_change_body_shape ... ok
test mir_visitor_traversal::tests::negative::visit_outside_requested_set_is_rejected ... ok
test mir_dataflow_framework::tests::negative::malformed_or_non_idempotent_join_is_rejected ... ok
test merkle::tests::prop_wrong_leaf_rejects ... ok
test mir_visitor_traversal::tests::positive::immutable_full_body_trace_is_admitted_exactly_once ... ok
test mir_visitor_traversal::tests::negative::wrong_preorder_is_rejected ... ok
test mir_visitor_traversal::tests::positive::place_operand_and_rvalue_locations_are_admitted ... ok
test mir_visitor_traversal::tests::positive::preorder_is_deterministic_and_excludes_unreachable_blocks ... ok
test mir_visitor_traversal::tests::positive::preorder_trace_covers_each_reachable_block_once ... ok
test mir_visitor_traversal::tests::positive::reverse_postorder_is_deterministic_and_complete ... ok
test mir_visitor_traversal::tests::positive::traversal_exports_locations_and_shape_not_pass_semantics ... ok
test mir_visitor_traversal::tests::positive::value_only_mutation_preserves_declared_shape ... ok
test ml_confusion_matrix::tests::confusion_update_and_denominator_checks ... ok
test ml_dataset_split::tests::split_rejects_overflow_and_partitions ... ok
test ml_batch_iterator::tests::batch_ranges_are_contiguous ... ok
test moesi::tests::invalid_state_is_rejected ... ok
test moesi::tests::modified_remote_read_becomes_owned ... ok
test moesi::tests::modified_evict_writes_back ... ok
test moesi::tests::owned_evict_writes_back ... ok
test ml_feature_normalization::tests::feature_admission_and_endpoint_normalization ... ok
test moesi::tests::shared_evict_is_clean ... ok
test ml_inference_envelope::tests::inference_envelope_admits_and_rejects ... ok
test merkle::tests::prop_valid_proof_verifies ... ok
test monotonic::tests::test_is_advance ... ok
test monotonic::tests::test_is_strict_advance ... ok
test ml_tensor_shape::tests::tensor_shape_accepts_and_flattens ... ok
test ml_label_encoding::tests::label_roundtrip_and_unknown ... ok
test moesi::tests::owned_remote_read_stays_owned ... ok
test moesi::tests::processor_write_from_owned_requests_upgrade ... ok
test merkle::tests::prop_four_leaf_tree ... ok
test ml_top_k::tests::top2_orders_with_stable_tie_break ... ok
test mesi::tests::prop_write_invalidates_others ... ok
test mesi::tests::prop_write_then_read_preserves_invariant ... ok
test mpsc_bounds::tests::test_occupancy ... ok
test mpsc_bounds::tests::test_remaining ... ok
test mesi::tests::prop_full_write_preserves_invariant ... ok
test mpsc_bounds::tests::test_drained ... ok
test mesi::tests::prop_full_read_preserves_invariant ... ok
test mpsc_bounds::tests::test_after_send_receive ... ok
test mpsc_bounds::tests::test_can_send_receive ... ok
test mpsc_bounds::tests::test_full_empty ... ok
test mvcc::tests::test_chain_latest_with_active ... ok
test mvcc::tests::test_can_gc ... ok
test mvcc::tests::test_chain_latest ... ok
test mesi::tests::prop_writer_always_modified ... ok
test mvcc::tests::test_deleted_version_visible_in_range ... ok
test mvcc::tests::test_live_version_visible ... ok
test mvcc::tests::test_is_committed ... ok
test mvcc::tests::test_snapshot_visible ... ok
test net_endpoint_address::tests::net_endpoint_address_accepts_and_rejects ... ok
test net_checksum_shape::tests::net_checksum_shape_accepts_and_rejects ... ok
test net_header_field::tests::net_header_field_accepts_and_rejects ... ok
test net_message_sequence::tests::net_message_sequence_accepts_and_rejects ... ok
test net_packet_frame::tests::net_packet_frame_accepts_and_rejects ... ok
test monotonic::tests::prop_advance_antisymmetric ... ok
test net_parser_admission::tests::net_parser_admission_accepts_and_rejects ... ok
test monotonic::tests::prop_strict_advance_irreflexive ... ok
test monotonic::tests::prop_advance_transitive ... ok
test mpsc_bounds::tests::prop_closed_blocks_send ... ok
test monotonic::tests::prop_strict_then_advance ... ok
test net_payload_bound::tests::net_payload_bound_accepts_and_rejects ... ok
test mpsc_bounds::tests::prop_receive_not_full ... ok
test nickel_field_merge::tests::test_force_overrides_default ... ok
test nickel_merge_split::tests::test_disjoint_maps ... ok
test net_protocol_admission::tests::net_protocol_admission_accepts_and_rejects ... ok
test nickel_field_merge::tests::test_higher_priority_wins ... ok
test nickel_field_merge::tests::test_equal_priority_same_value ... ok
test mesi::tests::prop_random_ops_preserve_invariant ... ok
test mpsc_bounds::tests::prop_remaining_plus_occ ... ok
test mpsc_bounds::tests::prop_drained_blocks_all ... ok
test mpsc_bounds::tests::prop_occupancy_correct ... ok
test nickel_merge_split::tests::test_identical_keys ... ok
test nickel_merge_split::tests::test_overlapping_maps ... ok
test nickel_merge_split::tests::test_empty_maps ... ok
test mpsc_bounds::tests::prop_send_receive_roundtrip ... ok
test nickel_pattern_coverage::tests::test_complete_enum ... ok
test debruijn::tests::prop_subst_preserves_runtime_scope ... ok
test nickel_pattern_coverage::tests::test_find_uncovered ... ok
test monotonic::tests::prop_advance_reflexive ... ok
test nickel_pattern_coverage::tests::test_has_wildcard ... ok
test nickel_field_merge::tests::test_equal_priority_conflict ... ok
test nickel_pattern_coverage::tests::test_incomplete_enum ... ok
test nickel_pattern_coverage::tests::test_overlap_detection ... ok
test nickel_pattern_coverage::tests::test_wildcard_complete ... ok
test monotonic::tests::prop_strict_implies_advance ... ok
test nickel_polarity::tests::test_codomain_preserves ... ok
test nickel_polarity::tests::test_domain_flip ... ok
test nickel_polarity::tests::test_double_flip ... ok
test nickel_polarity::tests::test_first_order_function ... ok
test nickel_polarity::tests::test_higher_order_function ... ok
test nickel_polarity::tests::test_mixed_path_even_domain_count ... ok
test nickel_polarity::tests::test_mixed_path_odd_domain_count ... ok
test mvcc::tests::prop_committed_on_empty_active ... ok
test nickel_priority::tests::test_bottom_minimum ... ok
test nickel_priority::tests::test_extremal_numerals_do_not_alias_bounds ... ok
test nickel_priority::tests::test_numeral_ordering ... ok
test nickel_priority::tests::test_priority_cmp_basic ... ok
test nix_attrset::tests::test_attr_values ... ok
test nickel_record_merge::tests::test_associativity_runtime_for_neutral_records ... ok
test mpsc_bounds::tests::prop_receive_send_roundtrip ... ok
test nix_attrset::tests::test_get_attr ... ok
test nix_attrset::tests::test_intersect_attrs ... ok
test nickel_record_merge::tests::test_disjoint_commutativity ... ok
test mvcc::tests::prop_not_visible_before_creation ... ok
test nix_attrset::tests::test_has_attr ... ok
test nix_attrset::tests::test_list_to_attrs ... ok
test nix_attrset::tests::test_merge ... ok
test nix_attrset::tests::test_remove_attrs ... ok
test nickel_record_merge::tests::test_merge_identity ... ok
test nickel_record_merge::tests::test_merge_key_coverage ... ok
test nickel_subtype::tests::test_array_covariance_concept ... ok
test mvcc::tests::prop_not_committed_when_in_active ... ok
test nickel_subtype::tests::test_closed_record_match_concept ... ok
test nix_base32::tests::test_decode_known_small_values ... ok
test nickel_subtype::tests::test_record_dict_subsumption_concept ... ok
test nickel_subtype::tests::test_reflexivity ... ok
test nix_base32::tests::test_encode_known_small_values ... ok
test nickel_subtype::tests::test_transitivity_dyn_chain ... ok
test nix_base32::tests::test_encode_decode_roundtrip_examples ... ok
test nickel_subtype::tests::test_transitivity_function_chain ... ok
test nix_base32::tests::test_encode_output_length ... ok
test nix_closure::tests::test_generic_closure_no_duplicates ... ok
test nix_closure::tests::test_generic_closure_simple ... ok
test loop_detection::tests::prop_loop_body_matches_bruteforce ... ok
test mpsc_bounds::tests::prop_send_not_empty ... ok
test nix_closure::tests::test_generic_closure_empty_start ... ok
test nix_drv_serialize::tests::test_derivation_structs_construct ... ok
test mvcc::tests::prop_gc_implies_not_visible_to_newer ... ok
test nix_drv_serialize::tests::test_escape_aterm_specials ... ok
test nix_drv_serialize::tests::test_serialize_drv_deterministic ... ok
test nix_eval_closure_policy::tests::accepts_valid_merged_closure ... ok
test nix_drv_serialize::tests::test_serialize_drv_escape_env ... ok
test nix_drv_serialize::tests::test_escape_aterm_plain ... ok
test nix_eval_closure_policy::tests::rejects_invalid_merge_duplicate_overlay_key ... ok
test nix_drv_serialize::tests::test_serialize_drv_simple ... ok
test nix_eval_closure_policy::tests::rejects_missing_dependency ... ok
test mvcc::tests::prop_live_version_visible_after_creation ... ok
test mvcc::tests::prop_visibility_window ... ok
test nix_fingerprint::tests::test_fixed_fingerprint ... ok
test nix_fingerprint::tests::test_regular_fingerprint ... ok
test nix_fingerprint::tests::test_valid_name ... ok
test nix_fingerprint::tests::test_text_hash_fingerprint ... ok
test nix_hash_truncate::tests::test_compress_hash_fold_case ... ok
test nix_hash_truncate::tests::test_compress_hash_identity_case ... ok
test nix_closure::tests::prop_closure_contains_start ... ok
test nix_closure::tests::prop_closure_unique_keys ... ok
test nix_hash_truncate::tests::test_compress_hash_output_len ... ok
test nix_hash_truncate::tests::test_compress_hash_zero_input ... ok
test nix_closure::tests::prop_closure_idempotent ... ok
test nix_list::tests::test_concat_lists ... ok
test nix_closure::tests::prop_closure_is_closed ... ok
test nix_attrset::tests::prop_has_attr_after_merge ... ok
test nix_attrset::tests::prop_merge_right_wins ... ok
test nix_list::tests::test_elem ... ok
test nix_list::tests::test_head ... ok
test nix_list::tests::test_elem_at ... ok
test nix_list::tests::test_gen_list ... ok
test nix_drv_serialize::tests::prop_escape_aterm_escapes_specials ... ok
test nix_closure::tests::prop_closure_matches_manual_bfs ... ok
test nix_list::tests::test_length ... ok
test nix_list::tests::test_tail ... ok
test nix_base32::tests::prop_output_length ... ok
test nix_base32::tests::prop_encode_injective ... ok
test nix_store_path::tests::test_fixed_fingerprint_structure ... ok
test nix_store_path::tests::test_store_path_format ... ok
test nix_store_path::tests::test_regular_fingerprint_structure ... ok
test nix_store_path::tests::test_store_path_name_validation ... ok
test nix_store_path::tests::test_hash_part_length ... ok
test nix_drv_serialize::tests::prop_escape_aterm_quotes_input ... ok
test nix_hash_truncate::tests::prop_compress_hash_deterministic ... ok
test nix_list::tests::prop_elem_finds_inserted ... ok
test nix_list::tests::prop_gen_list_length ... ok
test nix_list::tests::prop_tail_length ... ok
test nix_hash_truncate::tests::prop_compress_hash_output_len ... ok
test nix_hash_truncate::tests::prop_compress_hash_xor_linearity ... ok
test nix_drv_serialize::tests::prop_serialize_drv_deterministic ... ok
test nix_base32::tests::prop_encode_decode_roundtrip ... ok
test nix_drv_serialize::tests::prop_serialize_drv_starts_with_derive ... ok
test nix_string::tests::prop_replace_non_overlapping ... ok
test nix_string::tests::test_replace_strings ... ok
test nix_string::tests::test_string_length ... ok
test nix_store_path::tests::prop_hash_part_always_32_chars ... ok
test nix_string::tests::test_substring ... ok
test nix_string::tests::prop_replace_first_match_wins ... ok
test nix_store_path::tests::prop_hash_computation_deterministic ... ok
test nix_string::tests::prop_replace_empty_input ... ok
test nix_string::tests::prop_replace_delete ... ok
test nix_string::tests::prop_replace_empty_pattern ... ok
test nix_string::tests::prop_substring_full ... ok
test nix_string::tests::prop_replace_length_predictable ... ok
test nix_fingerprint::tests::prop_regular_and_fixed_differ ... ok
test nix_string::tests::prop_replace_no_match ... ok
test nix_version::tests::test_compare_versions_narrowed_trust_boundary ... ok
test nix_version::tests::test_modeled_admission_and_rejection ... ok
test nix_version::tests::test_compare_versions ... ok
test nix_string::tests::prop_substring_bounded ... ok
test nix_version::tests::test_nix_version_corpus ... ok
test nix_version::tests::test_parse_drv_name ... ok
test nix_fingerprint::tests::prop_valid_name_rejects_colon ... ok
test nix_fingerprint::tests::prop_valid_name_accepts_allowed_chars ... ok
test nix_string::tests::prop_replace_no_patterns ... ok
test node_classify::tests::test_batch_ids_match_input ... ok
test node_classify::tests::test_batch_truncation ... ok
test nix_string::tests::prop_replace_swap_involution ... ok
test node_classify::tests::test_classify_follower ... ok
test node_classify::tests::test_classify_learner ... ok
test node_classify::tests::test_classify_leader_is_voter ... ok
test nix_string::tests::prop_replace_single_char_count ... ok
test node_classify::tests::test_classify_no_leader ... ok
test node_classify::tests::test_classify_voter ... ok
test nix_string::tests::prop_string_length ... ok
test nix_version::tests::prop_compare_empty_separators ... ok
test nix_string::tests::prop_replace_identity ... ok
test nix_base32::tests::test_nix_cli_oracle_known_sha256_zero ... ok
test node_lifecycle::tests::test_offline_terminal ... ok
test node_lifecycle::tests::test_operational ... ok
test node_lifecycle::tests::test_transitions ... ok
test node_classify::tests::prop_voter_iff_member ... ok
test node_lifecycle::tests::prop_operational_matches ... ok
test node_classify::tests::prop_leader_implies_voter ... ok
test node_lifecycle::tests::prop_offline_reachable ... ok
test node_lifecycle::tests::prop_offline_is_absorbing ... ok
test node_lifecycle::tests::prop_no_self_transition ... ok
test node_classify::tests::prop_voter_learner_exclusive ... ok
test nonce::tests::test_fresh_after_issue ... ok
test nonce::tests::test_freshness ... ok
test nonce::tests::test_all_distinct ... ok
test nonce::tests::test_issue_basic ... ok
test nonce::tests::test_issue_sequence ... ok
test nonce::tests::test_monotonic_sequence ... ok
test nonce::tests::prop_freshness_antireflexive ... ok
test nonce::tests::prop_distinct_counters_distinct_nonces ... ok
test nonce::tests::prop_issue_returns_counter ... ok
test noop_commit::tests::test_is_noop ... ok
test noop_commit::tests::test_make_noop ... ok
test noop_commit::tests::test_noop_commit_index ... ok
test node_lifecycle::tests::prop_transition_model_oracle ... ok
test noop_commit::tests::test_noop_commits_prior_entries ... ok
test node_lifecycle::tests::prop_starting_not_operational ... ok
test numeric_affine_transform_discrete::tests::affine_checks_endpoint_envelope ... ok
test numeric_checked_arithmetic_envelope::tests::arithmetic_rejects_out_of_bounds ... ok
test numeric_fixed_point_scale::tests::fixed_scale_admits_range ... ok
test numeric_denominator_safe_ratio::tests::ratio_rejects_zero_denominator ... ok
test numeric_histogram_counter::tests::histogram_bucket_and_overflow ... ok
test numeric_monotone_sequence::tests::seq3_lower_bound_is_bounded ... ok
test numeric_prefix_sum::tests::prefix3_admits_ranges ... ok
test numeric_quantized_threshold::tests::thresholds_quantize_deterministically ... ok
test oneshot_channel::tests::cancelled_receiver_prevents_duplicate_delivery ... ok
test nix_version::tests::prop_compare_reflexive ... ok
test oneshot_channel::tests::closed_channel_rejects_send ... ok
test oneshot_channel::tests::failed_send_does_not_create_receiver_readiness ... ok
test oneshot_channel::tests::send_succeeds_at_most_once ... ok
test oneshot_channel::tests::send_then_receive_consumes_one_value_at_runtime ... ok
test oneshot_channel::tests::successful_send_wakes_registered_receiver_at_runtime ... ok
test opt_admission::tests::admission_requires_all_parts ... ok
test opt_bound::tests::bound_checks_score_and_order ... ok
test nix_fingerprint::tests::prop_regular_name_injective ... ok
test opt_dominance::tests::dominance_requires_no_worse_and_better ... ok
test opt_feasible_set::tests::opt_feasible_rejects_absent ... ok
test opt_objective::tests::opt_objective_requires_candidate ... ok
test opt_frontier::tests::frontier_requires_nondominated_feasible ... ok
test opt_optimum_witness::tests::witness_requires_feasible_best ... ok
test opt_candidate_ranking::tests::ranking_requires_feasible_candidates ... ok
test noop_commit::tests::prop_noop_has_correct_term ... ok
test nonce::tests::prop_issued_is_fresh_against_prior ... ok
test noop_commit::tests::prop_non_noop_rejected ... ok
test node_classify::tests::prop_no_duplicate_ids ... ok
test nix_version::tests::prop_compare_large_versions ... ok
test nonce::tests::prop_sequence_monotonic ... ok
test noop_commit::tests::prop_noop_roundtrip ... ok
test option::tests::test_and_then ... ok
test option::tests::test_filter ... ok
test noop_commit::tests::prop_noop_commit_index_is_len_plus_one ... ok
test option::tests::test_flatten ... ok
test option::tests::test_unwrap_or_default ... ok
test option::tests::test_map ... ok
test option::tests::test_or_else ... ok
test node_classify::tests::prop_at_most_one_leader ... ok
test option::tests::test_zip ... ok
test nix_version::tests::prop_compare_range ... ok
test nix_version::tests::prop_compare_antisymmetric ... ok
test nix_string::tests::prop_replace_matches_reference ... ok
test option::tests::prop_flatten_some_some ... ok
test option::tests::prop_map_none_is_none ... ok
test option::tests::prop_and_then_right_identity ... ok
test option::tests::prop_and_then_none_is_none ... ok
test option::tests::prop_zip_both_some ... ok
test option::tests::prop_zip_none_left ... ok
test option::tests::prop_or_else_none_uses_fallback ... ok
test option::tests::prop_filter_idempotent ... ok
test option::tests::prop_or_else_some_unchanged ... ok
test ordering::tests::test_median_of_three ... ok
test ordering::tests::test_min ... ok
test ordering::tests::test_compare_and_swap ... ok
test ordering::tests::test_sign ... ok
test ordering::tests::test_max ... ok
test nix_version::tests::prop_parse_drv_name_in_range ... ok
test option::tests::prop_unwrap_or_default_some ... ok
test nix_version::tests::prop_compare_overflow_reflexive ... ok
test ordering::tests::prop_compare_and_swap_ordered ... ok
test ordering::tests::prop_max_commutative ... ok
test ordering::tests::prop_max_ge_both ... ok
test ordering::tests::prop_compare_and_swap_preserves ... ok
test ordering::tests::prop_median_bounded ... ok
test ordering::tests::prop_median_two_equal ... ok
test ordering::tests::prop_min_commutative ... ok
test page::tests::test_page_offset ... ok
test page::tests::test_frame_number ... ok
test page::tests::test_is_page_aligned ... ok
test option::tests::prop_unwrap_or_default_none ... ok
test page::tests::test_radix_index ... ok
test page::tests::test_page_start ... ok
test page::tests::test_pages_needed ... ok
test ordering::tests::prop_sign_antisymmetric ... ok
test nix_fingerprint::tests::prop_fixed_name_injective ... ok
test ordering::tests::prop_min_le_max ... ok
test ordering::tests::prop_min_le_both ... ok
test noop_commit::tests::prop_noop_commits_all_prior ... ok
test page_checksum::tests::test_accumulate_byte_wraps ... ok
test page_checksum::tests::test_accumulate_byte_zero ... ok
test page_checksum::tests::test_checksum_empty ... ok
test page_checksum::tests::test_accumulate_byte_one ... ok
test page::tests::prop_aligned_iff_zero_offset ... ok
test ordering::tests::prop_sign_zero_iff_equal ... ok
test page::tests::prop_decomposition_roundtrip ... ok
test page_checksum::tests::test_checksum_single ... ok
test page::tests::prop_pages_needed_covers ... ok
test page::tests::prop_page_start_aligned ... ok
test parking_lot_condvar_model::tests::notify_all_requeues_rest_without_spurious_wake ... ok
test match_index::tests::prop_leader_tracking_model ... ok
test page::tests::prop_pages_needed_zero ... ok
test parking_lot_condvar_model::tests::condvar_single_mutex_association ... ok
test parking_lot_contracts::tests::once_is_exactly_once_after_completion ... ok
test parking_lot_contracts::tests::fair_handoff_and_timeout_are_deterministic ... ok
test page_checksum::tests::test_checksum_two_bytes ... ok
test page_checksum::tests::test_is_valid_checksum_detects_corruption ... ok
test parking_lot_contracts::tests::reentrant_owner_count_controls_entry_and_release ... ok
test parking_lot_contracts::tests::raw_lock_contract_and_deadlock_cycle_soundness ... ok
test page_checksum::tests::test_fold_checksum_deterministic ... ok
test page_checksum::tests::test_is_valid_checksum_correct ... ok
test parking_lot_raw_mutex::tests::fast_lock_and_empty_unlock ... ok
test parking_lot_raw_mutex::tests::invalid_unlock_is_rejected_without_state_change ... ok
test page::tests::prop_pages_needed_minimal ... ok
test page::tests::prop_model_oracle ... ok
test parking_lot_raw_mutex::tests::queued_unlock_reports_handoff ... ok
test parking_lot_raw_mutex::tests::waiters_require_parked_bit ... ok
test parking_lot_rwlock_model::tests::pending_writer_blocks_readers_and_upgradable_is_unique ... ok
test parking_lot_rwlock_model::tests::readers_writer_and_downgrade ... ok
test page::tests::prop_offset_bounded ... ok
test partition::tests::test_is_adjacent_pair ... ok
test partition::tests::test_is_valid_partition ... ok
test partition::tests::test_partition_covers ... ok
test partition::tests::test_partition_span ... ok
test partition::tests::test_three_interval_partition ... ok
test partition::tests::test_single_point_coverage ... ok
test page::tests::prop_zero_is_aligned ... ok
test partition::tests::test_is_non_empty_interval ... ok
test page_checksum::tests::test_pack_unpack_roundtrip ... ok
test page::tests::prop_radix_index_bounded ... ok
test pattern::tests::test_containment_subset ... ok
test pattern::tests::test_exact_match ... ok
test pattern::tests::test_is_wildcard ... ok
test pattern::tests::test_non_member_rejected ... ok
test pattern::tests::test_wildcard_contains_any ... ok
test pattern::tests::test_set_membership ... ok
test pattern::tests::test_wildcard_matches_all ... ok
test node_classify::tests::prop_bounded_output ... ok
test page::tests::prop_radix_index_sv39_bounded ... ok
test pattern::tests::test_containment_reflexive ... ok
test paxos::tests::test_accept_records ... ok
test paxos::tests::test_accept_basic ... ok
test paxos::tests::test_ballot_equality ... ok
test paxos::tests::test_ballot_ordering ... ok
test page::tests::prop_radix_index_roundtrip_sv39 ... ok
test paxos::tests::test_higher_accepted ... ok
test paxos::tests::test_pick_value ... ok
test paxos::tests::test_promise_basic ... ok
test paxos::tests::test_promise_preserves_accepted ... ok
test peer_spec::tests::test_empty_endpoint ... ok
test peer_spec::tests::test_empty_node_id ... ok
test page_checksum::proptests::prop_pack_unpack_roundtrip ... ok
test peer_spec::tests::test_just_separator ... ok
test peer_spec::tests::test_no_separator ... ok
test peer_spec::tests::test_valid ... ok
test per_core_rwlock::tests::test_aggregate_reader_count ... ok
test pattern::tests::prop_wildcard_matches_all ... ok
test per_core_rwlock::tests::test_per_core_mode ... ok
test per_core_rwlock::tests::test_read_acquire_and_release_core ... ok
test partition::tests::prop_non_empty_interval_iff_lt ... ok
test per_core_rwlock::tests::test_writer_flag_and_drain ... ok
test per_core_rwlock::tests::test_read_gate_and_mutual_exclusion ... ok
test nix_attrset::tests::prop_list_to_attrs_sorted ... ok
test paxos::tests::prop_higher_accepted_picks_higher ... ok
test paxos::tests::prop_promise_monotonic ... ok
test paxos::tests::prop_promise_then_accept ... ok
test paxos::tests::prop_accept_idempotent ... ok
test pattern::tests::prop_containment_reflexive ... ok
test pattern::tests::prop_exact_match_reflexive ... ok
test paxos::tests::prop_promised_blocks_lower ... ok
test pattern::tests::prop_wildcard_contains_any ... ok
test paxos::tests::prop_ballot_trichotomy ... ok
test pattern::tests::prop_containment_implies_match ... ok
test permission::tests::test_apply_umask ... ok
test permission::tests::test_bit_position_layout ... ok
test pattern::tests::prop_non_member_rejected ... ok
test permission::tests::test_clear_permission ... ok
test permission::tests::test_set_permission ... ok
test permission::tests::test_has_permission ... ok
test persistent_state::tests::test_append_persist_set ... ok
test persistent_state::tests::test_term_after_recovery ... ok
test persistent_state::tests::test_vote_persist_set ... ok
test persistent_state::tests::test_vote_safe_after_recovery ... ok
test physics_collision_envelope::tests::collision_candidates_are_interval_overlaps ... ok
test physics_contact_manifold::tests::contact_admission_checks_axis_sign_penetration ... ok
test physics_energy_budget::tests::energy_budget_bounds_drift ... ok
test physics_integrator_step::tests::step_advances_time ... ok
test physics_momentum_budget::tests::momentum_budget_checks_mass_and_drift ... ok
test nix_version::tests::prop_compare_transitive ... ok
test pattern::tests::prop_containment_subset_sound ... ok
test physics_units::tests::compatible_units_add ... ok
test physics_time_horizon::tests::horizon_bounds_steps ... ok
test physics_vector_bounds::tests::vector_bounds_admit_components ... ok
test policy_action::tests::bitset_contains ... ok
test log::tests::prop_log_model_oracle ... ok
test permission::tests::prop_set_idempotent ... ok
test policy_decision_engine::tests::scope_pattern_and_trust_mismatches_deny ... ok
test policy_authorization::tests::undeclared_principal_denies ... ok
test policy_conflict::tests::higher_priority_wins ... ok
test policy_decision_engine::tests::contained_delegation_allows_scoped_action ... ok
test permission::tests::prop_model_oracle ... ok
test policy_grant_denial::tests::decision_records_rule ... ok
test permission::tests::prop_umask_clears_bits ... ok
test policy_delegation::tests::delegation_bounds_depth ... ok
test permission::tests::prop_clear_idempotent ... ok
test permission::tests::prop_clear_then_not_has ... ok
test permission::tests::prop_bit_position_bounded ... ok
test policy_principal::tests::contains_declared ... ok
test permission::tests::prop_umask_subset ... ok
test policy_resource::tests::contains_declared ... ok
test policy_rule::tests::matches_exact_scope ... ok
test persistent_state::tests::prop_new_term_always_safe ... ok
test nix_fingerprint::tests::prop_fixed_fingerprint_format ... ok
test permission::tests::prop_set_then_has ... ok
test persistent_state::tests::prop_double_vote_prevented ... ok
test pre_vote::tests::test_should_start_real_election ... ok
test pool::tests::test_pool_alloc ... ok
test pool::tests::test_pool_count ... ok
test persistent_state::tests::prop_grant_always_persists_vote ... ok
test persistent_state::tests::prop_stale_term_always_unsafe ... ok
test per_core_rwlock::tests::prop_aggregate_matches_naive_loop ... ok
test per_core_rwlock::tests::prop_mode_equivalence_with_global_rwlock ... ok
test peer_spec::tests::prop_error_code_valid ... ok
test pool::tests::test_pool_free ... ok
test pool::tests::test_pool_double_free ... ok
test persistent_state::tests::prop_term_recovery_monotonic ... ok
test pool::tests::test_pool_is_full ... ok
test page_checksum::proptests::prop_checksum_bounded ... ok
test pre_vote::tests::test_grant_pre_vote ... ok
test pre_vote_lease::tests::test_has_leader_within_timeout ... ok
test pre_vote_lease::tests::test_combined_pre_vote_decision ... ok
test pre_vote_lease::tests::test_should_reject_pre_vote ... ok
test pre_vote_tally::tests::test_count_pre_votes ... ok
test pre_vote_tally::tests::test_has_pre_vote_quorum ... ok
test pre_vote_tally::tests::test_init_pre_vote_tally ... ok
test pre_vote_tally::tests::test_init_with_self_pre_vote ... ok
test page_checksum::proptests::prop_fresh_checksum_validates ... ok
test pre_vote_tally::tests::test_record_pre_vote ... ok
test pre_vote_tally::tests::test_stale_pre_vote_response ... ok
test pre_vote_lease::tests::prop_no_contact_no_rejection ... ok
test pool::tests::prop_alloc_address_aligned ... ok
test per_core_rwlock::tests::prop_acquire_preserves_other_cores ... ok
test pre_vote_lease::tests::prop_higher_term_bypasses ... ok
test pre_vote::tests::prop_stale_rejected ... ok
test pressure::tests::test_classify_level ... ok
test pre_vote::tests::prop_quorum_enables_election ... ok
test pressure::tests::test_is_all_normal ... ok
test pressure::tests::test_is_critical ... ok
test pre_vote::tests::prop_pre_vote_no_side_effect ... ok
test page_checksum::proptests::prop_checksum_detects_single_bit_flip ... ok
test pool::tests::prop_count_conservation ... ok
test pressure::tests::prop_most_severe_associative ... ok
test pressure::tests::prop_classify_monotonic ... ok
test pressure::tests::test_is_warning_or_above ... ok
test pressure::tests::test_most_severe ... ok
test pressure::tests::test_should_pause ... ok
test pre_vote_lease::tests::prop_partitioned_node_blocked ... ok
test pressure::tests::prop_classify_most_severe_max ... ok
test pre_vote_lease::tests::prop_zero_elapsed_is_contact ... ok
test pressure::tests::prop_most_severe_commutative ... ok
test pre_vote_tally::tests::prop_record_idempotent ... ok
test priority_election::tests::test_compare_candidates ... ok
test pressure::tests::prop_critical_implies_pause ... ok
test pressure::tests::prop_classify_bounded ... ok
test priority_election::tests::test_election_delay ... ok
test priority_election::tests::test_is_highest_priority ... ok
test pressure::tests::prop_above_critical_should_pause ... ok
test pre_vote_tally::tests::prop_record_preserves_others ... ok
test pre_vote_tally::tests::prop_count_matches_filter ... ok
test priority_election::tests::test_should_yield ... ok
test pre_vote_tally::tests::prop_quorum_model_oracle ... ok
test pre_vote_tally::tests::prop_quorum_threshold_sweep ... ok
test pre_vote_tally::tests::prop_count_bounded ... ok
test priority_election::tests::test_should_step_down_for_priority ... ok
test priority_inversion::test::test_is_boosted ... ok
test priority_inversion::test::test_highest_waiter ... ok
test peer_spec::tests::prop_roundtrip ... ok
test pressure::tests::prop_most_severe_ge_inputs ... ok
test priority_inversion::test::test_ceiling_protocol ... ok
test priority_inversion::test::test_effective_priority ... ok
test pressure::tests::prop_threshold_order_consistency ... ok
test pressure::tests::prop_most_severe_idempotent ... ok
test pressure::tests::prop_critical_at_threshold ... ok
test proof::artifact::provenance::tests::downstream_overclaim_fails_closed ... ok
test process_state::tests::test_valid_transitions ... ok
test process_state::tests::test_invalid_transitions ... ok
test process_state::tests::test_is_terminal ... ok
test process_state::tests::test_is_valid_state ... ok
test proof::artifact::provenance::tests::missing_local_property_scope_fails_closed ... ok
test process_state::tests::test_is_schedulable ... ok
test proof::artifact::provenance::tests::failing_local_artifact_with_reason_is_accepted ... ok
test proof::artifact::provenance::tests::handoff_rejects_downstream_certified_without_receipt ... ok
test proof::artifact::provenance::tests::missing_non_claims_fail_closed ... ok
test proof::artifact::provenance::tests::missing_verifier_identity_fails_closed ... ok
test proof::artifact::provenance::tests::stale_digest_fails_closed ... ok
test proof::artifact::provenance::tests::failed_artifact_requires_failure_reason ... ok
test proof::artifact::provenance::tests::unsupported_claim_role_fails_closed ... ok
test pressure::tests::prop_all_normal_no_pause ... ok
test proof::artifact::provenance::tests::passing_local_artifact_metadata_is_accepted ... ok
test properties::boundary_value_tests::test_arithmetic_boundaries ... ok
test properties::boundary_value_tests::test_bitwise_boundaries ... ok
test properties::boundary_value_tests::test_conversion_boundaries ... ok
test properties::boundary_value_tests::test_integer_boundaries ... ok
test properties::chaoscontrol_property_tests::test_chaoscontrol_quorum_gate_sound ... ok
test properties::chaoscontrol_property_tests::test_chaoscontrol_subset_replay_order ... ok
test priority_election::tests::prop_equal_is_zero ... ok
test priority_election::tests::prop_fresher_log_wins ... ok
test priority_election::tests::prop_highest_gets_base ... ok
test priority_inversion::test::proptests::prop_boosted_iff_waiter_higher ... ok
test priority_inversion::test::proptests::prop_ceiling_zero_always_acquirable ... ok
test priority_election::tests::prop_delay_ge_base ... ok
test properties::chaoscontrol_property_tests::test_chaoscontrol_fingerprint_trace_eq ... ok
test priority_inversion::test::proptests::prop_ceiling_blocks_lower ... ok
test priority_inversion::test::proptests::prop_inversion_bounded ... ok
test properties::choreography_property_tests::test_choreography_choice_label_agreement ... ok
test process_state::tests::prop_transition_count ... ok
test properties::choreography_property_tests::test_choreography_projection_duality_ping ... ok
test properties::choreography_property_tests::test_choreography_step_projection_correspondence_common_prefix ... ok
test process_state::tests::prop_no_self_transition ... ok
test process_state::tests::prop_terminal_not_schedulable ... ok
test process_state::tests::prop_non_terminal_has_successor ... ok
test process_state::tests::prop_schedulable_can_run ... ok
test process_state::tests::prop_terminal_no_successors ... ok
test process_state::tests::prop_transition_preserves_validity ... ok
test priority_inversion::test::proptests::prop_highest_waiter_is_max ... ok
test priority_inversion::test::proptests::prop_effective_ge_both ... ok
test nix_fingerprint::tests::prop_regular_fingerprint_format ... ok
test properties::causality_tests::prop_vc_merge_dominates ... ok
test pressure::tests::prop_any_non_zero_breaks_all_normal ... ok
test properties::causality_tests::prop_vc_merge_equals_gcounter_merge ... ok
test properties::boundary_value_tests::prop_div_ceil_large_divisor ... ok
test properties::boundary_value_tests::prop_gcd_self ... ok
test properties::cluster_coordination_tests::prop_lifecycle_operational ... ok
test properties::cas_fencing_tests::prop_fencing_token_monotonic ... ok
test properties::concurrency_cross_tests::prop_refcount_zero_reclaimable ... ok
test properties::cluster_coordination_tests::prop_drain_protocol_extends_drain ... ok
test properties::cas_fencing_tests::prop_valid_write_excludes_stale ... ok
test properties::concurrency_cross_tests::prop_rcu_grace_matches_epoch ... ok
test properties::cluster_coordination_tests::prop_tiered_uses_try_consume ... ok
test properties::coordination_cross_tests::lock_first_token_always_one ... ok
test peer_spec::tests::prop_no_at_means_no_separator ... ok
test properties::concurrency_cross_tests::prop_mpmc_matches_mpsc_occupancy ... ok
test properties::cluster_coordination_tests::prop_jitter_bounded_like_backoff ... ok
test properties::concurrency_cross_tests::prop_futex_notify_consume_roundtrip ... ok
test properties::concurrency_cross_tests::prop_barrier_full_is_quorum ... ok
test properties::concurrency_cross_tests::prop_cas_idempotent_succeeds ... ok
test properties::cluster_coordination_tests::prop_trust_access_exhaustive ... ok
test properties::drain_lifecycle_tests::draining_blocks_regardless_of_node_status ... ok
test properties::durable_execution_cross_tests::prop_durable_effect_uses_idempotency ... ok
test properties::durable_execution_cross_tests::prop_durable_history_prefix_like_journal ... ok
test properties::cluster_membership_tests::prop_promote_preserves_quorum ... ok
test properties::durable_execution_cross_tests::prop_durable_history_seq_is_strict_advance ... ok
test properties::cluster_membership_tests::prop_replace_quorum_guard ... ok
test properties::concurrency_cross_tests::prop_seqlock_write_ordering ... ok
test properties::concurrency_cross_tests::prop_spin_completed_no_retry ... ok
test properties::concurrency_cross_tests::prop_work_stealing_matches_mpmc ... ok
test properties::concurrency_cross_tests::prop_ticket_release_reduces_waiters ... ok
test properties::concurrency_cross_tests::prop_seqlock_read_ordering ... ok
test properties::concurrency_cross_tests::prop_mpsc_drained_mpmc_empty ... ok
test properties::concurrency_cross_tests::prop_ordered_locks_no_deadlock ... ok
test properties::concurrency_financial_cross_tests::prop_quota_consume_release_roundtrip ... ok
test properties::coordination_cross_tests::prop_election_token_matches_fencing ... ok
test properties::concurrency_financial_cross_tests::prop_quota_exhausted_iff_zero_remaining ... ok
test properties::concurrency_financial_cross_tests::prop_semaphore_acquire_release_conservation ... ok
test properties::coordination_cross_tests::prop_lock_expired_matches_expiration ... ok
test properties::concurrency_financial_cross_tests::prop_semaphore_full_iff_zero_available ... ok
test properties::coordination_cross_tests::prop_election_rwlock_token_agree ... ok
test properties::coordination_cross_tests::prop_rwlock_expiry_matches_expiration ... ok
test properties::durable_execution_cross_tests::prop_adjacent_durable_seq_is_strict ... ok
test properties::distributed_coordination_cross_tests::prop_all_accept_enables_commit ... ok
test properties::distributed_coordination_cross_tests::prop_any_reject_forces_abort ... ok
test properties::coordination_cross_tests::prop_rwlock_writer_token_matches_fencing ... ok
test properties::distributed_coordination_cross_tests::prop_growing_phase_ordered_no_deadlock ... ok
test properties::distributed_coordination_cross_tests::prop_stale_fence_rejected_by_both ... ok
test properties::financial_extended_tests::prop_ledger_transfer_conserves ... ok
test properties::durable_execution_cross_tests::prop_effect_marker_blocks_like_consumed ... ok
test properties::distributed_coordination_cross_tests::prop_paxos_promise_monotonic ... ok
test properties::financial_extended_tests::prop_simple_entry_balanced ... ok
test properties::financial_extended_tests::prop_ledger_transfer_needs_funds ... ok
test properties::distributed_coordination_cross_tests::prop_acquire_release_available ... ok
test properties::financial_extended_tests::prop_escrow_fund_refund_roundtrip ... ok
test properties::coordination_cross_tests::prop_sequence_overflow_none ... ok
test properties::durable_execution_cross_tests::prop_valid_append_keeps_journal_like_seq ... ok
test properties::cluster_membership_tests::prop_classify_leader_is_quorum_voter ... ok
test properties::financial_extended_tests::prop_ledger_fee_transfer_conserves ... ok
test properties::distributed_coordination_cross_tests::prop_lease_mutex_fence_matches_fencing ... ok
test properties::financial_extended_tests::prop_fee_split_matches_components ... ok
test properties::financial_extended_tests::prop_settlement_positions_sum_zero ... ok
test properties::follower_redirect_cross_tests::prop_follower_redirect_agrees_with_client_routing ... ok
test properties::follower_redirect_cross_tests::prop_redirect_accept_exclusive ... ok
test properties::heartbeat_cross_tests::prop_heartbeat_reset_prevents_election ... ok
test properties::graph_cross_tests::prop_cycle_means_no_topo ... ok
test properties::heartbeat_cross_tests::prop_higher_term_ack_triggers_step_down ... ok
test properties::heartbeat_cross_tests::prop_heartbeat_interval_less_than_election ... ok
test properties::job_execution_cross_tests::prop_retryable_disjoint_from_success ... ok
test properties::job_execution_cross_tests::prop_pool_alloc_address_in_region ... ok
test properties::job_execution_cross_tests::prop_seg_class_agrees_with_size_class ... ok
test properties::job_execution_cross_tests::prop_arena_reset_generation ... ok
test properties::job_execution_cross_tests::prop_pool_alloc_agrees_with_token ... ok
test properties::job_execution_cross_tests::prop_result_failure_fails ... ok
test properties::job_execution_cross_tests::prop_arena_watermark_disjoint ... ok
test properties::job_execution_cross_tests::prop_alloc_bitmap_slab_handle ... ok
test properties::job_execution_cross_tests::prop_size_class_agrees_with_buddy ... ok
test properties::job_execution_cross_tests::prop_timeout_triggers_failure ... ok
test properties::job_execution_cross_tests::prop_result_success_completes ... ok
test properties::job_execution_cross_tests::prop_split_coalesce_buddy_roundtrip ... ok
test properties::job_runner_cross_tests::prop_cancel_terminal_matches ... ok
test properties::graph_cross_tests::prop_two_colorable_valid_coloring ... ok
test properties::graph_cross_tests::prop_reachable_iff_finite_distance ... ok
test properties::job_execution_cross_tests::prop_non_retryable_never_retries ... ok
test properties::noop_log_tests::noop_commit_index_is_one_past ... ok
test properties::noop_log_tests::noop_roundtrip ... ok
test properties::job_runner_cross_tests::prop_idempotency_prevents_double_run ... ok
test properties::job_runner_cross_tests::prop_readiness_links_dag ... ok
test properties::job_runner_cross_tests::prop_priority_select_feeds_transition ... ok
test properties::graph_cross_tests::prop_source_distance_zero ... ok
test properties::graph_cross_tests::prop_reachable_count_ge_one ... ok
test properties::regression_hardening_tests::test_regression_backoff_attempt_64_cap_1 ... ok
test properties::regression_hardening_tests::test_regression_consensus_path_applied_ahead ... ok
test properties::regression_hardening_tests::test_regression_fair_share_overflow ... ok
test properties::job_execution_cross_tests::prop_fragmentation_free_space_map ... ok
test properties::regression_hardening_tests::test_regression_rate_limit_zero_burst_zero_cost ... ok
test properties::regression_hardening_tests::test_regression_mpsc_occupancy_exceeds_capacity ... ok
test properties::regression_hardening_tests::test_regression_tiling_contained_in ... ok
test properties::regression_hardening_tests::test_regression_watermark_full_alloc ... ok
test properties::retry_circuit_tests::open_circuit_blocks_closed_allows ... ok
test properties::regression_hardening_tests::test_regression_job_retry_max_zero ... ok
test properties::graph_cross_tests::prop_topo_sort_iff_no_cycle ... ok
test properties::regression_hardening_tests::test_regression_last_applied_ahead_of_commit ... ok
test properties::kv_storage_tests::prop_snapshot_round_trip ... ok
test properties::lock_lease_tests::prop_lock_deadline_saturates ... ok
test properties::job_runner_cross_tests::prop_slot_acquire_enables_running ... ok
test properties::kv_storage_tests::prop_version_advance ... ok
test properties::lock_lease_tests::prop_lock_expired_matches_general ... ok
test properties::roundtrip_tests::prop_slab_address_index_roundtrip ... ok
test properties::roundtrip_tests::prop_signed_unsigned_roundtrip ... ok
test properties::serialization_injectivity_cross_tests::prop_dual_encode_pair_roundtrip ... ok
test properties::roundtrip_tests::prop_slab_handle_pack_unpack ... ok
test properties::roundtrip_tests::prop_aba_pack_unpack_roundtrip ... ok
test properties::roundtrip_tests::prop_u64_encode_decode_roundtrip ... ok
test properties::log_compaction_cross_tests::prop_compact_first_index_is_max ... ok
test properties::raft_read_write_cross_tests::prop_config_change_roundtrip ... ok
test properties::log_compaction_cross_tests::prop_compact_preserves_install_trigger ... ok
test properties::raft_read_write_cross_tests::prop_compaction_entries_conservation ... ok
test properties::roundtrip_tests::prop_ring_push_pop ... ok
test properties::raft_pipeline_tests::prop_election_win_implies_quorum ... ok
test properties::serialization_injectivity_cross_tests::prop_chain_encode_quad_roundtrip ... ok
test properties::kv_storage_tests::prop_mod_revision_advance ... ok
test properties::snapshot_chunk_tests::prop_first_chunk_offset_zero ... ok
test properties::raft_read_write_cross_tests::prop_build_prev_index_is_next_minus_one ... ok
test properties::raft_read_write_cross_tests::prop_follower_read_uses_commit ... ok
test properties::raft_read_write_cross_tests::prop_joint_requires_both_configs ... ok
test properties::raft_pipeline_tests::prop_heartbeat_resets_timer ... ok
test properties::storage_cross_tests::prop_btree_fill_bounded ... ok
test properties::log_compaction_cross_tests::prop_compact_offset_checked_sub ... ok
test properties::retry_circuit_tests::prop_exhausted_means_no_retry ... ok
test properties::roundtrip_tests::prop_set_clear_roundtrip ... ok
test properties::snapshot_chunk_tests::prop_single_chunk_is_first_and_last ... ok
test properties::serialization_injectivity_cross_tests::prop_quad_always_32_bytes ... ok
test properties::log_compaction_cross_tests::prop_compact_suffix_is_saturating_sub ... ok
test properties::kv_storage_tests::prop_constant_time_eq_agreement ... ok
test properties::storage_cross_tests::prop_btree_split_conserves ... ok
test properties::storage_cross_tests::prop_btree_min_keys_threshold ... ok
test properties::storage_cross_tests::prop_lsm_space_amp_ge_100 ... ok
test properties::tests::prop_accumulate_is_advance ... ok
test properties::tests::prop_align_up_via_div_ceil ... ok
test properties::tests::prop_align_down_remainder ... ok
test properties::tests::prop_auth_implies_subsumes ... ok
test properties::storage_cross_tests::prop_wal_replay_is_sat_sub ... ok
test properties::tests::prop_approval_majority_implies_quorum ... ok
test properties::tests::prop_backoff_bounded_by_cap ... ok
test properties::storage_kv_cross_tests::prop_cache_insert_is_occupied ... ok
test properties::tests::prop_abs_diff_zero_iff_equal ... ok
test properties::tests::prop_acid_empty_commit_identity ... ok
test properties::storage_cross_tests::prop_wal_advance_monotonic ... ok
test properties::tests::prop_all_equal_implies_count ... ok
test properties::storage_kv_cross_tests::prop_flush_zeros_immutable ... ok
test properties::storage_cross_tests::prop_lsm_write_amp_is_checked_mul ... ok
test properties::tests::prop_all_equal_implies_partitioned ... ok
test properties::tests::prop_add_sub_roundtrip ... ok
test properties::tests::prop_balance_has_funds_is_in_range ... ok
test properties::tests::prop_backoff_in_range ... ok
test properties::storage_kv_cross_tests::prop_checkpoint_at_end_no_recovery ... ok
test properties::storage_cross_tests::prop_lsm_target_monotonic ... ok
test properties::storage_kv_cross_tests::prop_checksum_pack_roundtrip ... ok
test properties::storage_cross_tests::prop_wal_contiguous_strict_advance ... ok
test properties::storage_cross_tests::prop_wal_truncate_uses_min ... ok
test properties::tests::prop_all_three_merges_agree ... ok
test properties::storage_kv_cross_tests::prop_btree_insert_delete_roundtrip ... ok
test properties::tests::prop_balance_credit_is_saturating_add ... ok
test properties::tests::prop_balanced_simple_is_transfer ... ok
test properties::tests::prop_block_size_is_pow2 ... ok
test properties::tests::prop_buddy_uses_toggle ... ok
test properties::tests::prop_ballot_winner_needs_quorum ... ok
test properties::tests::prop_bounded_range_specializes_interval ... ok
test properties::tests::prop_bitmap_signal_agree ... ok
test properties::tests::prop_bloom_no_false_negatives ... ok
test properties::tests::prop_bloom_insert_length_preserved ... ok
test properties::tests::prop_cow_clone_is_drain_start ... ok
test properties::tests::prop_chunk_count_div_ceil ... ok
test properties::tests::prop_budget_exceeded_stays_exceeded ... ok
test properties::tests::prop_circuit_breaker_valid_output ... ok
test properties::tests::prop_cow_drop_is_drain_finish ... ok
test properties::tests::prop_cut_join_is_vector_clock_merge ... ok
test properties::tests::prop_chunk_ceil_is_div_ceil ... ok
test properties::tests::prop_clamp_via_min_max ... ok
test properties::tests::prop_evictable_count_is_saturating_sub ... ok
test properties::tests::prop_circuit_breaker_preserves_validity ... ok
test properties::tests::prop_epoch_ge_term_index ... ok
test properties::tests::prop_escrow_release_uses_credit ... ok
test properties::tests::prop_distance_decomposition ... ok
test properties::tests::prop_fee_conservation ... ok
test properties::tests::prop_fee_zero_rate_identity ... ok
test properties::tests::prop_clamp_nearest_point ... ok
test properties::tests::prop_crdt_merge_is_vector_clock_merge ... ok
test properties::tests::prop_consistent_hash_lookup_in_ring ... ok
test properties::tests::prop_clamp_monotonic ... ok
test properties::tests::prop_chain_depth_bounded ... ok
test properties::tests::prop_escrow_fund_uses_debit ... ok
test properties::tests::prop_eviction_score_cold_minimum ... ok
test properties::tests::prop_drain_start_finish_roundtrip ... ok
test properties::tests::prop_expires_at_monotonic_is_advance ... ok
test properties::tests::prop_fencing_stale_is_not_advance ... ok
test properties::tests::prop_containment_implies_factors ... ok
test properties::tests::prop_fencing_is_strict_advance ... ok
test properties::tests::prop_full_score_bounded ... ok
test properties::tests::prop_delegation_safety ... ok
test properties::tests::prop_gossip_infection_bounded ... ok
test properties::tests::prop_majority_via_div_ceil ... ok
test block_cache::proptests::prop_dirty_le_occupied ... ok
test properties::tests::prop_min_max_abs_diff ... ok
test properties::tests::prop_hash_bucket_in_interval ... ok
test properties::tests::prop_lease_disjoint_intervals ... ok
test properties::tests::prop_journal_seq_num_is_strict_advance ... ok
test properties::tests::prop_gossip_infection_monotonic_rounds ... ok
test properties::tests::prop_lease_renewal_is_advance ... ok
test properties::tests::prop_narrow_iff_in_range ... ok
test properties::tests::prop_lease_valid_implies_not_expired ... ok
test properties::tests::prop_median_is_clamp ... ok
test properties::tests::prop_region_contains_agrees_interval ... ok
test properties::tests::prop_permission_set_independence ... ok
test properties::tests::prop_page_aligned_is_align_down_fixpoint ... ok
test properties::tests::prop_refill_within_bounds ... ok
test block_cache::proptests::prop_occupied_bounded ... ok
test properties::tests::prop_permission_set_check_roundtrip ... ok
test properties::tests::prop_pressure_eviction_pipeline ... ok
test properties::tests::prop_ledger_transfer_uses_balance ... ok
test properties::tests::prop_pages_needed_is_div_ceil ... ok
test properties::tests::prop_region_disjoint_agrees_interval ... ok
test properties::tests::prop_partition_no_overlap ... ok
test properties::tests::prop_pressure_classify_monotonic ... ok
test properties::tests::prop_sequential_chunk_continuation ... ok
test properties::tests::prop_priority_multiplier_monotonic ... ok
test properties::tests::prop_retry_with_closed_circuit ... ok
test properties::tests::prop_region_adjacent_agrees_interval ... ok
test properties::tests::prop_retry_implies_backoff_bounded ... ok
test properties::tests::prop_log_prefix_term_eq ... ok
test properties::tests::prop_secret_and_safe_disjoint ... ok
test properties::tests::prop_token_valid_at_issue ... ok
test properties::tests::prop_transfer_uses_debit_credit ... ok
test properties::tests::prop_toggle_involution ... ok
test properties::web_of_trust_property_tests::test_depth_monotone_preserves_root_base_case ... ok
test properties::web_of_trust_property_tests::test_depth_monotone_preserves_chain_resolution ... ok
test properties::tests::prop_tier_score_monotonic ... ok
test properties::tests::prop_transfer_idempotency_is_fencing ... ok
test properties::tests::prop_signal_add_is_set_bit ... ok
test properties::tests::prop_triangle_inequality ... ok
test properties::tests::prop_set_clear_roundtrip ... ok
test properties::tests::prop_threshold_crossing_irreversible ... ok
test properties::web_of_trust_property_tests::test_revocation_cuts_designated_witness_only ... ok
test quepaxa::tests::propagation_requires_quorum_and_subset_chain ... ok
test quepaxa::tests::concrete_phase_and_catch_up_guards ... ok
test quepaxa::tests::hedging_schedule_admits_leader_first_and_rejects_bad_schedules ... ok
test quepaxa::tests::isr_stale_and_skipped_steps_fail_closed ... ok
test quepaxa::tests::isr_same_step_and_advance_transitions ... ok
test quepaxa::tests::abstract_round_decides_or_carries_forward ... ok
test quepaxa::tests::boundary_rejects_overclaim_metadata ... ok
test quepaxa::tests::fast_path_accepts_leader_and_rejects_invalid_cases ... ok
test properties::web_of_trust_property_tests::test_threshold_dedup_preserves_count ... ok
test properties::web_of_trust_property_tests::test_threshold_dedup_preserves_result ... ok
test properties::tests::prop_slab_slot_is_page_frame ... ok
test quepaxa::tests::proposal_order_selects_deterministic_best_and_tie_policy ... ok
test quepaxa::tests::reserved_leader_priority_rejects_non_leader ... ok
test properties::tests::prop_slab_capacity_exact ... ok
test properties::tests::prop_signal_contains_is_bit_at ... ok
test properties::tests::prop_to_upper_idempotent_cross ... ok
test properties::tests::prop_sub_add_inverse ... ok
test properties::tests::prop_signal_remove_is_clear_bit ... ok
test properties::tests::prop_slab_slot_in_region ... ok
test query_cost::tests::test_selectivity ... ok
test query_cost::tests::test_seq_scan_cost ... ok
test query_cost::tests::test_seq_scan_overflow ... ok
test properties::tests::prop_terminal_and_open_block ... ok
test properties::tests::prop_two_phase_unanimity_implies_quorum ... ok
test properties::tests::prop_watermark_alloc_disjoint_regions ... ok
test quorum::tests::test_can_remove_safely ... ok
test properties::tests::prop_type_lattice_any_top ... ok
test quorum::tests::test_fault_tolerance ... ok
test quorum::tests::test_is_quorum ... ok
test properties::tests::prop_watermark_advance_is_monotonic ... ok
test quorum::tests::test_majority ... ok
test properties::tests::prop_type_lattice_reflexive ... ok
test quorum::tests::test_min_cluster_size ... ok
test quorum::tests::test_quorum_intersection ... ok
test properties::tests::prop_vector_clock_merge_is_ordering_max ... ok
test quorum_cert::tests::test_is_valid_qc ... ok
test properties::typed_state_snapshot_cross_tests::prop_snapshot_typed_roundtrip ... ok
test quorum_cert::tests::test_qc_ordering ... ok
test properties::typed_state_snapshot_cross_tests::prop_tampered_snapshot_rejected ... ok
test query_cost::tests::prop_more_distinct_lower_selectivity ... ok
test query_cost::tests::prop_seq_scan_zero_pages ... ok
test quorum::tests::prop_fault_tolerance_leaves_quorum ... ok
test quorum::tests::prop_fault_tolerance_bounded ... ok
test query_cost::tests::prop_seq_scan_monotonic_pages ... ok
test query_cost::tests::prop_seq_scan_matches_product ... ok
test quorum::tests::prop_can_remove_matches_quorum ... ok
test quorum_cert::tests::test_vote_count ... ok
test query_cost::tests::prop_seq_scan_monotonic_cost ... ok
test quorum::tests::prop_full_is_quorum ... ok
test quorum_cert::tests::test_is_committed ... ok
test quorum::tests::prop_below_majority_not_quorum ... ok
test quota::tests::test_quota_release ... ok
test quota::tests::test_quota_is_exhausted ... ok
test quorum_cert::tests::prop_qc_ge_reflexive ... ok
test quota::tests::prop_allows_fits_remaining ... ok
test quorum_cert::tests::prop_qc_gt_irreflexive ... ok
test quorum_cert::tests::prop_vote_count_bounded ... ok
test quorum_cert::tests::prop_committed_same_view ... ok
test quota::tests::test_quota_consume ... ok
test quota::tests::test_quota_remaining ... ok
test quota::tests::test_quota_allows ... ok
test quota::tests::test_quota_utilization ... ok
test quorum::tests::prop_majority_bounds ... ok
test r1cs_bit_decomposition::tests::decomposes_zero ... ok
test r1cs_bit_decomposition::tests::duplicate_bit_indices_are_rejected ... ok
test r1cs_bit_decomposition::tests::out_of_range_value_is_rejected ... ok
test r1cs_bit_decomposition::tests::non_boolean_high_bit_is_rejected ... ok
test r1cs_bit_decomposition::tests::missing_one_wire_is_rejected ... ok
test r1cs_boolean::tests::malformed_witness_length_is_rejected ... ok
test r1cs_bit_decomposition::tests::recomposition_mismatch_is_rejected ... ok
test r1cs_bit_decomposition::tests::zero_bit_index_is_rejected ... ok
test r1cs_boolean::tests::boolean_row_is_valid_and_satisfied_for_one ... ok
test r1cs_bit_decomposition::tests::non_boolean_low_bit_is_rejected ... ok
test r1cs_bit_decomposition::tests::decomposes_three ... ok
test quorum::tests::prop_tolerance_vs_remove ... ok
test r1cs_boolean::tests::missing_one_wire_is_rejected ... ok
test r1cs_boolean::tests::out_of_range_index_is_rejected ... ok
test r1cs_boolean::tests::one_is_boolean ... ok
test r1cs_boolean::tests::two_is_not_boolean ... ok
test r1cs_boolean::tests::valid_but_unsatisfied_encoded_row_is_rejected ... ok
test quorum::tests::prop_quorum_intersection ... ok
test r1cs_boolean::tests::zero_index_is_rejected_because_it_is_the_one_wire ... ok
test r1cs_boolean::tests::zero_is_boolean ... ok
test r1cs_boolean::tests::malformed_witness_value_is_rejected ... ok
test r1cs_boolean::tests::overlarge_modulus_minus_one_coefficient_is_rejected ... ok
test r1cs_boolean::tests::row_at_second_boolean_slot_is_valid_and_satisfied ... ok
test quorum::tests::prop_majority_gt_half ... ok
test r1cs_constraint::tests::inactive_slots_do_not_affect_short_rows ... ok
test r1cs_constraint::tests::length_mismatch_is_rejected ... ok
test r1cs_constraint::tests::malformed_shape_is_rejected ... ok
test r1cs_constraint::tests::malformed_witness_value_is_rejected ... ok
test r1cs_constraint::tests::satisfied_row_is_admitted ... ok
test r1cs_constraint::tests::unsatisfied_row_is_rejected ... ok
test r1cs_constraint::tests::valid_row_and_witness_shapes_are_admitted ... ok
test r1cs_constraint::tests::zero_row_length_is_rejected ... ok
test r1cs_gates::tests::addition_gate_requires_one_wire ... ok
test r1cs_gates::tests::addition_gate_encodes_satisfied_row_with_one_wire ... ok
test r1cs_gates::tests::constant_gate_rejects_mismatched_value ... ok
test r1cs_gates::tests::malformed_witness_is_rejected ... ok
test r1cs_gates::tests::mismatched_witness_length_is_rejected ... ok
test r1cs_gates::tests::multiplication_gate_encodes_satisfied_row ... ok
test r1cs_gates::tests::out_of_range_variable_index_is_rejected ... ok
test r1cs_gates::tests::multiplication_gate_rejects_bad_product ... ok
test r1cs_gates::tests::unsupported_gate_kind_is_rejected ... ok
test r1cs_lookup::tests::inactive_third_entry_is_ignored_for_two_entry_table ... ok
test r1cs_gates::tests::duplicate_add_inputs_are_rejected_to_keep_encoding_finite ... ok
test r1cs_gates::tests::valid_addition_gate_rejects_unsatisfied_encoded_row ... ok
test r1cs_lookup::tests::mismatched_witness_length_is_rejected ... ok
test r1cs_lookup::tests::out_of_range_value_index_is_rejected ... ok
test quota::tests::prop_consume_monotonic ... ok
test r1cs_lookup::tests::malformed_witness_is_rejected ... ok
test r1cs_lookup::tests::oversized_table_length_is_rejected ... ok
test quorum::tests::prop_min_size_roundtrip ... ok
test r1cs_lookup::tests::rejects_non_member ... ok
test r1cs_lookup::tests::zero_table_length_is_rejected ... ok
test quota::tests::prop_allows_zero ... ok
test quota::tests::prop_consume_release_roundtrip ... ok
test quorum::tests::prop_min_size_has_tolerance ... ok
test r1cs_gates::tests::constant_gate_encodes_satisfied_row_with_one_wire ... ok
test r1cs_lookup::tests::accepts_first_active_entry ... ok
test r1cs_lookup::tests::accepts_last_active_entry ... ok
test r1cs_gates::tests::malformed_constant_value_is_rejected ... ok
test r1cs_lookup::tests::accepts_value_from_second_witness_slot ... ok
test r1cs_lookup::tests::active_match_is_accepted_when_inactive_duplicate_also_matches ... ok
test r1cs_lookup::tests::active_overlarge_entry_is_rejected ... ok
test r1cs_lookup::tests::inactive_entries_are_ignored ... ok
test r1cs_lookup::tests::inactive_overlarge_entry_is_ignored ... ok
test r1cs_public_inputs::tests::empty_public_input_list_is_allowed ... ok
test r1cs_public_inputs::tests::all_three_public_inputs_are_admitted_for_three_slot_witness ... ok
test r1cs_public_inputs::tests::matching_public_inputs_are_admitted ... ok
test r1cs_public_inputs::tests::mismatched_public_value_rejects_statement ... ok
test r1cs_public_inputs::tests::satisfied_system_with_matching_public_inputs_is_admitted ... ok
test r1cs_public_inputs::tests::out_of_range_public_index_rejects_binding ... ok
test r1cs_public_inputs::tests::unsatisfied_system_rejects_even_matching_public_inputs ... ok
test r1cs_system::tests::active_modulus_mismatch_rejects_system_shape ... ok
test r1cs_system::tests::all_active_rows_satisfied_admits_system ... ok
test r1cs_system::tests::all_three_active_rows_satisfied_admits_system ... ok
test r1cs_system::tests::bad_witness_length_rejects_satisfaction ... ok
test r1cs_public_inputs::tests::invalid_public_input_length_is_rejected ... ok
test r1cs_public_inputs::tests::malformed_public_value_rejects_binding ... ok
test r1cs_public_inputs::tests::invalid_modulus_rejects_public_inputs ... ok
test r1cs_system::tests::failed_third_active_row_rejects_system ... ok
test r1cs_system::tests::inactive_malformed_row_is_ignored ... ok
test r1cs_public_inputs::tests::malformed_witness_rejects_statement ... ok
test r1cs_system::tests::invalid_zero_system_length_is_rejected ... ok
test r1cs_system::tests::malformed_active_row_rejects_system_shape ... ok
test quota::tests::prop_exhausted_no_allows ... ok
test r1cs_system::tests::malformed_witness_value_rejects_satisfaction ... ok
test r1cs_system::tests::one_failed_active_row_rejects_system ... ok
test r1cs_system::tests::valid_two_row_system_is_admitted ... ok
test raft_consensus_core::tests::append_entries_admission_checks_term_and_prev_log ... ok
test quota::tests::prop_release_bounded ... ok
test quota::tests::prop_release_consume_roundtrip ... ok
test quota::tests::prop_exhausted_iff_zero_remaining ... ok
test r1cs_public_inputs::tests::malformed_witness_value_rejects_public_inputs ... ok
test r1cs_public_inputs::tests::inactive_malformed_public_slots_are_ignored ... ok
test r1cs_lookup::tests::zero_value_index_is_rejected ... ok
test raft_consensus_core::tests::applied_prefix_admission_requires_committed_contiguous_local_progress ... ok
test raft_consensus_core::tests::client_proposal_admission_requires_current_leader_and_model_command ... ok
test raft_consensus_core::tests::append_entries_conflict_metadata_is_bounded ... ok
test raft_consensus_core::tests::deterministic_transition_admission_reports_first_failure ... ok
test raft_consensus_core::tests::deterministic_admission_keeps_first_failure_under_multiple_mutations ... ok
test raft_consensus_core::tests::effective_membership_and_replication_session_reject_stale_mutations ... ok
test raft_consensus_core::tests::finite_kinds_and_admission_codes_cover_positive_negative_boundaries ... ok
test properties::tests::prop_two_phase_abort_prevents_commit ... ok
test raft_consensus_core::tests::follower_log_update_metadata_preserves_rejected_and_accepted_lengths ... ok
test raft_consensus_core::tests::invariant_preservation_requires_valid_after_bundle ... ok
test raft_consensus_core::tests::invariant_bundle_composes_metadata_and_log_checks ... ok
test raft_consensus_core::tests::leader_completeness_requires_committed_entry_presence ... ok
test raft_consensus_core::tests::log_and_state_safety_mutations_are_rejected ... ok
test quota::tests::prop_remaining_plus_used ... ok
test raft_consensus_core::tests::log_entry_bounds_reject_zero_and_out_of_range ... ok
test raft_consensus_core::tests::membership_epoch_admission_rejects_regression_and_invalid_stable_shape ... ok
test raft_consensus_core::tests::membership_joint_quorum_requires_old_and_new_majorities ... ok
test raft_consensus_core::tests::message_envelope_admission_rejects_stale_or_invalid_inputs ... ok
test raft_consensus_core::tests::no_gap_rejects_skipped_index ... ok
test raft_consensus_core::tests::node_state_admission_checks_role_terms_apply_bounds_and_candidate_vote ... ok
test raft_consensus_core::tests::observed_term_update_is_monotone ... ok
test raft_consensus_core::tests::openraft_admission_metadata_reports_stable_first_failures ... ok
test raft_consensus_core::tests::openraft_admission_metadata_reports_ok_for_valid_operational_records ... ok
test quota::tests::prop_utilization_bounded ... ok
test properties::tests::prop_unique_disjoint_from_target ... ok
test raft_consensus_core::tests::log_matching_requires_equal_prefix_terms ... ok
test raft_consensus_core::tests::openraft_io_progress_and_vote_log_order_reject_reordering ... ok
test raft_consensus_core::tests::openraft_log_pointer_lattice_accepts_ordered_and_rejects_regressions ... ok
test raft_consensus_core::tests::persistent_metadata_observed_term_clears_vote_only_on_advance ... ok
test raft_consensus_core::tests::prefix_and_append_preserve_contiguous_log ... ok
test raft_consensus_core::tests::quorum_commit_admission_is_monotone_and_bounded ... ok
test raft_consensus_core::tests::raft_model_envelope_rejects_unknown_and_out_of_bound_references ... ok
test raft_consensus_core::tests::read_linearizer_ready_only_after_apply_catches_up ... ok
test raft_consensus_core::tests::request_vote_rejects_second_candidate_same_term ... ok
test raft_step::tests::test_handler_decomposition_concept ... ok
test raft_step::tests::test_commit_monotonic_compose ... ok
test raft_consensus_core::tests::request_vote_rejects_stale_log ... ok
test raft_consensus_core::tests::same_term_leader_witnesses_must_match ... ok
test raft_consensus_core::tests::snapshot_membership_and_invariant_mutations_are_rejected ... ok
test raft_consensus_core::tests::stale_term_detection_matches_ordering ... ok
test raft_consensus_core::tests::snapshot_admission_requires_newer_matching_boundary ... ok
test raft_consensus_core::tests::state_machine_safety_rejects_divergent_applied_commands ... ok
test raft_consensus_core::tests::transition_trace_admits_fresh_steps_and_safe_stale_rejections ... ok
test raft_consensus_core::tests::vote_and_append_admission_have_positive_negative_mutation_evidence ... ok
test raft_consensus_core::tests::volatile_metadata_orders_commit_and_log_indexes ... ok
test raft_membership_manager::tests::stale_learner_is_rejected_without_mutating_voters ... ok
test raft_membership_manager::tests::learner_promotion_through_joint_consensus_is_safe ... ok
test raft_step::tests::test_step_types ... ok
test raft_membership_manager::tests::unsafe_transfer_is_rejected_without_mutating_voters ... ok
test raft_step::tests::test_term_monotonic_compose ... ok
test raft_timing::tests::test_bad_order ... ok
test raft_timing::tests::test_zero_heartbeat ... ok
test raft_timing::tests::test_valid_config ... ok
test rate_limit::tests::test_try_consume ... ok
test rate_limit::tests::test_is_within_burst ... ok
test rate_limit::tests::test_tokens_to_wait_ms ... ok
test rate_limit::tests::test_tokens_after_refill ... ok
test quorum::tests::prop_quorum_overlap_simulation ... ok
test raft_step::tests::test_initial_state ... ok
test raft_step::tests::test_node_types ... ok
test raft_timing::tests::test_bad_range ... ok
test rcu::tests::test_advance ... ok
test rcu::tests::test_all_quiescent ... ok
test rcu::tests::test_can_free ... ok
test rcu::tests::test_enter_exit ... ok
test rcu::tests::test_grace_period ... ok
test rcu::tests::test_rcu_scenario ... ok
test rcu::tests::test_quiescent ... ok
test properties::tests::prop_selective_subset_of_unique ... ok
test raft_step::tests::prop_node_types_exclusive ... ok
test raft_step::tests::prop_step_types_distinct ... ok
test properties::tests::prop_subtree_walk_connection ... ok
test reachability::tests::test_no_edges ... ok
test reachability::tests::test_linear_reachability ... ok
test reachability::tests::test_cycle_reachability ... ok
test raft_step::tests::prop_commit_monotonic_transitive ... ok
test reachability::tests::test_unreachable_node ... ok
test reachability::tests::test_reachable_count ... ok
test raft_step::tests::prop_term_monotonic_transitive ... ok
test rcu::tests::prop_all_at_gc_quiescent ... ok
test rate_limit::tests::prop_refill_within_burst ... ok
test rcu::tests::prop_empty_quiescent ... ok
test raft_timing::tests::prop_all_implies_each ... ok
test rate_limit::tests::prop_consume_conservation ... ok
test properties::tests::prop_unique_subset_of_source ... ok
test rcu::tests::prop_advance_plus_quiescent ... ok
test rate_limit::tests::prop_refill_bounded ... ok
test rate_limit::tests::prop_refill_monotonic ... ok
test rcu::tests::prop_free_needs_grace ... ok
test rcu::tests::prop_no_advance_not_complete ... ok
test read_index::tests::test_confirm_read_authority ... ok
test read_index::tests::test_read_safe_at ... ok
test raft_timing::tests::prop_strict_ordering ... ok
test raft_step::tests::prop_valid_step_constants_in_range ... ok
test rate_limit::tests::prop_wait_time_sufficient ... ok
test rect_grid_index::tests::out_of_range_coordinate_is_rejected ... ok
test rect_grid_index::tests::valid_coordinate_flattens_inside_grid ... ok
test rate_limit::tests::prop_lifecycle ... ok
test raft_timing::tests::prop_zero_heartbeat_fails ... ok
test rcu::tests::prop_enter_exit_quiescent ... ok
test rcu::tests::prop_advance_monotonic ... ok
test rate_limit::tests::prop_wait_time_insufficient ... ok
test reachability::tests::proptests::prop_isolated_source_only_self ... ok
test ref_count::tests::test_can_upgrade_weak ... ok
test ref_count::tests::test_decrement ... ok
test ref_count::tests::test_should_deallocate ... ok
test ref_count::tests::test_increment ... ok
test ref_count::tests::test_total_refs ... ok
test ref_count::tests::test_is_unique ... ok
test ref_count::tests::test_should_drop_weak_data ... ok
test region::tests::test_contains_region ... ok
test region::tests::test_contains_addr ... ok
test region::tests::test_end_addr ... ok
test region::tests::test_is_empty ... ok
test region::tests::test_region_adjacent ... ok
test region::tests::test_region_merge ... ok
test region::tests::test_region_split ... ok
test read_index::tests::prop_deposed_leader_rejected ... ok
test region::tests::test_split_merge_roundtrip ... ok
test region::tests::test_regions_disjoint ... ok
test register_allocation::tests::test_allocate_greedy_spills_when_all_registers_conflict ... ok
test register_allocation::tests::test_check_coloring_accepts_valid_register_assignment ... ok
test register_allocation::tests::test_check_coloring_rejects_conflict_and_out_of_range_register ... ok
test register_allocation::tests::test_allocate_greedy_uses_lowest_available_register ... ok
test register_allocation::tests::test_build_interference_matches_overlap_oracle ... ok
test register_allocation::tests::test_ragged_live_ranges_are_rejected ... ok
test register_allocation::tests::test_invalid_graph_is_rejected ... ok
test remote_computation::tests::admits_ready_remote_envelope ... ok
test register_allocation::tests::test_zero_registers_force_all_spills ... ok
test remote_computation::tests::rejects_missing_ability_and_excess_resource ... ok
test remote_computation::tests::rejects_unfetchable_dependency ... ok
test remote_computation::tests::reports_fetch_pending_dependency ... ok
test remote_computation::tests::rejects_unknown_target_and_malformed_bounds ... ok
test read_index::tests::prop_exact_commit_safe ... ok
test read_index::tests::prop_read_safe_monotonic ... ok
test reachability::tests::proptests::prop_reachable_count_sound ... ok
test region::tests::prop_model_oracle ... ok
test region::tests::prop_empty_contains_nothing ... ok
test ref_count::tests::prop_inc_dec_roundtrip ... ok
test ref_count::tests::prop_unique_can_upgrade ... ok
test ref_count::tests::prop_dec_inc_roundtrip ... ok
test region::tests::prop_contains_region_reflexive ... ok
test region::tests::prop_adjacent_implies_disjoint ... ok
test ref_count::tests::prop_drop_weak_needs_both_zero ... ok
test region::tests::prop_split_covers ... ok
test replication_mode::tests::prop_replicate_uses_max ... ok
test region::tests::prop_adjacent_symmetric ... ok
test ref_count::tests::prop_last_dec_deallocates ... ok
test region::tests::prop_split_merge_roundtrip ... ok
test ref_count::tests::prop_total_ge_components ... ok
test replication_mode::tests::test_can_pipeline ... ok
test replication_mode::tests::prop_probe_always_one ... ok
test replication_mode::tests::test_can_send_entries ... ok
test region::tests::prop_disjoint_symmetric ... ok
test ref_count::tests::prop_non_last_dec_no_dealloc ... ok
test replication_pipeline::tests::test_can_send_more ... ok
test replication_pipeline::tests::test_window_after_ack ... ok
test ref_count::tests::prop_increment_prevents_dealloc ... ok
test replication_mode::tests::test_is_valid_mode ... ok
test replication_mode::tests::test_entries_per_message ... ok
test replication_mode::tests::test_enter_snapshot ... ok
test replication_mode::tests::test_transition_on_success ... ok
test replication_pipeline::tests::test_window_after_send ... ok
test replication_mode::tests::test_snapshot_complete ... ok
test replication_mode::tests::test_transition_on_reject ... ok
test replication_mode::tests::test_should_send_snapshot ... ok
test ref_count::tests::prop_dealloc_upgrade_exclusive ... ok
test replication_pipeline::tests::test_inflight_count ... ok
test reachability::tests::proptests::prop_completeness_check ... ok
test reachability::tests::proptests::prop_neighbor_reachable ... ok
test request_forward::tests::test_after_forward ... ok
test request_forward::tests::test_should_clear_pending ... ok
test request_forward::tests::test_after_response ... ok
test request_forward::tests::test_can_forward ... ok
test request_forward::tests::test_forward_decision ... ok
test request_forward::tests::test_is_forward_expired ... ok
test reachability::tests::proptests::prop_source_always_reachable ... ok
test reachability::tests::proptests::prop_path_exists_for_reachable ... ok
test replication_mode::tests::prop_success_reject_cycle ... ok
test replication_mode::tests::prop_snapshot_lifecycle ... ok
test result::tests::test_and_then ... ok
test result::tests::test_map_err ... ok
test result::tests::test_map_ok ... ok
test result::tests::test_or_else ... ok
test result::tests::test_unwrap_or ... ok
test replication_pipeline::tests::prop_send_then_ack_roundtrip ... ok
test replication_pipeline::tests::prop_ack_monotonic ... ok
test replication_pipeline::tests::prop_adjacent_is_zero ... ok
test replication_mode::tests::prop_transitions_preserve_validity ... ok
test request_forward::tests::prop_can_forward_requires_capacity ... ok
test replication_pipeline::tests::prop_full_blocks ... ok
test reachability::tests::proptests::prop_reachable_count_in_bounds ... ok
test replication_pipeline::tests::prop_zero_max_blocks ... ok
test retry::tests::test_attempts_remaining ... ok
test retry::tests::test_classify_outcome ... ok
test retry::tests::test_retry_budget_ok ... ok
test retry::tests::test_is_exhausted ... ok
test retry::tests::test_should_retry ... ok
test request_forward::tests::prop_forward_response_roundtrip ... ok
test request_forward::tests::prop_clear_on_term_change ... ok
test register_allocation::tests::prop_greedy_allocations_pass_verified_checker ... ok
test result::tests::prop_or_else_ok_unchanged ... ok
test ring_buffer::tests::test_push_full ... ok
test rustc_metadata_identity::tests::negative::candidate_limit_is_checked_before_selection ... ok
test ring_buffer::tests::test_full_batches_matches_chunk_count ... ok
test result::tests::prop_map_ok_preserves_err ... ok
test ring_buffer::tests::test_full_batches ... ok
test rustc_metadata_identity::tests::negative::identity_mismatches_are_rejected_in_stable_order ... ok
test result::tests::prop_map_err_preserves_ok ... ok
test result::tests::prop_and_then_err_propagates ... ok
test rustc_metadata_identity::tests::negative::missing_metadata_and_invalid_kind_capabilities_are_rejected ... ok
test rustc_metadata_identity::tests::negative::malformed_artifact_reports_the_same_first_failure ... ok
test rustc_metadata_identity::tests::negative::no_match_and_ambiguity_are_distinct ... ok
test rustc_metadata_identity::tests::negative::required_encoded_mir_must_be_present ... ok
test ring_buffer::tests::test_peek ... ok
test ring_buffer::tests::test_wraparound ... ok
test rustc_metadata_identity::tests::negative::rmeta_does_not_satisfy_final_linking ... ok
test request_forward::tests::prop_decision_valid ... ok
test ring_buffer::tests::test_push_pop_fifo ... ok
test register_allocation::tests::prop_interference_graph_matches_overlap_oracle ... ok
test ring_buffer::tests::test_new ... ok
test rustc_metadata_identity::tests::positive::codegen_use_accepts_declared_encoded_mir ... ok
test result::tests::prop_unwrap_or_ok ... ok
test rustc_metadata_identity::tests::positive::exact_rustc_identity_fields_are_compatible ... ok
test rustc_metadata_identity::tests::positive::model_uses_declared_rustc_fields_without_rehashing ... ok
test rustc_metadata_identity::tests::positive::rlib_and_dylib_support_metadata_and_link_use ... ok
test rustc_metadata_identity::tests::positive::rmeta_supports_metadata_only_modes ... ok
test rustc_metadata_identity::tests::positive::unique_compatible_candidate_is_selected ... ok
test result::tests::prop_unwrap_or_err ... ok
test rustc_monomorphization::tests::negative::dangling_reference_target_is_rejected ... ok
test request_forward::tests::prop_leader_always_accepts ... ok
test rustc_monomorphization::tests::negative::duplicate_collected_identity_is_rejected ... ok
test rustc_monomorphization::tests::negative::duplicate_item_identity_is_rejected ... ok
test rustc_monomorphization::tests::negative::duplicate_unit_identity_is_rejected ... ok
test rustc_monomorphization::tests::negative::extra_collected_identity_is_rejected ... ok
test result::tests::prop_map_ok_map_err_commute ... ok
test result::tests::prop_and_then_right_identity ... ok
test result::tests::prop_or_else_err_uses_fallback ... ok
test request_forward::tests::prop_forward_then_response_identity ... ok
test rustc_monomorphization::tests::negative::generic_instance_without_arguments_is_rejected ... ok
test rustc_monomorphization::tests::negative::generic_item_cannot_claim_stable_class ... ok
test rustc_monomorphization::tests::negative::missing_reachable_item_is_rejected ... ok
test rustc_monomorphization::tests::negative::missing_root_is_rejected ... ok
test rustc_monomorphization::tests::negative::partition_omission_is_rejected ... ok
test rustc_monomorphization::tests::negative::partition_overlap_is_rejected ... ok
test rustc_monomorphization::tests::negative::static_with_type_arguments_is_rejected ... ok
test rustc_monomorphization::tests::negative::unit_class_must_match_each_item ... ok
test rustc_monomorphization::tests::negative::unknown_unit_item_is_rejected ... ok
test rustc_monomorphization::tests::positive::admitted_facts_export_counts_not_generated_code ... ok
test rustc_monomorphization::tests::positive::complete_collection_and_partition_are_admitted ... ok
test rwlock::tests::test_acquisition ... ok
test rustc_monomorphization::tests::positive::duplicate_roots_and_paths_collapse_canonically ... ok
test rustc_monomorphization::tests::positive::functions_statics_and_shims_are_collected ... ok
test rustc_monomorphization::tests::positive::stable_and_volatile_units_cover_distinct_items ... ok
test retry::tests::prop_classify_non_retryable_never_retry ... ok
test rwlock::tests::test_mode_after ... ok
test rwlock::tests::test_mutual_exclusion ... ok
test rwlock::tests::test_reader_count ... ok
test retry::tests::prop_classify_exhaustive ... ok
test rwlock::tests::test_writer_token ... ok
test retry::tests::prop_budget_monotonic_fewer_failures ... ok
test s_expression::tests::negative::byte_budget_exhaustion_is_rejected ... ok
test s_expression::tests::negative::depth_budget_exhaustion_is_rejected ... ok
test rwlock::tests::test_expiry ... ok
test s_expression::tests::negative::empty_symbol_is_rejected ... ok
test s_expression::tests::negative::first_noncanonical_failure_is_deterministic ... ok
test s_expression::tests::negative::missing_child_separator_is_rejected ... ok
test s_expression::tests::negative::repeated_or_leading_spaces_are_rejected ... ok
test s_expression::tests::negative::reserved_symbol_character_is_rejected ... ok
test s_expression::tests::negative::size_budget_exhaustion_is_rejected ... ok
test s_expression::tests::negative::trailing_input_is_rejected ... ok
test s_expression::tests::negative::unbalanced_open_delimiter_is_rejected ... ok
test s_expression::tests::negative::unknown_escape_is_rejected ... ok
test s_expression::tests::negative::unmatched_close_delimiter_is_rejected ... ok
test s_expression::tests::negative::unsupported_text_control_is_rejected ... ok
test s_expression::tests::negative::unterminated_text_escape_is_rejected ... ok
test s_expression::tests::negative::zero_budget_is_rejected ... ok
test s_expression::tests::positive::admitted_values_roundtrip_through_canonical_text ... ok
test s_expression::tests::positive::canonical_nested_text_parses_to_original_tree ... ok
test s_expression::tests::positive::empty_list_has_exact_delimiters ... ok
test s_expression::tests::positive::nested_tree_has_checked_measures ... ok
test s_expression::tests::positive::public_result_is_a_tree_not_an_evaluation ... ok
test s_expression::tests::positive::quoted_unicode_text_is_canonical ... ok
test s_expression::tests::positive::symbol_and_text_atoms_are_admitted ... ok
test s_expression::tests::positive::text_escapes_have_one_canonical_rendering ... ok
test safe_reclamation_domain::tests::active_reader_or_strong_ref_retains ... ok
test safe_reclamation_domain::tests::pinned_epoch_retains_and_invalid_shapes_reject ... ok
test safe_reclamation_domain::tests::protected_object_is_retained ... ok
test safe_reclamation_domain::tests::unprotected_retired_object_is_reclaimable ... ok
test safe_snapshot_replication::tests::installs_complete_verified_snapshot ... ok
test safe_snapshot_replication::tests::rejects_corrupt_and_unsafe_snapshot ... ok
test retry::tests::prop_should_retry_agrees_with_exhausted ... ok
test scope::tests::test_bytes_eq ... ok
test scope::tests::test_compound_both_match ... ok
test scope::tests::test_compound_mount_mismatch ... ok
test scope::tests::test_compound_prefix_mismatch ... ok
test scope::tests::test_covers_basic ... ok
test scope::tests::test_covers_transitive ... ok
test scope::tests::test_optional_none_always_passes ... ok
test scope::tests::test_optional_some_none_denies ... ok
test scope::tests::test_optional_some_some_covers ... ok
test scope::tests::test_starts_with_bytes ... ok
test ring_buffer::tests::prop_empty_full_predicates ... ok
test segregated_free::tests::test_class_for ... ok
test segregated_free::tests::test_seg_alloc ... ok
test segregated_free::tests::test_seg_alloc_empty ... ok
test segregated_free::tests::test_seg_free ... ok
test segregated_free::tests::test_total_free ... ok
test ring_buffer::tests::prop_push_pop_roundtrip ... ok
test ring_buffer::tests::prop_remaining_plus_len ... ok
test ring_buffer::tests::prop_fifo_order ... ok
test ring_buffer::tests::prop_push_increments_len ... ok
test sel4_asid::tests::test_allocation_preserves_unrelated_slots ... ok
test sel4_asid::tests::test_owner_mismatch_release_fails ... ok
test sel4_asid::tests::test_same_owner_can_hold_multiple_live_asids ... ok
test sel4_asid::tests::test_release_preserves_unrelated_slots ... ok
test sel4_asid::tests::test_failed_allocation_unchanged_state ... ok
test sel4_asid::tests::test_out_of_range_release_fails ... ok
test sel4_asid::tests::test_distinct_successful_allocations_differ ... ok
test sel4_asid::tests::test_successful_allocation_creates_live_owner ... ok
test sel4_asid::tests::test_successful_release ... ok
test sel4_asid::tests::test_capacity_one_reuse ... ok
test sel4_asid::tests::test_duplicate_release_fails ... ok
test sel4_asid::tests::test_zero_capacity_exhausted ... ok
test rwlock::tests::prop_reader_writer_expiry_same ... ok
test rwlock::tests::prop_write_token_monotonic ... ok
test rwlock::tests::prop_free_always_valid ... ok
test sel4_cap_rights::tests::test_copy_preserves_rights ... ok
test sel4_cap_rights::tests::test_mask_drops_rights_only ... ok
test sel4_cap_rights::tests::test_masking_idempotent ... ok
test sel4_cap_rights::tests::test_operation_gates ... ok
test rwlock::tests::prop_inc_dec_roundtrip ... ok
test sel4_cdt::tests::test_copy_creates_child ... ok
test sel4_cdt::tests::test_move_preserves_parent ... ok
test sel4_cdt::tests::test_mint_creates_child ... ok
test sel4_cdt::tests::test_recycle_leaf_only ... ok
test segregated_free::tests::prop_alloc_free_roundtrip ... ok
test sel4_cdt::tests::test_revoke_preserves_sibling ... ok
test sel4_cspace::tests::test_failed_nested_follow_does_not_mutate ... ok
test segregated_free::tests::prop_free_only_modifies_target ... ok
test sel4_asid::tests::proptest_distinct_allocations ... ok
test segregated_free::tests::prop_class_bounded ... ok
test sel4_cdt::tests::test_revoke_removes_exact_subtree ... ok
test sel4_cspace::tests::test_insufficient_depth_fails ... ok
test sel4_cspace::tests::test_lookup_from_explicit_depth ... ok
test sel4_cspace::tests::test_nested_lookup ... ok
test sel4_asid::tests::proptest_capacity_one_forced_reuse ... ok
test sel4_cspace::tests::test_root_lookup ... ok
test sel4_cspace::tests::test_guard_mismatch_fails ... ok
test sel4_asid::tests::proptest_exhausted_allocation_unchanged ... ok
test sel4_asid::tests::proptest_release_failures_leave_state ... ok
test sel4_asid::tests::proptest_same_owner_multiple_asids ... ok
test sel4_endpoint::tests::test_cancel_middle_receiver_preserves_order ... ok
test sel4_endpoint::tests::test_receive_gets_head_sender_badge ... ok
test sel4_endpoint::tests::test_cancel_middle_sender_preserves_order ... ok
test sel4_endpoint::tests::test_send_matches_waiting_receiver ... ok
test sel4_endpoint::tests::test_waiting_send_then_receive ... ok
test sel4_fault_ipc::tests::test_configured_handler_receives_fault ... ok
test sel4_fault_ipc::tests::test_page_fault_roundtrip ... ok
test sel4_fault_ipc::tests::test_generic_fault_preserves_ip ... ok
test sel4_fault_ipc::tests::test_unconfigured_handler_drops_fault ... ok
test sel4_invariants::tests::rejected_invalid_reference_request_is_noop ... ok
test scope::tests::prop_optional_none_always_passes ... ok
test scope::tests::prop_optional_some_none_denies ... ok
test sel4_invariants::tests::rejected_mismatched_endpoint_tcb_request_is_noop ... ok
test sel4_invariants::tests::test_step_endpoint_send_block_queues_sender ... ok
test sel4_invariants::tests::rejected_out_of_scope_request_is_noop ... ok
test sel4_invariants::tests::test_step_endpoint_send_rendezvous_wakes_head_receiver ... ok
test sel4_invariants::tests::test_step_untyped_revoke_clears_children ... ok
test sel4_invocation::tests::test_endpoint_send_decodes_when_authorized ... ok
test sel4_invocation::tests::test_endpoint_send_rejects_missing_send_right ... ok
test sel4_invocation::tests::test_frame_map_rejects_missing_secondary_vspace ... ok
test sel4_invocation::tests::test_untyped_retype_rejects_malformed_zero_size ... ok
test sel4_invocation::tests::test_frame_map_uses_only_context_objects ... ok
test sel4_invocation_step::tests::test_block_sender_on_endpoint_accepted ... ok
test sel4_invocation_step::tests::test_copy_cap_accepted ... ok
test sel4_invocation_step::tests::test_endpoint_send_accepted ... ok
test sel4_invocation_step::tests::test_invalid_map_rejected_without_vspace_mutation ... ok
test sel4_invocation_step::tests::test_map_page_accepted ... ok
test sel4_invocation_step::tests::test_out_of_scope_rejected_without_mutation ... ok
test scope::tests::prop_narrowing_monotone ... ok
test sel4_cdt::tests::prop_move_preserves_parent ... ok
test sel4_cap_rights::tests::prop_attenuation_is_subset ... ok
test sel4_cap_rights::tests::prop_masking_never_adds ... ok
test sel4_cdt::tests::prop_revoke_node_two_preserves_other_branch ... ok
test sel4_cspace::tests::prop_root_slot_matches ... ok
test sel4_cap_rights::tests::prop_send_gate_matches_bit ... ok
test sel4_cspace::tests::prop_lookup_unique_root ... ok
test sel4_irq::tests::test_ack_clears_pending_delivery ... ok
test sel4_irq::tests::test_mask_blocks_delivery ... ok
test sel4_irq::tests::test_second_live_bind_rejected ... ok
test sel4_cap_rights::tests::prop_control_gate_matches_bit ... ok
test sel4_cap_rights::tests::prop_masking_idempotent ... ok
test sel4_cdt::tests::prop_recycle_leaf_clears_one ... ok
test sel4_notification::tests::test_bound_waiter_wakes_on_signal ... ok
test sel4_notification::tests::test_ineligible_waiter_does_not_replace_binding ... ok
test sel4_notification::tests::test_two_signals_accumulate ... ok
test sel4_notification::tests::test_poll_consumes_pending_badge ... ok
test scope::tests::prop_optional_delegates_to_covers ... ok
test sel4_cspace::tests::prop_wrong_guard_fails ... ok
test sel4_irq::tests::test_unmask_restores_delivery_if_pending_and_bound ... ok
test scope::tests::prop_covers_non_prefix_rejected ... ok
test sel4_ready_queue::tests::test_dequeue_preserves_fifo_order ... ok
test sel4_ready_queue::tests::test_enqueue_runnable_once_at_priority ... ok
test sel4_ready_queue::tests::test_invalid_tid_does_not_change_state ... ok
test sel4_ready_queue::tests::test_remove_preserves_remaining_order ... ok
test scope::tests::prop_compound_mount_mismatch_denies ... ok
test scope::tests::prop_covers_reflexive ... ok
test sel4_notification::tests::test_wait_consumes_pending_badge ... ok
test sel4_ready_queue::tests::test_select_highest_priority_head ... ok
test sel4_reply::tests::test_cancel_invalidates_live_cap ... ok
test sel4_reply::tests::test_cross_pair_reply_rejected ... ok
test sel4_reply::tests::test_first_reply_succeeds_second_denied ... ok
test sel4_reply::tests::test_revoke_invalidates_live_cap ... ok
test scope::tests::prop_covers_transitive ... ok
test sel4_endpoint::tests::prop_cancel_receiver_removes_only_target ... ok
test sel4_endpoint::tests::prop_send_to_waiting_receiver_delivers_badge ... ok
test sel4_tcb::tests::test_restart_then_wake ... ok
test sel4_tcb::tests::test_blocked_states_name_wait_object ... ok
test sel4_fault_ipc::tests::prop_page_fault_roundtrip ... ok
test sel4_tcb::tests::test_new_tcb_is_runnable ... ok
test sel4_tcb::tests::test_deactivate_moves_to_inactive ... ok
test sel4_fault_ipc::tests::prop_delivery_preserves_fault_metadata ... ok
test sel4_invocation::tests::prop_endpoint_receive_decodes_to_primary_endpoint ... ok
test sel4_irq::tests::prop_masked_pending_irq_not_deliverable ... ok
test sel4_tcb::tests::test_wake_moves_blocked_receive_to_runnable ... ok
test sel4_endpoint::tests::prop_cancel_sender_removes_only_target ... ok
test sel4_invocation::tests::prop_frame_map_reuses_context_objects ... ok
test sel4_invariants::tests::prop_rendezvous_enqueues_receiver_at_its_priority ... ok
test sel4_vspace::tests::test_aligned_non_overlapping_map_succeeds ... ok
test sel4_fault_ipc::tests::prop_generic_fault_roundtrip ... ok
test sel4_untyped::tests::test_misaligned_child_rejected ... ok
test sel4_untyped::tests::test_overlap_rejected ... ok
test sel4_untyped::tests::test_retype_creates_contained_children ... ok
test sel4_untyped::tests::test_revoke_and_reset_clear_children ... ok
test sel4_vspace::tests::test_overlap_is_rejected ... ok
test sel4_vspace::tests::test_readonly_cap_yields_readonly_mapping ... ok
test sel4_irq::tests::prop_only_first_bind_succeeds ... ok
test sel4_vspace::tests::test_unmap_removes_only_target ... ok
test semantic_refactoring::tests::admits_compatible_refactor_without_mutating_old_definition ... ok
test semantic_refactoring::tests::incompatible_dependent_must_be_recorded_unresolved ... ok
test semantic_refactoring::tests::rejects_dangling_resulting_name ... ok
test sel4_irq::tests::prop_acknowledge_clears_pending ... ok
test semantic_refactoring::tests::rejects_missing_name_movement_bindings ... ok
test semantic_refactoring::tests::rejects_unknown_new_definition ... ok
test sel4_notification::tests::prop_bound_waiter_wakes ... ok
test sel4_ready_queue::tests::prop_higher_priority_wins ... ok
test sel4_notification::tests::prop_signal_accumulates_or ... ok
test sel4_ready_queue::tests::prop_duplicate_enqueue_rejected ... ok
test sel4_invocation::tests::prop_endpoint_send_without_send_right_is_rejected ... ok
test semaphore::tests::test_acquired_count ... ok
test semaphore::tests::test_after_acquire ... ok
test semaphore::tests::test_after_release ... ok
test sel4_ready_queue::tests::prop_dequeue_returns_head_and_tail ... ok
test semaphore::tests::test_binary_semaphore_lifecycle ... ok
test sel4_ready_queue::tests::prop_remove_keeps_order_of_unaffected_elements ... ok
test semaphore::tests::test_can_acquire ... ok
test semaphore::tests::test_is_full ... ok
test semaphore::tests::test_is_empty ... ok
test semaphore::tests::test_roundtrip ... ok
test seq_set::tests::test_is_member ... ok
test seq_set::tests::test_all_distinct ... ok
test sel4_reply::tests::prop_one_shot_reply ... ok
test sel4_reply::tests::prop_cancelled_cap_cannot_reply ... ok
test sel4_notification::tests::prop_wait_returns_exact_pending ... ok
test sel4_tcb::tests::prop_restart_then_wake_returns_runnable ... ok
test sel4_tcb::tests::prop_wake_after_block_returns_runnable ... ok
test sel4_tcb::tests::prop_deactivate_is_terminal_for_modeled_ops ... ok
test sel4_reply::tests::prop_mismatched_reply_rejected ... ok
test seq_set::tests::test_set_intersection ... ok
test sel4_vspace::tests::prop_same_base_overlap_rejected ... ok
test sel4_untyped::tests::prop_overlapping_second_child_rejected ... ok
test seq_set::tests::test_is_subset ... ok
test sel4_untyped::tests::prop_reclaim_clears_random_valid_children ... ok
test seq_set::tests::test_set_difference ... ok
test sel4_tcb::tests::prop_block_helpers_attach_object ... ok
test seqlock::tests::test_writer_version ... ok
test seqlock::tests::test_should_retry ... ok
test semaphore::tests::prop_zero_always_acquirable ... ok
test semaphore::tests::prop_acquire_all_empties ... ok
test semaphore::tests::prop_phases_exhaustive ... ok
test semaphore::tests::prop_acquired_count_conservation ... ok
test sel4_vspace::tests::prop_effective_rights_subset ... ok
test semaphore::tests::prop_can_acquire_monotonic ... ok
test semaphore::tests::prop_acquire_decreases ... ok
test semaphore::tests::prop_release_bounded ... ok
test seqlock::tests::test_valid_read ... ok
test semaphore::tests::prop_acquire_additive ... ok
test seqlock::tests::test_write_cycle ... ok
test seqlock::tests::test_write_in_progress ... ok
test seq_set::tests::prop_member_reflexive ... ok
test semaphore::tests::prop_acquire_release_roundtrip ... ok
test sequence::tests::test_batch_computation ... ok
test sequence::tests::test_cas ... ok
test seq_set::tests::prop_intersection_in_both ... ok
test seq_set::tests::prop_subset_reflexive ... ok
test sequence::tests::test_range ... ok
test sequence::tests::test_sequence_value ... ok
test sequence::tests::test_batch_state ... ok
test seq_set::tests::prop_difference_subset ... ok
test sequential::tests::test_is_sequential ... ok
test seqlock::tests::prop_retry_complement ... ok
test sequential::tests::test_prefetch_size ... ok
test sequential::tests::test_should_prefetch ... ok
test sequential::tests::test_update_consecutive ... ok
test serializable_txn_guard::tests::conflict_cycle_or_2pl_risk_rejects ... ok
test seq_set::tests::prop_partition ... ok
test seqlock::tests::prop_idle_read_valid ... ok
test seqlock::tests::prop_write_cycle_even ... ok
test serializable_txn_guard::tests::conflict_free_transaction_commits ... ok
test seqlock::tests::prop_odd_read_invalid ... ok
test serialization_codec::tests::encoder_decoder_and_round_trip_shapes_compose ... ok
test serialization_codec::tests::byte_buffer_and_ranges_are_finite ... ok
test serialization_codec::tests::frame_sections_stay_inside_buffer ... ok
test seqlock::tests::prop_write_cycle_increments_version ... ok
test serialization_codec::tests::length_prefix_declared_length_fits_remaining_window ... ok
test serialization_codec::tests::schema_and_checksum_shape_are_deterministic ... ok
test seqlock::tests::prop_changed_read_invalid ... ok
test seqlock::tests::prop_even_not_writing ... ok
test seqlock::tests::prop_write_monotonic ... ok
test sequence::tests::prop_batch_end_ge_start ... ok
test serialize_inj::tests::test_decode_u64_roundtrip ... ok
test serialize_inj::tests::test_encode_len_prefixed_data ... ok
test serialize_inj::tests::test_encode_len_prefixed_empty ... ok
test serialize_inj::tests::test_encode_pair_roundtrip ... ok
test serialize_inj::tests::test_encode_u64_max ... ok
test serialize_inj::tests::test_encode_tagged_basic ... ok
test serialize_inj::tests::test_encode_quad_roundtrip ... ok
test serialize_inj::tests::test_encode_u64_one ... ok
test sequential::tests::prop_is_sequential_deterministic ... ok
test sequential::tests::prop_consecutive_increases_sequential ... ok
test sequential::tests::prop_consecutive_saturates ... ok
test sequence::tests::prop_new_value_monotonic ... ok
test sequence::tests::prop_cas_none_iff_initial ... ok
test serialize_inj::tests::test_encode_u64_zero ... ok
test sequential::tests::prop_lifecycle_consecutive_to_prefetch ... ok
test sequential::tests::prop_consecutive_resets_non_sequential ... ok
test serialize_inj::tests::test_tag_disjoint ... ok
test sequential::tests::prop_is_sequential_overflow_false ... ok
test sequence::tests::prop_refill_iff_zero ... ok
test session_tree::tests::test_cherry_pick_subtree ... ok
test sequential::tests::prop_is_sequential_no_overflow ... ok
test session_tree::tests::test_find_divergence ... ok
test session_tree::tests::test_find_latest_leaf ... ok
test session_tree::tests::test_find_unique ... ok
test session_tree::tests::test_merge_branch_count ... ok
test sequential::tests::prop_prefetch_size_bounded ... ok
test session_tree::tests::test_selective_merge ... ok
test sequential::tests::prop_lifecycle_prefetch_to_size ... ok
test sequential::tests::prop_should_prefetch_monotonic ... ok
test sequential::tests::prop_prefetch_size_monotonic_from_zero ... ok
test set_associative_lookup::tests::test_duplicate_checker ... ok
test set_associative_lookup::tests::test_decompose_known_geometry ... ok
test set_associative_lookup::tests::test_cache_set_isolation ... ok
test set_associative_lookup::tests::test_component_bounds_examples ... ok
test set_associative_lookup::tests::test_decompose_full_width_edge_cases ... ok
test set_associative_lookup::tests::test_lookup_hit ... ok
test set_associative_lookup::tests::test_lookup_empty_set ... ok
test set_associative_lookup::tests::test_lookup_miss ... ok
test serialize_inj::tests::prop_u64_roundtrip ... ok
test serialize_inj::tests::prop_u64_injective ... ok
test serialize_inj::tests::prop_quad_encoding_injective ... ok
test serialize_inj::tests::prop_pair_injective ... ok
test serialize_inj::tests::prop_quad_length ... ok
test serialize_inj::tests::prop_pair_length ... ok
test session_tree::tests::prop_single_node_is_leaf ... ok
test settlement::tests::test_empty_obligations ... ok
test settlement::tests::test_netting_reduces_count ... ok
test settlement::tests::test_compute_positions_basic ... ok
test session_tree::tests::prop_linear_chain_leaf_is_last ... ok
test seq_set::tests::prop_intersection_preserves_distinct ... ok
test serialize_inj::tests::prop_quad_injective ... ok
test settlement::tests::test_single_obligation ... ok
test shamir_field::tests::test_additive_identity ... ok
test settlement::tests::test_positions_sum_zero ... ok
test shamir_field::tests::test_commutativity ... ok
test shamir_field::tests::test_field_add_mul_closure ... ok
test seq_set::tests::prop_difference_preserves_distinct ... ok
test settlement::tests::test_valid_settlement ... ok
test shamir_field::tests::test_prime_modulus_validation ... ok
test shamir_field::tests::test_inverse_vectors ... ok
test shamir_lagrange::tests::test_basis_delta_for_two_points ... ok
test shamir_field::tests::test_multiplicative_identity ... ok
test shamir_lagrange::tests::test_lagrange_recovers_constant_from_two_points ... ok
test set_associative_lookup::tests::prop_no_aliasing_same_index_different_tag ... ok
test settlement::tests::prop_swap_negates ... ok
test settlement::tests::prop_opposite_obligations_cancel ... ok
test shamir_poly::tests::test_degree_bound ... ok
test shamir_reconstruct::tests::test_insufficient_shares_usually_fail ... ok
test shamir_poly::tests::test_constant_and_linear ... ok
test serialize_inj::tests::prop_tagged_same_tag_injective ... ok
test serialize_inj::tests::prop_tag_disjoint ... ok
test set_associative_lookup::tests::prop_component_bounds ... ok
test shamir_reconstruct::tests::test_reconstruct_three_of_five_subset ... ok
test shamir_reconstruct::tests::test_reconstruct_two_of_two ... ok
test shamir_split::tests::test_poly_at_zero_is_secret ... ok
test shamir_split::tests::test_split_count ... ok
test settlement::tests::prop_settlement_matches_manual ... ok
test shamir_field::tests::prop_subtraction_roundtrip ... ok
test shamir_field::tests::prop_field_ops_stay_in_range ... ok
test shamir_split::tests::test_split_rejects_bad_params ... ok
test shamir_threshold::tests::test_three_shares_fix_secret ... ok
test shamir_threshold::tests::test_single_share_all_secrets_possible ... ok
test shamir_field::tests::prop_commutative ... ok
test shamir_field::tests::prop_inverse_for_nonzero_small_primes ... ok
test settlement::tests::prop_self_settlement ... ok
test settlement::tests::prop_order_independent ... ok
test shamir_lagrange::tests::prop_distinct_linear_polynomials_differ_on_two_points ... ok
test settlement::tests::prop_is_valid_settlement_correct ... ok
test shamir_lagrange::tests::prop_lagrange_recovers_linear_secret ... ok
test shamir_poly::tests::prop_horner_matches_direct ... ok
test settlement::tests::prop_positions_length ... ok
test shortest_path::tests::test_direct_shortcut ... ok
test shortest_path::tests::test_no_edges ... ok
test shortest_path::tests::test_linear_distances ... ok
test shortest_path::tests::test_shortest_path_diamond ... ok
test shortest_path::tests::test_unreachable ... ok
test shortest_path::tests::test_triangle_inequality ... ok
test shamir_reconstruct::tests::prop_roundtrip_three_of_five ... ok
test set_associative_lookup::tests::prop_decomposition_roundtrip ... ok
test settlement::tests::prop_positions_sum_zero ... ok
test serialize_inj::tests::prop_len_prefixed_injective ... ok
test shamir_poly::tests::prop_degree_is_len_minus_one ... ok
test shamir_poly::tests::prop_eval_at_zero_is_constant ... ok
test shamir_reconstruct::tests::prop_one_share_short_rarely_matches ... ok
test signal::tests::test_union ... ok
test signal::tests::test_add_contains ... ok
test signal::tests::test_complement ... ok
test signal::tests::test_deliverable ... ok
test signal::tests::test_intersect ... ok
test signal::tests::test_remove ... ok
test size_class::tests::test_class_count ... ok
test size_class::tests::test_class_to_size ... ok
test size_class::tests::test_size_to_class ... ok
test size_class::tests::test_waste ... ok
test shamir_split::tests::prop_split_count_matches_xs ... ok
test shamir_split::tests::prop_shares_match_poly_eval ... ok
test signal::tests::prop_add_idempotent ... ok
test size_class::tests::prop_class_size_positive ... ok
test signal::tests::prop_remove_idempotent ... ok
test size_class::tests::prop_class_size_doubles ... ok
test signal::tests::prop_add_then_contains ... ok
test signal::tests::prop_complement_involution ... ok
test signal::tests::prop_union_commutative ... ok
test slab::tests::prop_capacity_bounded ... ok
test slab::tests::test_generation ... ok
test signal::tests::prop_intersect_commutative ... ok
test signal::tests::prop_deliverable_subset_of_pending ... ok
test slab::tests::prop_address_index_roundtrip ... ok
test signal::tests::prop_deliverable_disjoint_from_blocked ... ok
test size_class::tests::prop_class_big_enough ... ok
test signal::tests::prop_de_morgan_union ... ok
test signal::tests::prop_remove_then_not_contains ... ok
test size_class::tests::prop_roundtrip ... ok
test slab::tests::prop_aligned_iff_zero_offset ... ok
test size_class::tests::prop_monotonic ... ok
test size_class::tests::prop_waste_bounded ... ok
test session_tree::tests::prop_latest_leaf_is_leaf ... ok
test slab::tests::test_handle_pack_unpack ... ok
test slab::tests::test_is_slot_aligned ... ok
test slab::tests::test_slab_capacity ... ok
test slab::tests::test_slot_address ... ok
test slab::tests::test_slot_offset ... ok
test slab::tests::test_slot_index ... ok
test slice::tests::test_all_equal ... ok
test slice::tests::test_chunk_count ... ok
test slice::tests::test_mismatch_index ... ok
test slice::tests::test_prefix_eq ... ok
test slice::tests::test_suffix_eq ... ok
test shortest_path::tests::proptests::prop_distances_nonneg_or_unreachable ... ok
test shortest_path::tests::proptests::prop_reachable_has_predecessor ... ok
test slab::tests::prop_handle_injective ... ok
test slab::tests::prop_slot_address_aligned ... ok
test slab::tests::prop_invalid_stays_invalid ... ok
test slab::tests::prop_offset_bounded ... ok
test slab::tests::prop_decomposition_roundtrip ... ok
test snapshot_compaction::tests::test_can_compact_through ... ok
test snapshot_compaction::tests::test_compute_snapshot_meta ... ok
test snapshot_compaction::tests::test_discard_prefix ... ok
test snapshot_compaction::tests::test_discard_prefix_all ... ok
test snapshot_compaction::tests::test_entries_after_compaction ... ok
test snapshot_compaction::tests::test_discard_prefix_zero ... ok
test snapshot_compaction::tests::test_new_first_log_index ... ok
test snapshot_compaction::tests::test_should_compact ... ok
test set_associative_lookup::tests::prop_duplicate_checker_matches_model ... ok
test snapshot_integrity::tests::test_data_tamper ... ok
test snapshot_integrity::tests::test_chain_hash_mismatch ... ok
test shortest_path::tests::proptests::prop_source_distance_zero ... ok
test slab::tests::prop_handle_roundtrip ... ok
test shortest_path::tests::proptests::prop_bfs_matches_naive ... ok
test snapshot_integrity::tests::test_fields_stored_correctly ... ok
test snapshot_integrity::tests::test_round_trip ... ok
test shortest_path::tests::proptests::prop_triangle_inequality ... ok
test slice::tests::prop_chunk_count_remainder ... ok
test slice::tests::prop_chunk_count_bounded ... ok
test slice::tests::prop_all_equal_uniform ... ok
test slice::tests::prop_all_equal_single_mismatch ... ok
test snapshot_compaction::tests::prop_zero_compact_safe ... ok
test snapshot_isolation::tests::test_conflict_overlap ... ok
test snapshot_isolation::tests::test_no_conflict_disjoint ... ok
test snapshot_isolation::tests::test_no_conflict_empty ... ok
test snapshot_isolation::tests::test_write_set_size ... ok
test snapshot_isolation::tests::test_rw_overlap ... ok
test snapshot_compaction::tests::prop_compaction_conservation ... ok
test snapshot_compaction::tests::prop_threshold_decides ... ok
test snapshot_compaction::tests::prop_first_index_monotonic ... ok
test session_tree::tests::prop_selective_subset_of_unique ... ok
test set_associative_lookup::tests::prop_miss_completeness ... ok
test snapshot_transfer::tests::test_chunk_count ... ok
test snapshot_transfer::tests::test_is_chunk_valid ... ok
test snapshot_transfer::tests::test_is_last_chunk ... ok
test snapshot_compaction::tests::prop_discard_prefix_length ... ok
test snapshot_transfer::tests::test_is_first_chunk ... ok
test snapshot_integrity::tests::prop_round_trip_with_chain ... ok
test snapshot_integrity::tests::prop_combined_hash_changes ... ok
test snapshot_integrity::tests::prop_chain_mismatch_detected ... ok
test snapshot_transfer::tests::test_next_expected_offset ... ok
test snapshot_integrity::tests::prop_round_trip ... ok
test snapshot_transfer::tests::test_transfer_progress ... ok
test snapshot_integrity::tests::prop_verify_deterministic ... ok
test slice::tests::prop_prefix_eq_reflexive ... ok
test spin_backoff::tests::test_advance_reset ... ok
test spin_backoff::tests::test_full_backoff_sequence ... ok
test spin_backoff::tests::test_phases ... ok
test spin_backoff::tests::test_spin_iterations ... ok
test session_tree::tests::prop_unique_subset_of_source ... ok
test snapshot_isolation::tests::prop_self_conflict_iff_nonempty ... ok
test snapshot_isolation::tests::prop_rw_overlap_empty_read ... ok
test snapshot_transfer::tests::prop_chunk_count_covers ... ok
test snapshot_transfer::tests::prop_complete_is_100 ... ok
test snapshot_transfer::tests::prop_progress_bounded ... ok
test snapshot_transfer::tests::prop_zero_chunk_invalid ... ok
test snapshot_isolation::tests::prop_rw_overlap_empty_write ... ok
test split_coalesce::tests::test_split_block ... ok
test split_coalesce::tests::test_split_coalesce_roundtrip ... ok
test split_coalesce::tests::test_split_disjoint ... ok
test split_coalesce::tests::test_split_sizes_sum ... ok
test spreadsheet_address::tests::invalid_range_endpoint_is_rejected_before_expansion ... ok
test spreadsheet_address::tests::admits_in_bounds_address_deterministically ... ok
test spreadsheet_address::tests::rejects_out_of_bounds_address_without_admission ... ok
test spreadsheet_address::tests::reversed_range_endpoints_normalize_to_same_rectangle ... ok
test spreadsheet_dependency::tests::acyclic_formula_set_is_admitted ... ok
test spreadsheet_dependency::tests::direct_and_indirect_cycles_are_rejected_before_evaluation ... ok
test snapshot_isolation::tests::prop_empty_no_conflict ... ok
test spreadsheet_dependency::tests::nested_formula_dependencies_are_exact_and_deduplicated ... ok
test spreadsheet_dependency::tests::range_dependency_expands_to_contained_cells_and_constants_have_none ... ok
test slice::tests::prop_suffix_eq_reflexive ... ok
test spreadsheet_formula::tests::evaluation_returns_deterministic_division_by_zero_and_bad_reference_errors ... ok
test spreadsheet_formula::tests::aggregates_use_exact_range_values ... ok
test spreadsheet_formula::tests::invalid_formula_shape_is_rejected_before_evaluation ... ok
test spreadsheet_formula::tests::value_shape_mismatch_is_explicit ... ok
test spreadsheet_formula::tests::formula_admits_constants_references_ranges_arithmetic_and_aggregates ... ok
test snapshot_transfer::tests::prop_next_offset_advances ... ok
test snapshot_isolation::tests::prop_ww_conflict_implies_rw_overlap ... ok
test spreadsheet_recalc::tests::dirty_propagation_includes_changed_cells_and_reachable_dependents ... ok
test spin_backoff::tests::prop_advance_transitions ... ok
test spreadsheet_recalc::tests::dirty_propagation_excludes_unrelated_formula_cells ... ok
test spreadsheet_recalc::tests::precedent_after_dependent_order_is_rejected ... ok
test spreadsheet_recalc::tests::spreadsheet_admission_requires_every_check ... ok
test spreadsheet_recalc::tests::topological_recalculation_order_is_admitted ... ok
test ssa_construction::tests::test_phi_source_for_pred_selects_matching_argument ... ok
test ssa_construction::tests::test_place_phis_diamond ... ok
test ssa_construction::tests::test_phi_elimination_roundtrip ... ok
test spin_backoff::tests::prop_phases_exclusive ... ok
test ssa_construction::tests::test_construct_ssa_simple_branch ... ok
test ssa_construction::tests::test_idf_diamond ... ok
test spin_backoff::tests::prop_advance_monotonic ... ok
test slice::tests::prop_prefix_eq_zero ... ok
test ssa_construction::tests::test_dominance_of_uses_branch_phi ... ok
test snapshot_isolation::tests::prop_ww_conflict_symmetric ... ok
test stack_frame_layout::tests::test_assign_slot_aligns_and_rounds_frame ... ok
test stack_frame_layout::tests::test_assign_slot_uses_max_extent_not_frame_padding ... ok
test slice::tests::prop_mismatch_some_is_first ... ok
test spin_backoff::tests::prop_spin_iterations_capped ... ok
test stack_frame_layout::tests::test_overlap_rejected_for_live_ranges ... ok
test stack_frame_layout::tests::test_invalid_slot_rejected_by_frame_size ... ok
test stack_frame_layout::tests::test_reuse_allowed_for_disjoint_liveness ... ok
test stack_frame_layout::tests::test_zero_alignment_rejected ... ok
test spin_backoff::tests::prop_completed_absorbing ... ok
test spin_backoff::tests::prop_reset_is_spinning ... ok
test stack_frame_layout::tests::test_empty_frame_is_zero_sized ... ok
test state_machine_safety::tests::test_committed_entries_safe ... ok
test state_machine_safety::tests::test_divergent_terms_disagree ... ok
test state_machine_safety::tests::test_prefix_agreement ... ok
test state_machine_safety::tests::test_same_term_entries_agree ... ok
test spin_backoff::tests::prop_spin_iterations_positive ... ok
test split_coalesce::tests::prop_recursive_split_disjoint ... ok
test store_buffer::tests::test_can_forward_rejects_partial_store ... ok
test store_buffer::tests::test_can_forward_when_store_covers_load ... ok
test store_buffer::tests::test_drain_oldest_on_empty_returns_none ... ok
test signal::tests::prop_model_oracle ... ok
test store_buffer::tests::test_drain_oldest_returns_head_and_preserves_tail_order ... ok
test store_buffer::tests::test_enqueue_adds_entry_when_not_full ... ok
test store_buffer::tests::test_enqueue_rejects_full_buffer ... ok
test store_buffer::tests::test_forward_lookup_selects_youngest_match ... ok
test store_buffer::tests::test_post_fence_enqueue_enters_empty_buffer ... ok
test store_buffer::tests::test_forward_lookup_none_on_miss ... ok
test store_buffer::tests::test_store_fence_returns_empty_buffer ... ok
test split_coalesce::tests::prop_split_sizes_sum ... ok
test split_coalesce::tests::prop_split_disjoint ... ok
test snapshot_isolation::tests::prop_conflict_implies_shared_key ... ok
test split_coalesce::tests::prop_split_coalesce_roundtrip ... ok
test subsumption::tests::test_independent_variants ... ok
test subsumption::tests::test_full_subsumes_leaves ... ok
test subsumption::tests::test_leaves_dont_subsume_each_other ... ok
test subsumption::tests::test_leaves_dont_subsume_full ... ok
test subsumption::tests::test_self_subsumption ... ok
test surelock_deadlock::tests::test_cross_level_wait_moves_by_level ... ok
test surelock_deadlock::tests::test_same_level_sibling_locking_is_acyclic ... ok
test surelock_deadlock::tests::test_same_level_wait_moves_by_id ... ok
test split_coalesce::tests::prop_recursive_split_count ... ok
test slice::tests::prop_mismatch_none_means_equal ... ok
test surelock_deadlock::tests::test_wrong_order_rejected ... ok
test surelock_deadlock::tests::test_upward_only_cross_level_locking_is_acyclic ... ok
test surelock_id::tests::test_reordering_keeps_ids ... ok
test surelock_id::tests::test_successive_allocations_distinct ... ok
test slice::tests::prop_suffix_eq_zero ... ok
test surelock_id::tests::test_successive_allocations_increase ... ok
test stack_frame_layout::tests::prop_assign_slot_keeps_alignment ... ok
test state_machine_safety::tests::prop_different_terms_disagree ... ok
test subsumption::tests::prop_leaf_not_subsume_full ... ok
test stack_frame_layout::tests::prop_frame_size_covers_all_slots ... ok
test surelock_deadlock::tests::prop_higher_level_always_higher_rank ... ok
test state_machine_safety::tests::prop_commit_advance_safe ... ok
test surelock_key::tests::test_backward_group_rejected ... ok
test surelock_key::tests::test_group_progression ... ok
test state_machine_safety::tests::prop_prefix_match_implies_agreement ... ok
test subsumption::tests::prop_self_subsumes ... ok
test surelock_key::tests::test_single_lock_progression ... ok
test stack_frame_layout::tests::prop_disjoint_liveness_allows_shared_slot ... ok
test surelock_level::tests::test_compare_levels ... ok
test surelock_key::tests::test_subscope_preserves_level ... ok
test surelock_deadlock::tests::prop_same_level_rank_matches_id ... ok
test surelock_level::tests::test_lock_after ... ok
test surelock_level::tests::test_new_higher ... ok
test subsumption::tests::prop_non_subsumed_count ... ok
test subsumption::tests::prop_full_subsumes_leaf ... ok
test surelock_deadlock::tests::prop_reverse_edge_rejected ... ok
test subsumption::tests::prop_transitive ... ok
test surelock_lockset::tests::test_caller_positions_preserved ... ok
test task_waker::tests::no_lost_wake_notifies_registered_waiter_after_readiness ... ok
test task_waker::tests::ready_before_register_needs_no_new_notification ... ok
test subsumption::tests::prop_antisymmetric ... ok
test task_waker::tests::repeated_wake_is_idempotent ... ok
test surelock_lockset::tests::test_prepare_preserves_members ... ok
test surelock_lockset::tests::test_prepare_rejects_duplicates ... ok
test task_waker::tests::terminal_task_does_not_create_wake_bridge ... ok
test task_waker::tests::replacement_rejects_stale_generation ... ok
test surelock_lockset::tests::test_prepare_sorts_same_level_by_id ... ok
test task_waker::tests::empty_or_registered_take_has_no_notification ... ok
test surelock_id::tests::prop_lock_id_stable_under_swap ... ok
test surelock_id::tests::prop_successive_allocations_increase ... ok
test state_machine_safety::tests::prop_same_terms_agree ... ok
test task_waker::tests::wake_after_registration_records_pending_generation ... ok
test store_buffer::tests::proptest_forward_lookup_matches_oracle ... ok
test tcp_state::tests::test_active_open_handshake ... ok
test tcp_state::tests::test_all_18_transitions ... ok
test tcp_state::tests::test_closed_predecessors ... ok
test tcp_state::tests::test_all_states_valid ... ok
test surelock_id::tests::prop_successive_allocations_distinct ... ok
test tcp_state::tests::test_connected_states ... ok
test tcp_state::tests::test_no_self_transitions ... ok
test store_buffer::tests::proptest_drain_all_preserves_fifo_order ... ok
test tcp_state::tests::test_data_states ... ok
test tcp_state::tests::test_passive_open_handshake ... ok
test tcp_state::tests::test_shutdown_states ... ok
test tcp_state::tests::test_transition_count ... ok
test term_authority::tests::test_higher_term ... ok
test term_authority::tests::test_lower_term ... ok
test term_authority::tests::test_same_term ... ok
test surelock_key::tests::prop_single_lock_progression ... ok
test surelock_key::tests::prop_backward_single_lock_rejected ... ok
test store_buffer::tests::proptest_sequential_enqueue_never_exceeds_capacity ... ok
test tcp_state::tests::prop_data_and_shutdown_overlap ... ok
test surelock_lockset::tests::prop_prepare_rejects_duplicate ... ok
test tcp_state::tests::prop_closed_predecessors ... ok
test tcp_state::tests::prop_data_implies_connected ... ok
test tcp_state::tests::prop_connected_has_successor ... ok
test surelock_level::tests::prop_new_higher_pair_exact ... ok
test surelock_lockset::tests::prop_positions_point_back ... ok
test surelock_key::tests::prop_subscope_preserves_level ... ok
test surelock_level::tests::prop_lock_after_matches_leq ... ok
test tcp_state::tests::prop_shutdown_implies_connected ... ok
test ticket_lock::tests::test_is_locked ... ok
test ticket_lock::tests::test_is_my_turn ... ok
test ticket_lock::tests::test_position_in_queue ... ok
test tcp_state::tests::prop_no_self_transition ... ok
test surelock_lockset::tests::prop_prepare_sorts_ids ... ok
test ticket_lock::tests::test_release ... ok
test ticket_lock::tests::test_scenario_fifo ... ok
test ticket_lock::tests::test_take_ticket_basic ... ok
test surelock_level::tests::prop_compare_levels_matches_order ... ok
test ticket_lock::tests::test_waiters_count ... ok
test surelock_level::tests::prop_new_higher_from_exact ... ok
test term_authority::tests::prop_same_or_lower_noop ... ok
test tcp_state::tests::prop_transition_preserves_validity ... ok
test term_authority::tests::prop_higher_term_demotes ... ok
test tier::tests::test_classify_tier ... ok
test ticket_lock::tests::prop_fifo_order ... ok
test tier::tests::test_roundtrip ... ok
test tier::tests::test_demote ... ok
test tier::tests::test_should_demote ... ok
test ticket_lock::tests::prop_consecutive_distinct ... ok
test tier::tests::test_promote ... ok
test tiered_rate_limit::tests::test_both_sufficient ... ok
test term_authority::tests::prop_term_monotonic ... ok
test ticket_lock::tests::prop_position_zero_iff_turn ... ok
test tiered_rate_limit::tests::test_evict ... ok
test ticket_lock::tests::prop_mutual_exclusion ... ok
test tiered_rate_limit::tests::test_global_denied ... ok
test tiered_rate_limit::tests::test_peer_denied ... ok
test tiling::tests::test_contained_in ... ok
test tiling::tests::test_has_area ... ok
test ticket_lock::tests::prop_fresh_ticket_unlocked_gets_turn ... ok
test timeseries::tests::gap_report_matches_adjacent_thresholds ... ok
test tiling::tests::test_rects_disjoint ... ok
test tiling::tests::test_segments_adjacent ... ok
test ticket_lock::tests::prop_take_returns_old ... ok
test timeseries::tests::rolling_aggregate_bounds_and_overflow ... ok
test timeseries::tests::resample_bucket_is_deterministic_and_bounded ... ok
test timeseries::tests::sample_series_alignment_and_update_admission ... ok
test timeseries::tests::timestamp_index_accepts_sorted_and_rejects_unsorted ... ok
test ticket_lock::tests::prop_release_advances ... ok
test tier::tests::prop_classify_hot_above_threshold_demotable ... ok
test tier::tests::prop_classify_monotonic ... ok
test timeseries::tests::window_selection_matches_boundary_policy ... ok
test tier::tests::prop_classify_valid ... ok
test tlb_shootdown::tests::test_disjoint_page_update_preserves_other_page ... ok
test tlb_shootdown::tests::test_empty_and_singleton_range_boundaries ... ok
test tier::tests::prop_demote_promote_roundtrip ... ok
test tier::tests::prop_promote_ge ... ok
test tiered_rate_limit::tests::prop_zero_cost_allowed ... ok
test tlb_shootdown::tests::test_initiate_self_invalidates_and_marks_ack ... ok
test tlb_shootdown::tests::test_invalid_core_indices_return_none ... ok
test tlb_shootdown::tests::test_repeated_ack_is_no_op ... ok
test tlb_shootdown::tests::test_sequential_completion_makes_page_fresh ... ok
test tiered_rate_limit::tests::prop_global_denied_unchanged ... ok
test ticket_lock::tests::prop_unlocked_zero_waiters ... ok
test token_timestamp::tests::test_is_expired ... ok
test token_timestamp::tests::test_is_from_future_overflow ... ok
test token_timestamp::tests::test_is_expired_overflow ... ok
test token_timestamp::tests::test_is_from_future ... ok
test tiered_rate_limit::tests::prop_evict_bounded ... ok
test tiling::tests::prop_contained_reflexive ... ok
test tier::tests::prop_cold_never_demoted ... ok
test tiling::tests::prop_empty_always_disjoint ... ok
test tier::tests::prop_promote_demote_roundtrip ... ok
test tier::tests::prop_demote_le ... ok
test tiling::tests::prop_adjacent_segments_no_overlap ... ok
test token_timestamp::tests::test_needs_refresh ... ok
test token_timestamp::tests::test_token_time_valid ... ok
test tiling::tests::prop_disjoint_symmetric ... ok
test topo_sort::tests::test_topo_sort_cycle ... ok
test topo_sort::tests::test_topo_sort_linear ... ok
test topo_sort::tests::test_topo_sort_diamond ... ok
test tiered_rate_limit::tests::prop_both_sufficient ... ok
test tiling::tests::prop_contained_and_disjoint_from_outer ... ok
test topo_sort::tests::test_topo_sort_no_edges ... ok
test topo_sort::tests::test_topo_sort_single ... ok
test total_config::tests::negative::cross_origin_headers_are_rejected ... ok
test total_config::tests::negative::conditional_import_is_rejected ... ok
test total_config::tests::negative::computed_import_is_rejected ... ok
test total_config::tests::negative::cyclic_reference_is_rejected ... ok
test total_config::tests::negative::dangling_child_is_rejected ... ok
test total_config::tests::negative::digest_change_without_compatibility_is_rejected ... ok
test total_config::tests::negative::duplicate_node_is_rejected ... ok
test total_config::tests::negative::duplicate_record_field_is_rejected ... ok
test total_config::tests::negative::first_failure_is_deterministic ... ok
test total_config::tests::negative::invalid_import_index_is_rejected ... ok
test total_config::tests::negative::frozen_digest_mismatch_is_rejected ... ok
test tlb_shootdown::tests::prop_pending_count_never_increases ... ok
test ssa_construction::tests::prop_idf_matches_manual ... ok
test total_config::tests::negative::missing_root_is_rejected ... ok
test total_config::tests::negative::unsupported_form_is_rejected ... ok
test token_timestamp::tests::prop_current_not_future ... ok
test tiered_rate_limit::tests::prop_peer_denied_rollback ... ok
test total_config::tests::negative::remote_import_cannot_access_local_or_environment ... ok
test total_config::tests::negative::missing_required_field_is_rejected ... ok
test total_config::tests::negative::optional_absence_cannot_satisfy_required_text ... ok
test ssa_construction::tests::prop_constructed_program_is_ssa ... ok
test total_config::tests::negative::value_type_mismatch_is_rejected ... ok
test total_config::tests::positive::dependency_digest_drift_changes_selected_input ... ok
test total_config::tests::positive::complete_typed_record_is_admitted ... ok
test ssa_construction::tests::prop_constructed_program_has_dominated_uses ... ok
test total_config::tests::positive::equal_digest_input_admits_source_refactor ... ok
test total_config::tests::positive::explicit_compatibility_admits_digest_change ... ok
test tlb_shootdown::tests::prop_freshness_holds_after_full_valid_schedule ... ok
test total_config::tests::positive::record_fields_normalize_to_name_order ... ok
test total_config::tests::positive::selected_input_contains_metadata_not_a_hash_claim ... ok
test total_config::tests::positive::source_order_labels_and_comments_do_not_change_digest_input ... ok
test token_timestamp::tests::prop_fresh_no_refresh ... ok
test total_config::tests::positive::matching_frozen_same_origin_import_is_admitted ... ok
test trace_relation::tests::test_client_visible ... ok
test trace_relation::tests::test_no_response_empty_trace ... ok
test trace_relation::tests::test_response_added_to_trace ... ok
test trace_relation::tests::test_trace_relation_stability ... ok
test trace_relation::tests::test_trace_relation_step ... ok
test token_timestamp::tests::prop_fresh_token_valid ... ok
test trace_relation::tests::test_response_implies_execution ... ok
test track_caller_abi::tests::negative::direct_call_rejections_are_typed ... ok
test trace_relation::tests::test_inverse_relation ... ok
test track_caller_abi::tests::negative::divergent_const_and_codegen_traces_are_rejected ... ok
test track_caller_abi::tests::negative::failure_priority_is_deterministic ... ok
test track_caller_abi::tests::negative::invalid_attribute_targets_are_rejected ... ok
test track_caller_abi::tests::negative::malformed_or_excessive_chains_are_rejected ... ok
test token_timestamp::tests::prop_expired_needs_refresh ... ok
test track_caller_abi::tests::negative::missing_or_wrong_shims_are_rejected ... ok
test token_timestamp::tests::prop_fresh_not_expired ... ok
test tcp_state::tests::prop_random_walk ... ok
test token_timestamp::tests::prop_expiration_monotonic ... ok
test ssa_construction::tests::prop_place_phis_hits_manual_idf ... ok
test track_caller_abi::tests::positive::metadata_does_not_construct_a_runtime_location ... ok
test track_caller_abi::tests::positive::valid_function_is_admitted ... ok
test track_caller_abi::tests::negative::missing_inherited_tracking_is_rejected ... ok
test track_caller_abi::tests::positive::matching_definition_site_shim_is_admitted ... ok
test track_caller_abi::tests::positive::tracked_chain_forwards_the_root_identity ... ok
test track_caller_abi::tests::positive::direct_calls_select_call_site_or_forwarded_metadata ... ok
test track_caller_abi::tests::positive::matching_const_and_codegen_traces_are_admitted ... ok
test track_caller_abi::tests::positive::trait_prototype_default_and_local_markers_are_inherited ... ok
test topo_sort::tests::proptests::prop_cycle_detected ... ok
test transfer::tests::test_execute_transfer ... ok
test transfer::tests::test_validate_transfer ... ok
test trust_level::tests::test_access ... ok
test transfer::tests::test_transfer_valid ... ok
test trust_level::tests::test_resolve ... ok
test tlb_shootdown::tests::prop_random_ack_order_completes ... ok
test trust_level::tests::test_mutual_exclusivity ... ok
test transfer::tests::test_is_duplicate ... ok
test two_phase::tests::test_can_commit ... ok
test two_phase::tests::test_must_abort ... ok
test two_phase::tests::test_decide ... ok
test trace_relation::tests::prop_internal_never_visible ... ok
test trace_relation::tests::prop_execution_stable ... ok
test trace_relation::tests::prop_visible_filter_bounded ... ok
test trace_relation::tests::prop_request_response_pairing ... ok
test transfer::tests::prop_fresh_request_has_higher_id ... ok
test trust_level::tests::prop_access_matches_resolve ... ok
test trace_relation::tests::prop_event_types_exhaustive ... ok
test trust_level::tests::prop_trusted_allows ... ok
test transfer::tests::prop_duplicate_blocks ... ok
test two_phase_lock::tests::test_can_release ... ok
test trust_level::tests::prop_blocked_denies ... ok
test two_phase_lock::tests::test_invalid_ops ... ok
test two_phase_lock::tests::test_full_lifecycle ... ok
test two_phase_lock::tests::test_is_complete ... ok
test two_phase_lock::tests::test_can_acquire ... ok
test two_phase_lock::tests::test_valid_phases ... ok
test two_phase_lock::tests::test_would_violate ... ok
test two_phase_lock::tests::test_transition_release ... ok
test two_phase_lock::tests::test_transition_acquire ... ok
test trust_level::tests::prop_block_precedence ... ok
test transfer::tests::prop_valid_iff_ok ... ok
test transfer::tests::prop_sender_decreases_receiver_increases ... ok
test txn_dependency::tests::test_has_dependency ... ok
test txn_dependency::tests::test_dep_types ... ok
test txn_dependency::tests::test_has_self_dep ... ok
test txn_dependency::tests::test_has_two_cycle ... ok
test txn_dependency::tests::test_ts_ordered ... ok
test transfer::tests::prop_conservation ... ok
test topo_sort::tests::proptests::prop_checker_rejects_wrong_length ... ok
test two_phase::tests::prop_all_yes_commits ... ok
test topo_sort::tests::proptests::prop_checker_validates_output ... ok
test two_phase_lock::tests::prop_shrinking_blocks_acquire ... ok
test two_phase_lock::tests::prop_transition_preserves_validity ... ok
test two_phase_lock::tests::prop_release_decrements ... ok
test two_phase_lock::tests::prop_acquire_increments ... ok
test two_phase_lock::tests::prop_complete_after_balanced_lifecycle ... ok
test topo_sort::tests::proptests::prop_checker_rejects_out_of_range ... ok
test two_phase_lock::tests::prop_violation_detected ... ok
test txn_isolation::tests::prop_dirty_implies_nr ... ok
test txn_dependency::tests::prop_two_cycle_detected ... ok
test txn_dependency::tests::prop_empty_no_deps ... ok
test txn_isolation::tests::test_dirty_read ... ok
test txn_dependency::tests::prop_self_dep_detected ... ok
test topo_sort::tests::proptests::prop_checker_rejects_reversed_pair ... ok
test txn_isolation::tests::test_anomaly_count ... ok
test txn_isolation::tests::test_phantom ... ok
test txn_isolation::tests::test_non_repeatable_read ... ok
test txn_isolation::tests::test_strengthen ... ok
test txn_isolation::tests::test_levels_valid ... ok
test txn_isolation::tests::test_weaken ... ok
test txn_dependency::tests::prop_ts_ordered_sorted ... ok
test topo_sort::tests::proptests::prop_topo_order_respects_edges ... ok
test txn_dependency::tests::prop_ts_ordered_no_self_loop ... ok
test topo_sort::tests::proptests::prop_topo_order_is_permutation ... ok
test txn_isolation::tests::prop_nr_implies_phantom ... ok
test type_lattice::tests::test_any_top ... ok
test type_lattice::tests::test_full_conversion_table ... ok
test type_lattice::tests::test_temporal_conversions ... ok
test type_lattice::tests::test_negative_cases ... ok
test txn_isolation::tests::prop_strengthen_idempotent ... ok
test typed_durable_reference::tests::admits_well_formed_reference_and_reports_missing_closure ... ok
test type_lattice::tests::test_numeric_conversions ... ok
test txn_isolation::tests::prop_strengthen_prevents_more ... ok
test txn_dependency::tests::prop_ts_ordered_no_two_cycle ... ok
test type_lattice::tests::test_reflexive ... ok
test typed_durable_reference::tests::migration_requires_explicit_matching_witness ... ok
test txn_isolation::tests::prop_weaken_commutative ... ok
test typed_durable_reference::tests::rejects_inconsistent_zero_metadata ... ok
test typed_durable_reference::tests::unpersist_requires_type_match_and_available_closure ... ok
test type_lattice::tests::test_string_universal_source ... ok
test typed_durable_reference::tests::compile_fail_doctests_cover_cross_domain_substitution ... ok
test txn_isolation::tests::prop_strengthen_commutative ... ok
test typed_state::tests::test_verify_with_true ... ok
test typed_state::tests::test_unwrap_verified ... ok
test typed_state::tests::test_inner_both_states ... ok
test typed_state::tests::test_roundtrip ... ok
test typed_state::tests::test_stamp_preserves_value ... ok
test ucan_ability::tests::test_different_actions_dont_subsume ... ok
test typed_state::tests::test_verify_with_false ... ok
test ucan_ability::tests::test_namespace_isolation ... ok
test txn_isolation::tests::prop_higher_level_fewer_anomalies ... ok
test txn_isolation::tests::prop_weaken_idempotent ... ok
test ucan_ability::tests::test_glob_and_concrete_admission ... ok
test ucan_ability::tests::test_reflexive ... ok
test ucan_ability::tests::test_top_subsumes_all ... ok
test ucan_ability::tests::test_glob_one_level ... ok
test ucan_backend_transcript::tests::accepting_transcript_has_accepted_sentinel ... ok
test ucan_capability_merge::tests::test_merge_preserves_content ... ok
test ucan_capability_merge::tests::test_merge_empty ... ok
test ucan_capability_merge::tests::test_merge_both_empty ... ok
test ucan_capability_merge::tests::test_authorized_by_rejects_resource_and_ability_escalation ... ok
test ucan_backend_transcript::tests::unknown_operation_rejects ... ok
test ucan_backend_transcript::tests::first_failed_operation_uses_transcript_order ... ok
test ucan_base64url::tests::base64url_segment_rejects_padding_standard_alphabet_and_period ... ok
test ucan_base64url::tests::base64url_segment_accepts_url_safe_no_pad_bytes ... ok
test ucan_capability_merge::tests::test_merge_two_sets ... ok
test ucan_caveat::tests::test_intersection ... ok
test ucan_caveat::tests::test_rate_limit_exceeded ... ok
test ucan_caveat::tests::test_rate_limit_satisfied ... ok
test ucan_base64url::tests::base64url_segment_rejects_impossible_unpadded_length_class ... ok
test topo_sort::tests::proptests::prop_dag_always_sortable ... ok
test ucan_caveat::tests::test_time_bound_expired ... ok
test ucan_capability_merge::tests::test_authorized_by_accepts_left_and_right_caps ... ok
test ucan_capability_merge::tests::test_large_merge ... ok
test ucan_caveat::tests::test_time_bound_satisfied ... ok
test ucan_caveat::tests::test_set_conjunction ... ok
test ucan_caveat_evaluation::tests::rejects_unsatisfied_policy_at_first_failure ... ok
test ucan_caveat_evaluation::tests::accepts_empty_and_all_satisfied_transcripts ... ok
test ucan_caveat_evaluation::tests::rejects_missing_policy_at_first_failure ... ok
test two_phase::tests::prop_decide_range ... ok
test ucan_caveat_preservation::tests::accepts_child_added_caveat_ids ... ok
test ucan_caveat_preservation::tests::accepts_empty_parent_ids ... ok
test ucan_caveat_preservation::tests::rejects_changed_parent_caveat_id_bytes ... ok
test ucan_caveat_preservation::tests::rejects_missing_parent_caveat_id ... ok
test ucan_chain::tests::test_bad_signature_rejects ... ok
test ucan_chain::tests::test_broken_link_rejects ... ok
test ucan_chain::tests::test_chain_attenuation_narrows_accepts_refinement ... ok
test ucan_chain::tests::test_chain_attenuation_rejects_ability_escalation ... ok
test ucan_chain::tests::test_chain_attenuation_rejects_missing_parent_capability ... ok
test ucan_chain::tests::test_chain_attenuation_rejects_resource_escalation ... ok
test ucan_chain::tests::test_chain_structural_valid_accepts_complete_chain ... ok
test ucan_chain::tests::test_chain_structural_valid_rejects_attenuation_escalation ... ok
test ucan_chain::tests::test_chain_structural_valid_rejects_bad_signature_flag ... ok
test ucan_chain::tests::test_chain_structural_valid_rejects_broken_link ... ok
test ucan_chain::tests::test_chain_structural_valid_rejects_empty_chain ... ok
test ucan_chain::tests::test_chain_structural_valid_rejects_expired_entry ... ok
test ucan_chain::tests::test_expired_chain_rejects ... ok
test ucan_caveat::tests::test_typed_caveat_payload_shape_admission ... ok
test ucan_chain::tests::test_single_entry_valid ... ok
test ucan_chain::tests::test_temporal_tolerance ... ok
test two_phase::tests::prop_abort_implies_some_no ... ok
test ucan_chain::tests::test_two_hop_chain_linked ... ok
test ucan_cid::tests::test_cid_version ... ok
test ucan_cid::tests::test_dag_cbor_codec ... ok
test ucan_cid::tests::test_raw_codec ... ok
test ucan_cid::tests::test_sha256_code ... ok
test ucan_claims_presence::tests::accepts_all_required_fields_present ... ok
test ucan_compact::tests::compact_envelope_rejects_mismatched_framing ... ok
test ucan_compact::tests::compact_signing_input_and_framing_are_stable ... ok
test ucan_claims_presence::tests::rejects_missing_required_field_presence ... ok
test ucan_compact::tests::compact_split_rejects_embedded_separator ... ok
test ucan_delegation_depth::tests::test_exact_budget ... ok
test type_lattice::tests::prop_boolean_isolated_from_numeric ... ok
test type_lattice::tests::prop_any_top ... ok
test ucan_delegation_depth::tests::test_proof_hop_depth_admission ... ok
test ucan_delegation_depth::tests::test_single_token_within_any_budget ... ok
test ucan_delegation_depth::tests::test_deep_chain ... ok
test ucan_delegation_depth::tests::test_two_hop_needs_depth_one ... ok
test ucan_did::tests::test_base58btc_alphabet_validator_rejects_forbidden_chars ... ok
test ucan_did::tests::test_did_key_base58_round_trip ... ok
test ucan_did::tests::test_did_key_decode_rejects_bad_prefix ... ok
test ucan_did::tests::test_did_key_decode_rejects_invalid_base58_char ... ok
test ucan_did::tests::test_did_key_decode_round_trip ... ok
test ucan_did::tests::test_did_key_distinct_keys ... ok
test ucan_did::tests::test_did_key_encode_ed25519 ... ok
test ucan_did::tests::test_varint_decode_accepts_non_minimal_representable ... ok
test ucan_did::tests::test_varint_decode_ed25519_consumes_two_bytes ... ok
test ucan_did::tests::test_varint_decode_empty ... ok
test ucan_did::tests::test_varint_decode_rejects_overflowing_final_payload ... ok
test ucan_did::tests::test_varint_decode_rejects_overlong_without_terminator ... ok
test ucan_did::tests::test_varint_decode_trailing_suffix_not_consumed ... ok
test ucan_did::tests::test_varint_decode_truncated_continuation ... ok
test ucan_did::tests::test_varint_encode_single_byte ... ok
test ucan_did::tests::test_varint_encode_two_bytes ... ok
test ucan_did::tests::test_varint_round_trip ... ok
test ucan_header::tests::parsed_header_admission_accepts_supported_fields ... ok
test ucan_header::tests::parsed_header_admission_rejects_unsupported_algorithm ... ok
test ucan_header::tests::parsed_header_admission_rejects_unsupported_type ... ok
test ucan_header::tests::supported_algorithm_admission_accepts_eddsa ... ok
test ucan_header::tests::supported_algorithm_admission_rejects_other_algorithms ... ok
test ucan_invocation::tests::test_error_receipt_valid ... ok
test ucan_invocation::tests::test_invocation_authorized_accepts_resource_refinement ... ok
test ucan_invocation::tests::test_invocation_authorized_rejects_wrong_audience_resource_or_ability ... ok
test two_phase::tests::prop_commit_implies_all_yes ... ok
test ucan_invocation::tests::test_invocation_chain_authorized_accepts_valid_not_revoked_request ... ok
test ucan_invocation::tests::test_invocation_chain_authorized_rejects_invocation_escalation_or_bad_cap_index ... ok
test ucan_invocation::tests::test_invocation_chain_authorized_rejects_revoked_or_invalid_chain ... ok
test type_lattice::tests::prop_numeric_interconvertible ... ok
test ucan_invocation::tests::test_invoker_matches ... ok
test ucan_invocation::tests::test_timestamp_before_invalid ... ok
test two_phase::tests::prop_decision_mutual_exclusion ... ok
test typed_state::tests::prop_roundtrip ... ok
test ucan_invocation::tests::test_valid_receipt ... ok
test ucan_invocation::tests::test_wrong_executor_invalid ... ok
test ucan_json::tests::json_object_admission_accepts_braced_objects_with_whitespace ... ok
test type_lattice::tests::prop_to_string_universal ... ok
test ucan_json::tests::json_object_admission_rejects_arrays_scalars_and_empty_bytes ... ok
test ucan_json::tests::json_object_admission_rejects_inconsistent_shell_indexes ... ok
test ucan_json::tests::json_object_significant_indexes_discovers_object_bounds ... ok
test ucan_json::tests::json_object_significant_indexes_rejects_non_objects_and_whitespace_only ... ok
test ucan_parsed_capability_shape::tests::accepts_non_empty_capability_list ... ok
test ucan_parsed_capability_shape::tests::rejects_empty_or_missing_field ... ok
test typed_state::tests::prop_stamp_preserves ... ok
test ucan_parsed_caveat_payload::tests::accepts_empty_list_and_valid_payloads ... ok
test ucan_parsed_caveat_payload::tests::rejects_invalid_encoding_or_empty_decoded_payload ... ok
test ucan_parsed_caveat_payload::tests::rejects_missing_payload ... ok
test type_lattice::tests::prop_string_source ... ok
test ucan_parsed_caveat_shape::tests::accepts_empty_and_valid_caveat_list ... ok
test ucan_parsed_caveat_shape::tests::rejects_missing_payload ... ok
test ucan_parsed_did_claim::tests::accepts_present_non_empty_trimmed_issuer_and_audience ... ok
test ucan_parsed_did_claim::tests::rejects_invalid_issuer_or_audience ... ok
test ucan_parsed_did_claim::tests::rejects_missing_empty_or_untrimmed_claim ... ok
test ucan_principal_link::tests::test_module_compiles ... ok
test ucan_principal_link::tests::test_principal_from_key_deterministic ... ok
test ucan_proof_reference::tests::digest_admission_accepts_exact_32_byte_reference ... ok
test ucan_proof_reference::tests::digest_admission_rejects_reference_mismatch ... ok
test ucan_proof_reference::tests::digest_admission_rejects_wrong_digest_length ... ok
test ucan_proof_reference_collection::tests::accepts_bounded_non_empty_collection_fact ... ok
test ucan_proof_reference_collection::tests::rejects_over_limit_or_empty_reference_fact ... ok
test ucan_proof_reference_list_shape::tests::accepts_empty_and_valid_entries ... ok
test ucan_proof_reference_list_shape::tests::rejects_invalid_entry ... ok
test ucan_proof_store_result::tests::accepts_successful_result ... ok
test ucan_proof_store_result::tests::rejects_failed_or_empty_result ... ok
test typed_state::tests::prop_none_means_predicate_failed ... ok
test type_lattice::tests::prop_invalid_types_only_reflexive_or_any ... ok
test ucan_proof_traversal::tests::rejects_broken_link_cycle_revocation_and_overbroad_child ... ok
test ucan_proof_traversal::tests::rejects_budget_and_caveat_preservation_failures ... ok
test ucan_proof_traversal::tests::valid_transcript_accepts ... ok
test ucan_proof_traversal::tests::valid_dag_transcript_accepts_and_rejects_bad_edges ... ok
test ucan_proof_traversal::tests::wildcard_ability_transcript_accepts_and_rejects_namespace_escape ... ok
test ucan_replay_admission::tests::accepting_transcript_has_accepted_sentinel ... ok
test ucan_replay_admission::tests::empty_transcript_rejects_but_has_sentinel ... ok
test typed_state::tests::prop_verify_respects_predicate ... ok
test typed_state::tests::prop_inner_consistent ... ok
test ucan_replay_admission::tests::first_failed_outcome_uses_transcript_order ... ok
test ucan_replay_admission::tests::every_known_denial_rejects ... ok
test ucan_replay_admission::tests::unknown_outcome_rejects ... ok
test type_lattice::tests::prop_reflexive ... ok
test ucan_revocation::tests::test_chain_all_clear ... ok
test ucan_revocation::tests::test_chain_has_revoked ... ok
test ucan_revocation::tests::test_empty_revset ... ok
test ucan_revocation::tests::test_extend_revokes ... ok
test ucan_revocation::tests::test_revoked_cid_found ... ok
test ucan_revocation::tests::test_structural_chain_not_revoked_accepts_valid_clear_chain ... ok
test ucan_revocation::tests::test_structural_chain_not_revoked_rejects_cid_length_mismatch ... ok
test ucan_revocation::tests::test_structural_chain_not_revoked_rejects_invalid_chain ... ok
test ucan_revocation::tests::test_structural_chain_not_revoked_rejects_revoked_cid ... ok
test ucan_revocation::tests::test_unrevoked_cid_not_found ... ok
test ucan_revocation_check::tests::accepts_clear_success ... ok
test ucan_revocation_check::tests::rejects_revoked_or_failed_result ... ok
test ucan_signature::tests::test_byte_length_admission_helpers ... ok
test ucan_signature::tests::test_checked_byte_entrypoints_reject_bad_lengths ... ok
test ucan_temporal::tests::test_non_overlapping_empty ... ok
test ucan_temporal::tests::test_single_window ... ok
test ucan_temporal::tests::test_subset_window ... ok
test ucan_temporal::tests::test_three_windows ... ok
test ucan_temporal::tests::test_two_overlapping ... ok
test ucan_temporal_order::tests::accepts_strictly_ordered_bounds ... ok
test ucan_temporal_order::tests::rejects_equal_bounds ... ok
test ucan_temporal_order::tests::rejects_reversed_bounds ... ok
test ucan_token::tests::test_expired_token ... ok
test ucan_token::tests::test_missing_attenuations ... ok
test ucan_token::tests::test_invalid_signature ... ok
test ucan_token::tests::test_missing_audience ... ok
test ucan_token::tests::test_missing_issuer ... ok
test ucan_token::tests::test_not_yet_valid ... ok
test ucan_token::tests::test_self_delegation ... ok
test ucan_token::tests::test_temporal_check_composition ... ok
test ucan_token::tests::test_valid_envelope ... ok
test ucan_verification_stage::tests::accepting_transcript_has_accepted_sentinel ... ok
test ucan_verification_stage::tests::first_failed_stage_uses_fixed_order ... ok
test ucan_signature::tests::test_public_key_length ... ok
test vector_clock::tests::test_concurrent ... ok
test vector_clock::tests::test_happens_before ... ok
test vector_clock::tests::test_increment ... ok
test vector_clock::tests::test_merge ... ok
test verification_frontier::tests::arena_provenance_covers_wrappers_containers_and_store_escape ... ok
test verification_frontier::tests::arena_provenance_tracks_inheritance_and_return_escape ... ok
test verification_frontier::tests::contract_implication_proves_implied_precondition ... ok
test verification_frontier::tests::contract_implication_rejects_counterexample ... ok
test verification_frontier::tests::contract_implication_returns_unknown_for_missing_or_unsupported_facts ... ok
test verification_frontier::tests::external_reference_boundary_requires_local_evidence_not_external_trust ... ok
test verification_frontier::tests::metadata_stability_reports_named_reasons_and_input_evidence ... ok
test verification_frontier::tests::outcome_invariant_bundle_accepts_proven_admission_families ... ok
test verification_frontier::tests::progress_budget_accepts_named_bounded_paths ... ok
test verification_frontier::tests::progress_budget_rejects_over_budget_and_no_yield_cycles ... ok
test verification_frontier::tests::slice_access_accepts_fixed_and_bounded_dynamic_offsets ... ok
test verification_frontier::tests::slice_access_rejects_inverted_out_of_backing_and_unbounded_offsets ... ok
test verification_frontier::tests::type_bound_facts_distinguish_domains_and_preserve_stricter_bounds ... ok
test verified_compiler_pipeline::tests::invalid_analysis_shape_rejected ... ok
test verified_compiler_pipeline::tests::invalid_cfg_target_rejected ... ok
test type_lattice::tests::prop_temporal_interconvertible ... ok
test ucan_signature::tests::test_sign_deterministic ... ok
test verified_compiler_pipeline::tests::supported_slice_preserves_observable_trace_boundary ... ok
test verified_compiler_pipeline::tests::top_constprop_boundary_rejected ... ok
test verified_lsm_ingest::tests::safe_flush_produces_level_safe_run ... ok
test verified_lsm_ingest::tests::unsafe_fence_rejects_without_losing_buffer ... ok
test verified_lsm_ingest::tests::unsafe_target_rejects_without_losing_buffer ... ok
test view_change::tests::test_leader_of ... ok
test view_change::tests::test_next_view ... ok
test view_change::tests::test_should_change_view ... ok
test view_change::tests::test_valid_new_view ... ok
test vision_color_transform_envelope::tests::transform_checks_endpoints ... ok
test view_change::tests::test_view_status ... ok
test vision_connected_components::tests::component_labels_and_merges_are_bounded ... ok
test vision_convolution_window::tests::window_rejects_borders ... ok
test vision_detection_nms::tests::detection_admission_and_suppression ... ok
test vision_color_layout::tests::color_layout_checks_duplicates ... ok
test vision_roi::tests::roi_checks_bounds ... ok
test vision_image_pyramid::tests::pyramid_level_is_monotone ... ok
test vision_image_buffer::tests::image_buffer_checks_layout ... ok
test vote_tally::tests::test_init_vote_tally ... ok
test vote_tally::tests::test_has_won_election ... ok
test vote_tally::tests::test_count_votes ... ok
test vote_tally::tests::test_init_with_self_vote ... ok
test vote_tally::tests::test_is_stale_vote_response ... ok
test vote_tally::tests::test_record_vote ... ok
test vector_clock::tests::prop_concurrent_symmetric ... ok
test ucan_signature::tests::test_wrong_key_rejects ... ok
test ucan_signature::tests::test_checked_byte_entrypoints_accept_valid_inputs ... ok
test ucan_signature::tests::test_wrong_message_rejects ... ok
test ucan_signature::tests::test_sign_verify_round_trip ... ok
test voter_set::tests::test_oracle_promote_5_node_cluster ... ok
test voter_set::tests::test_oracle_promote_with_replacement ... ok
test view_change::tests::prop_leader_in_range ... ok
test voter_set::tests::test_no_duplicates_when_learner_present ... ok
test vector_clock::tests::prop_merge_idempotent ... ok
test vector_clock::tests::prop_increment_preserves_others ... ok
test vector_clock::tests::prop_merge_commutative ... ok
test vector_clock::tests::prop_merge_dominates ... ok
test vector_clock::tests::prop_happens_before_irreflexive ... ok
test voter_set::tests::test_promote_new_learner ... ok
test voter_set::tests::test_promote_empty_set ... ok
test voter_set::tests::test_promote_with_replace ... ok
test voter_set::tests::test_replace_same_as_learner ... ok
test voter_set::tests::test_promote_replace_with_existing_learner ... ok
test view_change::tests::prop_next_view_monotone ... ok
test view_change::tests::prop_leader_deterministic ... ok
test vector_clock::tests::prop_merge_associative ... ok
test voter_set::tests::test_promote_existing_learner ... ok
test voter_set::tests::test_promote_replace_nonexistent ... ok
test voter_set::tests::test_promote_single_node ... ok
test wal_recovery::tests::test_apply_entries_basic ... ok
test wal_recovery::tests::test_apply_entries_empty ... ok
test wal_recovery::tests::test_apply_entries_overwrite ... ok
test vote_tally::tests::prop_record_preserves_others ... ok
test wal_recovery::tests::test_apply_entry_idempotent ... ok
test wal_recovery::tests::test_can_append ... ok
test wal_recovery::tests::test_checkpoint_advance_invalid ... ok
test wal_recovery::tests::test_checkpoint_advance_valid ... ok
test wal_recovery::tests::test_needs_recovery ... ok
test vote_tally::tests::prop_quorum_threshold_sweep ... ok
test wal_recovery::tests::test_replay_count ... ok
test wal_recovery::tests::test_replay_range_checkpoint_ahead ... ok
test wal_recovery::tests::test_replay_range_empty ... ok
test vector_clock::tests::prop_happens_before_asymmetric ... ok
test vote_tally::tests::prop_record_idempotent ... ok
test wal_recovery::tests::test_replay_range_normal ... ok
test vote_tally::tests::prop_election_model_oracle ... ok
test vote_tally::tests::prop_count_bounded ... ok
test vote_tally::tests::prop_self_vote_starts_at_one ... ok
test vector_clock::tests::prop_increment_advances ... ok
test view_change::tests::prop_no_backward_view_change ... ok
test vote_tally::tests::prop_count_matches_filter ... ok
test view_change::tests::prop_wrong_leader_rejected ... ok
test wal_segment::tests::test_checkpoint_valid_basic ... ok
test wal_segment::tests::test_contiguous_basic ... ok
test wal_segment::tests::test_write_advance_basic ... ok
test wal_segment::tests::test_truncate_safe_basic ... ok
test wal_segment::tests::test_entry_fits_basic ... ok
test wal_segment::tests::test_replay_count_basic ... ok
test wal_segment::tests::test_should_rotate_basic ... ok
test wal_segment::tests::test_space_remaining_basic ... ok
test wasm_primitives::tests::test_branch_arity_rejects_bad_depth_and_type_mismatch ... ok
test wasm_primitives::tests::test_branch_arity_to_block_uses_result_types ... ok
test wasm_primitives::tests::test_local_get_set_and_tee ... ok
test wasm_primitives::tests::test_i32_add_consumes_two_and_pushes_one ... ok
test wasm_primitives::tests::test_locals_reject_out_of_bounds_and_type_mismatch ... ok
test wasm_primitives::tests::test_i32_add_rejects_underflow_and_type_mismatch ... ok
test wasm_primitives::tests::test_loop_branch_uses_params_not_results ... ok
test wasm_primitives::tests::test_outer_branch_depth_targets_function_label ... ok
test wasm_primitives::tests::test_memory_grow_zero_delta_and_overflow_delta ... ok
test wasm_primitives::tests::test_return_arity_rejects_missing_function_root ... ok
test wasm_primitives::tests::test_memory_load_store_in_bounds ... ok
test wasm_primitives::tests::test_memory_grow_rejects_over_limit ... ok
test wasm_primitives::tests::test_return_arity_uses_function_results ... ok
test wasm_primitives::tests::test_memory_out_of_bounds_is_noop ... ok
test wasm_primitives::tests::test_table_entry_signature_matches_initialized_entry ... ok
test wasm_primitives::tests::test_table_entry_signature_rejects_missing_and_mismatch ... ok
test wasm_primitives::tests::test_validate_br_table_rejects_bad_depth_and_target_mismatch ... ok
test wasm_primitives::tests::test_validate_br_table_accepts_matching_block_and_loop_targets ... ok
test wasm_primitives::tests::test_validate_br_marks_unreachable_and_rejects_bad_depth ... ok
test wasm_primitives::tests::test_validate_br_table_rejects_reachable_stack_mismatch ... ok
test wasm_primitives::tests::test_memory_grow_preserves_prefix ... ok
test wasm_primitives::tests::test_validate_br_table_unreachable_skips_stack_but_checks_targets ... ok
test wasm_primitives::tests::test_validate_call_indirect_consumes_params_and_index_then_pushes_results ... ok
test wasm_primitives::tests::test_validate_br_unreachable_skips_suffix_requirement ... ok
test wasm_primitives::tests::test_validate_call_indirect_unreachable_synthesizes_results_but_checks_table ... ok
test wasm_primitives::tests::test_validate_call_indirect_rejects_stack_mismatch_without_mutation ... ok
test wasm_primitives::tests::test_validate_end_control_frame_rejects_missing_frame ... ok
test wasm_primitives::tests::test_validate_end_control_frame_rejects_reachable_result_mismatch ... ok
test wasm_primitives::tests::test_validate_end_control_frame_restores_height_plus_results ... ok
test wasm_primitives::tests::test_validate_end_control_frame_unreachable_synthesizes_results ... ok
test wasm_primitives::tests::test_validate_enter_block_consumes_params_and_records_frame ... ok
test wasm_primitives::tests::test_validate_enter_block_unreachable_is_stack_polymorphic ... ok
test wasm_primitives::tests::test_validate_enter_loop_consumes_params_and_pushes_loop_label ... ok
test wasm_primitives::tests::test_validate_enter_loop_rejects_reachable_param_mismatch ... ok
test wasm_primitives::tests::test_validate_i32_add_reachable_consumes_two_and_pushes_one ... ok
test wasm_primitives::tests::test_validate_i32_add_rejects_reachable_mismatch ... ok
test wasm_primitives::tests::test_validate_i32_add_unreachable_is_stack_polymorphic ... ok
test wasm_primitives::tests::test_validate_return_rejects_reachable_suffix_mismatch ... ok
test wasm_primitives::tests::test_validate_return_marks_unreachable_and_rejects_bad_roots ... ok
test wal_recovery::proptests::prop_apply_entry_idempotent ... ok
test wasm_primitives::tests::test_value_type_exact_match_and_mismatch ... ok
test wasm_primitives::tests::test_validation_pop_ready_reachable_vs_unreachable ... ok
test wasm_primitives::tests::test_validate_unreachable_marks_path_unreachable ... ok
test wal_segment::tests::prop_write_lifecycle ... ok
test wal_segment::tests::prop_truncate_safe_monotone ... ok
test wal_segment::tests::prop_checkpoint_valid_iff_le ... ok
test wal_segment::tests::prop_advance_monotonic ... ok
test wal_recovery::proptests::prop_needs_recovery_iff_replay ... ok
test wal_segment::tests::prop_truncate_zero_always_safe ... ok
test wal_segment::tests::prop_replay_is_saturating_sub ... ok
test wal_segment::tests::prop_rotate_implies_no_remaining ... ok
test wal_segment::tests::prop_contiguous_iff_successor ... ok
test voter_set::tests::prop_learner_always_present ... ok
test watermark::tests::test_successive_allocs ... ok
test watermark::tests::test_watermark_alloc ... ok
test watermark::tests::test_watermark_fits ... ok
test wal_segment::tests::prop_fits_iff_sufficient_remaining ... ok
test watermark::tests::test_watermark_remaining ... ok
test web_of_trust_attestation::tests::test_expired_or_future_attestation_is_inactive ... ok
test web_of_trust_attestation::tests::test_invalid_attestation_ids_are_inactive ... ok
test web_of_trust_attestation::tests::test_in_window_unrevoked_attestation_is_active ... ok
test web_of_trust_attestation::tests::test_exact_payload_verifies ... ok
test wal_segment::tests::prop_remaining_plus_written ... ok
test web_of_trust_attestation::tests::test_overlong_identity_bytes_are_rejected_as_noncanonical ... ok
test web_of_trust_attestation::tests::test_revoked_at_time_attestation_is_inactive ... ok
test web_of_trust_attestation::tests::test_tampered_subject_invalidates_signature ... ok
test watermark::tests::test_watermark_reset ... ok
test web_of_trust_attestation::tests::test_wrong_issuer_revocation_does_not_disable_attestation ... ok
test web_of_trust_chain::tests::test_active_root_to_subject_path_is_valid ... ok
test watermark::tests::test_watermark_is_empty ... ok
test web_of_trust_chain::tests::test_cycle_makes_chain_invalid ... ok
test web_of_trust_chain::tests::test_broken_adjacency_rejects_chain ... ok
test web_of_trust_chain::tests::test_inactive_edge_rejects_chain ... ok
test web_of_trust_chain::tests::test_invalid_record_contributes_no_chain_edge ... ok
test voter_set::tests::prop_quorum_preserved_no_replace ... ok
test voter_set::tests::prop_replaced_always_absent ... ok
test web_of_trust_chain::tests::test_non_trust_attestation_is_not_edge ... ok
test web_of_trust_chain::tests::test_wrong_root_issuer_rejects_chain ... ok
test wal_recovery::proptests::prop_replay_range_ordered ... ok
test web_of_trust_policy::tests::test_depth_zero_rejects_subject ... ok
test web_of_trust_chain::tests::test_revoked_edge_rejects_chain ... ok
test web_of_trust_policy::tests::test_too_small_depth_rejects_indirect_introducer ... ok
test web_of_trust_policy::tests::test_distinct_roots_satisfy_threshold_at_depth_one ... ok
test web_of_trust_policy::tests::test_duplicate_attestations_do_not_double_count ... ok
test web_of_trust_policy::tests::test_zero_threshold_rejects ... ok
test web_of_trust_policy::tests::test_invalid_attestation_is_ignored_by_threshold ... ok
test web_of_trust_policy::tests::test_invalid_revocation_is_ignored_by_threshold ... ok
test web_of_trust_policy::tests::test_root_subject_still_needs_introducers ... ok
test wal_recovery::proptests::prop_checkpoint_advance_reduces_replay ... ok
test web_of_trust_policy::tests::test_repeated_final_hop_self_introduction_rejects ... ok
test voter_set::tests::prop_no_duplicates ... ok
test web_of_trust_principal::tests::test_full_digest_comparison_distinguishes_principals ... ok
test web_of_trust_principal::tests::test_principal_digest_admission_accepts_full_width_digest ... ok
test web_of_trust_principal::tests::test_principal_digest_admission_rejects_bad_widths ... ok
test web_of_trust_resolution::tests::test_root_resolves_at_depth_zero ... ok
test web_of_trust_principal::tests::test_same_key_bytes_give_same_principal_id ... ok
test web_of_trust_resolution::tests::test_too_small_depth_rejects_longer_path ... ok
test web_of_trust_resolution::tests::test_duplicate_roots_are_ignored ... ok
test web_of_trust_resolution::tests::test_direct_root_cert_resolves_at_depth_one ... ok
test web_of_trust_resolution::tests::test_existing_valid_chain_succeeds ... ok
test web_of_trust_resolution::tests::test_invalid_attestation_is_ignored_by_resolution ... ok
test web_of_trust_resolution::tests::test_invalid_revocation_is_ignored_by_resolution ... ok
test web_of_trust_revocation::tests::test_invalid_kind_is_rejected ... ok
test web_of_trust_revocation::tests::test_overlong_revocation_fields_are_rejected_as_noncanonical ... ok
test web_of_trust_revocation::tests::test_exact_payload_target_disables_identical_payload_copies ... ok
test web_of_trust_revocation::tests::test_family_target_disables_reissued_attestations_in_one_family ... ok
test web_of_trust_revocation::tests::test_tampered_issuer_invalidates_revocation_verification ... ok
test web_of_trust_revocation::tests::test_exact_payload_target_disables_one_attestation ... ok
test web_of_trust_revocation::tests::test_tampered_effective_time_invalidates_revocation_verification ... ok
test voter_set::tests::prop_quorum_preserved_with_replace ... ok
test web_of_trust_revocation::tests::test_tampered_target_invalidates_revocation_verification ... ok
test web_of_trust_revocation::tests::test_wrong_issuer_revocation_does_not_disable_target ... ok
test web_of_trust_revocation::tests::test_unrelated_attestation_stays_unaffected ... ok
test weighted_round_robin::test::test_deficit_add ... ok
test web_of_trust_ucan_authorizer::tests::rooted_threshold_token_authorizes ... ok
test web_of_trust_ucan_authorizer::tests::revoked_or_under_threshold_token_denies ... ok
test weighted_round_robin::test::test_deficit_consume ... ok
test weighted_round_robin::test::test_has_deficit ... ok
test weighted_round_robin::test::test_next_consumer ... ok
test voter_set::tests::prop_others_preserved ... ok
test weighted_round_robin::test::test_quantum ... ok
test witness::tests::test_can_be_leader ... ok
test witness::tests::test_can_ack_heartbeat ... ok
test witness::tests::test_can_vote ... ok
test witness::tests::test_entry_retained ... ok
test witness::tests::test_is_valid_role ... ok
test witness::tests::test_quorum_members ... ok
test witness::tests::test_receives_full_log ... ok
test watermark::tests::prop_alloc_reduces_remaining ... ok
test watermark::tests::prop_fits_iff_le_remaining ... ok
test watermark::tests::prop_successive_disjoint ... ok
test witness::tests::test_should_reject_candidate ... ok
test watermark::tests::prop_alloc_monotonic ... ok
test watermark::tests::prop_reset_full ... ok
test watermark::tests::prop_capacity_conservation ... ok
test witness::tests::prop_witnesses_count ... ok
test weighted_round_robin::test::proptests::prop_quantum_at_least_one ... ok
test witness::tests::prop_leader_implies_voter ... ok
test witness::tests::prop_stale_heartbeat_rejected ... ok
test weighted_round_robin::test::proptests::prop_next_in_range ... ok
test weighted_round_robin::test::proptests::prop_deficit_conservation ... ok
test work_stealing::tests::test_buffer_index ... ok
test work_stealing::tests::test_can_push ... ok
test work_stealing::tests::test_can_pop_steal ... ok
test witness::tests::prop_leader_implies_full_log ... ok
test work_stealing::tests::test_deque_size ... ok
test work_stealing::tests::test_is_empty ... ok
test work_stealing::tests::test_steal ... ok
test work_stealing::tests::test_push_pop ... ok
test work_stealing::tests::prop_push_pop_roundtrip ... ok
test web_of_trust_chain::tests::prop_chain_validity_oracle ... ok
test work_stealing::tests::prop_buffer_index_in_range ... ok
test work_stealing::tests::prop_pop_steal_identical ... ok
test write_buffer::tests::test_add_bytes ... ok
test write_buffer::tests::test_flush_complete ... ok
test write_buffer::tests::test_flush_count ... ok
test write_buffer::tests::test_should_flush ... ok
test write_buffer::tests::test_write_amp_pct ... ok
test write_buffer::tests::test_swap_then_flush ... ok
test write_buffer::tests::test_swap ... ok
test work_stealing::tests::prop_pop_decreases_size ... ok
test work_stealing::tests::prop_push_increases_size ... ok
test work_stealing::tests::prop_empty_can_push ... ok
test web_of_trust_attestation::tests::prop_active_window_oracle ... ok
test write_policy::tests::test_evict_line ... ok
test write_policy::tests::test_write_back_store_and_load ... ok
test write_policy::tests::test_read_hit ... ok
test write_policy::tests::test_flush_all ... ok
test write_policy::tests::test_write_through_store ... ok
test work_stealing::tests::prop_size_zero_iff_empty ... ok
test web_of_trust_principal::tests::prop_principal_id_determinism ... ok
test work_stealing::tests::prop_size_consistent ... ok
test zeroize::tests::test_is_zeroed_false ... ok
test zeroize::tests::test_is_zeroed_true ... ok
test web_of_trust_attestation::tests::prop_tampered_payload_fails_verification ... ok
test zeroize::tests::test_zeroize_basic ... ok
test zeroize::tests::test_zeroize_all_ff ... ok
test zeroize::tests::test_zeroize_empty ... ok
test work_stealing::tests::prop_steal_decreases_size ... ok
test write_buffer::proptests::prop_flush_count_monotone ... ok
test zeroize::tests::test_zeroize_idempotent ... ok
test zircon_channel::tests::test_close_discards_unread_handles ... ok
test zircon_channel::tests::test_peer_closed_signal ... ok
test write_buffer::proptests::prop_swap_clears_active ... ok
test write_buffer::proptests::prop_write_amp_at_least_100_when_total_ge_user ... ok
test zircon_channel::tests::test_send_receive_roundtrip ... ok
test web_of_trust_attestation::tests::prop_attestation_signature_oracle ... ok
test write_policy::tests::prop_write_back_always_dirty ... ok
test write_buffer::proptests::prop_swap_captures_active ... ok
test write_policy::tests::prop_write_back_preserves_other_slot ... ok
test zircon_event::tests::test_set_clear_user_signals ... ok
test zircon_event::tests::test_eventpair_peer_closed ... ok
test zircon_fifo::tests::test_fifo_signals ... ok
test zircon_fifo::tests::test_fifo_capacity_bound ... ok
test write_buffer::proptests::prop_flush_monotone ... ok
test zircon_fifo::tests::test_peer_closed ... ok
test zircon_fifo::tests::test_fifo_whole_elements ... ok
test write_policy::tests::prop_write_through_memory_matches_cache ... ok
test zircon_futex::tests::test_requeue ... ok
test zircon_futex::tests::test_wait_compare ... ok
test zircon_futex::tests::test_wake ... ok
test zircon_handle::tests::test_close_ends_liveness ... ok
test zircon_handle::tests::test_duplicate_preserves_identity ... ok
test zircon_handle::tests::test_in_transit_object_live ... ok
test web_of_trust_resolution::tests::prop_rooted_resolution_oracle ... ok
test zircon_handle::tests::test_transfer_receive_preserves_identity ... ok
test zircon_job::tests::test_critical_process ... ok
test write_buffer::proptests::prop_add_bytes_monotone ... ok
test zircon_job::tests::test_parent_kept_live_by_running_descendant ... ok
test zircon_job::tests::test_kill_propagates_to_subtree ... ok
test web_of_trust_principal::tests::prop_principal_id_full_equality_uses_last_byte ... ok
test zircon_job::tests::test_unique_parent_and_owner ... ok
test zircon_port::tests::test_async_delivery ... ok
test zircon_port::tests::test_one_shot_consumed ... ok
test zircon_port::tests::test_repeating_rearms ... ok
test zircon_port::tests::test_user_queue_fifo ... ok
test web_of_trust_revocation::tests::prop_revocation_effective_family_oracle ... ok
test web_of_trust_revocation::tests::prop_revocation_monotone_runtime ... ok
test zircon_rights::tests::test_attenuate_subset ... ok
test zircon_rights::tests::test_duplicate_expansion_rejected ... ok
test zircon_rights::tests::test_operation_gates ... ok
test zircon_rights::tests::test_duplicate_same_rights ... ok
test zircon_event::tests::prop_peer_closed_matches_peer_liveness ... ok
test zircon_event::tests::prop_set_only_touches_user_bits ... ok
test zircon_socket::tests::test_disable_write ... ok
test zircon_job::tests::prop_critical_exit_matches_pred ... ok
test zircon_event::tests::prop_clear_only_touches_user_bits ... ok
test zircon_futex::tests::prop_requeue_conserves ... ok
test zircon_rights::tests::prop_signal_peer_requires_bit ... ok
test zircon_fifo::tests::prop_read_write_len_bounded ... ok
test zircon_handle::tests::prop_live_detects_any_live_handle ... ok
test zircon_rights::tests::prop_duplicate_accepts_only_subsets ... ok
test zircon_futex::tests::prop_wake_bounded ... ok
test zircon_handle::tests::prop_transfer_receive_preserves_koid ... ok
test zircon_socket::tests::test_peer_closed_signal ... ok
test zircon_socket::tests::test_short_write_short_read ... ok
test zircon_timer::tests::test_reset_rearms ... ok
test zircon_rights::tests::prop_attenuate_is_subset ... ok
test zircon_socket::tests::test_threshold_signals ... ok
test zircon_socket::tests::test_write_read_roundtrip ... ok
test zircon_timer::tests::test_timer_lifecycle ... ok
test web_of_trust_revocation::tests::prop_revocation_signature_oracle ... ok
test zircon_rights::tests::prop_wait_requires_bit ... ok
test zircon_wait::tests::test_single_wait_ready ... ok
test zircon_channel::tests::prop_fifo_datagrams ... ok
test zircon_wait::tests::test_wait_set ... ok
test zircon_port::tests::prop_no_match_no_delivery ... ok
test zeroize::tests::prop_nonzero_byte_detected ... ok
test zircon_port::tests::prop_user_queue_fifo ... ok
test zircon_timer::tests::prop_signaled_persists ... ok
test zircon_wait::tests::prop_wait_ready_is_intersection ... ok
test zircon_timer::tests::prop_armed_signals_after_deadline ... ok
test zeroize::tests::prop_zeroize_idempotent ... ok
test zeroize::tests::prop_zeroize_all_zero ... ok
test zircon_socket::tests::prop_read_consumes_prefix ... ok
test zircon_wait::tests::prop_wait_set_matches_entries ... ok
test zircon_socket::tests::prop_write_never_exceeds_capacity ... ok
test zeroize::tests::prop_zeroize_preserves_length ... ok
test write_policy::tests::prop_flush_all_cleans ... ok
test zeroize::tests::prop_zeroize_then_is_zeroed ... ok
test wasm_primitives::tests::prop_store_then_load_roundtrips ... ok
test web_of_trust_policy::tests::prop_threshold_accepts_oracle ... ok
test ring_buffer::tests::prop_model_oracle ... ok
test wasm_primitives::tests::prop_out_of_bounds_store_preserves_memory ... ok
test wasm_primitives::tests::prop_memory_grow_keeps_old_prefix ... ok
test ssa_construction::tests::prop_eliminate_phis_preserves_path_semantics ... ok
test nix_base32::tests::prop_nix_cli_oracle_sha256 ... ok

test result: ok. 5118 passed; 0 failed; 0 ignored; 0 measured; 0 filtered out; finished in 5.23s

     Running unittests src/bin/proof_evidence.rs (/home/brittonr/.cargo-target-autoresearch-verified-logic/debug/deps/proof_evidence-f8dc64517853a554)

running 4 tests
test tests::unsupported_schema_fails ... ok
test tests::valid_fixture_passes ... ok
test tests::stale_hash_fails ... ok
test tests::overbroad_claim_fails ... ok

test result: ok. 4 passed; 0 failed; 0 ignored; 0 measured; 0 filtered out; finished in 0.00s

     Running unittests src/bin/proof_evidence_ir.rs (/home/brittonr/.cargo-target-autoresearch-verified-logic/debug/deps/proof_evidence_ir-821b441e02fe6761)

running 4 tests
test tests::assumption_drift_changes_chain_identity ... ok
test tests::overbroad_claim_is_rejected ... ok
test tests::missing_verifier_identity_is_rejected ... ok
test tests::positive_fixture_validates ... ok

test result: ok. 4 passed; 0 failed; 0 ignored; 0 measured; 0 filtered out; finished in 0.00s

     Running unittests src/bin/repo-index.rs (/home/brittonr/.cargo-target-autoresearch-verified-logic/debug/deps/repo_index-8bd6054025d5d227)

running 23 tests
test repo_index::model::tests::repo_path_rejects_non_relative_or_non_canonical_values ... ok
test repo_index::model::tests::blake3_digest_canonicalizes_valid_hex ... ok
test repo_index::model::tests::repo_path_normalizes_platform_separators ... ok
test repo_index::model::tests::requirement_id_rejects_invalid_tokens ... ok
test repo_index::model::tests::requirement_id_accepts_one_token ... ok
test repo_index::model::tests::blake3_digest_rejects_invalid_length_and_characters ... ok
test repo_index::extract::tests::openspec_context_tracks_change_and_domain ... ok
test repo_index::model::tests::newtypes_keep_string_serialization_shape ... ok
test repo_index::model::tests::invalid_serialized_values_do_not_bypass_constructors ... ok
test repo_index::extract::tests::requirements_doc_extractor_collects_definitions ... ok
test repo_index::extract::tests::openspec_extractor_collects_requirement_definitions ... ok
test repo_index::extract::tests::extractors_skip_invalid_requirement_ids ... ok
test repo_index::extract::tests::rust_extractor_finds_verus_items_and_refs ... ok
test repo_index::store::tests::digest_query_accepts_canonicalized_uppercase_input ... ok
test repo_index::store::tests::failed_refresh_keeps_prior_generation_visible ... ok
test repo_index::store::tests::path_and_requirement_queries_include_expected_facts ... ok
test repo_index::store::tests::refresh_reports_add_change_delete_and_reuse ... ok
test repo_index::store::tests::unchanged_refresh_keeps_observable_results_stable ... ok
test repo_index::store::tests::stable_digest_survives_reopen ... ok
test repo_index::store::tests::reopen_answers_queries_without_rebuild ... ok
test repo_index::store::tests::stale_schema_is_recreated_on_open ... ok
test repo_index::store::tests::prop_idempotent_rebuild ... ok
test repo_index::store::tests::prop_one_shot_matches_incremental has been running for over 60 seconds
test repo_index::store::tests::prop_one_shot_matches_incremental ... ok

test result: ok. 23 passed; 0 failed; 0 ignored; 0 measured; 0 filtered out; finished in 75.61s

     Running tests/hdl_output_matrix.rs (/home/brittonr/.cargo-target-autoresearch-verified-logic/debug/deps/hdl_output_matrix-2df82b7453e12766)

running 5 tests
test matrix_rejects_missing_negative_artifact ... ok
test fixture_conventions_name_requirement_module_mode_and_oracle ... ok
test matrix_rejects_missing_verify_marker ... ok
test matrix_requires_positive_and_negative_artifacts ... ok
test matrix_requires_verify_markers_for_all_rows ... ok

test result: ok. 5 passed; 0 failed; 0 ignored; 0 measured; 0 filtered out; finished in 0.00s

     Running tests/parking.rs (/home/brittonr/.cargo-target-autoresearch-verified-logic/debug/deps/parking-779519a84db65f06)

running 5 tests
test distinct_waiters_are_valid ... ok
test duplicate_waiter_is_rejected ... ok
test mismatched_parked_key_is_rejected ... ok
test identity_construction_round_trips_raw_values ... ok
test park_unpark_and_requeue_preserve_finite_results ... ok

test result: ok. 5 passed; 0 failed; 0 ignored; 0 measured; 0 filtered out; finished in 0.00s

   Doc-tests verified_logic

running 9 tests
test src/parking_lot_core_model/mod.rs - parking_lot_core_model::ThreadId (line 75) - compile fail ... ok
test src/typed_durable_reference.rs - typed_durable_reference::SchemaVersion (line 85) - compile fail ... ok
test src/parking_lot_core_model/mod.rs - parking_lot_core_model::ParkKey (line 62) - compile fail ... ok
test src/choreography_global.rs - choreography_global::PayloadTag (line 31) - compile fail ... ok
test src/choreography_ownership.rs - choreography_ownership::ValueId (line 46) - compile fail ... ok
test src/choreography_ownership.rs - choreography_ownership::ValueId (line 30) - compile fail ... ok
test src/typed_durable_reference.rs - typed_durable_reference::ReferenceHash (line 32) - compile fail ... ok
test src/typed_durable_reference.rs - typed_durable_reference::TypeHash (line 57) - compile fail ... ok
test src/choreography_ownership.rs - choreography_ownership::ValueId (line 38) - compile fail ... ok

test result: ok. 9 passed; 0 failed; 0 ignored; 0 measured; 0 filtered out; finished in 0.08s

✓ tests pass

=== Examples ===
    Checking verified-logic v0.2.0 (/home/brittonr/git/OnixResearch/.worktrees/trellis-fenced-attempt-20260903)
    Finished `dev` profile [unoptimized + debuginfo] target(s) in 8.05s
✓ examples compile

=== Verus verification ===
warning: unknown experimental feature 'wasm-builtin'
warning: unknown experimental feature 'wasm-builtin'
these 2 derivations will be built:
  /nix/store/ivga3c73gcj9ws3w3wffd4y4ssnadgnm-trellis-verus-proof-source.drv
  /nix/store/rbdhwz50gfdxf72lswj5zyr3m0v7zc5y-verus-proofs.drv
building '/nix/store/ivga3c73gcj9ws3w3wffd4y4ssnadgnm-trellis-verus-proof-source.drv'...
building '/nix/store/rbdhwz50gfdxf72lswj5zyr3m0v7zc5y-verus-proofs.drv'...
verus-proofs> warning: use of deprecated method `vstd::prelude::OptionAdditionalFns::is_None`: is_Variant is deprecated - use `->` or `matches` instead: https://verus-lang.github.io/verus/guide/datatypes_enum.html
verus-proofs>   --> /nix/store/n2m6cr94fg56zqhj3hw82xjci322d0sk-trellis-verus-proof-source/src/constraint_consistency.rs:20:145
verus-proofs>    |
verus-proofs> 20 | ...nment) requires constraint_relation_assigned_tuple_spec(r,a).is_None() ensures !constraint_consistent_spec(r,a) {}
verus-proofs>    |                                                                 ^^^^^^^
verus-proofs>    |
verus-proofs>    = note: `#[warn(deprecated)]` on by default
verus-proofs>
verus-proofs> warning: Verus does not (yet) support autoderive Clone impl when the clone is not a copy; continuing, but without adding a specification for the derived Clone impl
verus-proofs>   --> /nix/store/n2m6cr94fg56zqhj3hw82xjci322d0sk-trellis-verus-proof-source/src/ability_effect.rs:12:10
verus-proofs>    |
verus-proofs> 12 | #[derive(Clone, PartialEq, Eq, Debug)]
verus-proofs>    |          ^^^^^
verus-proofs>
verus-proofs> warning: Verus does not (yet) support autoderive Clone impl when the clone is not a copy; continuing, but without adding a specification for the derived Clone impl
verus-proofs>   --> /nix/store/n2m6cr94fg56zqhj3hw82xjci322d0sk-trellis-verus-proof-source/src/ability_effect.rs:17:10
verus-proofs>    |
verus-proofs> 17 | #[derive(Clone, PartialEq, Eq, Debug)]
verus-proofs>    |          ^^^^^
verus-proofs>
verus-proofs> warning: Verus does not (yet) support autoderive Clone impl when the clone is not a copy; continuing, but without adding a specification for the derived Clone impl
verus-proofs>   --> /nix/store/n2m6cr94fg56zqhj3hw82xjci322d0sk-trellis-verus-proof-source/src/ability_effect.rs:28:10
verus-proofs>    |
verus-proofs> 28 | #[derive(Clone, PartialEq, Eq, Debug)]
verus-proofs>    |          ^^^^^
verus-proofs>
verus-proofs> warning: Verus does not (yet) support autoderive Clone impl when the clone is not a copy; continuing, but without adding a specification for the derived Clone impl
verus-proofs>   --> /nix/store/n2m6cr94fg56zqhj3hw82xjci322d0sk-trellis-verus-proof-source/src/algebraic_effect.rs:35:10
verus-proofs>    |
verus-proofs> 35 | #[derive(Clone, PartialEq, Eq, Debug)]
verus-proofs>    |          ^^^^^
verus-proofs>
verus-proofs> warning: Verus does not (yet) support autoderive Clone impl when the clone is not a copy; continuing, but without adding a specification for the derived Clone impl
verus-proofs>   --> /nix/store/n2m6cr94fg56zqhj3hw82xjci322d0sk-trellis-verus-proof-source/src/algebraic_effect.rs:40:10
verus-proofs>    |
verus-proofs> 40 | #[derive(Clone, PartialEq, Eq, Debug)]
verus-proofs>    |          ^^^^^
verus-proofs>
verus-proofs> warning: Verus does not (yet) support autoderive Clone impl when the clone is not a copy; continuing, but without adding a specification for the derived Clone impl
verus-proofs>   --> /nix/store/n2m6cr94fg56zqhj3hw82xjci322d0sk-trellis-verus-proof-source/src/algebraic_effect.rs:45:10
verus-proofs>    |
verus-proofs> 45 | #[derive(Clone, PartialEq, Eq, Debug)]
verus-proofs>    |          ^^^^^
verus-proofs>
verus-proofs> warning: Verus does not (yet) support autoderive Clone impl when the clone is not a copy; continuing, but without adding a specification for the derived Clone impl
verus-proofs>   --> /nix/store/n2m6cr94fg56zqhj3hw82xjci322d0sk-trellis-verus-proof-source/src/algebraic_effect.rs:51:10
verus-proofs>    |
verus-proofs> 51 | #[derive(Clone, PartialEq, Eq, Debug)]
verus-proofs>    |          ^^^^^
verus-proofs>
verus-proofs> warning: Verus does not (yet) support autoderive Clone impl when the clone is not a copy; continuing, but without adding a specification for the derived Clone impl
verus-proofs>   --> /nix/store/n2m6cr94fg56zqhj3hw82xjci322d0sk-trellis-verus-proof-source/src/beam_process.rs:23:10
verus-proofs>    |
verus-proofs> 23 | #[derive(Clone, Debug, PartialEq, Eq)]
verus-proofs>    |          ^^^^^
verus-proofs>
verus-proofs> warning: Verus does not (yet) support autoderive Clone impl when the clone is not a copy; continuing, but without adding a specification for the derived Clone impl
verus-proofs>   --> /nix/store/n2m6cr94fg56zqhj3hw82xjci322d0sk-trellis-verus-proof-source/src/content_addressed_code.rs:25:10
verus-proofs>    |
verus-proofs> 25 | #[derive(Clone, PartialEq, Eq, Debug)]
verus-proofs>    |          ^^^^^
verus-proofs>
verus-proofs> warning: Verus does not (yet) support autoderive Clone impl when the clone is not a copy; continuing, but without adding a specification for the derived Clone impl
verus-proofs>   --> /nix/store/n2m6cr94fg56zqhj3hw82xjci322d0sk-trellis-verus-proof-source/src/content_addressed_code.rs:37:10
verus-proofs>    |
verus-proofs> 37 | #[derive(Clone, PartialEq, Eq, Debug)]
verus-proofs>    |          ^^^^^
verus-proofs>
verus-proofs> warning: Verus does not (yet) support autoderive Clone impl when the clone is not a copy; continuing, but without adding a specification for the derived Clone impl
verus-proofs>   --> /nix/store/n2m6cr94fg56zqhj3hw82xjci322d0sk-trellis-verus-proof-source/src/remote_computation.rs:25:10
verus-proofs>    |
verus-proofs> 25 | #[derive(Clone, PartialEq, Eq, Debug)]
verus-proofs>    |          ^^^^^
verus-proofs>
verus-proofs> warning: Verus does not (yet) support autoderive Clone impl when the clone is not a copy; continuing, but without adding a specification for the derived Clone impl
verus-proofs>   --> /nix/store/n2m6cr94fg56zqhj3hw82xjci322d0sk-trellis-verus-proof-source/src/remote_computation.rs:35:10
verus-proofs>    |
verus-proofs> 35 | #[derive(Clone, PartialEq, Eq, Debug)]
verus-proofs>    |          ^^^^^
verus-proofs>
verus-proofs> warning: Verus does not (yet) support autoderive Clone impl when the clone is not a copy; continuing, but without adding a specification for the derived Clone impl
verus-proofs>   --> /nix/store/n2m6cr94fg56zqhj3hw82xjci322d0sk-trellis-verus-proof-source/src/semantic_refactoring.rs:59:10
verus-proofs>    |
verus-proofs> 59 | #[derive(Clone, PartialEq, Eq, Debug)]
verus-proofs>    |          ^^^^^
verus-proofs>
verus-proofs> warning: Verus does not (yet) support autoderive Clone impl when the clone is not a copy; continuing, but without adding a specification for the derived Clone impl
verus-proofs>    --> /nix/store/n2m6cr94fg56zqhj3hw82xjci322d0sk-trellis-verus-proof-source/src/typed_durable_reference.rs:112:10
verus-proofs>     |
verus-proofs> 112 | #[derive(Clone, PartialEq, Eq, Debug)]
verus-proofs>     |          ^^^^^
verus-proofs>
verus-proofs> warning: Verus does not (yet) support autoderive Clone impl when the clone is not a copy; continuing, but without adding a specification for the derived Clone impl
verus-proofs>   --> /nix/store/n2m6cr94fg56zqhj3hw82xjci322d0sk-trellis-verus-proof-source/src/loop_detection.rs:15:17
verus-proofs>    |
verus-proofs> 15 | #[derive(Debug, Clone, PartialEq, Eq)]
verus-proofs>    |                 ^^^^^
verus-proofs>
verus-proofs> warning: autoderive Clone impl does not take the form Verus expects; continuing, but without adding a specification for the derived Clone impl
verus-proofs>   --> /nix/store/n2m6cr94fg56zqhj3hw82xjci322d0sk-trellis-verus-proof-source/src/nickel_pattern_coverage.rs:95:17
verus-proofs>    |
verus-proofs> 95 | #[derive(Debug, Clone, PartialEq, Eq)]
verus-proofs>    |                 ^^^^^
verus-proofs>
verus-proofs> warning: Verus does not (yet) support autoderive Clone impl when the clone is not a copy; continuing, but without adding a specification for the derived Clone impl
verus-proofs>   --> /nix/store/n2m6cr94fg56zqhj3hw82xjci322d0sk-trellis-verus-proof-source/src/nix_closure.rs:15:10
verus-proofs>    |
verus-proofs> 15 | #[derive(Clone, Debug, PartialEq, Eq)]
verus-proofs>    |          ^^^^^
verus-proofs>
verus-proofs> warning: Verus does not (yet) support autoderive Clone impl when the clone is not a copy; continuing, but without adding a specification for the derived Clone impl
verus-proofs>   --> /nix/store/n2m6cr94fg56zqhj3hw82xjci322d0sk-trellis-verus-proof-source/src/nix_drv_serialize.rs:12:10
verus-proofs>    |
verus-proofs> 12 | #[derive(Clone)]
verus-proofs>    |          ^^^^^
verus-proofs>
verus-proofs> warning: Verus does not (yet) support autoderive Clone impl when the clone is not a copy; continuing, but without adding a specification for the derived Clone impl
verus-proofs>   --> /nix/store/n2m6cr94fg56zqhj3hw82xjci322d0sk-trellis-verus-proof-source/src/nix_drv_serialize.rs:20:10
verus-proofs>    |
verus-proofs> 20 | #[derive(Clone)]
verus-proofs>    |          ^^^^^
verus-proofs>
verus-proofs> warning: Verus does not (yet) support autoderive Clone impl when the clone is not a copy; continuing, but without adding a specification for the derived Clone impl
verus-proofs>   --> /nix/store/n2m6cr94fg56zqhj3hw82xjci322d0sk-trellis-verus-proof-source/src/sel4_ready_queue.rs:16:10
verus-proofs>    |
verus-proofs> 16 | #[derive(Clone)]
verus-proofs>    |          ^^^^^
verus-proofs>
verus-proofs> warning: Verus does not (yet) support autoderive Clone impl when the clone is not a copy; continuing, but without adding a specification for the derived Clone impl
verus-proofs>   --> /nix/store/n2m6cr94fg56zqhj3hw82xjci322d0sk-trellis-verus-proof-source/src/sel4_untyped.rs:30:10
verus-proofs>    |
verus-proofs> 30 | #[derive(Clone)]
verus-proofs>    |          ^^^^^
verus-proofs>
verus-proofs> warning: Verus does not (yet) support autoderive Clone impl when the clone is not a copy; continuing, but without adding a specification for the derived Clone impl
verus-proofs>   --> /nix/store/n2m6cr94fg56zqhj3hw82xjci322d0sk-trellis-verus-proof-source/src/ssa_construction.rs:41:17
verus-proofs>    |
verus-proofs> 41 | #[derive(Debug, Clone, PartialEq, Eq)]
verus-proofs>    |                 ^^^^^
verus-proofs>
verus-proofs> warning: Verus does not (yet) support autoderive Clone impl when the clone is not a copy; continuing, but without adding a specification for the derived Clone impl
verus-proofs>   --> /nix/store/n2m6cr94fg56zqhj3hw82xjci322d0sk-trellis-verus-proof-source/src/ssa_construction.rs:48:17
verus-proofs>    |
verus-proofs> 48 | #[derive(Debug, Clone, PartialEq, Eq)]
verus-proofs>    |                 ^^^^^
verus-proofs>
verus-proofs> warning: Verus does not (yet) support autoderive Clone impl when the clone is not a copy; continuing, but without adding a specification for the derived Clone impl
verus-proofs>   --> /nix/store/n2m6cr94fg56zqhj3hw82xjci322d0sk-trellis-verus-proof-source/src/ssa_construction.rs:53:17
verus-proofs>    |
verus-proofs> 53 | #[derive(Debug, Clone, PartialEq, Eq)]
verus-proofs>    |                 ^^^^^
verus-proofs>
verus-proofs> warning: Verus does not (yet) support autoderive Clone impl when the clone is not a copy; continuing, but without adding a specification for the derived Clone impl
verus-proofs>   --> /nix/store/n2m6cr94fg56zqhj3hw82xjci322d0sk-trellis-verus-proof-source/src/ssa_construction.rs:59:17
verus-proofs>    |
verus-proofs> 59 | #[derive(Debug, Clone, PartialEq, Eq)]
verus-proofs>    |                 ^^^^^
verus-proofs>
verus-proofs> warning: Verus does not (yet) support autoderive Clone impl when the clone is not a copy; continuing, but without adding a specification for the derived Clone impl
verus-proofs>   --> /nix/store/n2m6cr94fg56zqhj3hw82xjci322d0sk-trellis-verus-proof-source/src/ssa_construction.rs:66:17
verus-proofs>    |
verus-proofs> 66 | #[derive(Debug, Clone, PartialEq, Eq)]
verus-proofs>    |                 ^^^^^
verus-proofs>
verus-proofs> warning: Verus does not (yet) support autoderive Clone impl when the clone is not a copy; continuing, but without adding a specification for the derived Clone impl
verus-proofs>   --> /nix/store/n2m6cr94fg56zqhj3hw82xjci322d0sk-trellis-verus-proof-source/src/ssa_construction.rs:75:17
verus-proofs>    |
verus-proofs> 75 | #[derive(Debug, Clone, PartialEq, Eq)]
verus-proofs>    |                 ^^^^^
verus-proofs>
verus-proofs> warning: Verus does not (yet) support autoderive Clone impl when the clone is not a copy; continuing, but without adding a specification for the derived Clone impl
verus-proofs>   --> /nix/store/n2m6cr94fg56zqhj3hw82xjci322d0sk-trellis-verus-proof-source/src/ssa_construction.rs:81:17
verus-proofs>    |
verus-proofs> 81 | #[derive(Debug, Clone, PartialEq, Eq)]
verus-proofs>    |                 ^^^^^
verus-proofs>
verus-proofs> warning: Verus does not (yet) support autoderive Clone impl when the clone is not a copy; continuing, but without adding a specification for the derived Clone impl
verus-proofs>   --> /nix/store/n2m6cr94fg56zqhj3hw82xjci322d0sk-trellis-verus-proof-source/src/ssa_construction.rs:88:17
verus-proofs>    |
verus-proofs> 88 | #[derive(Debug, Clone, PartialEq, Eq)]
verus-proofs>    |                 ^^^^^
verus-proofs>
verus-proofs> warning: Verus does not (yet) support autoderive Clone impl when the clone is not a copy; continuing, but without adding a specification for the derived Clone impl
verus-proofs>   --> /nix/store/n2m6cr94fg56zqhj3hw82xjci322d0sk-trellis-verus-proof-source/src/ssa_construction.rs:95:17
verus-proofs>    |
verus-proofs> 95 | #[derive(Debug, Clone, PartialEq, Eq)]
verus-proofs>    |                 ^^^^^
verus-proofs>
verus-proofs> WARNING: (17212,4): 'if' cannot be used in patterns.
verus-proofs> WARNING: (17342,5): 'if' cannot be used in patterns.
verus-proofs> WARNING: (19992,4): 'if' cannot be used in patterns.
verus-proofs> WARNING: (20169,1): 'if' cannot be used in patterns.
verus-proofs> Some checks are taking longer than 2s (diagnostics for these may be reported out of order)
verus-proofs> Some checks are taking longer than 2s (diagnostics for these may be reported out of order)
verus-proofs> • /nix/store/n2m6cr94fg56zqhj3hw82xjci322d0sk-trellis-verus-proof-source/src/cron_next.rs:147:5: 147:25 has been running for 2s
verus-proofs> Some checks are taking longer than 2s (diagnostics for these may be reported out of order)
verus-proofs> • /nix/store/n2m6cr94fg56zqhj3hw82xjci322d0sk-trellis-verus-proof-source/src/cron_next.rs:147:5: 147:25 has been running for 2s
verus-proofs> Some checks are taking longer than 2s (diagnostics for these may be reported out of order)
verus-proofs> • /nix/store/n2m6cr94fg56zqhj3hw82xjci322d0sk-trellis-verus-proof-source/src/cron_next.rs:147:5: 147:25 has been running for 2s
verus-proofs> Some checks are taking longer than 2s (diagnostics for these may be reported out of order)
verus-proofs> • /nix/store/n2m6cr94fg56zqhj3hw82xjci322d0sk-trellis-verus-proof-source/src/cron_next.rs:147:5: 147:25 has been running for 2s
verus-proofs> Some checks are taking longer than 2s (diagnostics for these may be reported out of order)
verus-proofs> • /nix/store/n2m6cr94fg56zqhj3hw82xjci322d0sk-trellis-verus-proof-source/src/cron_next.rs:147:5: 147:25 has been running for 2s
verus-proofs> Some checks are taking longer than 2s (diagnostics for these may be reported out of order)
verus-proofs> • /nix/store/n2m6cr94fg56zqhj3hw82xjci322d0sk-trellis-verus-proof-source/src/cron_next.rs:147:5: 147:25 has been running for 2s
verus-proofs> Some checks are taking longer than 2s (diagnostics for these may be reported out of order)
verus-proofs> • /nix/store/n2m6cr94fg56zqhj3hw82xjci322d0sk-trellis-verus-proof-source/src/cron_next.rs:147:5: 147:25 has finished in 3s
verus-proofs> Some checks are taking longer than 2s (diagnostics for these may be reported out of order)
verus-proofs> • /nix/store/n2m6cr94fg56zqhj3hw82xjci322d0sk-trellis-verus-proof-source/src/cron_next.rs:147:5: 147:25 has finished in 3s
verus-proofs> Some checks are taking longer than 2s (diagnostics for these may be reported out of order)
verus-proofs> • /nix/store/n2m6cr94fg56zqhj3hw82xjci322d0sk-trellis-verus-proof-source/src/cron_next.rs:147:5: 147:25 has finished in 3s
verus-proofs>   ⌝ while loop for lib::cron_next::next_occurrence
verus-proofs> Some checks are taking longer than 2s (diagnostics for these may be reported out of order)
verus-proofs> • /nix/store/n2m6cr94fg56zqhj3hw82xjci322d0sk-trellis-verus-proof-source/src/cron_next.rs:147:5: 147:25 has finished in 3s
verus-proofs>   ⌝ while loop for lib::cron_next::next_occurrence
verus-proofs> • /nix/store/n2m6cr94fg56zqhj3hw82xjci322d0sk-trellis-verus-proof-source/src/nix_drv_serialize.rs:396:5: 396:28 has been running for 2s
verus-proofs> Some checks are taking longer than 2s (diagnostics for these may be reported out of order)
verus-proofs> • /nix/store/n2m6cr94fg56zqhj3hw82xjci322d0sk-trellis-verus-proof-source/src/cron_next.rs:147:5: 147:25 has finished in 3s
verus-proofs>   ⌝ while loop for lib::cron_next::next_occurrence
verus-proofs> • /nix/store/n2m6cr94fg56zqhj3hw82xjci322d0sk-trellis-verus-proof-source/src/nix_drv_serialize.rs:396:5: 396:28 has been running for 2s
verus-proofs> Some checks are taking longer than 2s (diagnostics for these may be reported out of order)
verus-proofs> • /nix/store/n2m6cr94fg56zqhj3hw82xjci322d0sk-trellis-verus-proof-source/src/cron_next.rs:147:5: 147:25 has finished in 3s
verus-proofs>   ⌝ while loop for lib::cron_next::next_occurrence
verus-proofs> • /nix/store/n2m6cr94fg56zqhj3hw82xjci322d0sk-trellis-verus-proof-source/src/nix_drv_serialize.rs:396:5: 396:28 has been running for 2s
verus-proofs> Some checks are taking longer than 2s (diagnostics for these may be reported out of order)
verus-proofs> • /nix/store/n2m6cr94fg56zqhj3hw82xjci322d0sk-trellis-verus-proof-source/src/cron_next.rs:147:5: 147:25 has finished in 3s
verus-proofs>   ⌝ while loop for lib::cron_next::next_occurrence
verus-proofs> • /nix/store/n2m6cr94fg56zqhj3hw82xjci322d0sk-trellis-verus-proof-source/src/nix_drv_serialize.rs:396:5: 396:28 has been running for 2s
verus-proofs> Some checks are taking longer than 2s (diagnostics for these may be reported out of order)
verus-proofs> • /nix/store/n2m6cr94fg56zqhj3hw82xjci322d0sk-trellis-verus-proof-source/src/cron_next.rs:147:5: 147:25 has finished in 3s
verus-proofs>   ⌝ while loop for lib::cron_next::next_occurrence
verus-proofs> • /nix/store/n2m6cr94fg56zqhj3hw82xjci322d0sk-trellis-verus-proof-source/src/nix_drv_serialize.rs:396:5: 396:28 has been running for 2s
verus-proofs> Some checks are taking longer than 2s (diagnostics for these may be reported out of order)
verus-proofs> • /nix/store/n2m6cr94fg56zqhj3hw82xjci322d0sk-trellis-verus-proof-source/src/cron_next.rs:147:5: 147:25 has finished in 3s
verus-proofs>   ⌝ while loop for lib::cron_next::next_occurrence
verus-proofs> • /nix/store/n2m6cr94fg56zqhj3hw82xjci322d0sk-trellis-verus-proof-source/src/nix_drv_serialize.rs:396:5: 396:28 has been running for 2s
verus-proofs> Some checks are taking longer than 2s (diagnostics for these may be reported out of order)
verus-proofs> • /nix/store/n2m6cr94fg56zqhj3hw82xjci322d0sk-trellis-verus-proof-source/src/cron_next.rs:147:5: 147:25 has finished in 3s
verus-proofs>   ⌝ while loop for lib::cron_next::next_occurrence
verus-proofs> • /nix/store/n2m6cr94fg56zqhj3hw82xjci322d0sk-trellis-verus-proof-source/src/nix_drv_serialize.rs:396:5: 396:28 has been running for 3s
verus-proofs> Some checks are taking longer than 2s (diagnostics for these may be reported out of order)
verus-proofs> • /nix/store/n2m6cr94fg56zqhj3hw82xjci322d0sk-trellis-verus-proof-source/src/cron_next.rs:147:5: 147:25 has finished in 3s
verus-proofs>   ⌝ while loop for lib::cron_next::next_occurrence
verus-proofs> • /nix/store/n2m6cr94fg56zqhj3hw82xjci322d0sk-trellis-verus-proof-source/src/nix_drv_serialize.rs:396:5: 396:28 has been running for 3s
verus-proofs> Some checks are taking longer than 2s (diagnostics for these may be reported out of order)
verus-proofs> • /nix/store/n2m6cr94fg56zqhj3hw82xjci322d0sk-trellis-verus-proof-source/src/cron_next.rs:147:5: 147:25 has finished in 3s
verus-proofs>   ⌝ while loop for lib::cron_next::next_occurrence
verus-proofs> • /nix/store/n2m6cr94fg56zqhj3hw82xjci322d0sk-trellis-verus-proof-source/src/nix_drv_serialize.rs:396:5: 396:28 has been running for 3s
verus-proofs> Some checks are taking longer than 2s (diagnostics for these may be reported out of order)
verus-proofs> • /nix/store/n2m6cr94fg56zqhj3hw82xjci322d0sk-trellis-verus-proof-source/src/cron_next.rs:147:5: 147:25 has finished in 3s
verus-proofs>   ⌝ while loop for lib::cron_next::next_occurrence
verus-proofs> • /nix/store/n2m6cr94fg56zqhj3hw82xjci322d0sk-trellis-verus-proof-source/src/nix_drv_serialize.rs:396:5: 396:28 has been running for 3s
verus-proofs> Some checks are taking longer than 2s (diagnostics for these may be reported out of order)
verus-proofs> • /nix/store/n2m6cr94fg56zqhj3hw82xjci322d0sk-trellis-verus-proof-source/src/cron_next.rs:147:5: 147:25 has finished in 3s
verus-proofs>   ⌝ while loop for lib::cron_next::next_occurrence
verus-proofs> • /nix/store/n2m6cr94fg56zqhj3hw82xjci322d0sk-trellis-verus-proof-source/src/nix_drv_serialize.rs:396:5: 396:28 has been running for 3s
verus-proofs> Some checks are taking longer than 2s (diagnostics for these may be reported out of order)
verus-proofs> • /nix/store/n2m6cr94fg56zqhj3hw82xjci322d0sk-trellis-verus-proof-source/src/cron_next.rs:147:5: 147:25 has finished in 3s
verus-proofs>   ⌝ while loop for lib::cron_next::next_occurrence
verus-proofs> • /nix/store/n2m6cr94fg56zqhj3hw82xjci322d0sk-trellis-verus-proof-source/src/nix_drv_serialize.rs:396:5: 396:28 has been running for 3s
verus-proofs> Some checks are taking longer than 2s (diagnostics for these may be reported out of order)
verus-proofs> • /nix/store/n2m6cr94fg56zqhj3hw82xjci322d0sk-trellis-verus-proof-source/src/cron_next.rs:147:5: 147:25 has finished in 3s
verus-proofs>   ⌝ while loop for lib::cron_next::next_occurrence
verus-proofs> • /nix/store/n2m6cr94fg56zqhj3hw82xjci322d0sk-trellis-verus-proof-source/src/nix_drv_serialize.rs:396:5: 396:28 has finished in 3s
verus-proofs> Some checks are taking longer than 2s (diagnostics for these may be reported out of order)
verus-proofs> • /nix/store/n2m6cr94fg56zqhj3hw82xjci322d0sk-trellis-verus-proof-source/src/cron_next.rs:147:5: 147:25 has finished in 3s
verus-proofs>   ⌝ while loop for lib::cron_next::next_occurrence
verus-proofs> • /nix/store/n2m6cr94fg56zqhj3hw82xjci322d0sk-trellis-verus-proof-source/src/nix_drv_serialize.rs:396:5: 396:28 has finished in 3s
verus-proofs> Some checks are taking longer than 2s (diagnostics for these may be reported out of order)
verus-proofs> • /nix/store/n2m6cr94fg56zqhj3hw82xjci322d0sk-trellis-verus-proof-source/src/cron_next.rs:147:5: 147:25 has finished in 3s
verus-proofs>   ⌝ while loop for lib::cron_next::next_occurrence
verus-proofs> • /nix/store/n2m6cr94fg56zqhj3hw82xjci322d0sk-trellis-verus-proof-source/src/nix_drv_serialize.rs:396:5: 396:28 has finished in 3s
verus-proofs>   ⌝ while loop for lib::nix_drv_serialize::serialize_outputs
verus-proofs> Some checks are taking longer than 2s (diagnostics for these may be reported out of order)
verus-proofs> • /nix/store/n2m6cr94fg56zqhj3hw82xjci322d0sk-trellis-verus-proof-source/src/cron_next.rs:147:5: 147:25 has finished in 3s
verus-proofs>   ⌝ while loop for lib::cron_next::next_occurrence
verus-proofs> • /nix/store/n2m6cr94fg56zqhj3hw82xjci322d0sk-trellis-verus-proof-source/src/nix_drv_serialize.rs:396:5: 396:28 has finished in 3s
verus-proofs>   ⌝ while loop for lib::nix_drv_serialize::serialize_outputs
verus-proofs> • /nix/store/n2m6cr94fg56zqhj3hw82xjci322d0sk-trellis-verus-proof-source/src/nix_drv_serialize.rs:438:5: 438:31 has been running for 2s
verus-proofs> Some checks are taking longer than 2s (diagnostics for these may be reported out of order)
verus-proofs> • /nix/store/n2m6cr94fg56zqhj3hw82xjci322d0sk-trellis-verus-proof-source/src/cron_next.rs:147:5: 147:25 has finished in 3s
verus-proofs>   ⌝ while loop for lib::cron_next::next_occurrence
verus-proofs> • /nix/store/n2m6cr94fg56zqhj3hw82xjci322d0sk-trellis-verus-proof-source/src/nix_drv_serialize.rs:396:5: 396:28 has finished in 3s
verus-proofs>   ⌝ while loop for lib::nix_drv_serialize::serialize_outputs
verus-proofs> • /nix/store/n2m6cr94fg56zqhj3hw82xjci322d0sk-trellis-verus-proof-source/src/nix_drv_serialize.rs:438:5: 438:31 has been running for 2s
verus-proofs> Some checks are taking longer than 2s (diagnostics for these may be reported out of order)
verus-proofs> • /nix/store/n2m6cr94fg56zqhj3hw82xjci322d0sk-trellis-verus-proof-source/src/cron_next.rs:147:5: 147:25 has finished in 3s
verus-proofs>   ⌝ while loop for lib::cron_next::next_occurrence
verus-proofs> • /nix/store/n2m6cr94fg56zqhj3hw82xjci322d0sk-trellis-verus-proof-source/src/nix_drv_serialize.rs:396:5: 396:28 has finished in 3s
verus-proofs>   ⌝ while loop for lib::nix_drv_serialize::serialize_outputs
verus-proofs> • /nix/store/n2m6cr94fg56zqhj3hw82xjci322d0sk-trellis-verus-proof-source/src/nix_drv_serialize.rs:438:5: 438:31 has been running for 2s
verus-proofs> Some checks are taking longer than 2s (diagnostics for these may be reported out of order)
verus-proofs> • /nix/store/n2m6cr94fg56zqhj3hw82xjci322d0sk-trellis-verus-proof-source/src/cron_next.rs:147:5: 147:25 has finished in 3s
verus-proofs>   ⌝ while loop for lib::cron_next::next_occurrence
verus-proofs> • /nix/store/n2m6cr94fg56zqhj3hw82xjci322d0sk-trellis-verus-proof-source/src/nix_drv_serialize.rs:396:5: 396:28 has finished in 3s
verus-proofs>   ⌝ while loop for lib::nix_drv_serialize::serialize_outputs
verus-proofs> • /nix/store/n2m6cr94fg56zqhj3hw82xjci322d0sk-trellis-verus-proof-source/src/nix_drv_serialize.rs:438:5: 438:31 has been running for 2s
verus-proofs> Some checks are taking longer than 2s (diagnostics for these may be reported out of order)
verus-proofs> • /nix/store/n2m6cr94fg56zqhj3hw82xjci322d0sk-trellis-verus-proof-source/src/cron_next.rs:147:5: 147:25 has finished in 3s
verus-proofs>   ⌝ while loop for lib::cron_next::next_occurrence
verus-proofs> • /nix/store/n2m6cr94fg56zqhj3hw82xjci322d0sk-trellis-verus-proof-source/src/nix_drv_serialize.rs:396:5: 396:28 has finished in 3s
verus-proofs>   ⌝ while loop for lib::nix_drv_serialize::serialize_outputs
verus-proofs> • /nix/store/n2m6cr94fg56zqhj3hw82xjci322d0sk-trellis-verus-proof-source/src/nix_drv_serialize.rs:438:5: 438:31 has finished in 2s
verus-proofs> Some checks are taking longer than 2s (diagnostics for these may be reported out of order)
verus-proofs> • /nix/store/n2m6cr94fg56zqhj3hw82xjci322d0sk-trellis-verus-proof-source/src/cron_next.rs:147:5: 147:25 has finished in 3s
verus-proofs>   ⌝ while loop for lib::cron_next::next_occurrence
verus-proofs> • /nix/store/n2m6cr94fg56zqhj3hw82xjci322d0sk-trellis-verus-proof-source/src/nix_drv_serialize.rs:396:5: 396:28 has finished in 3s
verus-proofs>   ⌝ while loop for lib::nix_drv_serialize::serialize_outputs
verus-proofs> • /nix/store/n2m6cr94fg56zqhj3hw82xjci322d0sk-trellis-verus-proof-source/src/nix_drv_serialize.rs:438:5: 438:31 has finished in 2s
verus-proofs> Some checks are taking longer than 2s (diagnostics for these may be reported out of order)
verus-proofs> • /nix/store/n2m6cr94fg56zqhj3hw82xjci322d0sk-trellis-verus-proof-source/src/cron_next.rs:147:5: 147:25 has finished in 3s
verus-proofs>   ⌝ while loop for lib::cron_next::next_occurrence
verus-proofs> • /nix/store/n2m6cr94fg56zqhj3hw82xjci322d0sk-trellis-verus-proof-source/src/nix_drv_serialize.rs:396:5: 396:28 has finished in 3s
verus-proofs>   ⌝ while loop for lib::nix_drv_serialize::serialize_outputs
verus-proofs> • /nix/store/n2m6cr94fg56zqhj3hw82xjci322d0sk-trellis-verus-proof-source/src/nix_drv_serialize.rs:438:5: 438:31 has finished in 2s
verus-proofs>   ⌝ while loop for lib::nix_drv_serialize::serialize_input_drvs
verus-proofs> Some checks are taking longer than 2s (diagnostics for these may be reported out of order)
verus-proofs> • /nix/store/n2m6cr94fg56zqhj3hw82xjci322d0sk-trellis-verus-proof-source/src/cron_next.rs:147:5: 147:25 has finished in 3s
verus-proofs>   ⌝ while loop for lib::cron_next::next_occurrence
verus-proofs> • /nix/store/n2m6cr94fg56zqhj3hw82xjci322d0sk-trellis-verus-proof-source/src/nix_drv_serialize.rs:396:5: 396:28 has finished in 3s
verus-proofs>   ⌝ while loop for lib::nix_drv_serialize::serialize_outputs
verus-proofs> • /nix/store/n2m6cr94fg56zqhj3hw82xjci322d0sk-trellis-verus-proof-source/src/nix_drv_serialize.rs:438:5: 438:31 has finished in 2s
verus-proofs>   ⌝ while loop for lib::nix_drv_serialize::serialize_input_drvs
verus-proofs> • /nix/store/n2m6cr94fg56zqhj3hw82xjci322d0sk-trellis-verus-proof-source/src/nix_drv_serialize.rs:480:1: 480:59 has been running for 2s
verus-proofs> Some checks are taking longer than 2s (diagnostics for these may be reported out of order)
verus-proofs> • /nix/store/n2m6cr94fg56zqhj3hw82xjci322d0sk-trellis-verus-proof-source/src/cron_next.rs:147:5: 147:25 has finished in 3s
verus-proofs>   ⌝ while loop for lib::cron_next::next_occurrence
verus-proofs> • /nix/store/n2m6cr94fg56zqhj3hw82xjci322d0sk-trellis-verus-proof-source/src/nix_drv_serialize.rs:396:5: 396:28 has finished in 3s
verus-proofs>   ⌝ while loop for lib::nix_drv_serialize::serialize_outputs
verus-proofs> • /nix/store/n2m6cr94fg56zqhj3hw82xjci322d0sk-trellis-verus-proof-source/src/nix_drv_serialize.rs:438:5: 438:31 has finished in 2s
verus-proofs>   ⌝ while loop for lib::nix_drv_serialize::serialize_input_drvs
verus-proofs> • /nix/store/n2m6cr94fg56zqhj3hw82xjci322d0sk-trellis-verus-proof-source/src/nix_drv_serialize.rs:480:1: 480:59 has been running for 2s
verus-proofs> Some checks are taking longer than 2s (diagnostics for these may be reported out of order)
verus-proofs> • /nix/store/n2m6cr94fg56zqhj3hw82xjci322d0sk-trellis-verus-proof-source/src/cron_next.rs:147:5: 147:25 has finished in 3s
verus-proofs>   ⌝ while loop for lib::cron_next::next_occurrence
verus-proofs> • /nix/store/n2m6cr94fg56zqhj3hw82xjci322d0sk-trellis-verus-proof-source/src/nix_drv_serialize.rs:396:5: 396:28 has finished in 3s
verus-proofs>   ⌝ while loop for lib::nix_drv_serialize::serialize_outputs
verus-proofs> • /nix/store/n2m6cr94fg56zqhj3hw82xjci322d0sk-trellis-verus-proof-source/src/nix_drv_serialize.rs:438:5: 438:31 has finished in 2s
verus-proofs>   ⌝ while loop for lib::nix_drv_serialize::serialize_input_drvs
verus-proofs> • /nix/store/n2m6cr94fg56zqhj3hw82xjci322d0sk-trellis-verus-proof-source/src/nix_drv_serialize.rs:480:1: 480:59 has been running for 2s
verus-proofs> Some checks are taking longer than 2s (diagnostics for these may be reported out of order)
verus-proofs> • /nix/store/n2m6cr94fg56zqhj3hw82xjci322d0sk-trellis-verus-proof-source/src/cron_next.rs:147:5: 147:25 has finished in 3s
verus-proofs>   ⌝ while loop for lib::cron_next::next_occurrence
verus-proofs> • /nix/store/n2m6cr94fg56zqhj3hw82xjci322d0sk-trellis-verus-proof-source/src/nix_drv_serialize.rs:396:5: 396:28 has finished in 3s
verus-proofs>   ⌝ while loop for lib::nix_drv_serialize::serialize_outputs
verus-proofs> • /nix/store/n2m6cr94fg56zqhj3hw82xjci322d0sk-trellis-verus-proof-source/src/nix_drv_serialize.rs:438:5: 438:31 has finished in 2s
verus-proofs>   ⌝ while loop for lib::nix_drv_serialize::serialize_input_drvs
verus-proofs> • /nix/store/n2m6cr94fg56zqhj3hw82xjci322d0sk-trellis-verus-proof-source/src/nix_drv_serialize.rs:480:1: 480:59 has been running for 2s
verus-proofs> Some checks are taking longer than 2s (diagnostics for these may be reported out of order)
verus-proofs> • /nix/store/n2m6cr94fg56zqhj3hw82xjci322d0sk-trellis-verus-proof-source/src/cron_next.rs:147:5: 147:25 has finished in 3s
verus-proofs>   ⌝ while loop for lib::cron_next::next_occurrence
verus-proofs> • /nix/store/n2m6cr94fg56zqhj3hw82xjci322d0sk-trellis-verus-proof-source/src/nix_drv_serialize.rs:396:5: 396:28 has finished in 3s
verus-proofs>   ⌝ while loop for lib::nix_drv_serialize::serialize_outputs
verus-proofs> • /nix/store/n2m6cr94fg56zqhj3hw82xjci322d0sk-trellis-verus-proof-source/src/nix_drv_serialize.rs:438:5: 438:31 has finished in 2s
verus-proofs>   ⌝ while loop for lib::nix_drv_serialize::serialize_input_drvs
verus-proofs> • /nix/store/n2m6cr94fg56zqhj3hw82xjci322d0sk-trellis-verus-proof-source/src/nix_drv_serialize.rs:480:1: 480:59 has been running for 3s
verus-proofs> Some checks are taking longer than 2s (diagnostics for these may be reported out of order)
verus-proofs> • /nix/store/n2m6cr94fg56zqhj3hw82xjci322d0sk-trellis-verus-proof-source/src/cron_next.rs:147:5: 147:25 has finished in 3s
verus-proofs>   ⌝ while loop for lib::cron_next::next_occurrence
verus-proofs> • /nix/store/n2m6cr94fg56zqhj3hw82xjci322d0sk-trellis-verus-proof-source/src/nix_drv_serialize.rs:396:5: 396:28 has finished in 3s
verus-proofs>   ⌝ while loop for lib::nix_drv_serialize::serialize_outputs
verus-proofs> • /nix/store/n2m6cr94fg56zqhj3hw82xjci322d0sk-trellis-verus-proof-source/src/nix_drv_serialize.rs:438:5: 438:31 has finished in 2s
verus-proofs>   ⌝ while loop for lib::nix_drv_serialize::serialize_input_drvs
verus-proofs> • /nix/store/n2m6cr94fg56zqhj3hw82xjci322d0sk-trellis-verus-proof-source/src/nix_drv_serialize.rs:480:1: 480:59 has finished in 3s
verus-proofs>   ⌝ function body check for lib::nix_drv_serialize::serialize_drv               verification results:: 10992 verified, 0 errors
verus-proofs> warning: 31 warnings emitted
verus-proofs>
verus-proofs> warning: function `MODE_READ` should have a snake case name
verus-proofs>   --> /nix/store/n2m6cr94fg56zqhj3hw82xjci322d0sk-trellis-verus-proof-source/src/access_mode.rs:26:18
verus-proofs>    |
verus-proofs> 26 | pub open spec fn MODE_READ() -> u8 { 0 }
verus-proofs>    |                  ^^^^^^^^^ help: convert the identifier to snake case: `mode_read`
verus-proofs>    |
verus-proofs>    = note: `#[warn(non_snake_case)]` (part of `#[warn(nonstandard_style)]`) on by default
verus-proofs>
verus-proofs> warning: function `MODE_WRITE` should have a snake case name
verus-proofs>   --> /nix/store/n2m6cr94fg56zqhj3hw82xjci322d0sk-trellis-verus-proof-source/src/access_mode.rs:28:18
verus-proofs>    |
verus-proofs> 28 | pub open spec fn MODE_WRITE() -> u8 { 1 }
verus-proofs>    |                  ^^^^^^^^^^ help: convert the identifier to snake case: `mode_write`
verus-proofs>
verus-proofs> warning: function `MODE_DELETE` should have a snake case name
verus-proofs>   --> /nix/store/n2m6cr94fg56zqhj3hw82xjci322d0sk-trellis-verus-proof-source/src/access_mode.rs:30:18
verus-proofs>    |
verus-proofs> 30 | pub open spec fn MODE_DELETE() -> u8 { 2 }
verus-proofs>    |                  ^^^^^^^^^^^ help: convert the identifier to snake case: `mode_delete`
verus-proofs>
verus-proofs> warning: function `MODE_FULL` should have a snake case name
verus-proofs>   --> /nix/store/n2m6cr94fg56zqhj3hw82xjci322d0sk-trellis-verus-proof-source/src/access_mode.rs:32:18
verus-proofs>    |
verus-proofs> 32 | pub open spec fn MODE_FULL() -> u8 { 3 }
verus-proofs>    |                  ^^^^^^^^^ help: convert the identifier to snake case: `mode_full`
verus-proofs>
verus-proofs> warning: function `NO_BUDGET` should have a snake case name
verus-proofs>    --> /nix/store/n2m6cr94fg56zqhj3hw82xjci322d0sk-trellis-verus-proof-source/src/cost_tracker.rs:251:18
verus-proofs>     |
verus-proofs> 251 | pub open spec fn NO_BUDGET() -> u8 { 0 }
verus-proofs>     |                  ^^^^^^^^^ help: convert the identifier to snake case: `no_budget`
verus-proofs>
verus-proofs> warning: function `BUDGET_OK` should have a snake case name
verus-proofs>    --> /nix/store/n2m6cr94fg56zqhj3hw82xjci322d0sk-trellis-verus-proof-source/src/cost_tracker.rs:252:18
verus-proofs>     |
verus-proofs> 252 | pub open spec fn BUDGET_OK() -> u8 { 1 }
verus-proofs>     |                  ^^^^^^^^^ help: convert the identifier to snake case: `budget_ok`
verus-proofs>
verus-proofs> warning: function `BUDGET_WARNING` should have a snake case name
verus-proofs>    --> /nix/store/n2m6cr94fg56zqhj3hw82xjci322d0sk-trellis-verus-proof-source/src/cost_tracker.rs:253:18
verus-proofs>     |
verus-proofs> 253 | pub open spec fn BUDGET_WARNING() -> u8 { 2 }
verus-proofs>     |                  ^^^^^^^^^^^^^^ help: convert the identifier to snake case: `budget_warning`
verus-proofs>
verus-proofs> warning: function `BUDGET_EXCEEDED` should have a snake case name
verus-proofs>    --> /nix/store/n2m6cr94fg56zqhj3hw82xjci322d0sk-trellis-verus-proof-source/src/cost_tracker.rs:254:18
verus-proofs>     |
verus-proofs> 254 | pub open spec fn BUDGET_EXCEEDED() -> u8 { 3 }
verus-proofs>     |                  ^^^^^^^^^^^^^^^ help: convert the identifier to snake case: `budget_exceeded`
verus-proofs>
verus-proofs> warning: function `ROLE_SMOL` should have a snake case name
verus-proofs>    --> /nix/store/n2m6cr94fg56zqhj3hw82xjci322d0sk-trellis-verus-proof-source/src/cost_tracker.rs:383:18
verus-proofs>     |
verus-proofs> 383 | pub open spec fn ROLE_SMOL() -> u8 { 0 }
verus-proofs>     |                  ^^^^^^^^^ help: convert the identifier to snake case: `role_smol`
verus-proofs>
verus-proofs> warning: function `ROLE_DEFAULT` should have a snake case name
verus-proofs>    --> /nix/store/n2m6cr94fg56zqhj3hw82xjci322d0sk-trellis-verus-proof-source/src/cost_tracker.rs:384:18
verus-proofs>     |
verus-proofs> 384 | pub open spec fn ROLE_DEFAULT() -> u8 { 1 }
verus-proofs>     |                  ^^^^^^^^^^^^ help: convert the identifier to snake case: `role_default`
verus-proofs>
verus-proofs> warning: function `ROLE_SLOW` should have a snake case name
verus-proofs>    --> /nix/store/n2m6cr94fg56zqhj3hw82xjci322d0sk-trellis-verus-proof-source/src/cost_tracker.rs:385:18
verus-proofs>     |
verus-proofs> 385 | pub open spec fn ROLE_SLOW() -> u8 { 2 }
verus-proofs>     |                  ^^^^^^^^^ help: convert the identifier to snake case: `role_slow`
verus-proofs>
verus-proofs> warning: function `MAX_DELEGATION_DEPTH` should have a snake case name
verus-proofs>   --> /nix/store/n2m6cr94fg56zqhj3hw82xjci322d0sk-trellis-verus-proof-source/src/delegation.rs:19:18
verus-proofs>    |
verus-proofs> 19 | pub open spec fn MAX_DELEGATION_DEPTH() -> u64 { 8 }
verus-proofs>    |                  ^^^^^^^^^^^^^^^^^^^^ help: convert the identifier to snake case: `max_delegation_depth`
verus-proofs>
verus-proofs> warning: function `V_DELEGATE` should have a snake case name
verus-proofs>   --> /nix/store/n2m6cr94fg56zqhj3hw82xjci322d0sk-trellis-verus-proof-source/src/delegation.rs:22:18
verus-proofs>    |
verus-proofs> 22 | pub open spec fn V_DELEGATE() -> u8 { 7 }
verus-proofs>    |                  ^^^^^^^^^^ help: convert the identifier to snake case: `v_delegate`
verus-proofs>
verus-proofs> warning: function `FS_PATH_SEG_EMPTY` should have a snake case name
verus-proofs>   --> /nix/store/n2m6cr94fg56zqhj3hw82xjci322d0sk-trellis-verus-proof-source/src/fs_path_segment.rs:12:18
verus-proofs>    |
verus-proofs> 12 | pub open spec fn FS_PATH_SEG_EMPTY() -> u8 { 0 }
verus-proofs>    |                  ^^^^^^^^^^^^^^^^^ help: convert the identifier to snake case: `fs_path_seg_empty`
verus-proofs>
verus-proofs> warning: function `FS_PATH_SEG_CURRENT` should have a snake case name
verus-proofs>   --> /nix/store/n2m6cr94fg56zqhj3hw82xjci322d0sk-trellis-verus-proof-source/src/fs_path_segment.rs:13:18
verus-proofs>    |
verus-proofs> 13 | pub open spec fn FS_PATH_SEG_CURRENT() -> u8 { 1 }
verus-proofs>    |                  ^^^^^^^^^^^^^^^^^^^ help: convert the identifier to snake case: `fs_path_seg_current`
verus-proofs>
verus-proofs> warning: function `FS_PATH_SEG_PARENT` should have a snake case name
verus-proofs>   --> /nix/store/n2m6cr94fg56zqhj3hw82xjci322d0sk-trellis-verus-proof-source/src/fs_path_segment.rs:14:18
verus-proofs>    |
verus-proofs> 14 | pub open spec fn FS_PATH_SEG_PARENT() -> u8 { 2 }
verus-proofs>    |                  ^^^^^^^^^^^^^^^^^^ help: convert the identifier to snake case: `fs_path_seg_parent`
verus-proofs>
verus-proofs> warning: function `FS_PATH_SEG_NORMAL` should have a snake case name
verus-proofs>   --> /nix/store/n2m6cr94fg56zqhj3hw82xjci322d0sk-trellis-verus-proof-source/src/fs_path_segment.rs:15:18
verus-proofs>    |
verus-proofs> 15 | pub open spec fn FS_PATH_SEG_NORMAL() -> u8 { 3 }
verus-proofs>    |                  ^^^^^^^^^^^^^^^^^^ help: convert the identifier to snake case: `fs_path_seg_normal`
verus-proofs>
verus-proofs> warning: function `FS_PATH_TRAVERSAL_ALLOW_ALL` should have a snake case name
verus-proofs>   --> /nix/store/n2m6cr94fg56zqhj3hw82xjci322d0sk-trellis-verus-proof-source/src/fs_path_traversal.rs:12:18
verus-proofs>    |
verus-proofs> 12 | pub open spec fn FS_PATH_TRAVERSAL_ALLOW_ALL() -> u8 { 0 }
verus-proofs>    |                  ^^^^^^^^^^^^^^^^^^^^^^^^^^^ help: convert the identifier to snake case: `fs_path_traversal_allow_all`
verus-proofs>
verus-proofs> warning: function `FS_PATH_TRAVERSAL_REJECT_PARENT` should have a snake case name
verus-proofs>   --> /nix/store/n2m6cr94fg56zqhj3hw82xjci322d0sk-trellis-verus-proof-source/src/fs_path_traversal.rs:13:18
verus-proofs>    |
verus-proofs> 13 | pub open spec fn FS_PATH_TRAVERSAL_REJECT_PARENT() -> u8 { 1 }
verus-proofs>    |                  ^^^^^^^^^^^^^^^^^^^^^^^^^^^^^^^ help: convert the identifier to snake case: `fs_path_traversal_reject_parent`
verus-proofs>
verus-proofs> warning: function `FS_PATH_TRAVERSAL_REJECT_CURRENT` should have a snake case name
verus-proofs>   --> /nix/store/n2m6cr94fg56zqhj3hw82xjci322d0sk-trellis-verus-proof-source/src/fs_path_traversal.rs:14:18
verus-proofs>    |
verus-proofs> 14 | pub open spec fn FS_PATH_TRAVERSAL_REJECT_CURRENT() -> u8 { 2 }
verus-proofs>    |                  ^^^^^^^^^^^^^^^^^^^^^^^^^^^^^^^^ help: convert the identifier to snake case: `fs_path_traversal_reject_current`
verus-proofs>
verus-proofs> warning: function `FS_PATH_TRAVERSAL_REJECT_BOTH` should have a snake case name
verus-proofs>   --> /nix/store/n2m6cr94fg56zqhj3hw82xjci322d0sk-trellis-verus-proof-source/src/fs_path_traversal.rs:15:18
verus-proofs>    |
verus-proofs> 15 | pub open spec fn FS_PATH_TRAVERSAL_REJECT_BOTH() -> u8 { 3 }
verus-proofs>    |                  ^^^^^^^^^^^^^^^^^^^^^^^^^^^^^ help: convert the identifier to snake case: `fs_path_traversal_reject_both`
verus-proofs>
verus-proofs> warning: function `GEOM_REL_DISJOINT` should have a snake case name
verus-proofs>  --> /nix/store/n2m6cr94fg56zqhj3hw82xjci322d0sk-trellis-verus-proof-source/src/geom_intersection.rs:6:18
verus-proofs>   |
verus-proofs> 6 | pub open spec fn GEOM_REL_DISJOINT() -> u8 { 0 }
verus-proofs>   |                  ^^^^^^^^^^^^^^^^^ help: convert the identifier to snake case: `geom_rel_disjoint`
verus-proofs>
verus-proofs> warning: function `GEOM_REL_TOUCHES` should have a snake case name
verus-proofs>  --> /nix/store/n2m6cr94fg56zqhj3hw82xjci322d0sk-trellis-verus-proof-source/src/geom_intersection.rs:7:18
verus-proofs>   |
verus-proofs> 7 | pub open spec fn GEOM_REL_TOUCHES() -> u8 { 1 }
verus-proofs>   |                  ^^^^^^^^^^^^^^^^ help: convert the identifier to snake case: `geom_rel_touches`
verus-proofs>
verus-proofs> warning: function `GEOM_REL_OVERLAPS` should have a snake case name
verus-proofs>  --> /nix/store/n2m6cr94fg56zqhj3hw82xjci322d0sk-trellis-verus-proof-source/src/geom_intersection.rs:8:18
verus-proofs>   |
verus-proofs> 8 | pub open spec fn GEOM_REL_OVERLAPS() -> u8 { 2 }
verus-proofs>   |                  ^^^^^^^^^^^^^^^^^ help: convert the identifier to snake case: `geom_rel_overlaps`
verus-proofs>
verus-proofs> warning: function `GEOM_ORIENT_DEGENERATE` should have a snake case name
verus-proofs>  --> /nix/store/n2m6cr94fg56zqhj3hw82xjci322d0sk-trellis-verus-proof-source/src/geom_orientation.rs:6:18
verus-proofs>   |
verus-proofs> 6 | pub open spec fn GEOM_ORIENT_DEGENERATE() -> u8 { 0 }
verus-proofs>   |                  ^^^^^^^^^^^^^^^^^^^^^^ help: convert the identifier to snake case: `geom_orient_degenerate`
verus-proofs>
verus-proofs> warning: function `GEOM_ORIENT_CLOCKWISE` should have a snake case name
verus-proofs>  --> /nix/store/n2m6cr94fg56zqhj3hw82xjci322d0sk-trellis-verus-proof-source/src/geom_orientation.rs:7:18
verus-proofs>   |
verus-proofs> 7 | pub open spec fn GEOM_ORIENT_CLOCKWISE() -> u8 { 1 }
verus-proofs>   |                  ^^^^^^^^^^^^^^^^^^^^^ help: convert the identifier to snake case: `geom_orient_clockwise`
verus-proofs>
verus-proofs> warning: function `GEOM_ORIENT_COUNTERCLOCKWISE` should have a snake case name
verus-proofs>  --> /nix/store/n2m6cr94fg56zqhj3hw82xjci322d0sk-trellis-verus-proof-source/src/geom_orientation.rs:8:18
verus-proofs>   |
verus-proofs> 8 | pub open spec fn GEOM_ORIENT_COUNTERCLOCKWISE() -> u8 { 2 }
verus-proofs>   |                  ^^^^^^^^^^^^^^^^^^^^^^^^^^^^ help: convert the identifier to snake case: `geom_orient_counterclockwise`
verus-proofs>
verus-proofs> warning: function `STAR` should have a snake case name
verus-proofs>   --> /nix/store/n2m6cr94fg56zqhj3hw82xjci322d0sk-trellis-verus-proof-source/src/glob.rs:18:18
verus-proofs>    |
verus-proofs> 18 | pub open spec fn STAR() -> u8 { 42 }
verus-proofs>    |                  ^^^^ help: convert the identifier to snake case: `star`
verus-proofs>
verus-proofs> warning: function `WILDCARD` should have a snake case name
verus-proofs>   --> /nix/store/n2m6cr94fg56zqhj3hw82xjci322d0sk-trellis-verus-proof-source/src/pattern.rs:20:18
verus-proofs>    |
verus-proofs> 20 | pub open spec fn WILDCARD() -> int { -1 }
verus-proofs>    |                  ^^^^^^^^ help: convert the identifier to snake case: `wildcard`
verus-proofs>
verus-proofs> warning: function `V_READ` should have a snake case name
verus-proofs>   --> /nix/store/n2m6cr94fg56zqhj3hw82xjci322d0sk-trellis-verus-proof-source/src/subsumption.rs:16:18
verus-proofs>    |
verus-proofs> 16 | pub open spec fn V_READ() -> u8 { 0 }
verus-proofs>    |                  ^^^^^^ help: convert the identifier to snake case: `v_read`
verus-proofs>
verus-proofs> warning: function `V_WRITE` should have a snake case name
verus-proofs>   --> /nix/store/n2m6cr94fg56zqhj3hw82xjci322d0sk-trellis-verus-proof-source/src/subsumption.rs:18:18
verus-proofs>    |
verus-proofs> 18 | pub open spec fn V_WRITE() -> u8 { 1 }
verus-proofs>    |                  ^^^^^^^ help: convert the identifier to snake case: `v_write`
verus-proofs>
verus-proofs> warning: function `V_DELETE` should have a snake case name
verus-proofs>   --> /nix/store/n2m6cr94fg56zqhj3hw82xjci322d0sk-trellis-verus-proof-source/src/subsumption.rs:20:18
verus-proofs>    |
verus-proofs> 20 | pub open spec fn V_DELETE() -> u8 { 2 }
verus-proofs>    |                  ^^^^^^^^ help: convert the identifier to snake case: `v_delete`
verus-proofs>
verus-proofs> warning: function `V_WATCH` should have a snake case name
verus-proofs>   --> /nix/store/n2m6cr94fg56zqhj3hw82xjci322d0sk-trellis-verus-proof-source/src/subsumption.rs:22:18
verus-proofs>    |
verus-proofs> 22 | pub open spec fn V_WATCH() -> u8 { 3 }
verus-proofs>    |                  ^^^^^^^ help: convert the identifier to snake case: `v_watch`
verus-proofs>
verus-proofs> warning: function `V_FULL` should have a snake case name
verus-proofs>   --> /nix/store/n2m6cr94fg56zqhj3hw82xjci322d0sk-trellis-verus-proof-source/src/subsumption.rs:24:18
verus-proofs>    |
verus-proofs> 24 | pub open spec fn V_FULL() -> u8 { 4 }
verus-proofs>    |                  ^^^^^^ help: convert the identifier to snake case: `v_full`
verus-proofs>
verus-proofs> warning: function `V_PROMPT` should have a snake case name
verus-proofs>   --> /nix/store/n2m6cr94fg56zqhj3hw82xjci322d0sk-trellis-verus-proof-source/src/subsumption.rs:26:18
verus-proofs>    |
verus-proofs> 26 | pub open spec fn V_PROMPT() -> u8 { 5 }
verus-proofs>    |                  ^^^^^^^^ help: convert the identifier to snake case: `v_prompt`
verus-proofs>
verus-proofs> warning: function `V_TOOL_USE` should have a snake case name
verus-proofs>   --> /nix/store/n2m6cr94fg56zqhj3hw82xjci322d0sk-trellis-verus-proof-source/src/subsumption.rs:28:18
verus-proofs>    |
verus-proofs> 28 | pub open spec fn V_TOOL_USE() -> u8 { 6 }
verus-proofs>    |                  ^^^^^^^^^^ help: convert the identifier to snake case: `v_tool_use`
verus-proofs>
verus-proofs> warning: function `V_DELEGATE` should have a snake case name
verus-proofs>   --> /nix/store/n2m6cr94fg56zqhj3hw82xjci322d0sk-trellis-verus-proof-source/src/subsumption.rs:30:18
verus-proofs>    |
verus-proofs> 30 | pub open spec fn V_DELEGATE() -> u8 { 7 }
verus-proofs>    |                  ^^^^^^^^^^ help: convert the identifier to snake case: `v_delegate`
verus-proofs>
verus-proofs> warning: function `COLD` should have a snake case name
verus-proofs>   --> /nix/store/n2m6cr94fg56zqhj3hw82xjci322d0sk-trellis-verus-proof-source/src/tier.rs:18:18
verus-proofs>    |
verus-proofs> 18 | pub open spec fn COLD() -> u8 { 0 }
verus-proofs>    |                  ^^^^ help: convert the identifier to snake case: `cold`
verus-proofs>
verus-proofs> warning: function `WARM` should have a snake case name
verus-proofs>   --> /nix/store/n2m6cr94fg56zqhj3hw82xjci322d0sk-trellis-verus-proof-source/src/tier.rs:20:18
verus-proofs>    |
verus-proofs> 20 | pub open spec fn WARM() -> u8 { 1 }
verus-proofs>    |                  ^^^^ help: convert the identifier to snake case: `warm`
verus-proofs>
verus-proofs> warning: function `HOT` should have a snake case name
verus-proofs>   --> /nix/store/n2m6cr94fg56zqhj3hw82xjci322d0sk-trellis-verus-proof-source/src/tier.rs:22:18
verus-proofs>    |
verus-proofs> 22 | pub open spec fn HOT() -> u8 { 2 }
verus-proofs>    |                  ^^^ help: convert the identifier to snake case: `hot`
verus-proofs>
verus-proofs> warning: function `TOKEN_CLOCK_SKEW_SECS` should have a snake case name
verus-proofs>   --> /nix/store/n2m6cr94fg56zqhj3hw82xjci322d0sk-trellis-verus-proof-source/src/token_timestamp.rs:12:18
verus-proofs>    |
verus-proofs> 12 | pub open spec fn TOKEN_CLOCK_SKEW_SECS() -> u64 { 60 }
verus-proofs>    |                  ^^^^^^^^^^^^^^^^^^^^^ help: convert the identifier to snake case: `token_clock_skew_secs`
verus-proofs>
verus-proofs> warning: function `MAX_CAPABILITIES_PER_TOKEN` should have a snake case name
verus-proofs>   --> /nix/store/n2m6cr94fg56zqhj3hw82xjci322d0sk-trellis-verus-proof-source/src/token_timestamp.rs:15:18
verus-proofs>    |
verus-proofs> 15 | pub open spec fn MAX_CAPABILITIES_PER_TOKEN() -> u64 { 32 }
verus-proofs>    |                  ^^^^^^^^^^^^^^^^^^^^^^^^^^ help: convert the identifier to snake case: `max_capabilities_per_token`
verus-proofs>
verus-proofs> warning: function `TRANSFER_OK` should have a snake case name
verus-proofs>   --> /nix/store/n2m6cr94fg56zqhj3hw82xjci322d0sk-trellis-verus-proof-source/src/transfer.rs:15:18
verus-proofs>    |
verus-proofs> 15 | pub open spec fn TRANSFER_OK() -> u8 { 0 }
verus-proofs>    |                  ^^^^^^^^^^^ help: convert the identifier to snake case: `transfer_ok`
verus-proofs>
verus-proofs> warning: function `INSUFFICIENT_FUNDS` should have a snake case name
verus-proofs>   --> /nix/store/n2m6cr94fg56zqhj3hw82xjci322d0sk-trellis-verus-proof-source/src/transfer.rs:17:18
verus-proofs>    |
verus-proofs> 17 | pub open spec fn INSUFFICIENT_FUNDS() -> u8 { 1 }
verus-proofs>    |                  ^^^^^^^^^^^^^^^^^^ help: convert the identifier to snake case: `insufficient_funds`
verus-proofs>
verus-proofs> warning: function `INVALID_AMOUNT` should have a snake case name
verus-proofs>   --> /nix/store/n2m6cr94fg56zqhj3hw82xjci322d0sk-trellis-verus-proof-source/src/transfer.rs:19:18
verus-proofs>    |
verus-proofs> 19 | pub open spec fn INVALID_AMOUNT() -> u8 { 2 }
verus-proofs>    |                  ^^^^^^^^^^^^^^ help: convert the identifier to snake case: `invalid_amount`
verus-proofs>
verus-proofs> warning: function `RECEIVER_OVERFLOW` should have a snake case name
verus-proofs>   --> /nix/store/n2m6cr94fg56zqhj3hw82xjci322d0sk-trellis-verus-proof-source/src/transfer.rs:21:18
verus-proofs>    |
verus-proofs> 21 | pub open spec fn RECEIVER_OVERFLOW() -> u8 { 3 }
verus-proofs>    |                  ^^^^^^^^^^^^^^^^^ help: convert the identifier to snake case: `receiver_overflow`
verus-proofs>
verus-proofs> warning: function `DUPLICATE_TRANSFER` should have a snake case name
verus-proofs>   --> /nix/store/n2m6cr94fg56zqhj3hw82xjci322d0sk-trellis-verus-proof-source/src/transfer.rs:23:18
verus-proofs>    |
verus-proofs> 23 | pub open spec fn DUPLICATE_TRANSFER() -> u8 { 4 }
verus-proofs>    |                  ^^^^^^^^^^^^^^^^^^ help: convert the identifier to snake case: `duplicate_transfer`
verus-proofs>
verus-proofs> warning: function `TYPE_STRING` should have a snake case name
verus-proofs>   --> /nix/store/n2m6cr94fg56zqhj3hw82xjci322d0sk-trellis-verus-proof-source/src/type_lattice.rs:16:18
verus-proofs>    |
verus-proofs> 16 | pub open spec fn TYPE_STRING() -> u8 { 0 }
verus-proofs>    |                  ^^^^^^^^^^^ help: convert the identifier to snake case: `type_string`
verus-proofs>
verus-proofs> warning: function `TYPE_INTEGER` should have a snake case name
verus-proofs>   --> /nix/store/n2m6cr94fg56zqhj3hw82xjci322d0sk-trellis-verus-proof-source/src/type_lattice.rs:18:18
verus-proofs>    |
verus-proofs> 18 | pub open spec fn TYPE_INTEGER() -> u8 { 1 }
verus-proofs>    |                  ^^^^^^^^^^^^ help: convert the identifier to snake case: `type_integer`
verus-proofs>
verus-proofs> warning: function `TYPE_FLOAT` should have a snake case name
verus-proofs>   --> /nix/store/n2m6cr94fg56zqhj3hw82xjci322d0sk-trellis-verus-proof-source/src/type_lattice.rs:20:18
verus-proofs>    |
verus-proofs> 20 | pub open spec fn TYPE_FLOAT() -> u8 { 2 }
verus-proofs>    |                  ^^^^^^^^^^ help: convert the identifier to snake case: `type_float`
verus-proofs>
verus-proofs> warning: function `TYPE_BOOLEAN` should have a snake case name
verus-proofs>   --> /nix/store/n2m6cr94fg56zqhj3hw82xjci322d0sk-trellis-verus-proof-source/src/type_lattice.rs:22:18
verus-proofs>    |
verus-proofs> 22 | pub open spec fn TYPE_BOOLEAN() -> u8 { 3 }
verus-proofs>    |                  ^^^^^^^^^^^^ help: convert the identifier to snake case: `type_boolean`
verus-proofs>
verus-proofs> warning: function `TYPE_DATE` should have a snake case name
verus-proofs>   --> /nix/store/n2m6cr94fg56zqhj3hw82xjci322d0sk-trellis-verus-proof-source/src/type_lattice.rs:24:18
verus-proofs>    |
verus-proofs> 24 | pub open spec fn TYPE_DATE() -> u8 { 4 }
verus-proofs>    |                  ^^^^^^^^^ help: convert the identifier to snake case: `type_date`
verus-proofs>
verus-proofs> warning: function `TYPE_DATETIME` should have a snake case name
verus-proofs>   --> /nix/store/n2m6cr94fg56zqhj3hw82xjci322d0sk-trellis-verus-proof-source/src/type_lattice.rs:26:18
verus-proofs>    |
verus-proofs> 26 | pub open spec fn TYPE_DATETIME() -> u8 { 5 }
verus-proofs>    |                  ^^^^^^^^^^^^^ help: convert the identifier to snake case: `type_datetime`
verus-proofs>
verus-proofs> warning: function `TYPE_ANY` should have a snake case name
verus-proofs>   --> /nix/store/n2m6cr94fg56zqhj3hw82xjci322d0sk-trellis-verus-proof-source/src/type_lattice.rs:28:18
verus-proofs>    |
verus-proofs> 28 | pub open spec fn TYPE_ANY() -> u8 { 6 }
verus-proofs>    |                  ^^^^^^^^ help: convert the identifier to snake case: `type_any`
verus-proofs>
verus-proofs> warning: 54 warnings emitted
verus-proofs>
✓ verus proofs pass

=== Tracey coverage ===
[2m2026-09-03T15:43:26.010885Z[0m [33m WARN[0m [2mtracey::daemon::client[0m[2m:[0m No PID file but endpoint exists at "/home/brittonr/.local/state/tracey/1cee77f410280d56/daemon.sock"; removing stale endpoint
[2m2026-09-03T15:43:26.011067Z[0m [32m INFO[0m [2mtracey::daemon::client[0m[2m:[0m Auto-starting daemon for /home/brittonr/git/OnixResearch/.worktrees/trellis-fenced-attempt-20260903
[2m2026-09-03T15:43:27.024701Z[0m [32m INFO[0m [2mtracey::daemon::client[0m[2m:[0m Starting daemon.
[2m2026-09-03T15:43:28.036847Z[0m [32m INFO[0m [2mtracey::daemon::client[0m[2m:[0m Starting daemon..
[2m2026-09-03T15:43:29.047999Z[0m [32m INFO[0m [2mtracey::daemon::client[0m[2m:[0m Starting daemon...
[2m2026-09-03T15:43:30.061285Z[0m [32m INFO[0m [2mtracey::daemon::client[0m[2m:[0m Starting daemon....
[2m2026-09-03T15:43:31.071724Z[0m [33m WARN[0m [2mtracey::daemon::client[0m[2m:[0m daemon client: connect_inner failed [3melapsed_ms[0m[2m=[0m5060 [3merror[0m[2m=[0mDaemon failed to start within 5s (last connect error: No such file or directory (os error 2)). Check logs at /home/brittonr/.local/state/tracey/1cee77f410280d56/daemon.log [3mcallsite[0m[2m=[0m/home/runner/work/tracey/tracey/crates/tracey/src/daemon/client.rs:50
Error: Cancelled

verified-logic/rust: 0 uncovered out of 2204 rules

---
→ Run `tracey query rule <rule-id>`
→ Run `tracey query uncovered --prefix <prefix>`

✓ no uncovered requirements

verified-logic/rust: 0 untested (impl but no verify) out of 2204 rules

---
→ Run `tracey query rule <rule-id>`
→ Run `tracey query untested --prefix <prefix>`

✓ no untested requirements

=== ALL CHECKS PASSED ===
