copying path '/nix/store/hhccdmpa2bhqbagn2zgmgrwjbcdinn55-source' from 'http://100.100.103.95:5000'...
warning: file 'nar/1pzq6dhayzd6kgyhjwqr1bwq468z36vp0al101havv6d0pw1fa40.nar?hash=hhccdmpa2bhqbagn2zgmgrwjbcdinn55' does not exist in binary cache 'http://100.100.103.95:5000'
   Vendoring addr2line v0.25.1 (/home/brittonr/.cargo/registry/src/index.crates.io-1949cf8c6b5b557f/addr2line-0.25.1) to vendor-deps/addr2line-0.25.1
   Vendoring adler2 v2.0.1 (/home/brittonr/.cargo/registry/src/index.crates.io-1949cf8c6b5b557f/adler2-2.0.1) to vendor-deps/adler2-2.0.1
   Vendoring aho-corasick v1.1.4 (/home/brittonr/.cargo/registry/src/index.crates.io-1949cf8c6b5b557f/aho-corasick-1.1.4) to vendor-deps/aho-corasick-1.1.4
   Vendoring aliasable v0.1.3 (/home/brittonr/.cargo/registry/src/index.crates.io-1949cf8c6b5b557f/aliasable-0.1.3) to vendor-deps/aliasable-0.1.3
   Vendoring allocator-api2 v0.2.21 (/home/brittonr/.cargo/registry/src/index.crates.io-1949cf8c6b5b557f/allocator-api2-0.2.21) to vendor-deps/allocator-api2-0.2.21
   Vendoring ambient-authority v0.0.2 (/home/brittonr/.cargo/registry/src/index.crates.io-1949cf8c6b5b557f/ambient-authority-0.0.2) to vendor-deps/ambient-authority-0.0.2
   Vendoring android_system_properties v0.1.5 (/home/brittonr/.cargo/registry/src/index.crates.io-1949cf8c6b5b557f/android_system_properties-0.1.5) to vendor-deps/android_system_properties-0.1.5
   Vendoring anes v0.1.6 (/home/brittonr/.cargo/registry/src/index.crates.io-1949cf8c6b5b557f/anes-0.1.6) to vendor-deps/anes-0.1.6
   Vendoring anstream v1.0.0 (/home/brittonr/.cargo/registry/src/index.crates.io-1949cf8c6b5b557f/anstream-1.0.0) to vendor-deps/anstream-1.0.0
   Vendoring anstyle v1.0.14 (/home/brittonr/.cargo/registry/src/index.crates.io-1949cf8c6b5b557f/anstyle-1.0.14) to vendor-deps/anstyle-1.0.14
   Vendoring anstyle-parse v1.0.0 (/home/brittonr/.cargo/registry/src/index.crates.io-1949cf8c6b5b557f/anstyle-parse-1.0.0) to vendor-deps/anstyle-parse-1.0.0
   Vendoring anstyle-query v1.1.5 (/home/brittonr/.cargo/registry/src/index.crates.io-1949cf8c6b5b557f/anstyle-query-1.1.5) to vendor-deps/anstyle-query-1.1.5
   Vendoring anstyle-wincon v3.0.11 (/home/brittonr/.cargo/registry/src/index.crates.io-1949cf8c6b5b557f/anstyle-wincon-3.0.11) to vendor-deps/anstyle-wincon-3.0.11
   Vendoring anyhow v1.0.102 (/home/brittonr/.cargo/registry/src/index.crates.io-1949cf8c6b5b557f/anyhow-1.0.102) to vendor-deps/anyhow-1.0.102
   Vendoring arbitrary v1.4.2 (/home/brittonr/.cargo/registry/src/index.crates.io-1949cf8c6b5b557f/arbitrary-1.4.2) to vendor-deps/arbitrary-1.4.2
   Vendoring arc-swap v1.9.1 (/home/brittonr/.cargo/registry/src/index.crates.io-1949cf8c6b5b557f/arc-swap-1.9.1) to vendor-deps/arc-swap-1.9.1
   Vendoring arraydeque v0.5.1 (/home/brittonr/.cargo/registry/src/index.crates.io-1949cf8c6b5b557f/arraydeque-0.5.1) to vendor-deps/arraydeque-0.5.1
   Vendoring arrayref v0.3.9 (/home/brittonr/.cargo/registry/src/index.crates.io-1949cf8c6b5b557f/arrayref-0.3.9) to vendor-deps/arrayref-0.3.9
   Vendoring arrayvec v0.5.2 (/home/brittonr/.cargo/registry/src/index.crates.io-1949cf8c6b5b557f/arrayvec-0.5.2) to vendor-deps/arrayvec-0.5.2
   Vendoring arrayvec v0.7.6 (/home/brittonr/.cargo/registry/src/index.crates.io-1949cf8c6b5b557f/arrayvec-0.7.6) to vendor-deps/arrayvec-0.7.6
   Vendoring artifact-auth-core v0.1.0 (ssh://git@github.com/OnixResearch/onix-artifact.git?rev=c932138d880ddf4c2967f4c024b489b5c0022bf1#c932138d) (/home/brittonr/.cargo/git/checkouts/onix-artifact-f38ddc6e3c688294/c932138/crates/artifact-auth-core) to vendor-deps/artifact-auth-core-0.1.0
   Vendoring artifact-auth-ed25519 v0.1.0 (ssh://git@github.com/OnixResearch/onix-artifact.git?rev=c932138d880ddf4c2967f4c024b489b5c0022bf1#c932138d) (/home/brittonr/.cargo/git/checkouts/onix-artifact-f38ddc6e3c688294/c932138/crates/artifact-auth-ed25519) to vendor-deps/artifact-auth-ed25519-0.1.0
   Vendoring ascii-canvas v4.0.0 (/home/brittonr/.cargo/registry/src/index.crates.io-1949cf8c6b5b557f/ascii-canvas-4.0.0) to vendor-deps/ascii-canvas-4.0.0
   Vendoring assert_cmd v2.2.0 (/home/brittonr/.cargo/registry/src/index.crates.io-1949cf8c6b5b557f/assert_cmd-2.2.0) to vendor-deps/assert_cmd-2.2.0
   Vendoring astral-tokio-tar v0.6.3 (/home/brittonr/.cargo/registry/src/index.crates.io-1949cf8c6b5b557f/astral-tokio-tar-0.6.3) to vendor-deps/astral-tokio-tar-0.6.3
   Vendoring async-channel v2.5.0 (/home/brittonr/.cargo/registry/src/index.crates.io-1949cf8c6b5b557f/async-channel-2.5.0) to vendor-deps/async-channel-2.5.0
   Vendoring async-compression v0.4.19 (/home/brittonr/.cargo/registry/src/index.crates.io-1949cf8c6b5b557f/async-compression-0.4.19) to vendor-deps/async-compression-0.4.19
   Vendoring async-io v2.6.0 (/home/brittonr/.cargo/registry/src/index.crates.io-1949cf8c6b5b557f/async-io-2.6.0) to vendor-deps/async-io-2.6.0
   Vendoring async-lock v3.4.2 (/home/brittonr/.cargo/registry/src/index.crates.io-1949cf8c6b5b557f/async-lock-3.4.2) to vendor-deps/async-lock-3.4.2
   Vendoring async-process v2.5.0 (/home/brittonr/.cargo/registry/src/index.crates.io-1949cf8c6b5b557f/async-process-2.5.0) to vendor-deps/async-process-2.5.0
   Vendoring async-signal v0.2.13 (/home/brittonr/.cargo/registry/src/index.crates.io-1949cf8c6b5b557f/async-signal-0.2.13) to vendor-deps/async-signal-0.2.13
   Vendoring async-stream v0.3.6 (/home/brittonr/.cargo/registry/src/index.crates.io-1949cf8c6b5b557f/async-stream-0.3.6) to vendor-deps/async-stream-0.3.6
   Vendoring async-stream-impl v0.3.6 (/home/brittonr/.cargo/registry/src/index.crates.io-1949cf8c6b5b557f/async-stream-impl-0.3.6) to vendor-deps/async-stream-impl-0.3.6
   Vendoring async-task v4.7.1 (/home/brittonr/.cargo/registry/src/index.crates.io-1949cf8c6b5b557f/async-task-4.7.1) to vendor-deps/async-task-4.7.1
   Vendoring async-trait v0.1.89 (/home/brittonr/.cargo/registry/src/index.crates.io-1949cf8c6b5b557f/async-trait-0.1.89) to vendor-deps/async-trait-0.1.89
   Vendoring atomic-waker v1.1.2 (/home/brittonr/.cargo/registry/src/index.crates.io-1949cf8c6b5b557f/atomic-waker-1.1.2) to vendor-deps/atomic-waker-1.1.2
   Vendoring auto_impl v1.3.0 (/home/brittonr/.cargo/registry/src/index.crates.io-1949cf8c6b5b557f/auto_impl-1.3.0) to vendor-deps/auto_impl-1.3.0
   Vendoring autocfg v1.5.0 (/home/brittonr/.cargo/registry/src/index.crates.io-1949cf8c6b5b557f/autocfg-1.5.0) to vendor-deps/autocfg-1.5.0
   Vendoring aws-lc-rs v1.16.2 (/home/brittonr/.cargo/registry/src/index.crates.io-1949cf8c6b5b557f/aws-lc-rs-1.16.2) to vendor-deps/aws-lc-rs-1.16.2
   Vendoring aws-lc-sys v0.39.1 (/home/brittonr/.cargo/registry/src/index.crates.io-1949cf8c6b5b557f/aws-lc-sys-0.39.1) to vendor-deps/aws-lc-sys-0.39.1
   Vendoring axum v0.8.8 (/home/brittonr/.cargo/registry/src/index.crates.io-1949cf8c6b5b557f/axum-0.8.8) to vendor-deps/axum-0.8.8
   Vendoring axum-core v0.5.6 (/home/brittonr/.cargo/registry/src/index.crates.io-1949cf8c6b5b557f/axum-core-0.5.6) to vendor-deps/axum-core-0.5.6
   Vendoring backtrace v0.3.76 (/home/brittonr/.cargo/registry/src/index.crates.io-1949cf8c6b5b557f/backtrace-0.3.76) to vendor-deps/backtrace-0.3.76
   Vendoring backtrace-ext v0.2.1 (/home/brittonr/.cargo/registry/src/index.crates.io-1949cf8c6b5b557f/backtrace-ext-0.2.1) to vendor-deps/backtrace-ext-0.2.1
   Vendoring base64 v0.22.1 (/home/brittonr/.cargo/registry/src/index.crates.io-1949cf8c6b5b557f/base64-0.22.1) to vendor-deps/base64-0.22.1
   Vendoring base64ct v1.8.3 (/home/brittonr/.cargo/registry/src/index.crates.io-1949cf8c6b5b557f/base64ct-1.8.3) to vendor-deps/base64ct-1.8.3
   Vendoring bigtable_rs v0.2.21 (/home/brittonr/.cargo/registry/src/index.crates.io-1949cf8c6b5b557f/bigtable_rs-0.2.21) to vendor-deps/bigtable_rs-0.2.21
   Vendoring bincode v1.3.3 (/home/brittonr/.cargo/registry/src/index.crates.io-1949cf8c6b5b557f/bincode-1.3.3) to vendor-deps/bincode-1.3.3
   Vendoring bit-set v0.8.0 (/home/brittonr/.cargo/registry/src/index.crates.io-1949cf8c6b5b557f/bit-set-0.8.0) to vendor-deps/bit-set-0.8.0
   Vendoring bit-vec v0.8.0 (/home/brittonr/.cargo/registry/src/index.crates.io-1949cf8c6b5b557f/bit-vec-0.8.0) to vendor-deps/bit-vec-0.8.0
   Vendoring bitflags v1.3.2 (/home/brittonr/.cargo/registry/src/index.crates.io-1949cf8c6b5b557f/bitflags-1.3.2) to vendor-deps/bitflags-1.3.2
   Vendoring bitflags v2.11.0 (/home/brittonr/.cargo/registry/src/index.crates.io-1949cf8c6b5b557f/bitflags-2.11.0) to vendor-deps/bitflags-2.11.0
   Vendoring bitmaps v3.2.1 (/home/brittonr/.cargo/registry/src/index.crates.io-1949cf8c6b5b557f/bitmaps-3.2.1) to vendor-deps/bitmaps-3.2.1
   Vendoring blake3 v1.8.2 (/home/brittonr/.cargo/registry/src/index.crates.io-1949cf8c6b5b557f/blake3-1.8.2) to vendor-deps/blake3-1.8.2
   Vendoring block-buffer v0.10.4 (/home/brittonr/.cargo/registry/src/index.crates.io-1949cf8c6b5b557f/block-buffer-0.10.4) to vendor-deps/block-buffer-0.10.4
   Vendoring block-buffer v0.12.1 (/home/brittonr/.cargo/registry/src/index.crates.io-1949cf8c6b5b557f/block-buffer-0.12.1) to vendor-deps/block-buffer-0.12.1
   Vendoring blocking v1.6.2 (/home/brittonr/.cargo/registry/src/index.crates.io-1949cf8c6b5b557f/blocking-1.6.2) to vendor-deps/blocking-1.6.2
   Vendoring bounded-tree-cap v0.1.0 (https://seed.radicle.garden/zqhtZvsteJhxCJE96dMAZSZ9y1PX.git?rev=b0fd0103bc9eed2c1b6d852045959462d105d8f1#b0fd0103) (/home/brittonr/.cargo/git/checkouts/zqhtZvsteJhxCJE96dMAZSZ9y1PX-2628db13093760d3/b0fd010/crates/bounded-tree-cap) to vendor-deps/bounded-tree-cap-0.1.0
   Vendoring bounded-tree-core v0.1.0 (https://seed.radicle.garden/zqhtZvsteJhxCJE96dMAZSZ9y1PX.git?rev=b0fd0103bc9eed2c1b6d852045959462d105d8f1#b0fd0103) (/home/brittonr/.cargo/git/checkouts/zqhtZvsteJhxCJE96dMAZSZ9y1PX-2628db13093760d3/b0fd010/crates/bounded-tree-core) to vendor-deps/bounded-tree-core-0.1.0
   Vendoring bstr v1.12.1 (/home/brittonr/.cargo/registry/src/index.crates.io-1949cf8c6b5b557f/bstr-1.12.1) to vendor-deps/bstr-1.12.1
   Vendoring bumpalo v3.20.2 (/home/brittonr/.cargo/registry/src/index.crates.io-1949cf8c6b5b557f/bumpalo-3.20.2) to vendor-deps/bumpalo-3.20.2
   Vendoring bytemuck v1.25.0 (/home/brittonr/.cargo/registry/src/index.crates.io-1949cf8c6b5b557f/bytemuck-1.25.0) to vendor-deps/bytemuck-1.25.0
   Vendoring byteorder v1.5.0 (/home/brittonr/.cargo/registry/src/index.crates.io-1949cf8c6b5b557f/byteorder-1.5.0) to vendor-deps/byteorder-1.5.0
   Vendoring bytes v1.11.1 (/home/brittonr/.cargo/registry/src/index.crates.io-1949cf8c6b5b557f/bytes-1.11.1) to vendor-deps/bytes-1.11.1
   Vendoring bytesize v2.3.1 (/home/brittonr/.cargo/registry/src/index.crates.io-1949cf8c6b5b557f/bytesize-2.3.1) to vendor-deps/bytesize-2.3.1
   Vendoring bzip2 v0.5.2 (/home/brittonr/.cargo/registry/src/index.crates.io-1949cf8c6b5b557f/bzip2-0.5.2) to vendor-deps/bzip2-0.5.2
   Vendoring bzip2 v0.6.1 (/home/brittonr/.cargo/registry/src/index.crates.io-1949cf8c6b5b557f/bzip2-0.6.1) to vendor-deps/bzip2-0.6.1
   Vendoring bzip2-rs v0.1.2 (/home/brittonr/.cargo/registry/src/index.crates.io-1949cf8c6b5b557f/bzip2-rs-0.1.2) to vendor-deps/bzip2-rs-0.1.2
   Vendoring bzip2-sys v0.1.13+1.0.8 (/home/brittonr/.cargo/registry/src/index.crates.io-1949cf8c6b5b557f/bzip2-sys-0.1.13+1.0.8) to vendor-deps/bzip2-sys-0.1.13+1.0.8
   Vendoring cap-fs-ext v4.0.2 (/home/brittonr/.cargo/registry/src/index.crates.io-1949cf8c6b5b557f/cap-fs-ext-4.0.2) to vendor-deps/cap-fs-ext-4.0.2
   Vendoring cap-primitives v4.0.2 (/home/brittonr/.cargo/registry/src/index.crates.io-1949cf8c6b5b557f/cap-primitives-4.0.2) to vendor-deps/cap-primitives-4.0.2
   Vendoring cap-std v4.0.2 (/home/brittonr/.cargo/registry/src/index.crates.io-1949cf8c6b5b557f/cap-std-4.0.2) to vendor-deps/cap-std-4.0.2
   Vendoring caps v0.5.6 (/home/brittonr/.cargo/registry/src/index.crates.io-1949cf8c6b5b557f/caps-0.5.6) to vendor-deps/caps-0.5.6
   Vendoring cast v0.3.0 (/home/brittonr/.cargo/registry/src/index.crates.io-1949cf8c6b5b557f/cast-0.3.0) to vendor-deps/cast-0.3.0
   Vendoring cc v1.2.59 (/home/brittonr/.cargo/registry/src/index.crates.io-1949cf8c6b5b557f/cc-1.2.59) to vendor-deps/cc-1.2.59
   Vendoring cesu8 v1.1.0 (/home/brittonr/.cargo/registry/src/index.crates.io-1949cf8c6b5b557f/cesu8-1.1.0) to vendor-deps/cesu8-1.1.0
   Vendoring cfg-if v1.0.4 (/home/brittonr/.cargo/registry/src/index.crates.io-1949cf8c6b5b557f/cfg-if-1.0.4) to vendor-deps/cfg-if-1.0.4
   Vendoring cfg_aliases v0.2.1 (/home/brittonr/.cargo/registry/src/index.crates.io-1949cf8c6b5b557f/cfg_aliases-0.2.1) to vendor-deps/cfg_aliases-0.2.1
   Vendoring chacha20 v0.10.0 (/home/brittonr/.cargo/registry/src/index.crates.io-1949cf8c6b5b557f/chacha20-0.10.0) to vendor-deps/chacha20-0.10.0
   Vendoring chapter-tgz v0.1.0 (/home/brittonr/.cargo/registry/src/index.crates.io-1949cf8c6b5b557f/chapter-tgz-0.1.0) to vendor-deps/chapter-tgz-0.1.0
   Vendoring chrono v0.4.44 (/home/brittonr/.cargo/registry/src/index.crates.io-1949cf8c6b5b557f/chrono-0.4.44) to vendor-deps/chrono-0.4.44
   Vendoring ciborium v0.2.2 (/home/brittonr/.cargo/registry/src/index.crates.io-1949cf8c6b5b557f/ciborium-0.2.2) to vendor-deps/ciborium-0.2.2
   Vendoring ciborium-io v0.2.2 (/home/brittonr/.cargo/registry/src/index.crates.io-1949cf8c6b5b557f/ciborium-io-0.2.2) to vendor-deps/ciborium-io-0.2.2
   Vendoring ciborium-ll v0.2.2 (/home/brittonr/.cargo/registry/src/index.crates.io-1949cf8c6b5b557f/ciborium-ll-0.2.2) to vendor-deps/ciborium-ll-0.2.2
   Vendoring clap v4.6.0 (/home/brittonr/.cargo/registry/src/index.crates.io-1949cf8c6b5b557f/clap-4.6.0) to vendor-deps/clap-4.6.0
   Vendoring clap-verbosity-flag v3.0.4 (/home/brittonr/.cargo/registry/src/index.crates.io-1949cf8c6b5b557f/clap-verbosity-flag-3.0.4) to vendor-deps/clap-verbosity-flag-3.0.4
   Vendoring clap_builder v4.6.0 (/home/brittonr/.cargo/registry/src/index.crates.io-1949cf8c6b5b557f/clap_builder-4.6.0) to vendor-deps/clap_builder-4.6.0
   Vendoring clap_derive v4.6.0 (/home/brittonr/.cargo/registry/src/index.crates.io-1949cf8c6b5b557f/clap_derive-4.6.0) to vendor-deps/clap_derive-4.6.0
   Vendoring clap_lex v1.1.0 (/home/brittonr/.cargo/registry/src/index.crates.io-1949cf8c6b5b557f/clap_lex-1.1.0) to vendor-deps/clap_lex-1.1.0
   Vendoring clru v0.6.3 (/home/brittonr/.cargo/registry/src/index.crates.io-1949cf8c6b5b557f/clru-0.6.3) to vendor-deps/clru-0.6.3
   Vendoring cmake v0.1.58 (/home/brittonr/.cargo/registry/src/index.crates.io-1949cf8c6b5b557f/cmake-0.1.58) to vendor-deps/cmake-0.1.58
   Vendoring cobs v0.3.0 (/home/brittonr/.cargo/registry/src/index.crates.io-1949cf8c6b5b557f/cobs-0.3.0) to vendor-deps/cobs-0.3.0
   Vendoring codespan v0.13.1 (/home/brittonr/.cargo/registry/src/index.crates.io-1949cf8c6b5b557f/codespan-0.13.1) to vendor-deps/codespan-0.13.1
   Vendoring codespan-reporting v0.13.1 (/home/brittonr/.cargo/registry/src/index.crates.io-1949cf8c6b5b557f/codespan-reporting-0.13.1) to vendor-deps/codespan-reporting-0.13.1
   Vendoring colorchoice v1.0.5 (/home/brittonr/.cargo/registry/src/index.crates.io-1949cf8c6b5b557f/colorchoice-1.0.5) to vendor-deps/colorchoice-1.0.5
   Vendoring colored v3.1.1 (/home/brittonr/.cargo/registry/src/index.crates.io-1949cf8c6b5b557f/colored-3.1.1) to vendor-deps/colored-3.1.1
   Vendoring combine v4.6.7 (/home/brittonr/.cargo/registry/src/index.crates.io-1949cf8c6b5b557f/combine-4.6.7) to vendor-deps/combine-4.6.7
   Vendoring concurrent-queue v2.5.0 (/home/brittonr/.cargo/registry/src/index.crates.io-1949cf8c6b5b557f/concurrent-queue-2.5.0) to vendor-deps/concurrent-queue-2.5.0
   Vendoring console v0.16.3 (/home/brittonr/.cargo/registry/src/index.crates.io-1949cf8c6b5b557f/console-0.16.3) to vendor-deps/console-0.16.3
   Vendoring const-oid v0.9.6 (/home/brittonr/.cargo/registry/src/index.crates.io-1949cf8c6b5b557f/const-oid-0.9.6) to vendor-deps/const-oid-0.9.6
   Vendoring constant_time_eq v0.3.1 (/home/brittonr/.cargo/registry/src/index.crates.io-1949cf8c6b5b557f/constant_time_eq-0.3.1) to vendor-deps/constant_time_eq-0.3.1
   Vendoring convert_case v0.10.0 (/home/brittonr/.cargo/registry/src/index.crates.io-1949cf8c6b5b557f/convert_case-0.10.0) to vendor-deps/convert_case-0.10.0
   Vendoring cordyceps v0.3.4 (/home/brittonr/.cargo/registry/src/index.crates.io-1949cf8c6b5b557f/cordyceps-0.3.4) to vendor-deps/cordyceps-0.3.4
   Vendoring core-foundation v0.9.4 (/home/brittonr/.cargo/registry/src/index.crates.io-1949cf8c6b5b557f/core-foundation-0.9.4) to vendor-deps/core-foundation-0.9.4
   Vendoring core-foundation v0.10.1 (/home/brittonr/.cargo/registry/src/index.crates.io-1949cf8c6b5b557f/core-foundation-0.10.1) to vendor-deps/core-foundation-0.10.1
   Vendoring core-foundation-sys v0.8.7 (/home/brittonr/.cargo/registry/src/index.crates.io-1949cf8c6b5b557f/core-foundation-sys-0.8.7) to vendor-deps/core-foundation-sys-0.8.7
   Vendoring count-write v0.1.0 (/home/brittonr/.cargo/registry/src/index.crates.io-1949cf8c6b5b557f/count-write-0.1.0) to vendor-deps/count-write-0.1.0
   Vendoring cpufeatures v0.2.17 (/home/brittonr/.cargo/registry/src/index.crates.io-1949cf8c6b5b557f/cpufeatures-0.2.17) to vendor-deps/cpufeatures-0.2.17
   Vendoring cpufeatures v0.3.0 (/home/brittonr/.cargo/registry/src/index.crates.io-1949cf8c6b5b557f/cpufeatures-0.3.0) to vendor-deps/cpufeatures-0.3.0
   Vendoring cranelift v0.116.1 (/home/brittonr/.cargo/registry/src/index.crates.io-1949cf8c6b5b557f/cranelift-0.116.1) to vendor-deps/cranelift-0.116.1
   Vendoring cranelift-bforest v0.116.1 (/home/brittonr/.cargo/registry/src/index.crates.io-1949cf8c6b5b557f/cranelift-bforest-0.116.1) to vendor-deps/cranelift-bforest-0.116.1
   Vendoring cranelift-bitset v0.116.1 (/home/brittonr/.cargo/registry/src/index.crates.io-1949cf8c6b5b557f/cranelift-bitset-0.116.1) to vendor-deps/cranelift-bitset-0.116.1
   Vendoring cranelift-codegen v0.116.1 (/home/brittonr/.cargo/registry/src/index.crates.io-1949cf8c6b5b557f/cranelift-codegen-0.116.1) to vendor-deps/cranelift-codegen-0.116.1
   Vendoring cranelift-codegen-meta v0.116.1 (/home/brittonr/.cargo/registry/src/index.crates.io-1949cf8c6b5b557f/cranelift-codegen-meta-0.116.1) to vendor-deps/cranelift-codegen-meta-0.116.1
   Vendoring cranelift-codegen-shared v0.116.1 (/home/brittonr/.cargo/registry/src/index.crates.io-1949cf8c6b5b557f/cranelift-codegen-shared-0.116.1) to vendor-deps/cranelift-codegen-shared-0.116.1
   Vendoring cranelift-control v0.116.1 (/home/brittonr/.cargo/registry/src/index.crates.io-1949cf8c6b5b557f/cranelift-control-0.116.1) to vendor-deps/cranelift-control-0.116.1
   Vendoring cranelift-entity v0.116.1 (/home/brittonr/.cargo/registry/src/index.crates.io-1949cf8c6b5b557f/cranelift-entity-0.116.1) to vendor-deps/cranelift-entity-0.116.1
   Vendoring cranelift-frontend v0.116.1 (/home/brittonr/.cargo/registry/src/index.crates.io-1949cf8c6b5b557f/cranelift-frontend-0.116.1) to vendor-deps/cranelift-frontend-0.116.1
   Vendoring cranelift-isle v0.116.1 (/home/brittonr/.cargo/registry/src/index.crates.io-1949cf8c6b5b557f/cranelift-isle-0.116.1) to vendor-deps/cranelift-isle-0.116.1
   Vendoring cranelift-jit v0.116.1 (/home/brittonr/.cargo/registry/src/index.crates.io-1949cf8c6b5b557f/cranelift-jit-0.116.1) to vendor-deps/cranelift-jit-0.116.1
   Vendoring cranelift-module v0.116.1 (/home/brittonr/.cargo/registry/src/index.crates.io-1949cf8c6b5b557f/cranelift-module-0.116.1) to vendor-deps/cranelift-module-0.116.1
   Vendoring cranelift-native v0.116.1 (/home/brittonr/.cargo/registry/src/index.crates.io-1949cf8c6b5b557f/cranelift-native-0.116.1) to vendor-deps/cranelift-native-0.116.1
   Vendoring crc v3.4.0 (/home/brittonr/.cargo/registry/src/index.crates.io-1949cf8c6b5b557f/crc-3.4.0) to vendor-deps/crc-3.4.0
   Vendoring crc-catalog v2.4.0 (/home/brittonr/.cargo/registry/src/index.crates.io-1949cf8c6b5b557f/crc-catalog-2.4.0) to vendor-deps/crc-catalog-2.4.0
   Vendoring crc-fast v1.10.0 (/home/brittonr/.cargo/registry/src/index.crates.io-1949cf8c6b5b557f/crc-fast-1.10.0) to vendor-deps/crc-fast-1.10.0
   Vendoring crc32fast v1.5.0 (/home/brittonr/.cargo/registry/src/index.crates.io-1949cf8c6b5b557f/crc32fast-1.5.0) to vendor-deps/crc32fast-1.5.0
   Vendoring crc64 v1.0.0 (/home/brittonr/.cargo/registry/src/index.crates.io-1949cf8c6b5b557f/crc64-1.0.0) to vendor-deps/crc64-1.0.0
   Vendoring crc64 v2.0.0 (/home/brittonr/.cargo/registry/src/index.crates.io-1949cf8c6b5b557f/crc64-2.0.0) to vendor-deps/crc64-2.0.0
   Vendoring criterion v0.5.1 (/home/brittonr/.cargo/registry/src/index.crates.io-1949cf8c6b5b557f/criterion-0.5.1) to vendor-deps/criterion-0.5.1
   Vendoring criterion-plot v0.5.0 (/home/brittonr/.cargo/registry/src/index.crates.io-1949cf8c6b5b557f/criterion-plot-0.5.0) to vendor-deps/criterion-plot-0.5.0
   Vendoring crossbeam-channel v0.5.15 (/home/brittonr/.cargo/registry/src/index.crates.io-1949cf8c6b5b557f/crossbeam-channel-0.5.15) to vendor-deps/crossbeam-channel-0.5.15
   Vendoring crossbeam-deque v0.8.6 (/home/brittonr/.cargo/registry/src/index.crates.io-1949cf8c6b5b557f/crossbeam-deque-0.8.6) to vendor-deps/crossbeam-deque-0.8.6
   Vendoring crossbeam-epoch v0.9.20 (/home/brittonr/.cargo/registry/src/index.crates.io-1949cf8c6b5b557f/crossbeam-epoch-0.9.20) to vendor-deps/crossbeam-epoch-0.9.20
   Vendoring crossbeam-utils v0.8.21 (/home/brittonr/.cargo/registry/src/index.crates.io-1949cf8c6b5b557f/crossbeam-utils-0.8.21) to vendor-deps/crossbeam-utils-0.8.21
   Vendoring crossterm v0.29.0 (/home/brittonr/.cargo/registry/src/index.crates.io-1949cf8c6b5b557f/crossterm-0.29.0) to vendor-deps/crossterm-0.29.0
   Vendoring crossterm_winapi v0.9.1 (/home/brittonr/.cargo/registry/src/index.crates.io-1949cf8c6b5b557f/crossterm_winapi-0.9.1) to vendor-deps/crossterm_winapi-0.9.1
   Vendoring crunchy v0.2.4 (/home/brittonr/.cargo/registry/src/index.crates.io-1949cf8c6b5b557f/crunchy-0.2.4) to vendor-deps/crunchy-0.2.4
   Vendoring crypto-common v0.1.7 (/home/brittonr/.cargo/registry/src/index.crates.io-1949cf8c6b5b557f/crypto-common-0.1.7) to vendor-deps/crypto-common-0.1.7
   Vendoring crypto-common v0.2.2 (/home/brittonr/.cargo/registry/src/index.crates.io-1949cf8c6b5b557f/crypto-common-0.2.2) to vendor-deps/crypto-common-0.2.2
   Vendoring curve25519-dalek v4.1.3 (/home/brittonr/.cargo/registry/src/index.crates.io-1949cf8c6b5b557f/curve25519-dalek-4.1.3) to vendor-deps/curve25519-dalek-4.1.3
   Vendoring curve25519-dalek-derive v0.1.1 (/home/brittonr/.cargo/registry/src/index.crates.io-1949cf8c6b5b557f/curve25519-dalek-derive-0.1.1) to vendor-deps/curve25519-dalek-derive-0.1.1
   Vendoring darling v0.20.11 (/home/brittonr/.cargo/registry/src/index.crates.io-1949cf8c6b5b557f/darling-0.20.11) to vendor-deps/darling-0.20.11
   Vendoring darling v0.21.3 (/home/brittonr/.cargo/registry/src/index.crates.io-1949cf8c6b5b557f/darling-0.21.3) to vendor-deps/darling-0.21.3
   Vendoring darling v0.23.0 (/home/brittonr/.cargo/registry/src/index.crates.io-1949cf8c6b5b557f/darling-0.23.0) to vendor-deps/darling-0.23.0
   Vendoring darling_core v0.20.11 (/home/brittonr/.cargo/registry/src/index.crates.io-1949cf8c6b5b557f/darling_core-0.20.11) to vendor-deps/darling_core-0.20.11
   Vendoring darling_core v0.21.3 (/home/brittonr/.cargo/registry/src/index.crates.io-1949cf8c6b5b557f/darling_core-0.21.3) to vendor-deps/darling_core-0.21.3
   Vendoring darling_core v0.23.0 (/home/brittonr/.cargo/registry/src/index.crates.io-1949cf8c6b5b557f/darling_core-0.23.0) to vendor-deps/darling_core-0.23.0
   Vendoring darling_macro v0.20.11 (/home/brittonr/.cargo/registry/src/index.crates.io-1949cf8c6b5b557f/darling_macro-0.20.11) to vendor-deps/darling_macro-0.20.11
   Vendoring darling_macro v0.21.3 (/home/brittonr/.cargo/registry/src/index.crates.io-1949cf8c6b5b557f/darling_macro-0.21.3) to vendor-deps/darling_macro-0.21.3
   Vendoring darling_macro v0.23.0 (/home/brittonr/.cargo/registry/src/index.crates.io-1949cf8c6b5b557f/darling_macro-0.23.0) to vendor-deps/darling_macro-0.23.0
   Vendoring dashmap v6.1.0 (/home/brittonr/.cargo/registry/src/index.crates.io-1949cf8c6b5b557f/dashmap-6.1.0) to vendor-deps/dashmap-6.1.0
   Vendoring data-encoding v2.10.0 (/home/brittonr/.cargo/registry/src/index.crates.io-1949cf8c6b5b557f/data-encoding-2.10.0) to vendor-deps/data-encoding-2.10.0
   Vendoring dbs-snapshot v1.5.2 (/home/brittonr/.cargo/registry/src/index.crates.io-1949cf8c6b5b557f/dbs-snapshot-1.5.2) to vendor-deps/dbs-snapshot-1.5.2
   Vendoring der v0.7.10 (/home/brittonr/.cargo/registry/src/index.crates.io-1949cf8c6b5b557f/der-0.7.10) to vendor-deps/der-0.7.10
   Vendoring deranged v0.5.8 (/home/brittonr/.cargo/registry/src/index.crates.io-1949cf8c6b5b557f/deranged-0.5.8) to vendor-deps/deranged-0.5.8
   Vendoring derive_builder v0.20.2 (/home/brittonr/.cargo/registry/src/index.crates.io-1949cf8c6b5b557f/derive_builder-0.20.2) to vendor-deps/derive_builder-0.20.2
   Vendoring derive_builder_core v0.20.2 (/home/brittonr/.cargo/registry/src/index.crates.io-1949cf8c6b5b557f/derive_builder_core-0.20.2) to vendor-deps/derive_builder_core-0.20.2
   Vendoring derive_builder_macro v0.20.2 (/home/brittonr/.cargo/registry/src/index.crates.io-1949cf8c6b5b557f/derive_builder_macro-0.20.2) to vendor-deps/derive_builder_macro-0.20.2
   Vendoring derive_more v2.1.1 (/home/brittonr/.cargo/registry/src/index.crates.io-1949cf8c6b5b557f/derive_more-2.1.1) to vendor-deps/derive_more-2.1.1
   Vendoring derive_more-impl v2.1.1 (/home/brittonr/.cargo/registry/src/index.crates.io-1949cf8c6b5b557f/derive_more-impl-2.1.1) to vendor-deps/derive_more-impl-2.1.1
   Vendoring detect-coding-agent v0.1.0 (/home/brittonr/.cargo/registry/src/index.crates.io-1949cf8c6b5b557f/detect-coding-agent-0.1.0) to vendor-deps/detect-coding-agent-0.1.0
   Vendoring diatomic-waker v0.2.3 (/home/brittonr/.cargo/registry/src/index.crates.io-1949cf8c6b5b557f/diatomic-waker-0.2.3) to vendor-deps/diatomic-waker-0.2.3
   Vendoring diff v0.1.13 (/home/brittonr/.cargo/registry/src/index.crates.io-1949cf8c6b5b557f/diff-0.1.13) to vendor-deps/diff-0.1.13
   Vendoring difflib v0.4.0 (/home/brittonr/.cargo/registry/src/index.crates.io-1949cf8c6b5b557f/difflib-0.4.0) to vendor-deps/difflib-0.4.0
   Vendoring digest v0.10.7 (/home/brittonr/.cargo/registry/src/index.crates.io-1949cf8c6b5b557f/digest-0.10.7) to vendor-deps/digest-0.10.7
   Vendoring digest v0.11.3 (/home/brittonr/.cargo/registry/src/index.crates.io-1949cf8c6b5b557f/digest-0.11.3) to vendor-deps/digest-0.11.3
   Vendoring displaydoc v0.2.5 (/home/brittonr/.cargo/registry/src/index.crates.io-1949cf8c6b5b557f/displaydoc-0.2.5) to vendor-deps/displaydoc-0.2.5
   Vendoring document-features v0.2.12 (/home/brittonr/.cargo/registry/src/index.crates.io-1949cf8c6b5b557f/document-features-0.2.12) to vendor-deps/document-features-0.2.12
   Vendoring dotenvy v0.15.7 (/home/brittonr/.cargo/registry/src/index.crates.io-1949cf8c6b5b557f/dotenvy-0.15.7) to vendor-deps/dotenvy-0.15.7
   Vendoring downcast v0.11.0 (/home/brittonr/.cargo/registry/src/index.crates.io-1949cf8c6b5b557f/downcast-0.11.0) to vendor-deps/downcast-0.11.0
   Vendoring dunce v1.0.5 (/home/brittonr/.cargo/registry/src/index.crates.io-1949cf8c6b5b557f/dunce-1.0.5) to vendor-deps/dunce-1.0.5
   Vendoring durable-file-publication v0.1.0 (https://git.onix.computer/z3tAR4For7qw8ZirkJzoDw1VNDDLM.git?rev=951c27f59003cea9bfdb40ed4d89653d50fada1f#951c27f5) (/home/brittonr/.cargo/git/checkouts/z3tAR4For7qw8ZirkJzoDw1VNDDLM-5d555085575976de/951c27f) to vendor-deps/durable-file-publication-0.1.0
   Vendoring dyn-clone v1.0.20 (/home/brittonr/.cargo/registry/src/index.crates.io-1949cf8c6b5b557f/dyn-clone-1.0.20) to vendor-deps/dyn-clone-1.0.20
   Vendoring ed25519 v2.2.3 (/home/brittonr/.cargo/registry/src/index.crates.io-1949cf8c6b5b557f/ed25519-2.2.3) to vendor-deps/ed25519-2.2.3
   Vendoring ed25519-dalek v2.2.0 (/home/brittonr/.cargo/registry/src/index.crates.io-1949cf8c6b5b557f/ed25519-dalek-2.2.0) to vendor-deps/ed25519-dalek-2.2.0
   Vendoring either v1.15.0 (/home/brittonr/.cargo/registry/src/index.crates.io-1949cf8c6b5b557f/either-1.15.0) to vendor-deps/either-1.15.0
   Vendoring embedded-io v0.4.0 (/home/brittonr/.cargo/registry/src/index.crates.io-1949cf8c6b5b557f/embedded-io-0.4.0) to vendor-deps/embedded-io-0.4.0
   Vendoring embedded-io v0.6.1 (/home/brittonr/.cargo/registry/src/index.crates.io-1949cf8c6b5b557f/embedded-io-0.6.1) to vendor-deps/embedded-io-0.6.1
   Vendoring ena v0.14.4 (/home/brittonr/.cargo/registry/src/index.crates.io-1949cf8c6b5b557f/ena-0.14.4) to vendor-deps/ena-0.14.4
   Vendoring encode_unicode v1.0.0 (/home/brittonr/.cargo/registry/src/index.crates.io-1949cf8c6b5b557f/encode_unicode-1.0.0) to vendor-deps/encode_unicode-1.0.0
   Vendoring encoding_rs v0.8.35 (/home/brittonr/.cargo/registry/src/index.crates.io-1949cf8c6b5b557f/encoding_rs-0.8.35) to vendor-deps/encoding_rs-0.8.35
   Vendoring endian-type v0.1.2 (/home/brittonr/.cargo/registry/src/index.crates.io-1949cf8c6b5b557f/endian-type-0.1.2) to vendor-deps/endian-type-0.1.2
   Vendoring enumset v1.1.10 (/home/brittonr/.cargo/registry/src/index.crates.io-1949cf8c6b5b557f/enumset-1.1.10) to vendor-deps/enumset-1.1.10
   Vendoring enumset_derive v0.14.0 (/home/brittonr/.cargo/registry/src/index.crates.io-1949cf8c6b5b557f/enumset_derive-0.14.0) to vendor-deps/enumset_derive-0.14.0
   Vendoring equivalent v1.0.2 (/home/brittonr/.cargo/registry/src/index.crates.io-1949cf8c6b5b557f/equivalent-1.0.2) to vendor-deps/equivalent-1.0.2
   Vendoring erased-serde v0.4.10 (/home/brittonr/.cargo/registry/src/index.crates.io-1949cf8c6b5b557f/erased-serde-0.4.10) to vendor-deps/erased-serde-0.4.10
   Vendoring errno v0.3.14 (/home/brittonr/.cargo/registry/src/index.crates.io-1949cf8c6b5b557f/errno-0.3.14) to vendor-deps/errno-0.3.14
   Vendoring etcetera v0.11.0 (/home/brittonr/.cargo/registry/src/index.crates.io-1949cf8c6b5b557f/etcetera-0.11.0) to vendor-deps/etcetera-0.11.0
   Vendoring event-listener v5.4.1 (/home/brittonr/.cargo/registry/src/index.crates.io-1949cf8c6b5b557f/event-listener-5.4.1) to vendor-deps/event-listener-5.4.1
   Vendoring event-listener-strategy v0.5.4 (/home/brittonr/.cargo/registry/src/index.crates.io-1949cf8c6b5b557f/event-listener-strategy-0.5.4) to vendor-deps/event-listener-strategy-0.5.4
   Vendoring fallible-iterator v0.3.0 (/home/brittonr/.cargo/registry/src/index.crates.io-1949cf8c6b5b557f/fallible-iterator-0.3.0) to vendor-deps/fallible-iterator-0.3.0
   Vendoring fastcdc v3.2.1 (/home/brittonr/.cargo/registry/src/index.crates.io-1949cf8c6b5b557f/fastcdc-3.2.1) to vendor-deps/fastcdc-3.2.1
   Vendoring faster-hex v0.10.0 (/home/brittonr/.cargo/registry/src/index.crates.io-1949cf8c6b5b557f/faster-hex-0.10.0) to vendor-deps/faster-hex-0.10.0
   Vendoring fastrand v2.4.1 (/home/brittonr/.cargo/registry/src/index.crates.io-1949cf8c6b5b557f/fastrand-2.4.1) to vendor-deps/fastrand-2.4.1
   Vendoring fiat-crypto v0.2.9 (/home/brittonr/.cargo/registry/src/index.crates.io-1949cf8c6b5b557f/fiat-crypto-0.2.9) to vendor-deps/fiat-crypto-0.2.9
   Vendoring filetime v0.2.27 (/home/brittonr/.cargo/registry/src/index.crates.io-1949cf8c6b5b557f/filetime-0.2.27) to vendor-deps/filetime-0.2.27
   Vendoring find-msvc-tools v0.1.9 (/home/brittonr/.cargo/registry/src/index.crates.io-1949cf8c6b5b557f/find-msvc-tools-0.1.9) to vendor-deps/find-msvc-tools-0.1.9
   Vendoring fixedbitset v0.4.2 (/home/brittonr/.cargo/registry/src/index.crates.io-1949cf8c6b5b557f/fixedbitset-0.4.2) to vendor-deps/fixedbitset-0.4.2
   Vendoring fixedbitset v0.5.7 (/home/brittonr/.cargo/registry/src/index.crates.io-1949cf8c6b5b557f/fixedbitset-0.5.7) to vendor-deps/fixedbitset-0.5.7
   Vendoring flate2 v1.1.9 (/home/brittonr/.cargo/registry/src/index.crates.io-1949cf8c6b5b557f/flate2-1.1.9) to vendor-deps/flate2-1.1.9
   Vendoring float-cmp v0.10.0 (/home/brittonr/.cargo/registry/src/index.crates.io-1949cf8c6b5b557f/float-cmp-0.10.0) to vendor-deps/float-cmp-0.10.0
   Vendoring fnv v1.0.7 (/home/brittonr/.cargo/registry/src/index.crates.io-1949cf8c6b5b557f/fnv-1.0.7) to vendor-deps/fnv-1.0.7
   Vendoring foldhash v0.1.5 (/home/brittonr/.cargo/registry/src/index.crates.io-1949cf8c6b5b557f/foldhash-0.1.5) to vendor-deps/foldhash-0.1.5
   Vendoring foldhash v0.2.0 (/home/brittonr/.cargo/registry/src/index.crates.io-1949cf8c6b5b557f/foldhash-0.2.0) to vendor-deps/foldhash-0.2.0
   Vendoring form_urlencoded v1.2.2 (/home/brittonr/.cargo/registry/src/index.crates.io-1949cf8c6b5b557f/form_urlencoded-1.2.2) to vendor-deps/form_urlencoded-1.2.2
   Vendoring fragile v2.1.0 (/home/brittonr/.cargo/registry/src/index.crates.io-1949cf8c6b5b557f/fragile-2.1.0) to vendor-deps/fragile-2.1.0
   Vendoring fs-set-times v0.20.3 (/home/brittonr/.cargo/registry/src/index.crates.io-1949cf8c6b5b557f/fs-set-times-0.20.3) to vendor-deps/fs-set-times-0.20.3
   Vendoring fs2 v0.4.3 (/home/brittonr/.cargo/registry/src/index.crates.io-1949cf8c6b5b557f/fs2-0.4.3) to vendor-deps/fs2-0.4.3
   Vendoring fs_extra v1.3.0 (/home/brittonr/.cargo/registry/src/index.crates.io-1949cf8c6b5b557f/fs_extra-1.3.0) to vendor-deps/fs_extra-1.3.0
   Vendoring futures v0.3.32 (/home/brittonr/.cargo/registry/src/index.crates.io-1949cf8c6b5b557f/futures-0.3.32) to vendor-deps/futures-0.3.32
   Vendoring futures-buffered v0.2.13 (/home/brittonr/.cargo/registry/src/index.crates.io-1949cf8c6b5b557f/futures-buffered-0.2.13) to vendor-deps/futures-buffered-0.2.13
   Vendoring futures-channel v0.3.32 (/home/brittonr/.cargo/registry/src/index.crates.io-1949cf8c6b5b557f/futures-channel-0.3.32) to vendor-deps/futures-channel-0.3.32
   Vendoring futures-core v0.3.32 (/home/brittonr/.cargo/registry/src/index.crates.io-1949cf8c6b5b557f/futures-core-0.3.32) to vendor-deps/futures-core-0.3.32
   Vendoring futures-executor v0.3.32 (/home/brittonr/.cargo/registry/src/index.crates.io-1949cf8c6b5b557f/futures-executor-0.3.32) to vendor-deps/futures-executor-0.3.32
   Vendoring futures-io v0.3.32 (/home/brittonr/.cargo/registry/src/index.crates.io-1949cf8c6b5b557f/futures-io-0.3.32) to vendor-deps/futures-io-0.3.32
   Vendoring futures-lite v2.6.1 (/home/brittonr/.cargo/registry/src/index.crates.io-1949cf8c6b5b557f/futures-lite-2.6.1) to vendor-deps/futures-lite-2.6.1
   Vendoring futures-macro v0.3.32 (/home/brittonr/.cargo/registry/src/index.crates.io-1949cf8c6b5b557f/futures-macro-0.3.32) to vendor-deps/futures-macro-0.3.32
   Vendoring futures-sink v0.3.32 (/home/brittonr/.cargo/registry/src/index.crates.io-1949cf8c6b5b557f/futures-sink-0.3.32) to vendor-deps/futures-sink-0.3.32
   Vendoring futures-task v0.3.32 (/home/brittonr/.cargo/registry/src/index.crates.io-1949cf8c6b5b557f/futures-task-0.3.32) to vendor-deps/futures-task-0.3.32
   Vendoring futures-util v0.3.32 (/home/brittonr/.cargo/registry/src/index.crates.io-1949cf8c6b5b557f/futures-util-0.3.32) to vendor-deps/futures-util-0.3.32
   Vendoring fuzzy-matcher v0.3.7 (/home/brittonr/.cargo/registry/src/index.crates.io-1949cf8c6b5b557f/fuzzy-matcher-0.3.7) to vendor-deps/fuzzy-matcher-0.3.7
   Vendoring gcp_auth v0.12.6 (/home/brittonr/.cargo/registry/src/index.crates.io-1949cf8c6b5b557f/gcp_auth-0.12.6) to vendor-deps/gcp_auth-0.12.6
   Vendoring generator v0.8.8 (/home/brittonr/.cargo/registry/src/index.crates.io-1949cf8c6b5b557f/generator-0.8.8) to vendor-deps/generator-0.8.8
   Vendoring generic-array v0.14.7 (/home/brittonr/.cargo/registry/src/index.crates.io-1949cf8c6b5b557f/generic-array-0.14.7) to vendor-deps/generic-array-0.14.7
   Vendoring gethostname v0.5.0 (/home/brittonr/.cargo/registry/src/index.crates.io-1949cf8c6b5b557f/gethostname-0.5.0) to vendor-deps/gethostname-0.5.0
   Vendoring getrandom v0.2.17 (/home/brittonr/.cargo/registry/src/index.crates.io-1949cf8c6b5b557f/getrandom-0.2.17) to vendor-deps/getrandom-0.2.17
   Vendoring getrandom v0.3.4 (/home/brittonr/.cargo/registry/src/index.crates.io-1949cf8c6b5b557f/getrandom-0.3.4) to vendor-deps/getrandom-0.3.4
   Vendoring getrandom v0.4.2 (/home/brittonr/.cargo/registry/src/index.crates.io-1949cf8c6b5b557f/getrandom-0.4.2) to vendor-deps/getrandom-0.4.2
   Vendoring getset v0.1.6 (/home/brittonr/.cargo/registry/src/index.crates.io-1949cf8c6b5b557f/getset-0.1.6) to vendor-deps/getset-0.1.6
   Vendoring gimli v0.31.1 (/home/brittonr/.cargo/registry/src/index.crates.io-1949cf8c6b5b557f/gimli-0.31.1) to vendor-deps/gimli-0.31.1
   Vendoring gimli v0.32.3 (/home/brittonr/.cargo/registry/src/index.crates.io-1949cf8c6b5b557f/gimli-0.32.3) to vendor-deps/gimli-0.32.3
   Vendoring gix v0.81.0 (/home/brittonr/.cargo/registry/src/index.crates.io-1949cf8c6b5b557f/gix-0.81.0) to vendor-deps/gix-0.81.0
   Vendoring gix-actor v0.40.0 (/home/brittonr/.cargo/registry/src/index.crates.io-1949cf8c6b5b557f/gix-actor-0.40.0) to vendor-deps/gix-actor-0.40.0
   Vendoring gix-archive v0.30.0 (/home/brittonr/.cargo/registry/src/index.crates.io-1949cf8c6b5b557f/gix-archive-0.30.0) to vendor-deps/gix-archive-0.30.0
   Vendoring gix-attributes v0.31.0 (/home/brittonr/.cargo/registry/src/index.crates.io-1949cf8c6b5b557f/gix-attributes-0.31.0) to vendor-deps/gix-attributes-0.31.0
   Vendoring gix-bitmap v0.3.0 (/home/brittonr/.cargo/registry/src/index.crates.io-1949cf8c6b5b557f/gix-bitmap-0.3.0) to vendor-deps/gix-bitmap-0.3.0
   Vendoring gix-blame v0.11.0 (/home/brittonr/.cargo/registry/src/index.crates.io-1949cf8c6b5b557f/gix-blame-0.11.0) to vendor-deps/gix-blame-0.11.0
   Vendoring gix-chunk v0.7.0 (/home/brittonr/.cargo/registry/src/index.crates.io-1949cf8c6b5b557f/gix-chunk-0.7.0) to vendor-deps/gix-chunk-0.7.0
   Vendoring gix-command v0.8.0 (/home/brittonr/.cargo/registry/src/index.crates.io-1949cf8c6b5b557f/gix-command-0.8.0) to vendor-deps/gix-command-0.8.0
   Vendoring gix-commitgraph v0.35.0 (/home/brittonr/.cargo/registry/src/index.crates.io-1949cf8c6b5b557f/gix-commitgraph-0.35.0) to vendor-deps/gix-commitgraph-0.35.0
   Vendoring gix-config v0.54.0 (/home/brittonr/.cargo/registry/src/index.crates.io-1949cf8c6b5b557f/gix-config-0.54.0) to vendor-deps/gix-config-0.54.0
   Vendoring gix-config-value v0.17.1 (/home/brittonr/.cargo/registry/src/index.crates.io-1949cf8c6b5b557f/gix-config-value-0.17.1) to vendor-deps/gix-config-value-0.17.1
   Vendoring gix-credentials v0.37.1 (/home/brittonr/.cargo/registry/src/index.crates.io-1949cf8c6b5b557f/gix-credentials-0.37.1) to vendor-deps/gix-credentials-0.37.1
   Vendoring gix-date v0.15.1 (/home/brittonr/.cargo/registry/src/index.crates.io-1949cf8c6b5b557f/gix-date-0.15.1) to vendor-deps/gix-date-0.15.1
   Vendoring gix-diff v0.61.0 (/home/brittonr/.cargo/registry/src/index.crates.io-1949cf8c6b5b557f/gix-diff-0.61.0) to vendor-deps/gix-diff-0.61.0
   Vendoring gix-dir v0.23.0 (/home/brittonr/.cargo/registry/src/index.crates.io-1949cf8c6b5b557f/gix-dir-0.23.0) to vendor-deps/gix-dir-0.23.0
   Vendoring gix-discover v0.49.0 (/home/brittonr/.cargo/registry/src/index.crates.io-1949cf8c6b5b557f/gix-discover-0.49.0) to vendor-deps/gix-discover-0.49.0
   Vendoring gix-error v0.2.1 (/home/brittonr/.cargo/registry/src/index.crates.io-1949cf8c6b5b557f/gix-error-0.2.1) to vendor-deps/gix-error-0.2.1
   Vendoring gix-features v0.46.2 (/home/brittonr/.cargo/registry/src/index.crates.io-1949cf8c6b5b557f/gix-features-0.46.2) to vendor-deps/gix-features-0.46.2
   Vendoring gix-filter v0.28.0 (/home/brittonr/.cargo/registry/src/index.crates.io-1949cf8c6b5b557f/gix-filter-0.28.0) to vendor-deps/gix-filter-0.28.0
   Vendoring gix-fs v0.19.2 (/home/brittonr/.cargo/registry/src/index.crates.io-1949cf8c6b5b557f/gix-fs-0.19.2) to vendor-deps/gix-fs-0.19.2
   Vendoring gix-glob v0.24.0 (/home/brittonr/.cargo/registry/src/index.crates.io-1949cf8c6b5b557f/gix-glob-0.24.0) to vendor-deps/gix-glob-0.24.0
   Vendoring gix-hash v0.23.0 (/home/brittonr/.cargo/registry/src/index.crates.io-1949cf8c6b5b557f/gix-hash-0.23.0) to vendor-deps/gix-hash-0.23.0
   Vendoring gix-hashtable v0.13.0 (/home/brittonr/.cargo/registry/src/index.crates.io-1949cf8c6b5b557f/gix-hashtable-0.13.0) to vendor-deps/gix-hashtable-0.13.0
   Vendoring gix-ignore v0.19.1 (/home/brittonr/.cargo/registry/src/index.crates.io-1949cf8c6b5b557f/gix-ignore-0.19.1) to vendor-deps/gix-ignore-0.19.1
   Vendoring gix-index v0.49.0 (/home/brittonr/.cargo/registry/src/index.crates.io-1949cf8c6b5b557f/gix-index-0.49.0) to vendor-deps/gix-index-0.49.0
   Vendoring gix-lock v21.0.2 (/home/brittonr/.cargo/registry/src/index.crates.io-1949cf8c6b5b557f/gix-lock-21.0.2) to vendor-deps/gix-lock-21.0.2
   Vendoring gix-mailmap v0.32.0 (/home/brittonr/.cargo/registry/src/index.crates.io-1949cf8c6b5b557f/gix-mailmap-0.32.0) to vendor-deps/gix-mailmap-0.32.0
   Vendoring gix-merge v0.14.0 (/home/brittonr/.cargo/registry/src/index.crates.io-1949cf8c6b5b557f/gix-merge-0.14.0) to vendor-deps/gix-merge-0.14.0
   Vendoring gix-negotiate v0.29.0 (/home/brittonr/.cargo/registry/src/index.crates.io-1949cf8c6b5b557f/gix-negotiate-0.29.0) to vendor-deps/gix-negotiate-0.29.0
   Vendoring gix-object v0.58.0 (/home/brittonr/.cargo/registry/src/index.crates.io-1949cf8c6b5b557f/gix-object-0.58.0) to vendor-deps/gix-object-0.58.0
   Vendoring gix-odb v0.78.0 (/home/brittonr/.cargo/registry/src/index.crates.io-1949cf8c6b5b557f/gix-odb-0.78.0) to vendor-deps/gix-odb-0.78.0
   Vendoring gix-pack v0.68.0 (/home/brittonr/.cargo/registry/src/index.crates.io-1949cf8c6b5b557f/gix-pack-0.68.0) to vendor-deps/gix-pack-0.68.0
   Vendoring gix-packetline v0.21.2 (/home/brittonr/.cargo/registry/src/index.crates.io-1949cf8c6b5b557f/gix-packetline-0.21.2) to vendor-deps/gix-packetline-0.21.2
   Vendoring gix-path v0.11.2 (/home/brittonr/.cargo/registry/src/index.crates.io-1949cf8c6b5b557f/gix-path-0.11.2) to vendor-deps/gix-path-0.11.2
   Vendoring gix-pathspec v0.16.1 (/home/brittonr/.cargo/registry/src/index.crates.io-1949cf8c6b5b557f/gix-pathspec-0.16.1) to vendor-deps/gix-pathspec-0.16.1
   Vendoring gix-prompt v0.14.1 (/home/brittonr/.cargo/registry/src/index.crates.io-1949cf8c6b5b557f/gix-prompt-0.14.1) to vendor-deps/gix-prompt-0.14.1
   Vendoring gix-protocol v0.59.0 (/home/brittonr/.cargo/registry/src/index.crates.io-1949cf8c6b5b557f/gix-protocol-0.59.0) to vendor-deps/gix-protocol-0.59.0
   Vendoring gix-quote v0.7.0 (/home/brittonr/.cargo/registry/src/index.crates.io-1949cf8c6b5b557f/gix-quote-0.7.0) to vendor-deps/gix-quote-0.7.0
   Vendoring gix-ref v0.61.0 (/home/brittonr/.cargo/registry/src/index.crates.io-1949cf8c6b5b557f/gix-ref-0.61.0) to vendor-deps/gix-ref-0.61.0
   Vendoring gix-refspec v0.39.0 (/home/brittonr/.cargo/registry/src/index.crates.io-1949cf8c6b5b557f/gix-refspec-0.39.0) to vendor-deps/gix-refspec-0.39.0
   Vendoring gix-revision v0.43.0 (/home/brittonr/.cargo/registry/src/index.crates.io-1949cf8c6b5b557f/gix-revision-0.43.0) to vendor-deps/gix-revision-0.43.0
   Vendoring gix-revwalk v0.29.0 (/home/brittonr/.cargo/registry/src/index.crates.io-1949cf8c6b5b557f/gix-revwalk-0.29.0) to vendor-deps/gix-revwalk-0.29.0
   Vendoring gix-sec v0.13.2 (/home/brittonr/.cargo/registry/src/index.crates.io-1949cf8c6b5b557f/gix-sec-0.13.2) to vendor-deps/gix-sec-0.13.2
   Vendoring gix-shallow v0.10.0 (/home/brittonr/.cargo/registry/src/index.crates.io-1949cf8c6b5b557f/gix-shallow-0.10.0) to vendor-deps/gix-shallow-0.10.0
   Vendoring gix-status v0.28.0 (/home/brittonr/.cargo/registry/src/index.crates.io-1949cf8c6b5b557f/gix-status-0.28.0) to vendor-deps/gix-status-0.28.0
   Vendoring gix-submodule v0.28.0 (/home/brittonr/.cargo/registry/src/index.crates.io-1949cf8c6b5b557f/gix-submodule-0.28.0) to vendor-deps/gix-submodule-0.28.0
   Vendoring gix-tempfile v21.0.2 (/home/brittonr/.cargo/registry/src/index.crates.io-1949cf8c6b5b557f/gix-tempfile-21.0.2) to vendor-deps/gix-tempfile-21.0.2
   Vendoring gix-trace v0.1.18 (/home/brittonr/.cargo/registry/src/index.crates.io-1949cf8c6b5b557f/gix-trace-0.1.18) to vendor-deps/gix-trace-0.1.18
   Vendoring gix-transport v0.55.1 (/home/brittonr/.cargo/registry/src/index.crates.io-1949cf8c6b5b557f/gix-transport-0.55.1) to vendor-deps/gix-transport-0.55.1
   Vendoring gix-traverse v0.55.0 (/home/brittonr/.cargo/registry/src/index.crates.io-1949cf8c6b5b557f/gix-traverse-0.55.0) to vendor-deps/gix-traverse-0.55.0
   Vendoring gix-url v0.35.2 (/home/brittonr/.cargo/registry/src/index.crates.io-1949cf8c6b5b557f/gix-url-0.35.2) to vendor-deps/gix-url-0.35.2
   Vendoring gix-utils v0.3.1 (/home/brittonr/.cargo/registry/src/index.crates.io-1949cf8c6b5b557f/gix-utils-0.3.1) to vendor-deps/gix-utils-0.3.1
   Vendoring gix-validate v0.11.0 (/home/brittonr/.cargo/registry/src/index.crates.io-1949cf8c6b5b557f/gix-validate-0.11.0) to vendor-deps/gix-validate-0.11.0
   Vendoring gix-worktree v0.50.0 (/home/brittonr/.cargo/registry/src/index.crates.io-1949cf8c6b5b557f/gix-worktree-0.50.0) to vendor-deps/gix-worktree-0.50.0
   Vendoring gix-worktree-state v0.28.0 (/home/brittonr/.cargo/registry/src/index.crates.io-1949cf8c6b5b557f/gix-worktree-state-0.28.0) to vendor-deps/gix-worktree-state-0.28.0
   Vendoring gix-worktree-stream v0.30.0 (/home/brittonr/.cargo/registry/src/index.crates.io-1949cf8c6b5b557f/gix-worktree-stream-0.30.0) to vendor-deps/gix-worktree-stream-0.30.0
   Vendoring glob v0.3.3 (/home/brittonr/.cargo/registry/src/index.crates.io-1949cf8c6b5b557f/glob-0.3.3) to vendor-deps/glob-0.3.3
   Vendoring h2 v0.4.13 (/home/brittonr/.cargo/registry/src/index.crates.io-1949cf8c6b5b557f/h2-0.4.13) to vendor-deps/h2-0.4.13
   Vendoring half v2.7.1 (/home/brittonr/.cargo/registry/src/index.crates.io-1949cf8c6b5b557f/half-2.7.1) to vendor-deps/half-2.7.1
   Vendoring hash32 v0.3.1 (/home/brittonr/.cargo/registry/src/index.crates.io-1949cf8c6b5b557f/hash32-0.3.1) to vendor-deps/hash32-0.3.1
   Vendoring hashbrown v0.12.3 (/home/brittonr/.cargo/registry/src/index.crates.io-1949cf8c6b5b557f/hashbrown-0.12.3) to vendor-deps/hashbrown-0.12.3
   Vendoring hashbrown v0.14.5 (/home/brittonr/.cargo/registry/src/index.crates.io-1949cf8c6b5b557f/hashbrown-0.14.5) to vendor-deps/hashbrown-0.14.5
   Vendoring hashbrown v0.15.5 (/home/brittonr/.cargo/registry/src/index.crates.io-1949cf8c6b5b557f/hashbrown-0.15.5) to vendor-deps/hashbrown-0.15.5
   Vendoring hashbrown v0.16.1 (/home/brittonr/.cargo/registry/src/index.crates.io-1949cf8c6b5b557f/hashbrown-0.16.1) to vendor-deps/hashbrown-0.16.1
   Vendoring hashlink v0.10.0 (/home/brittonr/.cargo/registry/src/index.crates.io-1949cf8c6b5b557f/hashlink-0.10.0) to vendor-deps/hashlink-0.10.0
   Vendoring heapless v0.8.0 (/home/brittonr/.cargo/registry/src/index.crates.io-1949cf8c6b5b557f/heapless-0.8.0) to vendor-deps/heapless-0.8.0
   Vendoring heck v0.4.1 (/home/brittonr/.cargo/registry/src/index.crates.io-1949cf8c6b5b557f/heck-0.4.1) to vendor-deps/heck-0.4.1
   Vendoring heck v0.5.0 (/home/brittonr/.cargo/registry/src/index.crates.io-1949cf8c6b5b557f/heck-0.5.0) to vendor-deps/heck-0.5.0
   Vendoring hermit-abi v0.5.2 (/home/brittonr/.cargo/registry/src/index.crates.io-1949cf8c6b5b557f/hermit-abi-0.5.2) to vendor-deps/hermit-abi-0.5.2
   Vendoring hex v0.4.3 (/home/brittonr/.cargo/registry/src/index.crates.io-1949cf8c6b5b557f/hex-0.4.3) to vendor-deps/hex-0.4.3
   Vendoring hex-literal v0.4.1 (/home/brittonr/.cargo/registry/src/index.crates.io-1949cf8c6b5b557f/hex-literal-0.4.1) to vendor-deps/hex-literal-0.4.1
   Vendoring http v1.4.0 (/home/brittonr/.cargo/registry/src/index.crates.io-1949cf8c6b5b557f/http-1.4.0) to vendor-deps/http-1.4.0
   Vendoring http-body v1.0.1 (/home/brittonr/.cargo/registry/src/index.crates.io-1949cf8c6b5b557f/http-body-1.0.1) to vendor-deps/http-body-1.0.1
   Vendoring http-body-util v0.1.3 (/home/brittonr/.cargo/registry/src/index.crates.io-1949cf8c6b5b557f/http-body-util-0.1.3) to vendor-deps/http-body-util-0.1.3
   Vendoring httparse v1.10.1 (/home/brittonr/.cargo/registry/src/index.crates.io-1949cf8c6b5b557f/httparse-1.10.1) to vendor-deps/httparse-1.10.1
   Vendoring httpdate v1.0.3 (/home/brittonr/.cargo/registry/src/index.crates.io-1949cf8c6b5b557f/httpdate-1.0.3) to vendor-deps/httpdate-1.0.3
   Vendoring human_format v1.2.1 (/home/brittonr/.cargo/registry/src/index.crates.io-1949cf8c6b5b557f/human_format-1.2.1) to vendor-deps/human_format-1.2.1
   Vendoring humantime v2.3.0 (/home/brittonr/.cargo/registry/src/index.crates.io-1949cf8c6b5b557f/humantime-2.3.0) to vendor-deps/humantime-2.3.0
   Vendoring hybrid-array v0.4.13 (/home/brittonr/.cargo/registry/src/index.crates.io-1949cf8c6b5b557f/hybrid-array-0.4.13) to vendor-deps/hybrid-array-0.4.13
   Vendoring hyper v1.9.0 (/home/brittonr/.cargo/registry/src/index.crates.io-1949cf8c6b5b557f/hyper-1.9.0) to vendor-deps/hyper-1.9.0
   Vendoring hyper-rustls v0.27.7 (/home/brittonr/.cargo/registry/src/index.crates.io-1949cf8c6b5b557f/hyper-rustls-0.27.7) to vendor-deps/hyper-rustls-0.27.7
   Vendoring hyper-timeout v0.5.2 (/home/brittonr/.cargo/registry/src/index.crates.io-1949cf8c6b5b557f/hyper-timeout-0.5.2) to vendor-deps/hyper-timeout-0.5.2
   Vendoring hyper-util v0.1.20 (/home/brittonr/.cargo/registry/src/index.crates.io-1949cf8c6b5b557f/hyper-util-0.1.20) to vendor-deps/hyper-util-0.1.20
   Vendoring iana-time-zone v0.1.65 (/home/brittonr/.cargo/registry/src/index.crates.io-1949cf8c6b5b557f/iana-time-zone-0.1.65) to vendor-deps/iana-time-zone-0.1.65
   Vendoring iana-time-zone-haiku v0.1.2 (/home/brittonr/.cargo/registry/src/index.crates.io-1949cf8c6b5b557f/iana-time-zone-haiku-0.1.2) to vendor-deps/iana-time-zone-haiku-0.1.2
   Vendoring icu_collections v2.2.0 (/home/brittonr/.cargo/registry/src/index.crates.io-1949cf8c6b5b557f/icu_collections-2.2.0) to vendor-deps/icu_collections-2.2.0
   Vendoring icu_locale_core v2.2.0 (/home/brittonr/.cargo/registry/src/index.crates.io-1949cf8c6b5b557f/icu_locale_core-2.2.0) to vendor-deps/icu_locale_core-2.2.0
   Vendoring icu_normalizer v2.2.0 (/home/brittonr/.cargo/registry/src/index.crates.io-1949cf8c6b5b557f/icu_normalizer-2.2.0) to vendor-deps/icu_normalizer-2.2.0
   Vendoring icu_normalizer_data v2.2.0 (/home/brittonr/.cargo/registry/src/index.crates.io-1949cf8c6b5b557f/icu_normalizer_data-2.2.0) to vendor-deps/icu_normalizer_data-2.2.0
   Vendoring icu_properties v2.2.0 (/home/brittonr/.cargo/registry/src/index.crates.io-1949cf8c6b5b557f/icu_properties-2.2.0) to vendor-deps/icu_properties-2.2.0
   Vendoring icu_properties_data v2.2.0 (/home/brittonr/.cargo/registry/src/index.crates.io-1949cf8c6b5b557f/icu_properties_data-2.2.0) to vendor-deps/icu_properties_data-2.2.0
   Vendoring icu_provider v2.2.0 (/home/brittonr/.cargo/registry/src/index.crates.io-1949cf8c6b5b557f/icu_provider-2.2.0) to vendor-deps/icu_provider-2.2.0
   Vendoring id-arena v2.3.0 (/home/brittonr/.cargo/registry/src/index.crates.io-1949cf8c6b5b557f/id-arena-2.3.0) to vendor-deps/id-arena-2.3.0
   Vendoring ident_case v1.0.1 (/home/brittonr/.cargo/registry/src/index.crates.io-1949cf8c6b5b557f/ident_case-1.0.1) to vendor-deps/ident_case-1.0.1
   Vendoring idna v1.1.0 (/home/brittonr/.cargo/registry/src/index.crates.io-1949cf8c6b5b557f/idna-1.1.0) to vendor-deps/idna-1.1.0
   Vendoring idna_adapter v1.2.1 (/home/brittonr/.cargo/registry/src/index.crates.io-1949cf8c6b5b557f/idna_adapter-1.2.1) to vendor-deps/idna_adapter-1.2.1
   Vendoring imara-diff v0.1.8 (/home/brittonr/.cargo/registry/src/index.crates.io-1949cf8c6b5b557f/imara-diff-0.1.8) to vendor-deps/imara-diff-0.1.8
   Vendoring imara-diff v0.2.0 (/home/brittonr/.cargo/registry/src/index.crates.io-1949cf8c6b5b557f/imara-diff-0.2.0) to vendor-deps/imara-diff-0.2.0
   Vendoring imbl-sized-chunks v0.1.3 (/home/brittonr/.cargo/registry/src/index.crates.io-1949cf8c6b5b557f/imbl-sized-chunks-0.1.3) to vendor-deps/imbl-sized-chunks-0.1.3
   Vendoring indexmap v1.9.3 (/home/brittonr/.cargo/registry/src/index.crates.io-1949cf8c6b5b557f/indexmap-1.9.3) to vendor-deps/indexmap-1.9.3
   Vendoring indexmap v2.13.1 (/home/brittonr/.cargo/registry/src/index.crates.io-1949cf8c6b5b557f/indexmap-2.13.1) to vendor-deps/indexmap-2.13.1
   Vendoring indicatif v0.18.4 (/home/brittonr/.cargo/registry/src/index.crates.io-1949cf8c6b5b557f/indicatif-0.18.4) to vendor-deps/indicatif-0.18.4
   Vendoring indoc v2.0.7 (/home/brittonr/.cargo/registry/src/index.crates.io-1949cf8c6b5b557f/indoc-2.0.7) to vendor-deps/indoc-2.0.7
   Vendoring inquire v0.9.4 (/home/brittonr/.cargo/registry/src/index.crates.io-1949cf8c6b5b557f/inquire-0.9.4) to vendor-deps/inquire-0.9.4
   Vendoring inventory v0.3.24 (/home/brittonr/.cargo/registry/src/index.crates.io-1949cf8c6b5b557f/inventory-0.3.24) to vendor-deps/inventory-0.3.24
   Vendoring io-close v0.3.7 (/home/brittonr/.cargo/registry/src/index.crates.io-1949cf8c6b5b557f/io-close-0.3.7) to vendor-deps/io-close-0.3.7
   Vendoring io-extras v0.19.0 (/home/brittonr/.cargo/registry/src/index.crates.io-1949cf8c6b5b557f/io-extras-0.19.0) to vendor-deps/io-extras-0.19.0
   Vendoring io-lifetimes v2.0.4 (/home/brittonr/.cargo/registry/src/index.crates.io-1949cf8c6b5b557f/io-lifetimes-2.0.4) to vendor-deps/io-lifetimes-2.0.4
   Vendoring io-lifetimes v3.0.1 (/home/brittonr/.cargo/registry/src/index.crates.io-1949cf8c6b5b557f/io-lifetimes-3.0.1) to vendor-deps/io-lifetimes-3.0.1
   Vendoring io-uring v0.5.13 (/home/brittonr/.cargo/registry/src/index.crates.io-1949cf8c6b5b557f/io-uring-0.5.13) to vendor-deps/io-uring-0.5.13
   Vendoring ipnet v2.12.0 (/home/brittonr/.cargo/registry/src/index.crates.io-1949cf8c6b5b557f/ipnet-2.12.0) to vendor-deps/ipnet-2.12.0
   Vendoring iri-string v0.7.12 (/home/brittonr/.cargo/registry/src/index.crates.io-1949cf8c6b5b557f/iri-string-0.7.12) to vendor-deps/iri-string-0.7.12
   Vendoring irpc v0.13.0 (/home/brittonr/.cargo/registry/src/index.crates.io-1949cf8c6b5b557f/irpc-0.13.0) to vendor-deps/irpc-0.13.0
   Vendoring irpc-derive v0.10.0 (/home/brittonr/.cargo/registry/src/index.crates.io-1949cf8c6b5b557f/irpc-derive-0.10.0) to vendor-deps/irpc-derive-0.10.0
   Vendoring is-terminal v0.4.17 (/home/brittonr/.cargo/registry/src/index.crates.io-1949cf8c6b5b557f/is-terminal-0.4.17) to vendor-deps/is-terminal-0.4.17
   Vendoring is_ci v1.2.0 (/home/brittonr/.cargo/registry/src/index.crates.io-1949cf8c6b5b557f/is_ci-1.2.0) to vendor-deps/is_ci-1.2.0
   Vendoring is_terminal_polyfill v1.70.2 (/home/brittonr/.cargo/registry/src/index.crates.io-1949cf8c6b5b557f/is_terminal_polyfill-1.70.2) to vendor-deps/is_terminal_polyfill-1.70.2
   Vendoring itertools v0.10.5 (/home/brittonr/.cargo/registry/src/index.crates.io-1949cf8c6b5b557f/itertools-0.10.5) to vendor-deps/itertools-0.10.5
   Vendoring itertools v0.12.1 (/home/brittonr/.cargo/registry/src/index.crates.io-1949cf8c6b5b557f/itertools-0.12.1) to vendor-deps/itertools-0.12.1
   Vendoring itertools v0.14.0 (/home/brittonr/.cargo/registry/src/index.crates.io-1949cf8c6b5b557f/itertools-0.14.0) to vendor-deps/itertools-0.14.0
   Vendoring itertools v0.15.0 (/home/brittonr/.cargo/registry/src/index.crates.io-1949cf8c6b5b557f/itertools-0.15.0) to vendor-deps/itertools-0.15.0
   Vendoring itoa v1.0.18 (/home/brittonr/.cargo/registry/src/index.crates.io-1949cf8c6b5b557f/itoa-1.0.18) to vendor-deps/itoa-1.0.18
   Vendoring jiff v0.2.23 (/home/brittonr/.cargo/registry/src/index.crates.io-1949cf8c6b5b557f/jiff-0.2.23) to vendor-deps/jiff-0.2.23
   Vendoring jiff-static v0.2.23 (/home/brittonr/.cargo/registry/src/index.crates.io-1949cf8c6b5b557f/jiff-static-0.2.23) to vendor-deps/jiff-static-0.2.23
   Vendoring jiff-tzdb v0.1.6 (/home/brittonr/.cargo/registry/src/index.crates.io-1949cf8c6b5b557f/jiff-tzdb-0.1.6) to vendor-deps/jiff-tzdb-0.1.6
   Vendoring jiff-tzdb-platform v0.1.3 (/home/brittonr/.cargo/registry/src/index.crates.io-1949cf8c6b5b557f/jiff-tzdb-platform-0.1.3) to vendor-deps/jiff-tzdb-platform-0.1.3
   Vendoring jni v0.21.1 (/home/brittonr/.cargo/registry/src/index.crates.io-1949cf8c6b5b557f/jni-0.21.1) to vendor-deps/jni-0.21.1
   Vendoring jni-sys v0.3.1 (/home/brittonr/.cargo/registry/src/index.crates.io-1949cf8c6b5b557f/jni-sys-0.3.1) to vendor-deps/jni-sys-0.3.1
   Vendoring jni-sys v0.4.1 (/home/brittonr/.cargo/registry/src/index.crates.io-1949cf8c6b5b557f/jni-sys-0.4.1) to vendor-deps/jni-sys-0.4.1
   Vendoring jni-sys-macros v0.4.1 (/home/brittonr/.cargo/registry/src/index.crates.io-1949cf8c6b5b557f/jni-sys-macros-0.4.1) to vendor-deps/jni-sys-macros-0.4.1
   Vendoring jobserver v0.1.34 (/home/brittonr/.cargo/registry/src/index.crates.io-1949cf8c6b5b557f/jobserver-0.1.34) to vendor-deps/jobserver-0.1.34
   Vendoring js-sys v0.3.94 (/home/brittonr/.cargo/registry/src/index.crates.io-1949cf8c6b5b557f/js-sys-0.3.94) to vendor-deps/js-sys-0.3.94
   Vendoring json_scanner v0.1.0 (/home/brittonr/.cargo/registry/src/index.crates.io-1949cf8c6b5b557f/json_scanner-0.1.0) to vendor-deps/json_scanner-0.1.0
   Vendoring keccak v0.1.6 (/home/brittonr/.cargo/registry/src/index.crates.io-1949cf8c6b5b557f/keccak-0.1.6) to vendor-deps/keccak-0.1.6
   Vendoring kstring v2.0.2 (/home/brittonr/.cargo/registry/src/index.crates.io-1949cf8c6b5b557f/kstring-2.0.2) to vendor-deps/kstring-2.0.2
   Vendoring lalrpop v0.22.2 (/home/brittonr/.cargo/registry/src/index.crates.io-1949cf8c6b5b557f/lalrpop-0.22.2) to vendor-deps/lalrpop-0.22.2
   Vendoring lalrpop-util v0.22.2 (/home/brittonr/.cargo/registry/src/index.crates.io-1949cf8c6b5b557f/lalrpop-util-0.22.2) to vendor-deps/lalrpop-util-0.22.2
   Vendoring lazy_static v1.5.0 (/home/brittonr/.cargo/registry/src/index.crates.io-1949cf8c6b5b557f/lazy_static-1.5.0) to vendor-deps/lazy_static-1.5.0
   Vendoring leb128fmt v0.1.0 (/home/brittonr/.cargo/registry/src/index.crates.io-1949cf8c6b5b557f/leb128fmt-0.1.0) to vendor-deps/leb128fmt-0.1.0
   Vendoring libbz2-rs-sys v0.2.3 (/home/brittonr/.cargo/registry/src/index.crates.io-1949cf8c6b5b557f/libbz2-rs-sys-0.2.3) to vendor-deps/libbz2-rs-sys-0.2.3
   Vendoring libc v0.2.186 (/home/brittonr/.cargo/registry/src/index.crates.io-1949cf8c6b5b557f/libc-0.2.186) to vendor-deps/libc-0.2.186
   Vendoring libm v0.2.16 (/home/brittonr/.cargo/registry/src/index.crates.io-1949cf8c6b5b557f/libm-0.2.16) to vendor-deps/libm-0.2.16
   Vendoring libmimalloc-sys v0.1.44 (/home/brittonr/.cargo/registry/src/index.crates.io-1949cf8c6b5b557f/libmimalloc-sys-0.1.44) to vendor-deps/libmimalloc-sys-0.1.44
   Vendoring libredox v0.1.15 (/home/brittonr/.cargo/registry/src/index.crates.io-1949cf8c6b5b557f/libredox-0.1.15) to vendor-deps/libredox-0.1.15
   Vendoring linkme v0.3.37 (/home/brittonr/.cargo/registry/src/index.crates.io-1949cf8c6b5b557f/linkme-0.3.37) to vendor-deps/linkme-0.3.37
   Vendoring linkme-impl v0.3.37 (/home/brittonr/.cargo/registry/src/index.crates.io-1949cf8c6b5b557f/linkme-impl-0.3.37) to vendor-deps/linkme-impl-0.3.37
   Vendoring linux-raw-sys v0.4.15 (/home/brittonr/.cargo/registry/src/index.crates.io-1949cf8c6b5b557f/linux-raw-sys-0.4.15) to vendor-deps/linux-raw-sys-0.4.15
   Vendoring linux-raw-sys v0.12.1 (/home/brittonr/.cargo/registry/src/index.crates.io-1949cf8c6b5b557f/linux-raw-sys-0.12.1) to vendor-deps/linux-raw-sys-0.12.1
   Vendoring litemap v0.8.2 (/home/brittonr/.cargo/registry/src/index.crates.io-1949cf8c6b5b557f/litemap-0.8.2) to vendor-deps/litemap-0.8.2
   Vendoring litrs v1.0.0 (/home/brittonr/.cargo/registry/src/index.crates.io-1949cf8c6b5b557f/litrs-1.0.0) to vendor-deps/litrs-1.0.0
   Vendoring lock_api v0.4.14 (/home/brittonr/.cargo/registry/src/index.crates.io-1949cf8c6b5b557f/lock_api-0.4.14) to vendor-deps/lock_api-0.4.14
   Vendoring log v0.4.29 (/home/brittonr/.cargo/registry/src/index.crates.io-1949cf8c6b5b557f/log-0.4.29) to vendor-deps/log-0.4.29
   Vendoring logos v0.16.1 (/home/brittonr/.cargo/registry/src/index.crates.io-1949cf8c6b5b557f/logos-0.16.1) to vendor-deps/logos-0.16.1
   Vendoring logos-codegen v0.16.1 (/home/brittonr/.cargo/registry/src/index.crates.io-1949cf8c6b5b557f/logos-codegen-0.16.1) to vendor-deps/logos-codegen-0.16.1
   Vendoring logos-derive v0.16.1 (/home/brittonr/.cargo/registry/src/index.crates.io-1949cf8c6b5b557f/logos-derive-0.16.1) to vendor-deps/logos-derive-0.16.1
   Vendoring loom v0.7.2 (/home/brittonr/.cargo/registry/src/index.crates.io-1949cf8c6b5b557f/loom-0.7.2) to vendor-deps/loom-0.7.2
   Vendoring lru v0.16.4 (/home/brittonr/.cargo/registry/src/index.crates.io-1949cf8c6b5b557f/lru-0.16.4) to vendor-deps/lru-0.16.4
   Vendoring lru-slab v0.1.2 (/home/brittonr/.cargo/registry/src/index.crates.io-1949cf8c6b5b557f/lru-slab-0.1.2) to vendor-deps/lru-slab-0.1.2
   Vendoring lzma-rs v0.3.0 (/home/brittonr/.cargo/registry/src/index.crates.io-1949cf8c6b5b557f/lzma-rs-0.3.0) to vendor-deps/lzma-rs-0.3.0
   Vendoring lzma-sys v0.1.20 (/home/brittonr/.cargo/registry/src/index.crates.io-1949cf8c6b5b557f/lzma-sys-0.1.20) to vendor-deps/lzma-sys-0.1.20
   Vendoring mach2 v0.4.3 (/home/brittonr/.cargo/registry/src/index.crates.io-1949cf8c6b5b557f/mach2-0.4.3) to vendor-deps/mach2-0.4.3
   Vendoring malachite v0.9.2 (/home/brittonr/.cargo/registry/src/index.crates.io-1949cf8c6b5b557f/malachite-0.9.2) to vendor-deps/malachite-0.9.2
   Vendoring malachite-base v0.9.2 (/home/brittonr/.cargo/registry/src/index.crates.io-1949cf8c6b5b557f/malachite-base-0.9.2) to vendor-deps/malachite-base-0.9.2
   Vendoring malachite-float v0.9.2 (/home/brittonr/.cargo/registry/src/index.crates.io-1949cf8c6b5b557f/malachite-float-0.9.2) to vendor-deps/malachite-float-0.9.2
   Vendoring malachite-nz v0.9.2 (/home/brittonr/.cargo/registry/src/index.crates.io-1949cf8c6b5b557f/malachite-nz-0.9.2) to vendor-deps/malachite-nz-0.9.2
   Vendoring malachite-q v0.9.2 (/home/brittonr/.cargo/registry/src/index.crates.io-1949cf8c6b5b557f/malachite-q-0.9.2) to vendor-deps/malachite-q-0.9.2
   Vendoring matchers v0.2.0 (/home/brittonr/.cargo/registry/src/index.crates.io-1949cf8c6b5b557f/matchers-0.2.0) to vendor-deps/matchers-0.2.0
   Vendoring matchit v0.8.4 (/home/brittonr/.cargo/registry/src/index.crates.io-1949cf8c6b5b557f/matchit-0.8.4) to vendor-deps/matchit-0.8.4
   Vendoring maybe-async v0.2.10 (/home/brittonr/.cargo/registry/src/index.crates.io-1949cf8c6b5b557f/maybe-async-0.2.10) to vendor-deps/maybe-async-0.2.10
   Vendoring maybe-owned v0.3.4 (/home/brittonr/.cargo/registry/src/index.crates.io-1949cf8c6b5b557f/maybe-owned-0.3.4) to vendor-deps/maybe-owned-0.3.4
   Vendoring md-5 v0.10.6 (/home/brittonr/.cargo/registry/src/index.crates.io-1949cf8c6b5b557f/md-5-0.10.6) to vendor-deps/md-5-0.10.6
   Vendoring md-5 v0.11.0 (/home/brittonr/.cargo/registry/src/index.crates.io-1949cf8c6b5b557f/md-5-0.11.0) to vendor-deps/md-5-0.11.0
   Vendoring memchr v2.8.0 (/home/brittonr/.cargo/registry/src/index.crates.io-1949cf8c6b5b557f/memchr-2.8.0) to vendor-deps/memchr-2.8.0
   Vendoring memmap2 v0.9.10 (/home/brittonr/.cargo/registry/src/index.crates.io-1949cf8c6b5b557f/memmap2-0.9.10) to vendor-deps/memmap2-0.9.10
   Vendoring memoffset v0.6.5 (/home/brittonr/.cargo/registry/src/index.crates.io-1949cf8c6b5b557f/memoffset-0.6.5) to vendor-deps/memoffset-0.6.5
   Vendoring miette v7.6.0 (/home/brittonr/.cargo/registry/src/index.crates.io-1949cf8c6b5b557f/miette-7.6.0) to vendor-deps/miette-7.6.0
   Vendoring miette-derive v7.6.0 (/home/brittonr/.cargo/registry/src/index.crates.io-1949cf8c6b5b557f/miette-derive-7.6.0) to vendor-deps/miette-derive-7.6.0
   Vendoring mimalloc v0.1.48 (/home/brittonr/.cargo/registry/src/index.crates.io-1949cf8c6b5b557f/mimalloc-0.1.48) to vendor-deps/mimalloc-0.1.48
   Vendoring mime v0.3.17 (/home/brittonr/.cargo/registry/src/index.crates.io-1949cf8c6b5b557f/mime-0.3.17) to vendor-deps/mime-0.3.17
   Vendoring miniz_oxide v0.8.9 (/home/brittonr/.cargo/registry/src/index.crates.io-1949cf8c6b5b557f/miniz_oxide-0.8.9) to vendor-deps/miniz_oxide-0.8.9
   Vendoring mio v0.8.11 (/home/brittonr/.cargo/registry/src/index.crates.io-1949cf8c6b5b557f/mio-0.8.11) to vendor-deps/mio-0.8.11
   Vendoring mio v1.2.0 (/home/brittonr/.cargo/registry/src/index.crates.io-1949cf8c6b5b557f/mio-1.2.0) to vendor-deps/mio-1.2.0
   Vendoring mockall v0.13.1 (/home/brittonr/.cargo/registry/src/index.crates.io-1949cf8c6b5b557f/mockall-0.13.1) to vendor-deps/mockall-0.13.1
   Vendoring mockall_derive v0.13.1 (/home/brittonr/.cargo/registry/src/index.crates.io-1949cf8c6b5b557f/mockall_derive-0.13.1) to vendor-deps/mockall_derive-0.13.1
   Vendoring multimap v0.10.1 (/home/brittonr/.cargo/registry/src/index.crates.io-1949cf8c6b5b557f/multimap-0.10.1) to vendor-deps/multimap-0.10.1
   Vendoring n0-error v0.1.3 (/home/brittonr/.cargo/registry/src/index.crates.io-1949cf8c6b5b557f/n0-error-0.1.3) to vendor-deps/n0-error-0.1.3
   Vendoring n0-error-macros v0.1.3 (/home/brittonr/.cargo/registry/src/index.crates.io-1949cf8c6b5b557f/n0-error-macros-0.1.3) to vendor-deps/n0-error-macros-0.1.3
   Vendoring n0-future v0.3.2 (/home/brittonr/.cargo/registry/src/index.crates.io-1949cf8c6b5b557f/n0-future-0.3.2) to vendor-deps/n0-future-0.3.2
   Vendoring new_debug_unreachable v1.0.6 (/home/brittonr/.cargo/registry/src/index.crates.io-1949cf8c6b5b557f/new_debug_unreachable-1.0.6) to vendor-deps/new_debug_unreachable-1.0.6
   Vendoring nibble_vec v0.1.0 (/home/brittonr/.cargo/registry/src/index.crates.io-1949cf8c6b5b557f/nibble_vec-0.1.0) to vendor-deps/nibble_vec-0.1.0
   Vendoring nickel-export-core v0.1.0 (https://github.com/OnixResearch/nickel-export?rev=257fafc1c746f1faf156207043a4c826bfb16d49#257fafc1) (/home/brittonr/.cargo/git/checkouts/nickel-export-5a0fec87a6b48848/257fafc/crates/nickel-export-core) to vendor-deps/nickel-export-core-0.1.0
   Vendoring nickel-lang v2.2.0 (/home/brittonr/.cargo/registry/src/index.crates.io-1949cf8c6b5b557f/nickel-lang-2.2.0) to vendor-deps/nickel-lang-2.2.0
   Vendoring nickel-lang-core v0.18.0 (/home/brittonr/.cargo/registry/src/index.crates.io-1949cf8c6b5b557f/nickel-lang-core-0.18.0) to vendor-deps/nickel-lang-core-0.18.0
   Vendoring nickel-lang-parser v0.3.0 (/home/brittonr/.cargo/registry/src/index.crates.io-1949cf8c6b5b557f/nickel-lang-parser-0.3.0) to vendor-deps/nickel-lang-parser-0.3.0
   Vendoring nickel-lang-vector v0.2.0 (/home/brittonr/.cargo/registry/src/index.crates.io-1949cf8c6b5b557f/nickel-lang-vector-0.2.0) to vendor-deps/nickel-lang-vector-0.2.0
   Vendoring nix v0.24.3 (/home/brittonr/.cargo/registry/src/index.crates.io-1949cf8c6b5b557f/nix-0.24.3) to vendor-deps/nix-0.24.3
   Vendoring nix v0.29.0 (/home/brittonr/.cargo/registry/src/index.crates.io-1949cf8c6b5b557f/nix-0.29.0) to vendor-deps/nix-0.29.0
   Vendoring nix v0.31.3 (/home/brittonr/.cargo/registry/src/index.crates.io-1949cf8c6b5b557f/nix-0.31.3) to vendor-deps/nix-0.31.3
   Vendoring nix-archive v0.1.0 (/home/brittonr/.cargo/registry/src/index.crates.io-1949cf8c6b5b557f/nix-archive-0.1.0) to vendor-deps/nix-archive-0.1.0
   Vendoring nix-derivation v0.1.0 (/home/brittonr/.cargo/registry/src/index.crates.io-1949cf8c6b5b557f/nix-derivation-0.1.0) to vendor-deps/nix-derivation-0.1.0
   Vendoring nom v8.0.0 (/home/brittonr/.cargo/registry/src/index.crates.io-1949cf8c6b5b557f/nom-8.0.0) to vendor-deps/nom-8.0.0
   Vendoring nonempty v0.12.0 (/home/brittonr/.cargo/registry/src/index.crates.io-1949cf8c6b5b557f/nonempty-0.12.0) to vendor-deps/nonempty-0.12.0
   Vendoring normalize-line-endings v0.3.0 (/home/brittonr/.cargo/registry/src/index.crates.io-1949cf8c6b5b557f/normalize-line-endings-0.3.0) to vendor-deps/normalize-line-endings-0.3.0
   Vendoring nu-ansi-term v0.50.3 (/home/brittonr/.cargo/registry/src/index.crates.io-1949cf8c6b5b557f/nu-ansi-term-0.50.3) to vendor-deps/nu-ansi-term-0.50.3
   Vendoring num-bigint-dig v0.8.6 (/home/brittonr/.cargo/registry/src/index.crates.io-1949cf8c6b5b557f/num-bigint-dig-0.8.6) to vendor-deps/num-bigint-dig-0.8.6
   Vendoring num-conv v0.2.1 (/home/brittonr/.cargo/registry/src/index.crates.io-1949cf8c6b5b557f/num-conv-0.2.1) to vendor-deps/num-conv-0.2.1
   Vendoring num-integer v0.1.46 (/home/brittonr/.cargo/registry/src/index.crates.io-1949cf8c6b5b557f/num-integer-0.1.46) to vendor-deps/num-integer-0.1.46
   Vendoring num-iter v0.1.46 (/home/brittonr/.cargo/registry/src/index.crates.io-1949cf8c6b5b557f/num-iter-0.1.46) to vendor-deps/num-iter-0.1.46
   Vendoring num-traits v0.2.19 (/home/brittonr/.cargo/registry/src/index.crates.io-1949cf8c6b5b557f/num-traits-0.2.19) to vendor-deps/num-traits-0.2.19
   Vendoring num_cpus v1.17.0 (/home/brittonr/.cargo/registry/src/index.crates.io-1949cf8c6b5b557f/num_cpus-1.17.0) to vendor-deps/num_cpus-1.17.0
   Vendoring num_enum v0.7.6 (/home/brittonr/.cargo/registry/src/index.crates.io-1949cf8c6b5b557f/num_enum-0.7.6) to vendor-deps/num_enum-0.7.6
   Vendoring num_enum_derive v0.7.6 (/home/brittonr/.cargo/registry/src/index.crates.io-1949cf8c6b5b557f/num_enum_derive-0.7.6) to vendor-deps/num_enum_derive-0.7.6
   Vendoring object v0.37.3 (/home/brittonr/.cargo/registry/src/index.crates.io-1949cf8c6b5b557f/object-0.37.3) to vendor-deps/object-0.37.3
   Vendoring object_store v0.14.0 (/home/brittonr/.cargo/registry/src/index.crates.io-1949cf8c6b5b557f/object_store-0.14.0) to vendor-deps/object_store-0.14.0
   Vendoring oci-spec v0.7.1 (/home/brittonr/.cargo/registry/src/index.crates.io-1949cf8c6b5b557f/oci-spec-0.7.1) to vendor-deps/oci-spec-0.7.1
   Vendoring once_cell v1.21.4 (/home/brittonr/.cargo/registry/src/index.crates.io-1949cf8c6b5b557f/once_cell-1.21.4) to vendor-deps/once_cell-1.21.4
   Vendoring once_cell_polyfill v1.70.2 (/home/brittonr/.cargo/registry/src/index.crates.io-1949cf8c6b5b557f/once_cell_polyfill-1.70.2) to vendor-deps/once_cell_polyfill-1.70.2
   Vendoring oorandom v11.1.5 (/home/brittonr/.cargo/registry/src/index.crates.io-1949cf8c6b5b557f/oorandom-11.1.5) to vendor-deps/oorandom-11.1.5
   Vendoring openssl-probe v0.2.1 (/home/brittonr/.cargo/registry/src/index.crates.io-1949cf8c6b5b557f/openssl-probe-0.2.1) to vendor-deps/openssl-probe-0.2.1
   Vendoring opentelemetry v0.30.0 (/home/brittonr/.cargo/registry/src/index.crates.io-1949cf8c6b5b557f/opentelemetry-0.30.0) to vendor-deps/opentelemetry-0.30.0
   Vendoring opentelemetry-http v0.30.0 (/home/brittonr/.cargo/registry/src/index.crates.io-1949cf8c6b5b557f/opentelemetry-http-0.30.0) to vendor-deps/opentelemetry-http-0.30.0
   Vendoring opentelemetry-otlp v0.30.0 (/home/brittonr/.cargo/registry/src/index.crates.io-1949cf8c6b5b557f/opentelemetry-otlp-0.30.0) to vendor-deps/opentelemetry-otlp-0.30.0
   Vendoring opentelemetry-proto v0.30.0 (/home/brittonr/.cargo/registry/src/index.crates.io-1949cf8c6b5b557f/opentelemetry-proto-0.30.0) to vendor-deps/opentelemetry-proto-0.30.0
   Vendoring opentelemetry-semantic-conventions v0.30.0 (/home/brittonr/.cargo/registry/src/index.crates.io-1949cf8c6b5b557f/opentelemetry-semantic-conventions-0.30.0) to vendor-deps/opentelemetry-semantic-conventions-0.30.0
   Vendoring opentelemetry_sdk v0.30.0 (/home/brittonr/.cargo/registry/src/index.crates.io-1949cf8c6b5b557f/opentelemetry_sdk-0.30.0) to vendor-deps/opentelemetry_sdk-0.30.0
   Vendoring ouroboros v0.18.5 (/home/brittonr/.cargo/registry/src/index.crates.io-1949cf8c6b5b557f/ouroboros-0.18.5) to vendor-deps/ouroboros-0.18.5
   Vendoring ouroboros_macro v0.18.5 (/home/brittonr/.cargo/registry/src/index.crates.io-1949cf8c6b5b557f/ouroboros_macro-0.18.5) to vendor-deps/ouroboros_macro-0.18.5
   Vendoring owo-colors v4.3.0 (/home/brittonr/.cargo/registry/src/index.crates.io-1949cf8c6b5b557f/owo-colors-4.3.0) to vendor-deps/owo-colors-4.3.0
   Vendoring parking v2.2.1 (/home/brittonr/.cargo/registry/src/index.crates.io-1949cf8c6b5b557f/parking-2.2.1) to vendor-deps/parking-2.2.1
   Vendoring parking_lot v0.12.5 (/home/brittonr/.cargo/registry/src/index.crates.io-1949cf8c6b5b557f/parking_lot-0.12.5) to vendor-deps/parking_lot-0.12.5
   Vendoring parking_lot_core v0.9.12 (/home/brittonr/.cargo/registry/src/index.crates.io-1949cf8c6b5b557f/parking_lot_core-0.9.12) to vendor-deps/parking_lot_core-0.9.12
   Vendoring paste v1.0.15 (/home/brittonr/.cargo/registry/src/index.crates.io-1949cf8c6b5b557f/paste-1.0.15) to vendor-deps/paste-1.0.15
   Vendoring pem-rfc7468 v0.7.0 (/home/brittonr/.cargo/registry/src/index.crates.io-1949cf8c6b5b557f/pem-rfc7468-0.7.0) to vendor-deps/pem-rfc7468-0.7.0
   Vendoring percent-encoding v2.3.2 (/home/brittonr/.cargo/registry/src/index.crates.io-1949cf8c6b5b557f/percent-encoding-2.3.2) to vendor-deps/percent-encoding-2.3.2
   Vendoring petgraph v0.6.5 (/home/brittonr/.cargo/registry/src/index.crates.io-1949cf8c6b5b557f/petgraph-0.6.5) to vendor-deps/petgraph-0.6.5
   Vendoring petgraph v0.7.1 (/home/brittonr/.cargo/registry/src/index.crates.io-1949cf8c6b5b557f/petgraph-0.7.1) to vendor-deps/petgraph-0.7.1
   Vendoring petgraph v0.8.3 (/home/brittonr/.cargo/registry/src/index.crates.io-1949cf8c6b5b557f/petgraph-0.8.3) to vendor-deps/petgraph-0.8.3
   Vendoring phf_shared v0.11.3 (/home/brittonr/.cargo/registry/src/index.crates.io-1949cf8c6b5b557f/phf_shared-0.11.3) to vendor-deps/phf_shared-0.11.3
   Vendoring pico-args v0.5.0 (/home/brittonr/.cargo/registry/src/index.crates.io-1949cf8c6b5b557f/pico-args-0.5.0) to vendor-deps/pico-args-0.5.0
   Vendoring pin-project v1.1.11 (/home/brittonr/.cargo/registry/src/index.crates.io-1949cf8c6b5b557f/pin-project-1.1.11) to vendor-deps/pin-project-1.1.11
   Vendoring pin-project-internal v1.1.11 (/home/brittonr/.cargo/registry/src/index.crates.io-1949cf8c6b5b557f/pin-project-internal-1.1.11) to vendor-deps/pin-project-internal-1.1.11
   Vendoring pin-project-lite v0.2.17 (/home/brittonr/.cargo/registry/src/index.crates.io-1949cf8c6b5b557f/pin-project-lite-0.2.17) to vendor-deps/pin-project-lite-0.2.17
   Vendoring piper v0.2.5 (/home/brittonr/.cargo/registry/src/index.crates.io-1949cf8c6b5b557f/piper-0.2.5) to vendor-deps/piper-0.2.5
   Vendoring pkcs1 v0.7.5 (/home/brittonr/.cargo/registry/src/index.crates.io-1949cf8c6b5b557f/pkcs1-0.7.5) to vendor-deps/pkcs1-0.7.5
   Vendoring pkcs8 v0.10.2 (/home/brittonr/.cargo/registry/src/index.crates.io-1949cf8c6b5b557f/pkcs8-0.10.2) to vendor-deps/pkcs8-0.10.2
   Vendoring pkg-config v0.3.32 (/home/brittonr/.cargo/registry/src/index.crates.io-1949cf8c6b5b557f/pkg-config-0.3.32) to vendor-deps/pkg-config-0.3.32
   Vendoring plain v0.2.3 (/home/brittonr/.cargo/registry/src/index.crates.io-1949cf8c6b5b557f/plain-0.2.3) to vendor-deps/plain-0.2.3
   Vendoring plotters v0.3.7 (/home/brittonr/.cargo/registry/src/index.crates.io-1949cf8c6b5b557f/plotters-0.3.7) to vendor-deps/plotters-0.3.7
   Vendoring plotters-backend v0.3.7 (/home/brittonr/.cargo/registry/src/index.crates.io-1949cf8c6b5b557f/plotters-backend-0.3.7) to vendor-deps/plotters-backend-0.3.7
   Vendoring plotters-svg v0.3.7 (/home/brittonr/.cargo/registry/src/index.crates.io-1949cf8c6b5b557f/plotters-svg-0.3.7) to vendor-deps/plotters-svg-0.3.7
   Vendoring polling v3.11.0 (/home/brittonr/.cargo/registry/src/index.crates.io-1949cf8c6b5b557f/polling-3.11.0) to vendor-deps/polling-3.11.0
   Vendoring portable-atomic v1.13.1 (/home/brittonr/.cargo/registry/src/index.crates.io-1949cf8c6b5b557f/portable-atomic-1.13.1) to vendor-deps/portable-atomic-1.13.1
   Vendoring portable-atomic-util v0.2.6 (/home/brittonr/.cargo/registry/src/index.crates.io-1949cf8c6b5b557f/portable-atomic-util-0.2.6) to vendor-deps/portable-atomic-util-0.2.6
   Vendoring postcard v1.1.3 (/home/brittonr/.cargo/registry/src/index.crates.io-1949cf8c6b5b557f/postcard-1.1.3) to vendor-deps/postcard-1.1.3
   Vendoring potential_utf v0.1.5 (/home/brittonr/.cargo/registry/src/index.crates.io-1949cf8c6b5b557f/potential_utf-0.1.5) to vendor-deps/potential_utf-0.1.5
   Vendoring powerfmt v0.2.0 (/home/brittonr/.cargo/registry/src/index.crates.io-1949cf8c6b5b557f/powerfmt-0.2.0) to vendor-deps/powerfmt-0.2.0
   Vendoring ppv-lite86 v0.2.21 (/home/brittonr/.cargo/registry/src/index.crates.io-1949cf8c6b5b557f/ppv-lite86-0.2.21) to vendor-deps/ppv-lite86-0.2.21
   Vendoring precomputed-hash v0.1.1 (/home/brittonr/.cargo/registry/src/index.crates.io-1949cf8c6b5b557f/precomputed-hash-0.1.1) to vendor-deps/precomputed-hash-0.1.1
   Vendoring predicates v3.1.4 (/home/brittonr/.cargo/registry/src/index.crates.io-1949cf8c6b5b557f/predicates-3.1.4) to vendor-deps/predicates-3.1.4
   Vendoring predicates-core v1.0.10 (/home/brittonr/.cargo/registry/src/index.crates.io-1949cf8c6b5b557f/predicates-core-1.0.10) to vendor-deps/predicates-core-1.0.10
   Vendoring predicates-tree v1.0.13 (/home/brittonr/.cargo/registry/src/index.crates.io-1949cf8c6b5b557f/predicates-tree-1.0.13) to vendor-deps/predicates-tree-1.0.13
   Vendoring pretty v0.12.5 (/home/brittonr/.cargo/registry/src/index.crates.io-1949cf8c6b5b557f/pretty-0.12.5) to vendor-deps/pretty-0.12.5
   Vendoring pretty_assertions v1.4.1 (/home/brittonr/.cargo/registry/src/index.crates.io-1949cf8c6b5b557f/pretty_assertions-1.4.1) to vendor-deps/pretty_assertions-1.4.1
   Vendoring prettyplease v0.2.37 (/home/brittonr/.cargo/registry/src/index.crates.io-1949cf8c6b5b557f/prettyplease-0.2.37) to vendor-deps/prettyplease-0.2.37
   Vendoring proc-macro-crate v3.5.0 (/home/brittonr/.cargo/registry/src/index.crates.io-1949cf8c6b5b557f/proc-macro-crate-3.5.0) to vendor-deps/proc-macro-crate-3.5.0
   Vendoring proc-macro-error-attr2 v2.0.0 (/home/brittonr/.cargo/registry/src/index.crates.io-1949cf8c6b5b557f/proc-macro-error-attr2-2.0.0) to vendor-deps/proc-macro-error-attr2-2.0.0
   Vendoring proc-macro-error2 v2.0.1 (/home/brittonr/.cargo/registry/src/index.crates.io-1949cf8c6b5b557f/proc-macro-error2-2.0.1) to vendor-deps/proc-macro-error2-2.0.1
   Vendoring proc-macro2 v1.0.106 (/home/brittonr/.cargo/registry/src/index.crates.io-1949cf8c6b5b557f/proc-macro2-1.0.106) to vendor-deps/proc-macro2-1.0.106
   Vendoring proc-macro2-diagnostics v0.10.1 (/home/brittonr/.cargo/registry/src/index.crates.io-1949cf8c6b5b557f/proc-macro2-diagnostics-0.10.1) to vendor-deps/proc-macro2-diagnostics-0.10.1
   Vendoring prodash v31.0.0 (/home/brittonr/.cargo/registry/src/index.crates.io-1949cf8c6b5b557f/prodash-31.0.0) to vendor-deps/prodash-31.0.0
   Vendoring proptest v1.11.0 (/home/brittonr/.cargo/registry/src/index.crates.io-1949cf8c6b5b557f/proptest-1.11.0) to vendor-deps/proptest-1.11.0
   Vendoring prost v0.13.5 (/home/brittonr/.cargo/registry/src/index.crates.io-1949cf8c6b5b557f/prost-0.13.5) to vendor-deps/prost-0.13.5
   Vendoring prost v0.14.3 (/home/brittonr/.cargo/registry/src/index.crates.io-1949cf8c6b5b557f/prost-0.14.3) to vendor-deps/prost-0.14.3
   Vendoring prost-build v0.14.3 (/home/brittonr/.cargo/registry/src/index.crates.io-1949cf8c6b5b557f/prost-build-0.14.3) to vendor-deps/prost-build-0.14.3
   Vendoring prost-derive v0.13.5 (/home/brittonr/.cargo/registry/src/index.crates.io-1949cf8c6b5b557f/prost-derive-0.13.5) to vendor-deps/prost-derive-0.13.5
   Vendoring prost-derive v0.14.3 (/home/brittonr/.cargo/registry/src/index.crates.io-1949cf8c6b5b557f/prost-derive-0.14.3) to vendor-deps/prost-derive-0.14.3
   Vendoring prost-types v0.14.3 (/home/brittonr/.cargo/registry/src/index.crates.io-1949cf8c6b5b557f/prost-types-0.14.3) to vendor-deps/prost-types-0.14.3
   Vendoring prost-wkt v0.7.1 (/home/brittonr/.cargo/registry/src/index.crates.io-1949cf8c6b5b557f/prost-wkt-0.7.1) to vendor-deps/prost-wkt-0.7.1
   Vendoring prost-wkt-build v0.7.1 (/home/brittonr/.cargo/registry/src/index.crates.io-1949cf8c6b5b557f/prost-wkt-build-0.7.1) to vendor-deps/prost-wkt-build-0.7.1
   Vendoring prost-wkt-types v0.7.1 (/home/brittonr/.cargo/registry/src/index.crates.io-1949cf8c6b5b557f/prost-wkt-types-0.7.1) to vendor-deps/prost-wkt-types-0.7.1
   Vendoring pulldown-cmark v0.13.3 (/home/brittonr/.cargo/registry/src/index.crates.io-1949cf8c6b5b557f/pulldown-cmark-0.13.3) to vendor-deps/pulldown-cmark-0.13.3
   Vendoring pulldown-cmark-to-cmark v22.0.0 (/home/brittonr/.cargo/registry/src/index.crates.io-1949cf8c6b5b557f/pulldown-cmark-to-cmark-22.0.0) to vendor-deps/pulldown-cmark-to-cmark-22.0.0
   Vendoring quick-error v1.2.3 (/home/brittonr/.cargo/registry/src/index.crates.io-1949cf8c6b5b557f/quick-error-1.2.3) to vendor-deps/quick-error-1.2.3
   Vendoring quick-xml v0.40.1 (/home/brittonr/.cargo/registry/src/index.crates.io-1949cf8c6b5b557f/quick-xml-0.40.1) to vendor-deps/quick-xml-0.40.1
   Vendoring quinn v0.11.9 (/home/brittonr/.cargo/registry/src/index.crates.io-1949cf8c6b5b557f/quinn-0.11.9) to vendor-deps/quinn-0.11.9
   Vendoring quinn-proto v0.11.14 (/home/brittonr/.cargo/registry/src/index.crates.io-1949cf8c6b5b557f/quinn-proto-0.11.14) to vendor-deps/quinn-proto-0.11.14
   Vendoring quinn-udp v0.5.14 (/home/brittonr/.cargo/registry/src/index.crates.io-1949cf8c6b5b557f/quinn-udp-0.5.14) to vendor-deps/quinn-udp-0.5.14
   Vendoring quote v1.0.45 (/home/brittonr/.cargo/registry/src/index.crates.io-1949cf8c6b5b557f/quote-1.0.45) to vendor-deps/quote-1.0.45
   Vendoring r-efi v5.3.0 (/home/brittonr/.cargo/registry/src/index.crates.io-1949cf8c6b5b557f/r-efi-5.3.0) to vendor-deps/r-efi-5.3.0
   Vendoring r-efi v6.0.0 (/home/brittonr/.cargo/registry/src/index.crates.io-1949cf8c6b5b557f/r-efi-6.0.0) to vendor-deps/r-efi-6.0.0
   Vendoring radix_trie v0.2.1 (/home/brittonr/.cargo/registry/src/index.crates.io-1949cf8c6b5b557f/radix_trie-0.2.1) to vendor-deps/radix_trie-0.2.1
   Vendoring rand v0.8.6 (/home/brittonr/.cargo/registry/src/index.crates.io-1949cf8c6b5b557f/rand-0.8.6) to vendor-deps/rand-0.8.6
   Vendoring rand v0.9.3 (/home/brittonr/.cargo/registry/src/index.crates.io-1949cf8c6b5b557f/rand-0.9.3) to vendor-deps/rand-0.9.3
   Vendoring rand v0.10.1 (/home/brittonr/.cargo/registry/src/index.crates.io-1949cf8c6b5b557f/rand-0.10.1) to vendor-deps/rand-0.10.1
   Vendoring rand_chacha v0.3.1 (/home/brittonr/.cargo/registry/src/index.crates.io-1949cf8c6b5b557f/rand_chacha-0.3.1) to vendor-deps/rand_chacha-0.3.1
   Vendoring rand_chacha v0.9.0 (/home/brittonr/.cargo/registry/src/index.crates.io-1949cf8c6b5b557f/rand_chacha-0.9.0) to vendor-deps/rand_chacha-0.9.0
   Vendoring rand_core v0.6.4 (/home/brittonr/.cargo/registry/src/index.crates.io-1949cf8c6b5b557f/rand_core-0.6.4) to vendor-deps/rand_core-0.6.4
   Vendoring rand_core v0.9.5 (/home/brittonr/.cargo/registry/src/index.crates.io-1949cf8c6b5b557f/rand_core-0.9.5) to vendor-deps/rand_core-0.9.5
   Vendoring rand_core v0.10.0 (/home/brittonr/.cargo/registry/src/index.crates.io-1949cf8c6b5b557f/rand_core-0.10.0) to vendor-deps/rand_core-0.10.0
   Vendoring rand_xorshift v0.4.0 (/home/brittonr/.cargo/registry/src/index.crates.io-1949cf8c6b5b557f/rand_xorshift-0.4.0) to vendor-deps/rand_xorshift-0.4.0
   Vendoring rayon v1.11.0 (/home/brittonr/.cargo/registry/src/index.crates.io-1949cf8c6b5b557f/rayon-1.11.0) to vendor-deps/rayon-1.11.0
   Vendoring rayon-core v1.13.0 (/home/brittonr/.cargo/registry/src/index.crates.io-1949cf8c6b5b557f/rayon-core-1.13.0) to vendor-deps/rayon-core-1.13.0
   Vendoring redb v3.1.3 (/home/brittonr/.cargo/registry/src/index.crates.io-1949cf8c6b5b557f/redb-3.1.3) to vendor-deps/redb-3.1.3
   Vendoring redox_syscall v0.5.18 (/home/brittonr/.cargo/registry/src/index.crates.io-1949cf8c6b5b557f/redox_syscall-0.5.18) to vendor-deps/redox_syscall-0.5.18
   Vendoring redox_syscall v0.7.3 (/home/brittonr/.cargo/registry/src/index.crates.io-1949cf8c6b5b557f/redox_syscall-0.7.3) to vendor-deps/redox_syscall-0.7.3
   Vendoring ref-cast v1.0.25 (/home/brittonr/.cargo/registry/src/index.crates.io-1949cf8c6b5b557f/ref-cast-1.0.25) to vendor-deps/ref-cast-1.0.25
   Vendoring ref-cast-impl v1.0.25 (/home/brittonr/.cargo/registry/src/index.crates.io-1949cf8c6b5b557f/ref-cast-impl-1.0.25) to vendor-deps/ref-cast-impl-1.0.25
   Vendoring regalloc2 v0.11.2 (/home/brittonr/.cargo/registry/src/index.crates.io-1949cf8c6b5b557f/regalloc2-0.11.2) to vendor-deps/regalloc2-0.11.2
   Vendoring regex v1.12.3 (/home/brittonr/.cargo/registry/src/index.crates.io-1949cf8c6b5b557f/regex-1.12.3) to vendor-deps/regex-1.12.3
   Vendoring regex-automata v0.4.14 (/home/brittonr/.cargo/registry/src/index.crates.io-1949cf8c6b5b557f/regex-automata-0.4.14) to vendor-deps/regex-automata-0.4.14
   Vendoring regex-syntax v0.8.10 (/home/brittonr/.cargo/registry/src/index.crates.io-1949cf8c6b5b557f/regex-syntax-0.8.10) to vendor-deps/regex-syntax-0.8.10
   Vendoring region v3.0.2 (/home/brittonr/.cargo/registry/src/index.crates.io-1949cf8c6b5b557f/region-3.0.2) to vendor-deps/region-3.0.2
   Vendoring relative-path v1.9.3 (/home/brittonr/.cargo/registry/src/index.crates.io-1949cf8c6b5b557f/relative-path-1.9.3) to vendor-deps/relative-path-1.9.3
   Vendoring reqwest v0.12.28 (/home/brittonr/.cargo/registry/src/index.crates.io-1949cf8c6b5b557f/reqwest-0.12.28) to vendor-deps/reqwest-0.12.28
   Vendoring reqwest v0.13.2 (/home/brittonr/.cargo/registry/src/index.crates.io-1949cf8c6b5b557f/reqwest-0.13.2) to vendor-deps/reqwest-0.13.2
   Vendoring reqwest-middleware v0.5.1 (/home/brittonr/.cargo/registry/src/index.crates.io-1949cf8c6b5b557f/reqwest-middleware-0.5.1) to vendor-deps/reqwest-middleware-0.5.1
   Vendoring reqwest-tracing v0.6.0 (/home/brittonr/.cargo/registry/src/index.crates.io-1949cf8c6b5b557f/reqwest-tracing-0.6.0) to vendor-deps/reqwest-tracing-0.6.0
   Vendoring ring v0.17.14 (/home/brittonr/.cargo/registry/src/index.crates.io-1949cf8c6b5b557f/ring-0.17.14) to vendor-deps/ring-0.17.14
   Vendoring rsa v0.9.10 (/home/brittonr/.cargo/registry/src/index.crates.io-1949cf8c6b5b557f/rsa-0.9.10) to vendor-deps/rsa-0.9.10
   Vendoring rstest v0.26.1 (/home/brittonr/.cargo/registry/src/index.crates.io-1949cf8c6b5b557f/rstest-0.26.1) to vendor-deps/rstest-0.26.1
   Vendoring rstest_macros v0.26.1 (/home/brittonr/.cargo/registry/src/index.crates.io-1949cf8c6b5b557f/rstest_macros-0.26.1) to vendor-deps/rstest_macros-0.26.1
   Vendoring rstest_reuse v0.7.0 (/home/brittonr/.cargo/registry/src/index.crates.io-1949cf8c6b5b557f/rstest_reuse-0.7.0) to vendor-deps/rstest_reuse-0.7.0
   Vendoring rustc-demangle v0.1.28 (/home/brittonr/.cargo/registry/src/index.crates.io-1949cf8c6b5b557f/rustc-demangle-0.1.28) to vendor-deps/rustc-demangle-0.1.28
   Vendoring rustc-hash v2.1.2 (/home/brittonr/.cargo/registry/src/index.crates.io-1949cf8c6b5b557f/rustc-hash-2.1.2) to vendor-deps/rustc-hash-2.1.2
   Vendoring rustc_version v0.4.1 (/home/brittonr/.cargo/registry/src/index.crates.io-1949cf8c6b5b557f/rustc_version-0.4.1) to vendor-deps/rustc_version-0.4.1
   Vendoring rustix v0.38.44 (/home/brittonr/.cargo/registry/src/index.crates.io-1949cf8c6b5b557f/rustix-0.38.44) to vendor-deps/rustix-0.38.44
   Vendoring rustix v1.1.4 (/home/brittonr/.cargo/registry/src/index.crates.io-1949cf8c6b5b557f/rustix-1.1.4) to vendor-deps/rustix-1.1.4
   Vendoring rustix-linux-procfs v0.1.1 (/home/brittonr/.cargo/registry/src/index.crates.io-1949cf8c6b5b557f/rustix-linux-procfs-0.1.1) to vendor-deps/rustix-linux-procfs-0.1.1
   Vendoring rustls v0.23.37 (/home/brittonr/.cargo/registry/src/index.crates.io-1949cf8c6b5b557f/rustls-0.23.37) to vendor-deps/rustls-0.23.37
   Vendoring rustls-native-certs v0.8.3 (/home/brittonr/.cargo/registry/src/index.crates.io-1949cf8c6b5b557f/rustls-native-certs-0.8.3) to vendor-deps/rustls-native-certs-0.8.3
   Vendoring rustls-pki-types v1.14.0 (/home/brittonr/.cargo/registry/src/index.crates.io-1949cf8c6b5b557f/rustls-pki-types-1.14.0) to vendor-deps/rustls-pki-types-1.14.0
   Vendoring rustls-platform-verifier v0.6.2 (/home/brittonr/.cargo/registry/src/index.crates.io-1949cf8c6b5b557f/rustls-platform-verifier-0.6.2) to vendor-deps/rustls-platform-verifier-0.6.2
   Vendoring rustls-platform-verifier-android v0.1.1 (/home/brittonr/.cargo/registry/src/index.crates.io-1949cf8c6b5b557f/rustls-platform-verifier-android-0.1.1) to vendor-deps/rustls-platform-verifier-android-0.1.1
   Vendoring rustls-webpki v0.103.13 (/home/brittonr/.cargo/registry/src/index.crates.io-1949cf8c6b5b557f/rustls-webpki-0.103.13) to vendor-deps/rustls-webpki-0.103.13
   Vendoring rustversion v1.0.22 (/home/brittonr/.cargo/registry/src/index.crates.io-1949cf8c6b5b557f/rustversion-1.0.22) to vendor-deps/rustversion-1.0.22
   Vendoring rusty-fork v0.3.1 (/home/brittonr/.cargo/registry/src/index.crates.io-1949cf8c6b5b557f/rusty-fork-0.3.1) to vendor-deps/rusty-fork-0.3.1
   Vendoring ruzstd v0.8.2 (/home/brittonr/.cargo/registry/src/index.crates.io-1949cf8c6b5b557f/ruzstd-0.8.2) to vendor-deps/ruzstd-0.8.2
   Vendoring ryu v1.0.23 (/home/brittonr/.cargo/registry/src/index.crates.io-1949cf8c6b5b557f/ryu-1.0.23) to vendor-deps/ryu-1.0.23
   Vendoring safe_arch v1.2.0 (/home/brittonr/.cargo/registry/src/index.crates.io-1949cf8c6b5b557f/safe_arch-1.2.0) to vendor-deps/safe_arch-1.2.0
   Vendoring same-file v1.0.6 (/home/brittonr/.cargo/registry/src/index.crates.io-1949cf8c6b5b557f/same-file-1.0.6) to vendor-deps/same-file-1.0.6
   Vendoring saphyr-parser v0.0.6 (/home/brittonr/.cargo/registry/src/index.crates.io-1949cf8c6b5b557f/saphyr-parser-0.0.6) to vendor-deps/saphyr-parser-0.0.6
   Vendoring schannel v0.1.29 (/home/brittonr/.cargo/registry/src/index.crates.io-1949cf8c6b5b557f/schannel-0.1.29) to vendor-deps/schannel-0.1.29
   Vendoring schemars v0.9.0 (/home/brittonr/.cargo/registry/src/index.crates.io-1949cf8c6b5b557f/schemars-0.9.0) to vendor-deps/schemars-0.9.0
   Vendoring schemars v1.2.1 (/home/brittonr/.cargo/registry/src/index.crates.io-1949cf8c6b5b557f/schemars-1.2.1) to vendor-deps/schemars-1.2.1
   Vendoring scoped-tls v1.0.1 (/home/brittonr/.cargo/registry/src/index.crates.io-1949cf8c6b5b557f/scoped-tls-1.0.1) to vendor-deps/scoped-tls-1.0.1
   Vendoring scopeguard v1.2.0 (/home/brittonr/.cargo/registry/src/index.crates.io-1949cf8c6b5b557f/scopeguard-1.2.0) to vendor-deps/scopeguard-1.2.0
   Vendoring secrecy v0.10.3 (/home/brittonr/.cargo/registry/src/index.crates.io-1949cf8c6b5b557f/secrecy-0.10.3) to vendor-deps/secrecy-0.10.3
   Vendoring secretspec v0.17.0 (/home/brittonr/.cargo/registry/src/index.crates.io-1949cf8c6b5b557f/secretspec-0.17.0) to vendor-deps/secretspec-0.17.0
   Vendoring security-framework v3.7.0 (/home/brittonr/.cargo/registry/src/index.crates.io-1949cf8c6b5b557f/security-framework-3.7.0) to vendor-deps/security-framework-3.7.0
   Vendoring security-framework-sys v2.17.0 (/home/brittonr/.cargo/registry/src/index.crates.io-1949cf8c6b5b557f/security-framework-sys-2.17.0) to vendor-deps/security-framework-sys-2.17.0
   Vendoring semver v1.0.28 (/home/brittonr/.cargo/registry/src/index.crates.io-1949cf8c6b5b557f/semver-1.0.28) to vendor-deps/semver-1.0.28
   Vendoring send_wrapper v0.6.0 (/home/brittonr/.cargo/registry/src/index.crates.io-1949cf8c6b5b557f/send_wrapper-0.6.0) to vendor-deps/send_wrapper-0.6.0
   Vendoring serde v1.0.228 (/home/brittonr/.cargo/registry/src/index.crates.io-1949cf8c6b5b557f/serde-1.0.228) to vendor-deps/serde-1.0.228
   Vendoring serde_bytes v0.11.19 (/home/brittonr/.cargo/registry/src/index.crates.io-1949cf8c6b5b557f/serde_bytes-0.11.19) to vendor-deps/serde_bytes-0.11.19
   Vendoring serde_core v1.0.228 (/home/brittonr/.cargo/registry/src/index.crates.io-1949cf8c6b5b557f/serde_core-1.0.228) to vendor-deps/serde_core-1.0.228
   Vendoring serde_derive v1.0.228 (/home/brittonr/.cargo/registry/src/index.crates.io-1949cf8c6b5b557f/serde_derive-1.0.228) to vendor-deps/serde_derive-1.0.228
   Vendoring serde_json v1.0.149 (/home/brittonr/.cargo/registry/src/index.crates.io-1949cf8c6b5b557f/serde_json-1.0.149) to vendor-deps/serde_json-1.0.149
   Vendoring serde_path_to_error v0.1.20 (/home/brittonr/.cargo/registry/src/index.crates.io-1949cf8c6b5b557f/serde_path_to_error-0.1.20) to vendor-deps/serde_path_to_error-0.1.20
   Vendoring serde_qs v0.12.0 (/home/brittonr/.cargo/registry/src/index.crates.io-1949cf8c6b5b557f/serde_qs-0.12.0) to vendor-deps/serde_qs-0.12.0
   Vendoring serde_spanned v0.6.9 (/home/brittonr/.cargo/registry/src/index.crates.io-1949cf8c6b5b557f/serde_spanned-0.6.9) to vendor-deps/serde_spanned-0.6.9
   Vendoring serde_spanned v1.1.1 (/home/brittonr/.cargo/registry/src/index.crates.io-1949cf8c6b5b557f/serde_spanned-1.1.1) to vendor-deps/serde_spanned-1.1.1
   Vendoring serde_tagged v0.3.0 (/home/brittonr/.cargo/registry/src/index.crates.io-1949cf8c6b5b557f/serde_tagged-0.3.0) to vendor-deps/serde_tagged-0.3.0
   Vendoring serde_urlencoded v0.7.1 (/home/brittonr/.cargo/registry/src/index.crates.io-1949cf8c6b5b557f/serde_urlencoded-0.7.1) to vendor-deps/serde_urlencoded-0.7.1
   Vendoring serde_with v3.18.0 (/home/brittonr/.cargo/registry/src/index.crates.io-1949cf8c6b5b557f/serde_with-3.18.0) to vendor-deps/serde_with-3.18.0
   Vendoring serde_with_macros v3.18.0 (/home/brittonr/.cargo/registry/src/index.crates.io-1949cf8c6b5b557f/serde_with_macros-3.18.0) to vendor-deps/serde_with_macros-3.18.0
   Vendoring serde_yaml v0.9.34+deprecated (/home/brittonr/.cargo/registry/src/index.crates.io-1949cf8c6b5b557f/serde_yaml-0.9.34+deprecated) to vendor-deps/serde_yaml-0.9.34+deprecated
   Vendoring sha-1 v0.10.1 (/home/brittonr/.cargo/registry/src/index.crates.io-1949cf8c6b5b557f/sha-1-0.10.1) to vendor-deps/sha-1-0.10.1
   Vendoring sha1 v0.10.6 (/home/brittonr/.cargo/registry/src/index.crates.io-1949cf8c6b5b557f/sha1-0.10.6) to vendor-deps/sha1-0.10.6
   Vendoring sha1-checked v0.10.0 (/home/brittonr/.cargo/registry/src/index.crates.io-1949cf8c6b5b557f/sha1-checked-0.10.0) to vendor-deps/sha1-checked-0.10.0
   Vendoring sha2 v0.10.9 (/home/brittonr/.cargo/registry/src/index.crates.io-1949cf8c6b5b557f/sha2-0.10.9) to vendor-deps/sha2-0.10.9
   Vendoring sha3 v0.10.8 (/home/brittonr/.cargo/registry/src/index.crates.io-1949cf8c6b5b557f/sha3-0.10.8) to vendor-deps/sha3-0.10.8
   Vendoring sharded-slab v0.1.7 (/home/brittonr/.cargo/registry/src/index.crates.io-1949cf8c6b5b557f/sharded-slab-0.1.7) to vendor-deps/sharded-slab-0.1.7
   Vendoring shell-words v1.1.1 (/home/brittonr/.cargo/registry/src/index.crates.io-1949cf8c6b5b557f/shell-words-1.1.1) to vendor-deps/shell-words-1.1.1
   Vendoring shlex v1.3.0 (/home/brittonr/.cargo/registry/src/index.crates.io-1949cf8c6b5b557f/shlex-1.3.0) to vendor-deps/shlex-1.3.0
   Vendoring signal-hook v0.3.18 (/home/brittonr/.cargo/registry/src/index.crates.io-1949cf8c6b5b557f/signal-hook-0.3.18) to vendor-deps/signal-hook-0.3.18
   Vendoring signal-hook v0.4.4 (/home/brittonr/.cargo/registry/src/index.crates.io-1949cf8c6b5b557f/signal-hook-0.4.4) to vendor-deps/signal-hook-0.4.4
   Vendoring signal-hook-mio v0.2.5 (/home/brittonr/.cargo/registry/src/index.crates.io-1949cf8c6b5b557f/signal-hook-mio-0.2.5) to vendor-deps/signal-hook-mio-0.2.5
   Vendoring signal-hook-registry v1.4.8 (/home/brittonr/.cargo/registry/src/index.crates.io-1949cf8c6b5b557f/signal-hook-registry-1.4.8) to vendor-deps/signal-hook-registry-1.4.8
   Vendoring signature v2.2.0 (/home/brittonr/.cargo/registry/src/index.crates.io-1949cf8c6b5b557f/signature-2.2.0) to vendor-deps/signature-2.2.0
   Vendoring simd-adler32 v0.3.9 (/home/brittonr/.cargo/registry/src/index.crates.io-1949cf8c6b5b557f/simd-adler32-0.3.9) to vendor-deps/simd-adler32-0.3.9
   Vendoring simple-counter v0.1.0 (/home/brittonr/.cargo/registry/src/index.crates.io-1949cf8c6b5b557f/simple-counter-0.1.0) to vendor-deps/simple-counter-0.1.0
   Vendoring siphasher v1.0.2 (/home/brittonr/.cargo/registry/src/index.crates.io-1949cf8c6b5b557f/siphasher-1.0.2) to vendor-deps/siphasher-1.0.2
   Vendoring slab v0.4.12 (/home/brittonr/.cargo/registry/src/index.crates.io-1949cf8c6b5b557f/slab-0.4.12) to vendor-deps/slab-0.4.12
   Vendoring smallvec v1.15.1 (/home/brittonr/.cargo/registry/src/index.crates.io-1949cf8c6b5b557f/smallvec-1.15.1) to vendor-deps/smallvec-1.15.1
   Vendoring smol_str v0.2.2 (/home/brittonr/.cargo/registry/src/index.crates.io-1949cf8c6b5b557f/smol_str-0.2.2) to vendor-deps/smol_str-0.2.2
   Vendoring socket2 v0.4.10 (/home/brittonr/.cargo/registry/src/index.crates.io-1949cf8c6b5b557f/socket2-0.4.10) to vendor-deps/socket2-0.4.10
   Vendoring socket2 v0.6.3 (/home/brittonr/.cargo/registry/src/index.crates.io-1949cf8c6b5b557f/socket2-0.6.3) to vendor-deps/socket2-0.6.3
   Vendoring spez v0.1.2 (/home/brittonr/.cargo/registry/src/index.crates.io-1949cf8c6b5b557f/spez-0.1.2) to vendor-deps/spez-0.1.2
   Vendoring spin v0.9.9 (/home/brittonr/.cargo/registry/src/index.crates.io-1949cf8c6b5b557f/spin-0.9.9) to vendor-deps/spin-0.9.9
   Vendoring spin v0.10.0 (/home/brittonr/.cargo/registry/src/index.crates.io-1949cf8c6b5b557f/spin-0.10.0) to vendor-deps/spin-0.10.0
   Vendoring spki v0.7.3 (/home/brittonr/.cargo/registry/src/index.crates.io-1949cf8c6b5b557f/spki-0.7.3) to vendor-deps/spki-0.7.3
   Vendoring stable_deref_trait v1.2.1 (/home/brittonr/.cargo/registry/src/index.crates.io-1949cf8c6b5b557f/stable_deref_trait-1.2.1) to vendor-deps/stable_deref_trait-1.2.1
   Vendoring static_assertions v1.1.0 (/home/brittonr/.cargo/registry/src/index.crates.io-1949cf8c6b5b557f/static_assertions-1.1.0) to vendor-deps/static_assertions-1.1.0
   Vendoring string_cache v0.8.9 (/home/brittonr/.cargo/registry/src/index.crates.io-1949cf8c6b5b557f/string_cache-0.8.9) to vendor-deps/string_cache-0.8.9
   Vendoring strip-ansi-escapes v0.2.1 (/home/brittonr/.cargo/registry/src/index.crates.io-1949cf8c6b5b557f/strip-ansi-escapes-0.2.1) to vendor-deps/strip-ansi-escapes-0.2.1
   Vendoring strsim v0.11.1 (/home/brittonr/.cargo/registry/src/index.crates.io-1949cf8c6b5b557f/strsim-0.11.1) to vendor-deps/strsim-0.11.1
   Vendoring strum v0.26.3 (/home/brittonr/.cargo/registry/src/index.crates.io-1949cf8c6b5b557f/strum-0.26.3) to vendor-deps/strum-0.26.3
   Vendoring strum_macros v0.26.4 (/home/brittonr/.cargo/registry/src/index.crates.io-1949cf8c6b5b557f/strum_macros-0.26.4) to vendor-deps/strum_macros-0.26.4
   Vendoring subtle v2.6.1 (/home/brittonr/.cargo/registry/src/index.crates.io-1949cf8c6b5b557f/subtle-2.6.1) to vendor-deps/subtle-2.6.1
   Vendoring supports-color v3.0.2 (/home/brittonr/.cargo/registry/src/index.crates.io-1949cf8c6b5b557f/supports-color-3.0.2) to vendor-deps/supports-color-3.0.2
   Vendoring supports-hyperlinks v3.2.0 (/home/brittonr/.cargo/registry/src/index.crates.io-1949cf8c6b5b557f/supports-hyperlinks-3.2.0) to vendor-deps/supports-hyperlinks-3.2.0
   Vendoring supports-unicode v3.0.0 (/home/brittonr/.cargo/registry/src/index.crates.io-1949cf8c6b5b557f/supports-unicode-3.0.0) to vendor-deps/supports-unicode-3.0.0
   Vendoring syn v1.0.109 (/home/brittonr/.cargo/registry/src/index.crates.io-1949cf8c6b5b557f/syn-1.0.109) to vendor-deps/syn-1.0.109
   Vendoring syn v2.0.117 (/home/brittonr/.cargo/registry/src/index.crates.io-1949cf8c6b5b557f/syn-2.0.117) to vendor-deps/syn-2.0.117
   Vendoring syn v3.0.3 (/home/brittonr/.cargo/registry/src/index.crates.io-1949cf8c6b5b557f/syn-3.0.3) to vendor-deps/syn-3.0.3
   Vendoring sync_wrapper v1.0.2 (/home/brittonr/.cargo/registry/src/index.crates.io-1949cf8c6b5b557f/sync_wrapper-1.0.2) to vendor-deps/sync_wrapper-1.0.2
   Vendoring synstructure v0.13.2 (/home/brittonr/.cargo/registry/src/index.crates.io-1949cf8c6b5b557f/synstructure-0.13.2) to vendor-deps/synstructure-0.13.2
   Vendoring system-configuration v0.7.0 (/home/brittonr/.cargo/registry/src/index.crates.io-1949cf8c6b5b557f/system-configuration-0.7.0) to vendor-deps/system-configuration-0.7.0
   Vendoring system-configuration-sys v0.6.0 (/home/brittonr/.cargo/registry/src/index.crates.io-1949cf8c6b5b557f/system-configuration-sys-0.6.0) to vendor-deps/system-configuration-sys-0.6.0
   Vendoring tar v0.4.45 (/home/brittonr/.cargo/registry/src/index.crates.io-1949cf8c6b5b557f/tar-0.4.45) to vendor-deps/tar-0.4.45
   Vendoring target-lexicon v0.13.5 (/home/brittonr/.cargo/registry/src/index.crates.io-1949cf8c6b5b557f/target-lexicon-0.13.5) to vendor-deps/target-lexicon-0.13.5
   Vendoring tempfile v3.27.0 (/home/brittonr/.cargo/registry/src/index.crates.io-1949cf8c6b5b557f/tempfile-3.27.0) to vendor-deps/tempfile-3.27.0
   Vendoring term v1.2.1 (/home/brittonr/.cargo/registry/src/index.crates.io-1949cf8c6b5b557f/term-1.2.1) to vendor-deps/term-1.2.1
   Vendoring termcolor v1.4.1 (/home/brittonr/.cargo/registry/src/index.crates.io-1949cf8c6b5b557f/termcolor-1.4.1) to vendor-deps/termcolor-1.4.1
   Vendoring terminal_size v0.4.4 (/home/brittonr/.cargo/registry/src/index.crates.io-1949cf8c6b5b557f/terminal_size-0.4.4) to vendor-deps/terminal_size-0.4.4
   Vendoring termtree v0.5.1 (/home/brittonr/.cargo/registry/src/index.crates.io-1949cf8c6b5b557f/termtree-0.5.1) to vendor-deps/termtree-0.5.1
   Vendoring textwrap v0.16.2 (/home/brittonr/.cargo/registry/src/index.crates.io-1949cf8c6b5b557f/textwrap-0.16.2) to vendor-deps/textwrap-0.16.2
   Vendoring thiserror v1.0.69 (/home/brittonr/.cargo/registry/src/index.crates.io-1949cf8c6b5b557f/thiserror-1.0.69) to vendor-deps/thiserror-1.0.69
   Vendoring thiserror v2.0.18 (/home/brittonr/.cargo/registry/src/index.crates.io-1949cf8c6b5b557f/thiserror-2.0.18) to vendor-deps/thiserror-2.0.18
   Vendoring thiserror-impl v1.0.69 (/home/brittonr/.cargo/registry/src/index.crates.io-1949cf8c6b5b557f/thiserror-impl-1.0.69) to vendor-deps/thiserror-impl-1.0.69
   Vendoring thiserror-impl v2.0.18 (/home/brittonr/.cargo/registry/src/index.crates.io-1949cf8c6b5b557f/thiserror-impl-2.0.18) to vendor-deps/thiserror-impl-2.0.18
   Vendoring thread_local v1.1.9 (/home/brittonr/.cargo/registry/src/index.crates.io-1949cf8c6b5b557f/thread_local-1.1.9) to vendor-deps/thread_local-1.1.9
   Vendoring threadpool v1.8.1 (/home/brittonr/.cargo/registry/src/index.crates.io-1949cf8c6b5b557f/threadpool-1.8.1) to vendor-deps/threadpool-1.8.1
   Vendoring time v0.3.47 (/home/brittonr/.cargo/registry/src/index.crates.io-1949cf8c6b5b557f/time-0.3.47) to vendor-deps/time-0.3.47
   Vendoring time-core v0.1.8 (/home/brittonr/.cargo/registry/src/index.crates.io-1949cf8c6b5b557f/time-core-0.1.8) to vendor-deps/time-core-0.1.8
   Vendoring time-macros v0.2.27 (/home/brittonr/.cargo/registry/src/index.crates.io-1949cf8c6b5b557f/time-macros-0.2.27) to vendor-deps/time-macros-0.2.27
   Vendoring tinystr v0.8.3 (/home/brittonr/.cargo/registry/src/index.crates.io-1949cf8c6b5b557f/tinystr-0.8.3) to vendor-deps/tinystr-0.8.3
   Vendoring tinytemplate v1.2.1 (/home/brittonr/.cargo/registry/src/index.crates.io-1949cf8c6b5b557f/tinytemplate-1.2.1) to vendor-deps/tinytemplate-1.2.1
   Vendoring tinyvec v1.11.0 (/home/brittonr/.cargo/registry/src/index.crates.io-1949cf8c6b5b557f/tinyvec-1.11.0) to vendor-deps/tinyvec-1.11.0
   Vendoring tinyvec_macros v0.1.1 (/home/brittonr/.cargo/registry/src/index.crates.io-1949cf8c6b5b557f/tinyvec_macros-0.1.1) to vendor-deps/tinyvec_macros-0.1.1
   Vendoring tokio v1.51.0 (/home/brittonr/.cargo/registry/src/index.crates.io-1949cf8c6b5b557f/tokio-1.51.0) to vendor-deps/tokio-1.51.0
   Vendoring tokio-macros v2.7.0 (/home/brittonr/.cargo/registry/src/index.crates.io-1949cf8c6b5b557f/tokio-macros-2.7.0) to vendor-deps/tokio-macros-2.7.0
   Vendoring tokio-retry v0.3.0 (/home/brittonr/.cargo/registry/src/index.crates.io-1949cf8c6b5b557f/tokio-retry-0.3.0) to vendor-deps/tokio-retry-0.3.0
   Vendoring tokio-rustls v0.26.4 (/home/brittonr/.cargo/registry/src/index.crates.io-1949cf8c6b5b557f/tokio-rustls-0.26.4) to vendor-deps/tokio-rustls-0.26.4
   Vendoring tokio-stream v0.1.18 (/home/brittonr/.cargo/registry/src/index.crates.io-1949cf8c6b5b557f/tokio-stream-0.1.18) to vendor-deps/tokio-stream-0.1.18
   Vendoring tokio-test v0.4.5 (/home/brittonr/.cargo/registry/src/index.crates.io-1949cf8c6b5b557f/tokio-test-0.4.5) to vendor-deps/tokio-test-0.4.5
   Vendoring tokio-uring v0.4.0 (/home/brittonr/.cargo/registry/src/index.crates.io-1949cf8c6b5b557f/tokio-uring-0.4.0) to vendor-deps/tokio-uring-0.4.0
   Vendoring tokio-util v0.7.18 (/home/brittonr/.cargo/registry/src/index.crates.io-1949cf8c6b5b557f/tokio-util-0.7.18) to vendor-deps/tokio-util-0.7.18
   Vendoring toml v0.8.23 (/home/brittonr/.cargo/registry/src/index.crates.io-1949cf8c6b5b557f/toml-0.8.23) to vendor-deps/toml-0.8.23
   Vendoring toml v0.9.12+spec-1.1.0 (/home/brittonr/.cargo/registry/src/index.crates.io-1949cf8c6b5b557f/toml-0.9.12+spec-1.1.0) to vendor-deps/toml-0.9.12+spec-1.1.0
   Vendoring toml_datetime v0.6.11 (/home/brittonr/.cargo/registry/src/index.crates.io-1949cf8c6b5b557f/toml_datetime-0.6.11) to vendor-deps/toml_datetime-0.6.11
   Vendoring toml_datetime v0.7.5+spec-1.1.0 (/home/brittonr/.cargo/registry/src/index.crates.io-1949cf8c6b5b557f/toml_datetime-0.7.5+spec-1.1.0) to vendor-deps/toml_datetime-0.7.5+spec-1.1.0
   Vendoring toml_datetime v1.1.1+spec-1.1.0 (/home/brittonr/.cargo/registry/src/index.crates.io-1949cf8c6b5b557f/toml_datetime-1.1.1+spec-1.1.0) to vendor-deps/toml_datetime-1.1.1+spec-1.1.0
   Vendoring toml_edit v0.22.27 (/home/brittonr/.cargo/registry/src/index.crates.io-1949cf8c6b5b557f/toml_edit-0.22.27) to vendor-deps/toml_edit-0.22.27
   Vendoring toml_edit v0.24.1+spec-1.1.0 (/home/brittonr/.cargo/registry/src/index.crates.io-1949cf8c6b5b557f/toml_edit-0.24.1+spec-1.1.0) to vendor-deps/toml_edit-0.24.1+spec-1.1.0
   Vendoring toml_edit v0.25.10+spec-1.1.0 (/home/brittonr/.cargo/registry/src/index.crates.io-1949cf8c6b5b557f/toml_edit-0.25.10+spec-1.1.0) to vendor-deps/toml_edit-0.25.10+spec-1.1.0
   Vendoring toml_parser v1.1.2+spec-1.1.0 (/home/brittonr/.cargo/registry/src/index.crates.io-1949cf8c6b5b557f/toml_parser-1.1.2+spec-1.1.0) to vendor-deps/toml_parser-1.1.2+spec-1.1.0
   Vendoring toml_write v0.1.2 (/home/brittonr/.cargo/registry/src/index.crates.io-1949cf8c6b5b557f/toml_write-0.1.2) to vendor-deps/toml_write-0.1.2
   Vendoring toml_writer v1.1.1+spec-1.1.0 (/home/brittonr/.cargo/registry/src/index.crates.io-1949cf8c6b5b557f/toml_writer-1.1.1+spec-1.1.0) to vendor-deps/toml_writer-1.1.1+spec-1.1.0
   Vendoring tonic v0.13.1 (/home/brittonr/.cargo/registry/src/index.crates.io-1949cf8c6b5b557f/tonic-0.13.1) to vendor-deps/tonic-0.13.1
   Vendoring tonic v0.14.5 (/home/brittonr/.cargo/registry/src/index.crates.io-1949cf8c6b5b557f/tonic-0.14.5) to vendor-deps/tonic-0.14.5
   Vendoring tonic-build v0.14.5 (/home/brittonr/.cargo/registry/src/index.crates.io-1949cf8c6b5b557f/tonic-build-0.14.5) to vendor-deps/tonic-build-0.14.5
   Vendoring tonic-prost v0.14.5 (/home/brittonr/.cargo/registry/src/index.crates.io-1949cf8c6b5b557f/tonic-prost-0.14.5) to vendor-deps/tonic-prost-0.14.5
   Vendoring tonic-prost-build v0.14.5 (/home/brittonr/.cargo/registry/src/index.crates.io-1949cf8c6b5b557f/tonic-prost-build-0.14.5) to vendor-deps/tonic-prost-build-0.14.5
   Vendoring tower v0.5.3 (/home/brittonr/.cargo/registry/src/index.crates.io-1949cf8c6b5b557f/tower-0.5.3) to vendor-deps/tower-0.5.3
   Vendoring tower-http v0.6.8 (/home/brittonr/.cargo/registry/src/index.crates.io-1949cf8c6b5b557f/tower-http-0.6.8) to vendor-deps/tower-http-0.6.8
   Vendoring tower-layer v0.3.3 (/home/brittonr/.cargo/registry/src/index.crates.io-1949cf8c6b5b557f/tower-layer-0.3.3) to vendor-deps/tower-layer-0.3.3
   Vendoring tower-service v0.3.3 (/home/brittonr/.cargo/registry/src/index.crates.io-1949cf8c6b5b557f/tower-service-0.3.3) to vendor-deps/tower-service-0.3.3
   Vendoring tracing v0.1.44 (/home/brittonr/.cargo/registry/src/index.crates.io-1949cf8c6b5b557f/tracing-0.1.44) to vendor-deps/tracing-0.1.44
   Vendoring tracing-attributes v0.1.31 (/home/brittonr/.cargo/registry/src/index.crates.io-1949cf8c6b5b557f/tracing-attributes-0.1.31) to vendor-deps/tracing-attributes-0.1.31
   Vendoring tracing-chrome v0.7.2 (/home/brittonr/.cargo/registry/src/index.crates.io-1949cf8c6b5b557f/tracing-chrome-0.7.2) to vendor-deps/tracing-chrome-0.7.2
   Vendoring tracing-core v0.1.36 (/home/brittonr/.cargo/registry/src/index.crates.io-1949cf8c6b5b557f/tracing-core-0.1.36) to vendor-deps/tracing-core-0.1.36
   Vendoring tracing-futures v0.2.5 (/home/brittonr/.cargo/registry/src/index.crates.io-1949cf8c6b5b557f/tracing-futures-0.2.5) to vendor-deps/tracing-futures-0.2.5
   Vendoring tracing-indicatif v0.3.14 (/home/brittonr/.cargo/registry/src/index.crates.io-1949cf8c6b5b557f/tracing-indicatif-0.3.14) to vendor-deps/tracing-indicatif-0.3.14
   Vendoring tracing-log v0.2.0 (/home/brittonr/.cargo/registry/src/index.crates.io-1949cf8c6b5b557f/tracing-log-0.2.0) to vendor-deps/tracing-log-0.2.0
   Vendoring tracing-opentelemetry v0.31.0 (/home/brittonr/.cargo/registry/src/index.crates.io-1949cf8c6b5b557f/tracing-opentelemetry-0.31.0) to vendor-deps/tracing-opentelemetry-0.31.0
   Vendoring tracing-subscriber v0.3.23 (/home/brittonr/.cargo/registry/src/index.crates.io-1949cf8c6b5b557f/tracing-subscriber-0.3.23) to vendor-deps/tracing-subscriber-0.3.23
   Vendoring tracing-tracy v0.11.4 (/home/brittonr/.cargo/registry/src/index.crates.io-1949cf8c6b5b557f/tracing-tracy-0.11.4) to vendor-deps/tracing-tracy-0.11.4
   Vendoring tracy-client v0.18.4 (/home/brittonr/.cargo/registry/src/index.crates.io-1949cf8c6b5b557f/tracy-client-0.18.4) to vendor-deps/tracy-client-0.18.4
   Vendoring tracy-client-sys v0.28.0 (/home/brittonr/.cargo/registry/src/index.crates.io-1949cf8c6b5b557f/tracy-client-sys-0.28.0) to vendor-deps/tracy-client-sys-0.28.0
   Vendoring transactional-reconciliation-core v0.1.0 (https://seed.radicle.garden/z4Tky6zvC8w4Y6c4YBzNxVbq5n752.git?rev=606489b5f40298181214bb76bc3457b607f225d9#606489b5) (/home/brittonr/.cargo/git/checkouts/z4Tky6zvC8w4Y6c4YBzNxVbq5n752-1196901937e3b164/606489b/crates/transactional-reconciliation-core) to vendor-deps/transactional-reconciliation-core-0.1.0
   Vendoring try-lock v0.2.5 (/home/brittonr/.cargo/registry/src/index.crates.io-1949cf8c6b5b557f/try-lock-0.2.5) to vendor-deps/try-lock-0.2.5
   Vendoring twox-hash v2.1.2 (/home/brittonr/.cargo/registry/src/index.crates.io-1949cf8c6b5b557f/twox-hash-2.1.2) to vendor-deps/twox-hash-2.1.2
   Vendoring typed-arena v2.0.2 (/home/brittonr/.cargo/registry/src/index.crates.io-1949cf8c6b5b557f/typed-arena-2.0.2) to vendor-deps/typed-arena-2.0.2
   Vendoring typed-builder v0.22.0 (/home/brittonr/.cargo/registry/src/index.crates.io-1949cf8c6b5b557f/typed-builder-0.22.0) to vendor-deps/typed-builder-0.22.0
   Vendoring typed-builder-macro v0.22.0 (/home/brittonr/.cargo/registry/src/index.crates.io-1949cf8c6b5b557f/typed-builder-macro-0.22.0) to vendor-deps/typed-builder-macro-0.22.0
   Vendoring typeid v1.0.3 (/home/brittonr/.cargo/registry/src/index.crates.io-1949cf8c6b5b557f/typeid-1.0.3) to vendor-deps/typeid-1.0.3
   Vendoring typenum v1.20.1 (/home/brittonr/.cargo/registry/src/index.crates.io-1949cf8c6b5b557f/typenum-1.20.1) to vendor-deps/typenum-1.20.1
   Vendoring typetag v0.2.21 (/home/brittonr/.cargo/registry/src/index.crates.io-1949cf8c6b5b557f/typetag-0.2.21) to vendor-deps/typetag-0.2.21
   Vendoring typetag-impl v0.2.21 (/home/brittonr/.cargo/registry/src/index.crates.io-1949cf8c6b5b557f/typetag-impl-0.2.21) to vendor-deps/typetag-impl-0.2.21
   Vendoring uluru v3.1.0 (/home/brittonr/.cargo/registry/src/index.crates.io-1949cf8c6b5b557f/uluru-3.1.0) to vendor-deps/uluru-3.1.0
   Vendoring unarray v0.1.4 (/home/brittonr/.cargo/registry/src/index.crates.io-1949cf8c6b5b557f/unarray-0.1.4) to vendor-deps/unarray-0.1.4
   Vendoring unicase v2.9.0 (/home/brittonr/.cargo/registry/src/index.crates.io-1949cf8c6b5b557f/unicase-2.9.0) to vendor-deps/unicase-2.9.0
   Vendoring unicode-bom v2.0.3 (/home/brittonr/.cargo/registry/src/index.crates.io-1949cf8c6b5b557f/unicode-bom-2.0.3) to vendor-deps/unicode-bom-2.0.3
   Vendoring unicode-ident v1.0.24 (/home/brittonr/.cargo/registry/src/index.crates.io-1949cf8c6b5b557f/unicode-ident-1.0.24) to vendor-deps/unicode-ident-1.0.24
   Vendoring unicode-linebreak v0.1.5 (/home/brittonr/.cargo/registry/src/index.crates.io-1949cf8c6b5b557f/unicode-linebreak-0.1.5) to vendor-deps/unicode-linebreak-0.1.5
   Vendoring unicode-normalization v0.1.25 (/home/brittonr/.cargo/registry/src/index.crates.io-1949cf8c6b5b557f/unicode-normalization-0.1.25) to vendor-deps/unicode-normalization-0.1.25
   Vendoring unicode-segmentation v1.13.2 (/home/brittonr/.cargo/registry/src/index.crates.io-1949cf8c6b5b557f/unicode-segmentation-1.13.2) to vendor-deps/unicode-segmentation-1.13.2
   Vendoring unicode-width v0.1.14 (/home/brittonr/.cargo/registry/src/index.crates.io-1949cf8c6b5b557f/unicode-width-0.1.14) to vendor-deps/unicode-width-0.1.14
   Vendoring unicode-width v0.2.2 (/home/brittonr/.cargo/registry/src/index.crates.io-1949cf8c6b5b557f/unicode-width-0.2.2) to vendor-deps/unicode-width-0.2.2
   Vendoring unicode-xid v0.2.6 (/home/brittonr/.cargo/registry/src/index.crates.io-1949cf8c6b5b557f/unicode-xid-0.2.6) to vendor-deps/unicode-xid-0.2.6
   Vendoring unit-prefix v0.5.2 (/home/brittonr/.cargo/registry/src/index.crates.io-1949cf8c6b5b557f/unit-prefix-0.5.2) to vendor-deps/unit-prefix-0.5.2
   Vendoring unsafe-libyaml v0.2.11 (/home/brittonr/.cargo/registry/src/index.crates.io-1949cf8c6b5b557f/unsafe-libyaml-0.2.11) to vendor-deps/unsafe-libyaml-0.2.11
   Vendoring untrusted v0.9.0 (/home/brittonr/.cargo/registry/src/index.crates.io-1949cf8c6b5b557f/untrusted-0.9.0) to vendor-deps/untrusted-0.9.0
   Vendoring ureq v3.3.0 (/home/brittonr/.cargo/registry/src/index.crates.io-1949cf8c6b5b557f/ureq-3.3.0) to vendor-deps/ureq-3.3.0
   Vendoring ureq-proto v0.6.0 (/home/brittonr/.cargo/registry/src/index.crates.io-1949cf8c6b5b557f/ureq-proto-0.6.0) to vendor-deps/ureq-proto-0.6.0
   Vendoring url v2.5.8 (/home/brittonr/.cargo/registry/src/index.crates.io-1949cf8c6b5b557f/url-2.5.8) to vendor-deps/url-2.5.8
   Vendoring utf8-zero v0.8.1 (/home/brittonr/.cargo/registry/src/index.crates.io-1949cf8c6b5b557f/utf8-zero-0.8.1) to vendor-deps/utf8-zero-0.8.1
   Vendoring utf8_iter v1.0.4 (/home/brittonr/.cargo/registry/src/index.crates.io-1949cf8c6b5b557f/utf8_iter-1.0.4) to vendor-deps/utf8_iter-1.0.4
   Vendoring utf8parse v0.2.2 (/home/brittonr/.cargo/registry/src/index.crates.io-1949cf8c6b5b557f/utf8parse-0.2.2) to vendor-deps/utf8parse-0.2.2
   Vendoring uuid v1.23.0 (/home/brittonr/.cargo/registry/src/index.crates.io-1949cf8c6b5b557f/uuid-1.23.0) to vendor-deps/uuid-1.23.0
   Vendoring valuable v0.1.1 (/home/brittonr/.cargo/registry/src/index.crates.io-1949cf8c6b5b557f/valuable-0.1.1) to vendor-deps/valuable-0.1.1
   Vendoring version_check v0.9.5 (/home/brittonr/.cargo/registry/src/index.crates.io-1949cf8c6b5b557f/version_check-0.9.5) to vendor-deps/version_check-0.9.5
   Vendoring versionize v0.1.10 (/home/brittonr/.cargo/registry/src/index.crates.io-1949cf8c6b5b557f/versionize-0.1.10) to vendor-deps/versionize-0.1.10
   Vendoring versionize v0.2.0 (/home/brittonr/.cargo/registry/src/index.crates.io-1949cf8c6b5b557f/versionize-0.2.0) to vendor-deps/versionize-0.2.0
   Vendoring versionize_derive v0.1.6 (/home/brittonr/.cargo/registry/src/index.crates.io-1949cf8c6b5b557f/versionize_derive-0.1.6) to vendor-deps/versionize_derive-0.1.6
   Vendoring vhost v0.6.1 (/home/brittonr/.cargo/registry/src/index.crates.io-1949cf8c6b5b557f/vhost-0.6.1) to vendor-deps/vhost-0.6.1
   Vendoring vhost-user-backend v0.8.0 (/home/brittonr/.cargo/registry/src/index.crates.io-1949cf8c6b5b557f/vhost-user-backend-0.8.0) to vendor-deps/vhost-user-backend-0.8.0
   Vendoring virtio-bindings v0.1.0 (/home/brittonr/.cargo/registry/src/index.crates.io-1949cf8c6b5b557f/virtio-bindings-0.1.0) to vendor-deps/virtio-bindings-0.1.0
   Vendoring virtio-bindings v0.2.6 (/home/brittonr/.cargo/registry/src/index.crates.io-1949cf8c6b5b557f/virtio-bindings-0.2.6) to vendor-deps/virtio-bindings-0.2.6
   Vendoring virtio-queue v0.7.1 (/home/brittonr/.cargo/registry/src/index.crates.io-1949cf8c6b5b557f/virtio-queue-0.7.1) to vendor-deps/virtio-queue-0.7.1
   Vendoring vm-memory v0.10.0 (/home/brittonr/.cargo/registry/src/index.crates.io-1949cf8c6b5b557f/vm-memory-0.10.0) to vendor-deps/vm-memory-0.10.0
   Vendoring vmm-sys-util v0.11.2 (/home/brittonr/.cargo/registry/src/index.crates.io-1949cf8c6b5b557f/vmm-sys-util-0.11.2) to vendor-deps/vmm-sys-util-0.11.2
   Vendoring vmm-sys-util v0.12.1 (/home/brittonr/.cargo/registry/src/index.crates.io-1949cf8c6b5b557f/vmm-sys-util-0.12.1) to vendor-deps/vmm-sys-util-0.12.1
   Vendoring vt100 v0.16.2 (/home/brittonr/.cargo/registry/src/index.crates.io-1949cf8c6b5b557f/vt100-0.16.2) to vendor-deps/vt100-0.16.2
   Vendoring vte v0.14.1 (/home/brittonr/.cargo/registry/src/index.crates.io-1949cf8c6b5b557f/vte-0.14.1) to vendor-deps/vte-0.14.1
   Vendoring vte v0.15.0 (/home/brittonr/.cargo/registry/src/index.crates.io-1949cf8c6b5b557f/vte-0.15.0) to vendor-deps/vte-0.15.0
   Vendoring wait-timeout v0.2.1 (/home/brittonr/.cargo/registry/src/index.crates.io-1949cf8c6b5b557f/wait-timeout-0.2.1) to vendor-deps/wait-timeout-0.2.1
   Vendoring walkdir v2.5.0 (/home/brittonr/.cargo/registry/src/index.crates.io-1949cf8c6b5b557f/walkdir-2.5.0) to vendor-deps/walkdir-2.5.0
   Vendoring want v0.3.1 (/home/brittonr/.cargo/registry/src/index.crates.io-1949cf8c6b5b557f/want-0.3.1) to vendor-deps/want-0.3.1
   Vendoring wasi v0.11.1+wasi-snapshot-preview1 (/home/brittonr/.cargo/registry/src/index.crates.io-1949cf8c6b5b557f/wasi-0.11.1+wasi-snapshot-preview1) to vendor-deps/wasi-0.11.1+wasi-snapshot-preview1
   Vendoring wasip2 v1.0.2+wasi-0.2.9 (/home/brittonr/.cargo/registry/src/index.crates.io-1949cf8c6b5b557f/wasip2-1.0.2+wasi-0.2.9) to vendor-deps/wasip2-1.0.2+wasi-0.2.9
   Vendoring wasip3 v0.4.0+wasi-0.3.0-rc-2026-01-06 (/home/brittonr/.cargo/registry/src/index.crates.io-1949cf8c6b5b557f/wasip3-0.4.0+wasi-0.3.0-rc-2026-01-06) to vendor-deps/wasip3-0.4.0+wasi-0.3.0-rc-2026-01-06
   Vendoring wasm-bindgen v0.2.117 (/home/brittonr/.cargo/registry/src/index.crates.io-1949cf8c6b5b557f/wasm-bindgen-0.2.117) to vendor-deps/wasm-bindgen-0.2.117
   Vendoring wasm-bindgen-futures v0.4.67 (/home/brittonr/.cargo/registry/src/index.crates.io-1949cf8c6b5b557f/wasm-bindgen-futures-0.4.67) to vendor-deps/wasm-bindgen-futures-0.4.67
   Vendoring wasm-bindgen-macro v0.2.117 (/home/brittonr/.cargo/registry/src/index.crates.io-1949cf8c6b5b557f/wasm-bindgen-macro-0.2.117) to vendor-deps/wasm-bindgen-macro-0.2.117
   Vendoring wasm-bindgen-macro-support v0.2.117 (/home/brittonr/.cargo/registry/src/index.crates.io-1949cf8c6b5b557f/wasm-bindgen-macro-support-0.2.117) to vendor-deps/wasm-bindgen-macro-support-0.2.117
   Vendoring wasm-bindgen-shared v0.2.117 (/home/brittonr/.cargo/registry/src/index.crates.io-1949cf8c6b5b557f/wasm-bindgen-shared-0.2.117) to vendor-deps/wasm-bindgen-shared-0.2.117
   Vendoring wasm-encoder v0.244.0 (/home/brittonr/.cargo/registry/src/index.crates.io-1949cf8c6b5b557f/wasm-encoder-0.244.0) to vendor-deps/wasm-encoder-0.244.0
   Vendoring wasm-metadata v0.244.0 (/home/brittonr/.cargo/registry/src/index.crates.io-1949cf8c6b5b557f/wasm-metadata-0.244.0) to vendor-deps/wasm-metadata-0.244.0
   Vendoring wasm-streams v0.5.0 (/home/brittonr/.cargo/registry/src/index.crates.io-1949cf8c6b5b557f/wasm-streams-0.5.0) to vendor-deps/wasm-streams-0.5.0
   Vendoring wasmparser v0.244.0 (/home/brittonr/.cargo/registry/src/index.crates.io-1949cf8c6b5b557f/wasmparser-0.244.0) to vendor-deps/wasmparser-0.244.0
   Vendoring wasmtime-jit-icache-coherence v29.0.1 (/home/brittonr/.cargo/registry/src/index.crates.io-1949cf8c6b5b557f/wasmtime-jit-icache-coherence-29.0.1) to vendor-deps/wasmtime-jit-icache-coherence-29.0.1
   Vendoring web-sys v0.3.94 (/home/brittonr/.cargo/registry/src/index.crates.io-1949cf8c6b5b557f/web-sys-0.3.94) to vendor-deps/web-sys-0.3.94
   Vendoring web-time v1.1.0 (/home/brittonr/.cargo/registry/src/index.crates.io-1949cf8c6b5b557f/web-time-1.1.0) to vendor-deps/web-time-1.1.0
   Vendoring webpki-root-certs v1.0.6 (/home/brittonr/.cargo/registry/src/index.crates.io-1949cf8c6b5b557f/webpki-root-certs-1.0.6) to vendor-deps/webpki-root-certs-1.0.6
   Vendoring webpki-roots v1.0.6 (/home/brittonr/.cargo/registry/src/index.crates.io-1949cf8c6b5b557f/webpki-roots-1.0.6) to vendor-deps/webpki-roots-1.0.6
   Vendoring wide v1.7.0 (/home/brittonr/.cargo/registry/src/index.crates.io-1949cf8c6b5b557f/wide-1.7.0) to vendor-deps/wide-1.7.0
   Vendoring winapi v0.3.9 (/home/brittonr/.cargo/registry/src/index.crates.io-1949cf8c6b5b557f/winapi-0.3.9) to vendor-deps/winapi-0.3.9
   Vendoring winapi-i686-pc-windows-gnu v0.4.0 (/home/brittonr/.cargo/registry/src/index.crates.io-1949cf8c6b5b557f/winapi-i686-pc-windows-gnu-0.4.0) to vendor-deps/winapi-i686-pc-windows-gnu-0.4.0
   Vendoring winapi-util v0.1.11 (/home/brittonr/.cargo/registry/src/index.crates.io-1949cf8c6b5b557f/winapi-util-0.1.11) to vendor-deps/winapi-util-0.1.11
   Vendoring winapi-x86_64-pc-windows-gnu v0.4.0 (/home/brittonr/.cargo/registry/src/index.crates.io-1949cf8c6b5b557f/winapi-x86_64-pc-windows-gnu-0.4.0) to vendor-deps/winapi-x86_64-pc-windows-gnu-0.4.0
   Vendoring windows-core v0.62.2 (/home/brittonr/.cargo/registry/src/index.crates.io-1949cf8c6b5b557f/windows-core-0.62.2) to vendor-deps/windows-core-0.62.2
   Vendoring windows-implement v0.60.2 (/home/brittonr/.cargo/registry/src/index.crates.io-1949cf8c6b5b557f/windows-implement-0.60.2) to vendor-deps/windows-implement-0.60.2
   Vendoring windows-interface v0.59.3 (/home/brittonr/.cargo/registry/src/index.crates.io-1949cf8c6b5b557f/windows-interface-0.59.3) to vendor-deps/windows-interface-0.59.3
   Vendoring windows-link v0.2.1 (/home/brittonr/.cargo/registry/src/index.crates.io-1949cf8c6b5b557f/windows-link-0.2.1) to vendor-deps/windows-link-0.2.1
   Vendoring windows-registry v0.6.1 (/home/brittonr/.cargo/registry/src/index.crates.io-1949cf8c6b5b557f/windows-registry-0.6.1) to vendor-deps/windows-registry-0.6.1
   Vendoring windows-result v0.4.1 (/home/brittonr/.cargo/registry/src/index.crates.io-1949cf8c6b5b557f/windows-result-0.4.1) to vendor-deps/windows-result-0.4.1
   Vendoring windows-strings v0.5.1 (/home/brittonr/.cargo/registry/src/index.crates.io-1949cf8c6b5b557f/windows-strings-0.5.1) to vendor-deps/windows-strings-0.5.1
   Vendoring windows-sys v0.45.0 (/home/brittonr/.cargo/registry/src/index.crates.io-1949cf8c6b5b557f/windows-sys-0.45.0) to vendor-deps/windows-sys-0.45.0
   Vendoring windows-sys v0.48.0 (/home/brittonr/.cargo/registry/src/index.crates.io-1949cf8c6b5b557f/windows-sys-0.48.0) to vendor-deps/windows-sys-0.48.0
   Vendoring windows-sys v0.52.0 (/home/brittonr/.cargo/registry/src/index.crates.io-1949cf8c6b5b557f/windows-sys-0.52.0) to vendor-deps/windows-sys-0.52.0
   Vendoring windows-sys v0.59.0 (/home/brittonr/.cargo/registry/src/index.crates.io-1949cf8c6b5b557f/windows-sys-0.59.0) to vendor-deps/windows-sys-0.59.0
   Vendoring windows-sys v0.61.2 (/home/brittonr/.cargo/registry/src/index.crates.io-1949cf8c6b5b557f/windows-sys-0.61.2) to vendor-deps/windows-sys-0.61.2
   Vendoring windows-targets v0.42.2 (/home/brittonr/.cargo/registry/src/index.crates.io-1949cf8c6b5b557f/windows-targets-0.42.2) to vendor-deps/windows-targets-0.42.2
   Vendoring windows-targets v0.48.5 (/home/brittonr/.cargo/registry/src/index.crates.io-1949cf8c6b5b557f/windows-targets-0.48.5) to vendor-deps/windows-targets-0.48.5
   Vendoring windows-targets v0.52.6 (/home/brittonr/.cargo/registry/src/index.crates.io-1949cf8c6b5b557f/windows-targets-0.52.6) to vendor-deps/windows-targets-0.52.6
   Vendoring windows_aarch64_gnullvm v0.42.2 (/home/brittonr/.cargo/registry/src/index.crates.io-1949cf8c6b5b557f/windows_aarch64_gnullvm-0.42.2) to vendor-deps/windows_aarch64_gnullvm-0.42.2
   Vendoring windows_aarch64_gnullvm v0.48.5 (/home/brittonr/.cargo/registry/src/index.crates.io-1949cf8c6b5b557f/windows_aarch64_gnullvm-0.48.5) to vendor-deps/windows_aarch64_gnullvm-0.48.5
   Vendoring windows_aarch64_gnullvm v0.52.6 (/home/brittonr/.cargo/registry/src/index.crates.io-1949cf8c6b5b557f/windows_aarch64_gnullvm-0.52.6) to vendor-deps/windows_aarch64_gnullvm-0.52.6
   Vendoring windows_aarch64_msvc v0.42.2 (/home/brittonr/.cargo/registry/src/index.crates.io-1949cf8c6b5b557f/windows_aarch64_msvc-0.42.2) to vendor-deps/windows_aarch64_msvc-0.42.2
   Vendoring windows_aarch64_msvc v0.48.5 (/home/brittonr/.cargo/registry/src/index.crates.io-1949cf8c6b5b557f/windows_aarch64_msvc-0.48.5) to vendor-deps/windows_aarch64_msvc-0.48.5
   Vendoring windows_aarch64_msvc v0.52.6 (/home/brittonr/.cargo/registry/src/index.crates.io-1949cf8c6b5b557f/windows_aarch64_msvc-0.52.6) to vendor-deps/windows_aarch64_msvc-0.52.6
   Vendoring windows_i686_gnu v0.42.2 (/home/brittonr/.cargo/registry/src/index.crates.io-1949cf8c6b5b557f/windows_i686_gnu-0.42.2) to vendor-deps/windows_i686_gnu-0.42.2
   Vendoring windows_i686_gnu v0.48.5 (/home/brittonr/.cargo/registry/src/index.crates.io-1949cf8c6b5b557f/windows_i686_gnu-0.48.5) to vendor-deps/windows_i686_gnu-0.48.5
   Vendoring windows_i686_gnu v0.52.6 (/home/brittonr/.cargo/registry/src/index.crates.io-1949cf8c6b5b557f/windows_i686_gnu-0.52.6) to vendor-deps/windows_i686_gnu-0.52.6
   Vendoring windows_i686_gnullvm v0.52.6 (/home/brittonr/.cargo/registry/src/index.crates.io-1949cf8c6b5b557f/windows_i686_gnullvm-0.52.6) to vendor-deps/windows_i686_gnullvm-0.52.6
   Vendoring windows_i686_msvc v0.42.2 (/home/brittonr/.cargo/registry/src/index.crates.io-1949cf8c6b5b557f/windows_i686_msvc-0.42.2) to vendor-deps/windows_i686_msvc-0.42.2
   Vendoring windows_i686_msvc v0.48.5 (/home/brittonr/.cargo/registry/src/index.crates.io-1949cf8c6b5b557f/windows_i686_msvc-0.48.5) to vendor-deps/windows_i686_msvc-0.48.5
   Vendoring windows_i686_msvc v0.52.6 (/home/brittonr/.cargo/registry/src/index.crates.io-1949cf8c6b5b557f/windows_i686_msvc-0.52.6) to vendor-deps/windows_i686_msvc-0.52.6
   Vendoring windows_x86_64_gnu v0.42.2 (/home/brittonr/.cargo/registry/src/index.crates.io-1949cf8c6b5b557f/windows_x86_64_gnu-0.42.2) to vendor-deps/windows_x86_64_gnu-0.42.2
   Vendoring windows_x86_64_gnu v0.48.5 (/home/brittonr/.cargo/registry/src/index.crates.io-1949cf8c6b5b557f/windows_x86_64_gnu-0.48.5) to vendor-deps/windows_x86_64_gnu-0.48.5
   Vendoring windows_x86_64_gnu v0.52.6 (/home/brittonr/.cargo/registry/src/index.crates.io-1949cf8c6b5b557f/windows_x86_64_gnu-0.52.6) to vendor-deps/windows_x86_64_gnu-0.52.6
   Vendoring windows_x86_64_gnullvm v0.42.2 (/home/brittonr/.cargo/registry/src/index.crates.io-1949cf8c6b5b557f/windows_x86_64_gnullvm-0.42.2) to vendor-deps/windows_x86_64_gnullvm-0.42.2
   Vendoring windows_x86_64_gnullvm v0.48.5 (/home/brittonr/.cargo/registry/src/index.crates.io-1949cf8c6b5b557f/windows_x86_64_gnullvm-0.48.5) to vendor-deps/windows_x86_64_gnullvm-0.48.5
   Vendoring windows_x86_64_gnullvm v0.52.6 (/home/brittonr/.cargo/registry/src/index.crates.io-1949cf8c6b5b557f/windows_x86_64_gnullvm-0.52.6) to vendor-deps/windows_x86_64_gnullvm-0.52.6
   Vendoring windows_x86_64_msvc v0.42.2 (/home/brittonr/.cargo/registry/src/index.crates.io-1949cf8c6b5b557f/windows_x86_64_msvc-0.42.2) to vendor-deps/windows_x86_64_msvc-0.42.2
   Vendoring windows_x86_64_msvc v0.48.5 (/home/brittonr/.cargo/registry/src/index.crates.io-1949cf8c6b5b557f/windows_x86_64_msvc-0.48.5) to vendor-deps/windows_x86_64_msvc-0.48.5
   Vendoring windows_x86_64_msvc v0.52.6 (/home/brittonr/.cargo/registry/src/index.crates.io-1949cf8c6b5b557f/windows_x86_64_msvc-0.52.6) to vendor-deps/windows_x86_64_msvc-0.52.6
   Vendoring winnow v0.7.15 (/home/brittonr/.cargo/registry/src/index.crates.io-1949cf8c6b5b557f/winnow-0.7.15) to vendor-deps/winnow-0.7.15
   Vendoring winnow v1.0.1 (/home/brittonr/.cargo/registry/src/index.crates.io-1949cf8c6b5b557f/winnow-1.0.1) to vendor-deps/winnow-1.0.1
   Vendoring winx v0.36.4 (/home/brittonr/.cargo/registry/src/index.crates.io-1949cf8c6b5b557f/winx-0.36.4) to vendor-deps/winx-0.36.4
   Vendoring wit-bindgen v0.51.0 (/home/brittonr/.cargo/registry/src/index.crates.io-1949cf8c6b5b557f/wit-bindgen-0.51.0) to vendor-deps/wit-bindgen-0.51.0
   Vendoring wit-bindgen-core v0.51.0 (/home/brittonr/.cargo/registry/src/index.crates.io-1949cf8c6b5b557f/wit-bindgen-core-0.51.0) to vendor-deps/wit-bindgen-core-0.51.0
   Vendoring wit-bindgen-rust v0.51.0 (/home/brittonr/.cargo/registry/src/index.crates.io-1949cf8c6b5b557f/wit-bindgen-rust-0.51.0) to vendor-deps/wit-bindgen-rust-0.51.0
   Vendoring wit-bindgen-rust-macro v0.51.0 (/home/brittonr/.cargo/registry/src/index.crates.io-1949cf8c6b5b557f/wit-bindgen-rust-macro-0.51.0) to vendor-deps/wit-bindgen-rust-macro-0.51.0
   Vendoring wit-component v0.244.0 (/home/brittonr/.cargo/registry/src/index.crates.io-1949cf8c6b5b557f/wit-component-0.244.0) to vendor-deps/wit-component-0.244.0
   Vendoring wit-parser v0.244.0 (/home/brittonr/.cargo/registry/src/index.crates.io-1949cf8c6b5b557f/wit-parser-0.244.0) to vendor-deps/wit-parser-0.244.0
   Vendoring writeable v0.6.3 (/home/brittonr/.cargo/registry/src/index.crates.io-1949cf8c6b5b557f/writeable-0.6.3) to vendor-deps/writeable-0.6.3
   Vendoring wu-manber v0.1.0 (https://github.com/tvlfyi/wu-manber.git#0d5b22be) (/home/brittonr/.cargo/git/checkouts/wu-manber-f27e6a76135c5497/0d5b22b) to vendor-deps/wu-manber-0.1.0
   Vendoring xattr v1.6.1 (/home/brittonr/.cargo/registry/src/index.crates.io-1949cf8c6b5b557f/xattr-1.6.1) to vendor-deps/xattr-1.6.1
   Vendoring xz2 v0.1.7 (/home/brittonr/.cargo/registry/src/index.crates.io-1949cf8c6b5b557f/xz2-0.1.7) to vendor-deps/xz2-0.1.7
   Vendoring yansi v1.0.1 (/home/brittonr/.cargo/registry/src/index.crates.io-1949cf8c6b5b557f/yansi-1.0.1) to vendor-deps/yansi-1.0.1
   Vendoring yoke v0.8.2 (/home/brittonr/.cargo/registry/src/index.crates.io-1949cf8c6b5b557f/yoke-0.8.2) to vendor-deps/yoke-0.8.2
   Vendoring yoke-derive v0.8.2 (/home/brittonr/.cargo/registry/src/index.crates.io-1949cf8c6b5b557f/yoke-derive-0.8.2) to vendor-deps/yoke-derive-0.8.2
   Vendoring zerocopy v0.8.48 (/home/brittonr/.cargo/registry/src/index.crates.io-1949cf8c6b5b557f/zerocopy-0.8.48) to vendor-deps/zerocopy-0.8.48
   Vendoring zerocopy-derive v0.8.48 (/home/brittonr/.cargo/registry/src/index.crates.io-1949cf8c6b5b557f/zerocopy-derive-0.8.48) to vendor-deps/zerocopy-derive-0.8.48
   Vendoring zerofrom v0.1.7 (/home/brittonr/.cargo/registry/src/index.crates.io-1949cf8c6b5b557f/zerofrom-0.1.7) to vendor-deps/zerofrom-0.1.7
   Vendoring zerofrom-derive v0.1.7 (/home/brittonr/.cargo/registry/src/index.crates.io-1949cf8c6b5b557f/zerofrom-derive-0.1.7) to vendor-deps/zerofrom-derive-0.1.7
   Vendoring zeroize v1.8.2 (/home/brittonr/.cargo/registry/src/index.crates.io-1949cf8c6b5b557f/zeroize-1.8.2) to vendor-deps/zeroize-1.8.2
   Vendoring zerotrie v0.2.4 (/home/brittonr/.cargo/registry/src/index.crates.io-1949cf8c6b5b557f/zerotrie-0.2.4) to vendor-deps/zerotrie-0.2.4
   Vendoring zerovec v0.11.6 (/home/brittonr/.cargo/registry/src/index.crates.io-1949cf8c6b5b557f/zerovec-0.11.6) to vendor-deps/zerovec-0.11.6
   Vendoring zerovec-derive v0.11.3 (/home/brittonr/.cargo/registry/src/index.crates.io-1949cf8c6b5b557f/zerovec-derive-0.11.3) to vendor-deps/zerovec-derive-0.11.3
   Vendoring zlib-rs v0.6.3 (/home/brittonr/.cargo/registry/src/index.crates.io-1949cf8c6b5b557f/zlib-rs-0.6.3) to vendor-deps/zlib-rs-0.6.3
   Vendoring zmij v1.0.21 (/home/brittonr/.cargo/registry/src/index.crates.io-1949cf8c6b5b557f/zmij-1.0.21) to vendor-deps/zmij-1.0.21
   Vendoring zstd v0.13.3 (/home/brittonr/.cargo/registry/src/index.crates.io-1949cf8c6b5b557f/zstd-0.13.3) to vendor-deps/zstd-0.13.3
   Vendoring zstd-safe v7.2.4 (/home/brittonr/.cargo/registry/src/index.crates.io-1949cf8c6b5b557f/zstd-safe-7.2.4) to vendor-deps/zstd-safe-7.2.4
   Vendoring zstd-sys v2.0.16+zstd.1.5.7 (/home/brittonr/.cargo/registry/src/index.crates.io-1949cf8c6b5b557f/zstd-sys-2.0.16+zstd.1.5.7) to vendor-deps/zstd-sys-2.0.16+zstd.1.5.7
To use vendored sources, add this to your .cargo/config.toml for this project:
