warning: /home/brittonr/git/OnixResearch/mantle/.pi/worktrees/store-capability-migration/Cargo.toml: file `/home/brittonr/git/OnixResearch/mantle/.pi/worktrees/store-capability-migration/src/main.rs` found to be present in multiple build targets:
  * `bin` target `crunch`
  * `bin` target `mantle`
    Checking crunch-attestation-core v0.1.0 (/home/brittonr/git/OnixResearch/mantle/.pi/worktrees/store-capability-migration/crates/crunch-attestation-core)
    Checking crunch-nar v0.1.0 (/home/brittonr/git/OnixResearch/mantle/.pi/worktrees/store-capability-migration/crates/crunch-nar)
    Checking crunch-action-result-core v0.1.0 (/home/brittonr/git/OnixResearch/mantle/.pi/worktrees/store-capability-migration/crates/crunch-action-result-core)
    Checking crunch-gc-core v0.1.0 (/home/brittonr/git/OnixResearch/mantle/.pi/worktrees/store-capability-migration/crates/crunch-gc-core)
    Checking crunch-overlay-core v0.1.0 (/home/brittonr/git/OnixResearch/mantle/.pi/worktrees/store-capability-migration/crates/crunch-overlay-core)
    Checking crunch-composition-core v0.1.0 (/home/brittonr/git/OnixResearch/mantle/.pi/worktrees/store-capability-migration/crates/crunch-composition-core)
    Checking crunch-repair-core v0.1.0 (/home/brittonr/git/OnixResearch/mantle/.pi/worktrees/store-capability-migration/crates/crunch-repair-core)
    Checking crunch-rust-cache-core v0.1.0 (/home/brittonr/git/OnixResearch/mantle/.pi/worktrees/store-capability-migration/crates/crunch-rust-cache-core)
    Checking crunch-eval v0.1.0 (/home/brittonr/git/OnixResearch/mantle/.pi/worktrees/store-capability-migration/crates/crunch-eval)
    Checking crunch-evaluation-stream-core v0.1.0 (/home/brittonr/git/OnixResearch/mantle/.pi/worktrees/store-capability-migration/crates/crunch-evaluation-stream-core)
    Checking crunch-wasm-component-core v0.1.0 (/home/brittonr/git/OnixResearch/mantle/.pi/worktrees/store-capability-migration/crates/crunch-wasm-component-core)
    Checking crunch-shell-core v0.1.0 (/home/brittonr/git/OnixResearch/mantle/.pi/worktrees/store-capability-migration/crates/crunch-shell-core)
    Checking crunch-delta-core v0.1.0 (/home/brittonr/git/OnixResearch/mantle/.pi/worktrees/store-capability-migration/crates/crunch-delta-core)
    Checking crunch-release-core v0.1.0 (/home/brittonr/git/OnixResearch/mantle/.pi/worktrees/store-capability-migration/crates/crunch-release-core)
    Checking crunch-hardware-simulation-core v0.1.0 (/home/brittonr/git/OnixResearch/mantle/.pi/worktrees/store-capability-migration/crates/crunch-hardware-simulation-core)
    Checking crunch-spacewasm-core v0.1.0 (/home/brittonr/git/OnixResearch/mantle/.pi/worktrees/store-capability-migration/crates/crunch-spacewasm-core)
    Checking crunch-kernelscript-core v0.1.0 (/home/brittonr/git/OnixResearch/mantle/.pi/worktrees/store-capability-migration/crates/crunch-kernelscript-core)
    Checking mantlepkgs-core v0.1.0 (/home/brittonr/git/OnixResearch/mantle/.pi/worktrees/store-capability-migration/crates/mantlepkgs-core)
    Checking crunch-eval-budget-core v0.1.0 (/home/brittonr/git/OnixResearch/mantle/.pi/worktrees/store-capability-migration/crates/crunch-eval-budget-core)
    Checking mantle-portable-client-core v0.1.0 (/home/brittonr/git/OnixResearch/mantle/.pi/worktrees/store-capability-migration/crates/mantle-portable-client-core)
    Checking mantle-build-contract v0.1.0 (/home/brittonr/git/OnixResearch/mantle/.pi/worktrees/store-capability-migration/crates/mantle-build-contract)
warning: unexpected `cfg` condition name: `kani`
 --> crates/mantle-portable-client-core/src/lib.rs:1:17
  |
1 | #![cfg_attr(not(kani), feature(register_tool))]
  |                 ^^^^
  |
  = help: expected names are: `docsrs`, `feature`, and `test` and 31 more
  = help: consider using a Cargo feature instead
  = help: or consider adding in `Cargo.toml` the `check-cfg` lint config for the lint:
           [lints.rust]
           unexpected_cfgs = { level = "warn", check-cfg = ['cfg(kani)'] }
  = help: or consider adding `println!("cargo::rustc-check-cfg=cfg(kani)");` to the top of the `build.rs`
  = note: see <https://doc.rust-lang.org/nightly/rustc/check-cfg/cargo-specifics.html> for more information about checking conditional configuration
  = note: `#[warn(unexpected_cfgs)]` on by default

warning: unexpected `cfg` condition name: `kani`
 --> crates/crunch-composition-core/src/lib.rs:2:17
  |
2 | #![cfg_attr(not(kani), feature(register_tool))]
  |                 ^^^^
  |
  = help: expected names are: `docsrs`, `feature`, and `test` and 31 more
  = help: consider using a Cargo feature instead
  = help: or consider adding in `Cargo.toml` the `check-cfg` lint config for the lint:
           [lints.rust]
           unexpected_cfgs = { level = "warn", check-cfg = ['cfg(kani)'] }
  = help: or consider adding `println!("cargo::rustc-check-cfg=cfg(kani)");` to the top of the `build.rs`
  = note: see <https://doc.rust-lang.org/nightly/rustc/check-cfg/cargo-specifics.html> for more information about checking conditional configuration
  = note: `#[warn(unexpected_cfgs)]` on by default

warning: `mantle-portable-client-core` (lib) generated 1 warning
    Checking crunch-shell v0.1.0 (/home/brittonr/git/OnixResearch/mantle/.pi/worktrees/store-capability-migration/crates/crunch-shell)
warning: unexpected `cfg` condition name: `kani`
 --> crates/crunch-eval-budget-core/src/lib.rs:1:17
  |
1 | #![cfg_attr(not(kani), feature(register_tool))]
  |                 ^^^^
  |
  = help: expected names are: `docsrs`, `feature`, and `test` and 31 more
  = help: consider using a Cargo feature instead
  = help: or consider adding in `Cargo.toml` the `check-cfg` lint config for the lint:
           [lints.rust]
           unexpected_cfgs = { level = "warn", check-cfg = ['cfg(kani)'] }
  = help: or consider adding `println!("cargo::rustc-check-cfg=cfg(kani)");` to the top of the `build.rs`
  = note: see <https://doc.rust-lang.org/nightly/rustc/check-cfg/cargo-specifics.html> for more information about checking conditional configuration
  = note: `#[warn(unexpected_cfgs)]` on by default

warning: `crunch-composition-core` (lib) generated 1 warning
warning: unexpected `cfg` condition name: `kani`
 --> crates/mantle-build-contract/src/lib.rs:1:17
  |
1 | #![cfg_attr(not(kani), feature(register_tool))]
  |                 ^^^^
  |
  = help: expected names are: `docsrs`, `feature`, and `test` and 31 more
  = help: consider using a Cargo feature instead
  = help: or consider adding in `Cargo.toml` the `check-cfg` lint config for the lint:
           [lints.rust]
           unexpected_cfgs = { level = "warn", check-cfg = ['cfg(kani)'] }
  = help: or consider adding `println!("cargo::rustc-check-cfg=cfg(kani)");` to the top of the `build.rs`
  = note: see <https://doc.rust-lang.org/nightly/rustc/check-cfg/cargo-specifics.html> for more information about checking conditional configuration
  = note: `#[warn(unexpected_cfgs)]` on by default

warning: `crunch-eval-budget-core` (lib) generated 1 warning
warning: `mantle-build-contract` (lib) generated 1 warning
    Checking crunch-attestation v0.1.0 (/home/brittonr/git/OnixResearch/mantle/.pi/worktrees/store-capability-migration/crates/crunch-attestation)
    Checking crunch-project-core v0.1.0 (/home/brittonr/git/OnixResearch/mantle/.pi/worktrees/store-capability-migration/crates/crunch-project-core)
    Checking crunch-spacewasm v0.1.0 (/home/brittonr/git/OnixResearch/mantle/.pi/worktrees/store-capability-migration/crates/crunch-spacewasm)
    Checking crunch-hardware-simulation v0.1.0 (/home/brittonr/git/OnixResearch/mantle/.pi/worktrees/store-capability-migration/crates/crunch-hardware-simulation)
    Checking crunch-store v0.1.0 (/home/brittonr/git/OnixResearch/mantle/.pi/worktrees/store-capability-migration/crates/crunch-store)
    Checking crunch-glue v0.1.0 (/home/brittonr/git/OnixResearch/mantle/.pi/worktrees/store-capability-migration/crates/crunch-glue)
error: function `seal_group_recheck` is 91 lines (limit: 70)
    --> crates/mantlepkgs-core/src/versions.rs:1753:47
     |
1753 |   ) -> Result<VersionGroupRecheck, CoreFailure> {
     |  _______________________________________________^
1754 | |     require_equal(&recheck.schema, VERSION_RECHECK_SCHEMA, "recheck.schema", "unsupported-version-recheck-schema")?;
1755 | |     require_equal(
1756 | |         &recheck.group_identity_blake3,
...    |
1842 | |     Ok(sealed)
1843 | | }
     | |_^
     |
     = help: Tiger Style (Function Length): split long functions into named helpers at invariant or phase boundaries
     = note: see Tiger Style guide: Function Length
     = note: `-D tigerstyle::function-length` implied by `-D function-length`
     = help: to override `-D function-length` add `#[allow(tigerstyle::function_length)]`

    Checking crunch-kernelscript-adapter v0.1.0 (/home/brittonr/git/OnixResearch/mantle/.pi/worktrees/store-capability-migration/crates/crunch-kernelscript-adapter)
error: function `validate_plan_header` has 0 assertion(s) in 29 lines (need 2+)
   --> crates/crunch-release-core/src/chapter_transport.rs:223:111
    |
223 |   fn validate_plan_header(entries: &[ChapterTransportEntryInput], digest: &str) -> Vec<ChapterTransportBlocker> {
    |  _______________________________________________________________________________________________________________^
224 | |     let mut blockers = Vec::new();
225 | |     if !is_blake3_hex(digest) {
226 | |         blockers.push(blocker(
...   |
250 | |     blockers
251 | | }
    | |_^
    |
    = help: Tiger Style (Assertion Density): add enough assertions to make local invariants visible near the logic they defend
    = note: see Tiger Style guide: Assertion Density
    = note: `-D tigerstyle::assertion-density` implied by `-D assertion-density`
    = help: to override `-D assertion-density` add `#[allow(tigerstyle::assertion_density)]`

error: function `validate_input_shapes` has 0 assertion(s) in 32 lines (need 2+)
   --> crates/crunch-release-core/src/chapter_transport.rs:253:98
    |
253 |   fn validate_input_shapes(entries: &[ChapterTransportEntryInput]) -> Vec<ChapterTransportBlocker> {
    |  __________________________________________________________________________________________________^
254 | |     let mut blockers = Vec::new();
255 | |     let mut manifest_count = 0_u32;
256 | |     for entry in entries {
...   |
283 | |     blockers
284 | | }
    | |_^
    |
    = help: Tiger Style (Assertion Density): add enough assertions to make local invariants visible near the logic they defend
    = note: see Tiger Style guide: Assertion Density

error: function `validate_entry_shape` has 0 assertion(s) in 35 lines (need 2+)
   --> crates/crunch-release-core/src/chapter_transport.rs:286:106
    |
286 |   fn validate_entry_shape(entry: &ChapterTransportEntryInput, blockers: &mut Vec<ChapterTransportBlocker>) {
    |  __________________________________________________________________________________________________________^
287 | |     if entry.mode & !CHAPTER_TRANSPORT_PERMISSION_MODE_MASK != 0 {
288 | |         blockers.push(blocker(
289 | |             ChapterTransportBlockerKind::InvalidEntryMode,
...   |
320 | | }
    | |_^
    |
    = help: Tiger Style (Assertion Density): add enough assertions to make local invariants visible near the logic they defend
    = note: see Tiger Style guide: Assertion Density

error: function `group_for_path` has 0 assertion(s) in 28 lines (need 2+)
   --> crates/crunch-release-core/src/chapter_transport.rs:405:43
    |
405 |   fn group_for_path(path: &str) -> GroupKey {
    |  ___________________________________________^
406 | |     if path == CHAPTER_TRANSPORT_MANIFEST_PATH {
407 | |         return GroupKey {
408 | |             role: ChapterTransportRole::Control,
...   |
432 | | }
    | |_^
    |
    = help: Tiger Style (Assertion Density): add enough assertions to make local invariants visible near the logic they defend
    = note: see Tiger Style guide: Assertion Density

error: function `chapter_totals` has 0 assertion(s) in 48 lines (need 2+)
   --> crates/crunch-release-core/src/chapter_transport.rs:485:112
    |
485 |   fn chapter_totals(chapters: &[ChapterTransportChapter]) -> Result<ChapterTotals, Vec<ChapterTransportBlocker>> {
    |  ________________________________________________________________________________________________________________^
486 | |     let chapter_count = u32::try_from(chapters.len()).map_err(|_| {
487 | |         vec![blocker(
488 | |             ChapterTransportBlockerKind::ChapterCountOverflow,
...   |
531 | |     })
532 | | }
    | |_^
    |
    = help: Tiger Style (Assertion Density): add enough assertions to make local invariants visible near the logic they defend
    = note: see Tiger Style guide: Assertion Density

error: function `flatten_index_members` has 0 assertion(s) in 24 lines (need 2+)
   --> crates/crunch-release-core/src/chapter_transport.rs:573:69
    |
573 |   ) -> Result<Vec<ChapterTransportEntryInput>, ChapterTransportError> {
    |  _____________________________________________________________________^
574 | |     let member_capacity = usize::try_from(index.member_count)
575 | |         .map_err(|_| transport_error("chapter transport index member count overflowed usize"))?;
576 | |     let mut inputs = Vec::with_capacity(member_capacity);
...   |
595 | |     Ok(inputs)
596 | | }
    | |_^
    |
    = help: Tiger Style (Assertion Density): add enough assertions to make local invariants visible near the logic they defend
    = note: see Tiger Style guide: Assertion Density

error: `member_capacity` looks like a quantity but has no unit suffix
   --> crates/crunch-release-core/src/chapter_transport.rs:574:9
    |
574 |     let member_capacity = usize::try_from(index.member_count)
    |         ^^^^^^^^^^^^^^^
    |
    = help: Tiger Style (Unit Suffixes): put the unit in the name of numeric quantities Example: timeout_ms
    = note: structured suggestion applicability: HasPlaceholders
    = note: see Tiger Style guide: Unit Suffixes
    = note: `-D tigerstyle::numeric-units` implied by `-D numeric-units`
    = help: to override `-D numeric-units` add `#[allow(tigerstyle::numeric_units)]`
help: rename with an explicit unit suffix like `_ms`, `_secs`, or `_bytes`
    |
574 |     let member_capacity_<unit> = usize::try_from(index.member_count)
    |                        +++++++

error: function `validate_chapter_transport_receipt` has 0 assertion(s) in 26 lines (need 2+)
   --> crates/crunch-release-core/src/chapter_transport.rs:654:115
    |
654 |   pub fn validate_chapter_transport_receipt(receipt: &ChapterTransportReceipt) -> Result<(), ChapterTransportError> {
    |  ___________________________________________________________________________________________________________________^
655 | |     if receipt.schema != CHAPTER_TRANSPORT_RECEIPT_SCHEMA || receipt.format != CHAPTER_TRANSPORT_FORMAT {
656 | |         return Err(transport_error("unsupported chapter transport receipt schema or format"));
...   |
678 | |     Ok(())
679 | | }
    | |_^
    |
    = help: Tiger Style (Assertion Density): add enough assertions to make local invariants visible near the logic they defend
    = note: see Tiger Style guide: Assertion Density

    Checking crunch-wasm-component v0.1.0 (/home/brittonr/git/OnixResearch/mantle/.pi/worktrees/store-capability-migration/crates/crunch-wasm-component)
error: compound assertion should be split into separate assertions
   --> crates/crunch-store/src/capability.rs:289:9
    |
289 |         assert!(!host_path.exists() || host_path.is_file() || host_path.is_dir());
    |         ^^^^^^^^^^^^^^^^^^^^^^^^^^^^^^^^^^^^^^^^^^^^^^^^^^^^^^^^^^^^^^^^^^^^^^^^^
    |
    = help: Tiger Style (Assertion Quality): split compound assertions so the failing clause is obvious Example: assert!(a > 0); assert!(b > 0);
    = note: see Tiger Style guide: Assertion Density
    = note: `-D tigerstyle::compound-assertion` implied by `-D compound-assertion`
    = help: to override `-D compound-assertion` add `#[allow(tigerstyle::compound_assertion)]`

error: function `load_root_snapshot` is 72 lines (limit: 70)
   --> crates/crunch-store/src/composition.rs:78:34
    |
 78 |   ) -> Result<RootSnapshot, Error> {
    |  __________________________________^
 79 | |     let root_digest = parse_digest(&root.digest_blake3)?;
 80 | |     let root_node = Node::Directory {
 81 | |         digest: root_digest,
...   |
150 | |     })
151 | | }
    | |_^
    |
    = help: Tiger Style (Function Length): split long functions into named helpers at invariant or phase boundaries
    = note: see Tiger Style guide: Function Length
    = note: `-D tigerstyle::function-length` implied by `-D function-length`
    = help: to override `-D function-length` add `#[allow(tigerstyle::function_length)]`

error: function `load_root_snapshot` has 0 assertion(s) in 72 lines (need 2+)
   --> crates/crunch-store/src/composition.rs:78:34
    |
 78 |   ) -> Result<RootSnapshot, Error> {
    |  __________________________________^
 79 | |     let root_digest = parse_digest(&root.digest_blake3)?;
 80 | |     let root_node = Node::Directory {
 81 | |         digest: root_digest,
...   |
150 | |     })
151 | | }
    | |_^
    |
    = help: Tiger Style (Assertion Density): add enough assertions to make local invariants visible near the logic they defend
    = note: see Tiger Style guide: Assertion Density
    = note: `-D tigerstyle::assertion-density` implied by `-D assertion-density`
    = help: to override `-D assertion-density` add `#[allow(tigerstyle::assertion_density)]`

error: `size` looks like a quantity but has no unit suffix
   --> crates/crunch-store/src/composition.rs:227:21
    |
227 |                 let size = directory.size();
    |                     ^^^^
    |
    = help: Tiger Style (Unit Suffixes): put the unit in the name of numeric quantities Example: timeout_ms
    = note: structured suggestion applicability: HasPlaceholders
    = note: see Tiger Style guide: Unit Suffixes
    = note: `-D tigerstyle::numeric-units` implied by `-D numeric-units`
    = help: to override `-D numeric-units` add `#[allow(tigerstyle::numeric_units)]`
help: rename with an explicit unit suffix like `_ms`, `_secs`, or `_bytes`
    |
227 |                 let size_<unit> = directory.size();
    |                         +++++++

error: function `run_gc` is 92 lines (limit: 70)
   --> crates/crunch-store/src/gc.rs:208:30
    |
208 |   ) -> Result<GcReport, Error> {
    |  ______________________________^
209 | |     assert!(!ctx.store_dir.is_empty(), "store_dir must not be empty");
210 | |     assert!(ctx.store_dir.starts_with('/'), "store_dir must be absolute");
211 | |     if ctx.retained_castore_roots.len() > MAX_GC_RETAINED_CASTORE_ROOTS {
...   |
301 | |     Ok(gc_result)
302 | | }
    | |_^
    |
    = help: Tiger Style (Function Length): split long functions into named helpers at invariant or phase boundaries
    = note: see Tiger Style guide: Function Length

error: `_exported_outputs_succeeded` looks like a quantity but has no unit suffix
   --> crates/crunch-store/src/gc.rs:269:9
    |
269 |     let _exported_outputs_succeeded = record_gc_operation(
    |         ^^^^^^^^^^^^^^^^^^^^^^^^^^^
    |
    = help: Tiger Style (Unit Suffixes): put the unit in the name of numeric quantities Example: timeout_ms
    = note: structured suggestion applicability: HasPlaceholders
    = note: see Tiger Style guide: Unit Suffixes
help: rename with an explicit unit suffix like `_ms`, `_secs`, or `_bytes`
    |
269 |     let _exported_outputs_succeeded_<unit> = record_gc_operation(
    |                                    +++++++

error: function `build_plan` is 110 lines (limit: 70)
   --> crates/crunch-store/src/gc.rs:305:97
    |
305 |   async fn build_plan(ctx: &GcContext<'_>, is_execution_requested: bool) -> Result<GcPlan, Error> {
    |  _________________________________________________________________________________________________^
306 | |     assert!(!ctx.store_dir.is_empty(), "build_plan: store_dir must not be empty");
307 | |     assert!(ctx.store_dir.starts_with('/'), "build_plan: store_dir must be absolute");
...   |
415 | |     })
416 | | }
    | |_^
    |
    = help: Tiger Style (Function Length): split long functions into named helpers at invariant or phase boundaries
    = note: see Tiger Style guide: Function Length

error: `explanation_link_limit` looks like a quantity but has no unit suffix
   --> crates/crunch-store/src/gc.rs:350:9
    |
350 |     let explanation_link_limit =
    |         ^^^^^^^^^^^^^^^^^^^^^^
    |
    = help: Tiger Style (Unit Suffixes): put the unit in the name of numeric quantities Example: timeout_ms
    = note: structured suggestion applicability: HasPlaceholders
    = note: see Tiger Style guide: Unit Suffixes
help: rename with an explicit unit suffix like `_ms`, `_secs`, or `_bytes`
    |
350 |     let explanation_link_limit_<unit> =
    |                               +++++++

error: function `build_retention_explanations` has 0 assertion(s) in 24 lines (need 2+)
   --> crates/crunch-store/src/gc.rs:442:49
    |
442 |   ) -> Result<Vec<GcRetentionExplanation>, Error> {
    |  _________________________________________________^
443 | |     let roots_by_path = roots.iter().map(|root| (root.logical_path.as_str(), root)).collect::<BTreeMap<_, _>>();
444 | |     let mut explanations = Vec::with_capacity(decisions.len());
445 | |     for decision in decisions {
...   |
464 | |     Ok(explanations)
465 | | }
    | |_^
    |
    = help: Tiger Style (Assertion Density): add enough assertions to make local invariants visible near the logic they defend
    = note: see Tiger Style guide: Assertion Density

error: function `build_path_explanations` has 0 assertion(s) in 26 lines (need 2+)
   --> crates/crunch-store/src/gc.rs:480:44
    |
480 |   ) -> Result<Vec<GcPathExplanation>, Error> {
    |  ____________________________________________^
481 | |     if retaining_root_limit == 0 {
482 | |         return Err(Error::Gc("retaining-root explanation limit must be positive".to_string()));
...   |
504 | |     Ok(explanations)
505 | | }
    | |_^
    |
    = help: Tiger Style (Assertion Density): add enough assertions to make local invariants visible near the logic they defend
    = note: see Tiger Style guide: Assertion Density

error: function `build_usage_report` has 0 assertion(s) in 39 lines (need 2+)
   --> crates/crunch-store/src/gc.rs:513:35
    |
513 |   ) -> Result<GcUsageReport, Error> {
    |  ___________________________________^
514 | |     let roots_by_path = retaining_roots
515 | |         .iter()
516 | |         .map(|entry| (entry.path_id.as_str(), entry.root_ids.clone()))
...   |
550 | |     })
551 | | }
    | |_^
    |
    = help: Tiger Style (Assertion Density): add enough assertions to make local invariants visible near the logic they defend
    = note: see Tiger Style guide: Assertion Density

error: `report` looks like a quantity but has no unit suffix
   --> crates/crunch-store/src/gc.rs:530:9
    |
530 |     let report = aggregate_usage(decisions, observations)
    |         ^^^^^^
    |
    = help: Tiger Style (Unit Suffixes): put the unit in the name of numeric quantities Example: timeout_ms
    = note: structured suggestion applicability: HasPlaceholders
    = note: see Tiger Style guide: Unit Suffixes
help: rename with an explicit unit suffix like `_ms`, `_secs`, or `_bytes`
    |
530 |     let report_<unit> = aggregate_usage(decisions, observations)
    |               +++++++

error: function `execution_plan_id` has 0 assertion(s) in 49 lines (need 2+)
   --> crates/crunch-store/src/gc.rs:561:71
    |
561 |   fn execution_plan_id(input: ExecutionPlanIdentityInput<'_>) -> String {
    |  _______________________________________________________________________^
562 | |     let mut hasher = blake3::Hasher::new();
563 | |     hasher.update(GC_EXECUTION_PLAN_DOMAIN);
564 | |     hasher.update(input.core_plan_id);
...   |
608 | |     encode_blake3_identity(hasher.finalize().as_bytes())
609 | | }
    | |_^
    |
    = help: Tiger Style (Assertion Density): add enough assertions to make local invariants visible near the logic they defend
    = note: see Tiger Style guide: Assertion Density

error: function `compose_gc_snapshot` is 71 lines (limit: 70)
   --> crates/crunch-store/src/gc.rs:633:40
    |
633 |   ) -> Result<ComposedGcSnapshot, Error> {
    |  ________________________________________^
634 | |     let mut pathinfos_by_id = BTreeMap::new();
635 | |     let mut ownership = BTreeMap::new();
636 | |     let mut queue = Vec::new();
...   |
703 | |     })
704 | | }
    | |_^
    |
    = help: Tiger Style (Function Length): split long functions into named helpers at invariant or phase boundaries
    = note: see Tiger Style guide: Function Length

error: function `compose_gc_snapshot` has 0 assertion(s) in 71 lines (need 2+)
   --> crates/crunch-store/src/gc.rs:633:40
    |
633 |   ) -> Result<ComposedGcSnapshot, Error> {
    |  ________________________________________^
634 | |     let mut pathinfos_by_id = BTreeMap::new();
635 | |     let mut ownership = BTreeMap::new();
636 | |     let mut queue = Vec::new();
...   |
703 | |     })
704 | | }
    | |_^
    |
    = help: Tiger Style (Assertion Density): add enough assertions to make local invariants visible near the logic they defend
    = note: see Tiger Style guide: Assertion Density

error: function `core_plan_request` has 0 assertion(s) in 47 lines (need 2+)
   --> crates/crunch-store/src/gc.rs:728:35
    |
728 |   ) -> Result<GcPlanRequest, Error> {
    |  ___________________________________^
729 | |     if store_dir.is_empty() || !store_dir.starts_with('/') {
730 | |         return Err(Error::Gc(format!("core GC store directory is invalid: {store_dir:?}")));
...   |
773 | |     })
774 | | }
    | |_^
    |
    = help: Tiger Style (Assertion Density): add enough assertions to make local invariants visible near the logic they defend
    = note: see Tiger Style guide: Assertion Density

error: function `path_size_bytes` has 1 assertion(s) in 43 lines (need 2+)
    --> crates/crunch-store/src/gc.rs:1205:81
     |
1205 |   fn path_size_bytes(root: &Path) -> Result<PathSizeObservation, PathSizeBlocker> {
     |  _________________________________________________________________________________^
1206 | |     assert!(root.is_absolute(), "path_size_bytes: root must be absolute");
1207 | |     let root_metadata = std::fs::symlink_metadata(root).map_err(|_| PathSizeBlocker::MetadataUnreadable)?;
1208 | |     let path_kind = if root_metadata.file_type().is_symlink() {
...    |
1249 | |     })
1250 | | }
     | |_^
     |
     = help: Tiger Style (Assertion Density): add enough assertions to make local invariants visible near the logic they defend
     = note: see Tiger Style guide: Assertion Density

error: `read_limit` looks like a quantity but has no unit suffix
   --> crates/crunch-store/src/handle.rs:534:9
    |
534 |     let read_limit = NonZeroUsize::new(OVERLAY_DIRECTORY_READ_LIMIT)
    |         ^^^^^^^^^^
    |
    = help: Tiger Style (Unit Suffixes): put the unit in the name of numeric quantities Example: timeout_ms
    = note: structured suggestion applicability: HasPlaceholders
    = note: see Tiger Style guide: Unit Suffixes
help: rename with an explicit unit suffix like `_ms`, `_secs`, or `_bytes`
    |
534 |     let read_limit_<unit> = NonZeroUsize::new(OVERLAY_DIRECTORY_READ_LIMIT)
    |                   +++++++

error: `report` looks like a quantity but has no unit suffix
    --> crates/crunch-store/src/handle.rs:1366:13
     |
1366 |         let report = gc::run_gc(&ctx, &mut self.ca_mappings, accepted_plan_id).await?;
     |             ^^^^^^
     |
     = help: Tiger Style (Unit Suffixes): put the unit in the name of numeric quantities Example: timeout_ms
     = note: structured suggestion applicability: HasPlaceholders
     = note: see Tiger Style guide: Unit Suffixes
help: rename with an explicit unit suffix like `_ms`, `_secs`, or `_bytes`
     |
1366 |         let report_<unit> = gc::run_gc(&ctx, &mut self.ca_mappings, accepted_plan_id).await?;
     |                   +++++++

error: function `list_nario_v2` has 0 assertion(s) in 45 lines (need 2+)
   --> crates/crunch-store/src/nario.rs:342:109
    |
342 |   pub async fn list_nario_v2<R: AsyncRead + Unpin + Send>(reader: &mut R) -> Result<NarioV2ListReport, Error> {
    |  _____________________________________________________________________________________________________________^
343 | |     let limits = NarioV2Limits::default();
344 | |     let mut hashing_reader = ArchiveHashReader::new(reader);
345 | |     let mut wire = nix_compat::wire::de::NixReader::builder()
...   |
385 | |     Err(nario_error("nario-v2-record-limit"))
386 | | }
    | |_^
    |
    = help: Tiger Style (Assertion Density): add enough assertions to make local invariants visible near the logic they defend
    = note: see Tiger Style guide: Assertion Density

error: `limits` looks like a quantity but has no unit suffix
   --> crates/crunch-store/src/nario.rs:343:9
    |
343 |     let limits = NarioV2Limits::default();
    |         ^^^^^^
    |
    = help: Tiger Style (Unit Suffixes): put the unit in the name of numeric quantities Example: timeout_ms
    = note: structured suggestion applicability: HasPlaceholders
    = note: see Tiger Style guide: Unit Suffixes
help: rename with an explicit unit suffix like `_ms`, `_secs`, or `_bytes`
    |
343 |     let limits_<unit> = NarioV2Limits::default();
    |               +++++++

error: `imported_count` looks like a quantity but has no unit suffix
   --> crates/crunch-store/src/nario.rs:413:9
    |
413 |     let imported_count = checked_u32(path_infos.len(), "nario-v2 imported count")?;
    |         ^^^^^^^^^^^^^^
    |
    = help: Tiger Style (Unit Suffixes): put the unit in the name of numeric quantities Example: timeout_ms
    = note: structured suggestion applicability: HasPlaceholders
    = note: see Tiger Style guide: Unit Suffixes
help: rename with an explicit unit suffix like `_ms`, `_secs`, or `_bytes`
    |
413 |     let imported_count_<unit> = checked_u32(path_infos.len(), "nario-v2 imported count")?;
    |                       +++++++

error: function `import_nario_v2` is 85 lines (limit: 70)
   --> crates/crunch-store/src/nario.rs:436:41
    |
436 |   ) -> Result<NarioV2ImportReport, Error> {
    |  _________________________________________^
437 | |     if handle.store_dir() != NARIO_V2_STORE_PREFIX {
438 | |         return Err(nario_error(format!(
439 | |             "nario-v2-store-prefix-mismatch: direct import requires {NARIO_V2_STORE_PREFIX}, configured {}",
...   |
519 | |     Err(nario_error("nario-v2-record-limit"))
520 | | }
    | |_^
    |
    = help: Tiger Style (Function Length): split long functions into named helpers at invariant or phase boundaries
    = note: see Tiger Style guide: Function Length

error: function `import_nario_v2` has 0 assertion(s) in 85 lines (need 2+)
   --> crates/crunch-store/src/nario.rs:436:41
    |
436 |   ) -> Result<NarioV2ImportReport, Error> {
    |  _________________________________________^
437 | |     if handle.store_dir() != NARIO_V2_STORE_PREFIX {
438 | |         return Err(nario_error(format!(
439 | |             "nario-v2-store-prefix-mismatch: direct import requires {NARIO_V2_STORE_PREFIX}, configured {}",
...   |
519 | |     Err(nario_error("nario-v2-record-limit"))
520 | | }
    | |_^
    |
    = help: Tiger Style (Assertion Density): add enough assertions to make local invariants visible near the logic they defend
    = note: see Tiger Style guide: Assertion Density

error: `limits` looks like a quantity but has no unit suffix
   --> crates/crunch-store/src/nario.rs:443:9
    |
443 |     let limits = NarioV2Limits::default();
    |         ^^^^^^
    |
    = help: Tiger Style (Unit Suffixes): put the unit in the name of numeric quantities Example: timeout_ms
    = note: structured suggestion applicability: HasPlaceholders
    = note: see Tiger Style guide: Unit Suffixes
help: rename with an explicit unit suffix like `_ms`, `_secs`, or `_bytes`
    |
443 |     let limits_<unit> = NarioV2Limits::default();
    |               +++++++

error: `limited` looks like a quantity but has no unit suffix
   --> crates/crunch-store/src/nario.rs:487:17
    |
487 |         let mut limited = (&mut wire).take(metadata.nar_size);
    |                 ^^^^^^^
    |
    = help: Tiger Style (Unit Suffixes): put the unit in the name of numeric quantities Example: timeout_ms
    = note: structured suggestion applicability: HasPlaceholders
    = note: see Tiger Style guide: Unit Suffixes
help: rename with an explicit unit suffix like `_ms`, `_secs`, or `_bytes`
    |
487 |         let mut limited_<unit> = (&mut wire).take(metadata.nar_size);
    |                        +++++++

error: function `read_metadata` has 0 assertion(s) in 52 lines (need 2+)
   --> crates/crunch-store/src/nario.rs:533:35
    |
533 |   ) -> Result<NarioMetadata, Error> {
    |  ___________________________________^
534 | |     let store_path = parse_store_path(read_string(reader, "path").await?, "path")?;
535 | |     let deriver_text = read_string(reader, "deriver").await?;
536 | |     let deriver = if deriver_text.is_empty() {
...   |
583 | |     Ok(metadata)
584 | | }
    | |_^
    |
    = help: Tiger Style (Assertion Density): add enough assertions to make local invariants visible near the logic they defend
    = note: see Tiger Style guide: Assertion Density

error: `nar_size` looks like a quantity but has no unit suffix
   --> crates/crunch-store/src/nario.rs:549:9
    |
549 |     let nar_size = reader.read_number().await.map_err(read_error("nario-v2-nar-size"))?;
    |         ^^^^^^^^
    |
    = help: Tiger Style (Unit Suffixes): put the unit in the name of numeric quantities Example: timeout_ms
    = note: structured suggestion applicability: HasPlaceholders
    = note: see Tiger Style guide: Unit Suffixes
help: rename with an explicit unit suffix like `_ms`, `_secs`, or `_bytes`
    |
549 |     let nar_size_<unit> = reader.read_number().await.map_err(read_error("nario-v2-nar-size"))?;
    |                 +++++++

error: function `require_trusted` has 0 assertion(s) in 26 lines (need 2+)
   --> crates/crunch-store/src/nario.rs:621:99
    |
621 |   fn require_trusted(metadata: &NarioMetadata, options: &NarioV2ImportOptions) -> Result<(), Error> {
    |  ___________________________________________________________________________________________________^
622 | |     if options.trust_unsigned {
623 | |         return Ok(());
...   |
645 | |     Ok(())
646 | | }
    | |_^
    |
    = help: Tiger Style (Assertion Density): add enough assertions to make local invariants visible near the logic they defend
    = note: see Tiger Style guide: Assertion Density

error: function `standard_nix_ca_path` has 0 assertion(s) in 23 lines (need 2+)
   --> crates/crunch-store/src/nario.rs:675:109
    |
675 |   fn standard_nix_ca_path(name: &str, ca: &CAHash, references: &[String]) -> Result<StorePath<String>, Error> {
    |  _____________________________________________________________________________________________________________^
676 | |     let (ty, inner_digest) = match ca {
677 | |         CAHash::Text(digest) => (reference_type("text", references), *digest),
678 | |         CAHash::Nar(NixHash::Sha256(digest)) => (reference_type("source", references), *digest),
...   |
696 | |         .map_err(|error| nario_error(format!("nario-v2-content-address-path: {error}")))
697 | | }
    | |_^
    |
    = help: Tiger Style (Assertion Density): add enough assertions to make local invariants visible near the logic they defend
    = note: see Tiger Style guide: Assertion Density

error: condition has 6 boolean operators
   --> crates/crunch-store/src/nario.rs:714:8
    |
714 |       if local.store_path != metadata.store_path
    |  ________^
715 | |         || local.references != metadata.references
716 | |         || local.nar_size != metadata.nar_size
717 | |         || local.nar_sha256 != metadata.nar_sha256
718 | |         || local.signatures != metadata.signatures
719 | |         || local.deriver != metadata.deriver
720 | |         || local.ca != metadata.ca
    | |__________________________________^
    |
    = help: Tiger Style (Condition Decomposition): break multi-part conditions into named predicates or nested guards Example: if is_leader { if has_quorum { ... } }
    = note: see Tiger Style guide: Condition Decomposition
    = note: `-D tigerstyle::compound-condition` implied by `-D compound-condition`
    = help: to override `-D compound-condition` add `#[allow(tigerstyle::compound_condition)]`

error: function `drain_and_verify_nar` has 0 assertion(s) in 22 lines (need 2+)
   --> crates/crunch-store/src/nario.rs:727:116
    |
727 |   async fn drain_and_verify_nar<R: AsyncRead + Unpin>(reader: &mut R, metadata: &NarioMetadata) -> Result<(), Error> {
    |  ____________________________________________________________________________________________________________________^
728 | |     let mut limited = reader.take(metadata.nar_size);
729 | |     let mut hasher = sha2::Sha256::new();
730 | |     let mut buffer = vec![0u8; IO_BUFFER_BYTES];
...   |
747 | |     Ok(())
748 | | }
    | |_^
    |
    = help: Tiger Style (Assertion Density): add enough assertions to make local invariants visible near the logic they defend
    = note: see Tiger Style guide: Assertion Density

error: `limited` looks like a quantity but has no unit suffix
   --> crates/crunch-store/src/nario.rs:728:13
    |
728 |     let mut limited = reader.take(metadata.nar_size);
    |             ^^^^^^^
    |
    = help: Tiger Style (Unit Suffixes): put the unit in the name of numeric quantities Example: timeout_ms
    = note: structured suggestion applicability: HasPlaceholders
    = note: see Tiger Style guide: Unit Suffixes
help: rename with an explicit unit suffix like `_ms`, `_secs`, or `_bytes`
    |
728 |     let mut limited_<unit> = reader.take(metadata.nar_size);
    |                    +++++++

error: function `ensure_store_identity` has 0 assertion(s) in 39 lines (need 2+)
   --> crates/crunch-store/src/overlay.rs:144:98
    |
144 |   pub(crate) fn ensure_store_identity(state_dir: &Path, logical_prefix: &str) -> Result<(), Error> {
    |  __________________________________________________________________________________________________^
145 | |     let policy = store_overlay_runtime_policy()?;
146 | |     let expected = StoreIdentityRecord {
147 | |         schema: STORE_STATE_SCHEMA.to_string(),
...   |
181 | |     Ok(())
182 | | }
    | |_^
    |
    = help: Tiger Style (Assertion Density): add enough assertions to make local invariants visible near the logic they defend
    = note: see Tiger Style guide: Assertion Density

error: function `overlay_report` has 0 assertion(s) in 43 lines (need 2+)
   --> crates/crunch-store/src/overlay.rs:205:94
    |
205 |   pub(crate) fn overlay_report(state: &StoreOverlayState) -> Result<StoreOverlayReport, Error> {
    |  ______________________________________________________________________________________________^
206 | |     let policy = store_overlay_runtime_policy()?;
207 | |     if state.plan.descriptors.len() != state.base_state_dirs.len() {
208 | |         return Err(Error::Store("overlay report descriptor and base counts differ".to_string()));
...   |
246 | |     })
247 | | }
    | |_^
    |
    = help: Tiger Style (Assertion Density): add enough assertions to make local invariants visible near the logic they defend
    = note: see Tiger Style guide: Assertion Density

error: function `load_layer_trust_keys` has 0 assertion(s) in 25 lines (need 2+)
   --> crates/crunch-store/src/overlay.rs:279:91
    |
279 |   pub(crate) fn load_layer_trust_keys(state_dir: &Path) -> Result<Vec<VerifyingKey>, Error> {
    |  ___________________________________________________________________________________________^
280 | |     let policy = store_overlay_runtime_policy()?;
281 | |     let public_keys_path = state_dir.join(OVERLAY_TRUSTED_PUBLIC_KEYS_FILE_NAME);
282 | |     let mut keys = if public_keys_path.exists() {
...   |
302 | |     Ok(keys)
303 | | }
    | |_^
    |
    = help: Tiger Style (Assertion Density): add enough assertions to make local invariants visible near the logic they defend
    = note: see Tiger Style guide: Assertion Density

error: function `parse_public_keys` has 0 assertion(s) in 25 lines (need 2+)
   --> crates/crunch-store/src/overlay.rs:305:91
    |
305 |   fn parse_public_keys(path: &Path, maximum_bytes: u64) -> Result<Vec<VerifyingKey>, Error> {
    |  ___________________________________________________________________________________________^
306 | |     let bytes = read_file_bounded(path, maximum_bytes)?;
307 | |     let text = std::str::from_utf8(&bytes)
308 | |         .map_err(|error| Error::Store(format!("parsing {} as UTF-8: {error}", path.display())))?;
...   |
328 | |     Ok(keys)
329 | | }
    | |_^
    |
    = help: Tiger Style (Assertion Density): add enough assertions to make local invariants visible near the logic they defend
    = note: see Tiger Style guide: Assertion Density

error: function `validate_runtime_policy` has 0 assertion(s) in 26 lines (need 2+)
   --> crates/crunch-store/src/overlay.rs:379:85
    |
379 |   fn validate_runtime_policy(policy: &StoreOverlayRuntimePolicy) -> Result<(), Error> {
    |  _____________________________________________________________________________________^
380 | |     let valid = policy.schema == STORE_OVERLAY_POLICY_SCHEMA
381 | |         && policy.hash_algorithm == "BLAKE3"
382 | |         && !policy.policy_name.is_empty()
...   |
403 | |     Ok(())
404 | | }
    | |_^
    |
    = help: Tiger Style (Assertion Density): add enough assertions to make local invariants visible near the logic they defend
    = note: see Tiger Style guide: Assertion Density

error: function `core_policy` has 0 assertion(s) in 21 lines (need 2+)
   --> crates/crunch-store/src/overlay.rs:406:84
    |
406 |   fn core_policy(policy: &StoreOverlayRuntimePolicy) -> Result<OverlayPolicy, Error> {
    |  ____________________________________________________________________________________^
407 | |     let max_descriptor_bytes = usize::try_from(policy.limits.max_descriptor_bytes)
408 | |         .map_err(|_| Error::Store("overlay descriptor byte limit does not fit usize".to_string()))?;
409 | |     if max_descriptor_bytes == 0 {
...   |
425 | |     })
426 | | }
    | |_^
    |
    = help: Tiger Style (Assertion Density): add enough assertions to make local invariants visible near the logic they defend
    = note: see Tiger Style guide: Assertion Density

error: function `observe_base` has 0 assertion(s) in 26 lines (need 2+)
   --> crates/crunch-store/src/overlay.rs:450:37
    |
450 |   ) -> Result<BaseObservation, Error> {
    |  _____________________________________^
451 | |     let metadata = fs::symlink_metadata(base_state_dir)
452 | |         .map_err(|error| Error::Store(format!("opening overlay base {}: {error}", base_state_dir.display())))?;
453 | |     if metadata.file_type().is_symlink() || !metadata.is_dir() {
...   |
474 | |     })
475 | | }
    | |_^
    |
    = help: Tiger Style (Assertion Density): add enough assertions to make local invariants visible near the logic they defend
    = note: see Tiger Style guide: Assertion Density

error: function `observe_generation_members` is 72 lines (limit: 70)
   --> crates/crunch-store/src/overlay.rs:487:43
    |
487 |   ) -> Result<Vec<GenerationMember>, Error> {
    |  ___________________________________________^
488 | |     let mut members = Vec::new();
489 | |     let mut stack = vec![root.to_path_buf()];
490 | |     let mut observed_bytes = 0_u64;
...   |
557 | |     Ok(members)
558 | | }
    | |_^
    |
    = help: Tiger Style (Function Length): split long functions into named helpers at invariant or phase boundaries
    = note: see Tiger Style guide: Function Length

error: function `observe_generation_members` has 0 assertion(s) in 72 lines (need 2+)
   --> crates/crunch-store/src/overlay.rs:487:43
    |
487 |   ) -> Result<Vec<GenerationMember>, Error> {
    |  ___________________________________________^
488 | |     let mut members = Vec::new();
489 | |     let mut stack = vec![root.to_path_buf()];
490 | |     let mut observed_bytes = 0_u64;
...   |
557 | |     Ok(members)
558 | | }
    | |_^
    |
    = help: Tiger Style (Assertion Density): add enough assertions to make local invariants visible near the logic they defend
    = note: see Tiger Style guide: Assertion Density

error: function `ensure_read_only_member` has 0 assertion(s) in 21 lines (need 2+)
   --> crates/crunch-store/src/overlay.rs:560:113
    |
560 |   fn ensure_read_only_member(declaration_index: usize, path: &Path, metadata: &fs::Metadata) -> Result<(), Error> {
    |  _________________________________________________________________________________________________________________^
561 | |     #[cfg(unix)]
562 | |     {
563 | |         use std::os::unix::fs::PermissionsExt;
...   |
580 | |     Ok(())
581 | | }
    | |_^
    |
    = help: Tiger Style (Assertion Density): add enough assertions to make local invariants visible near the logic they defend
    = note: see Tiger Style guide: Assertion Density

error: function `hash_file` has 0 assertion(s) in 26 lines (need 2+)
   --> crates/crunch-store/src/overlay.rs:583:88
    |
583 |   fn hash_file(path: &Path, expected_bytes: u64) -> Result<[u8; blake3::OUT_LEN], Error> {
    |  ________________________________________________________________________________________^
584 | |     let mut file = File::open(path)
585 | |         .map_err(|error| Error::Store(format!("opening overlay generation member {}: {error}", path.display())))?;
586 | |     let mut hasher = blake3::Hasher::new();
...   |
607 | |     Ok(*hasher.finalize().as_bytes())
608 | | }
    | |_^
    |
    = help: Tiger Style (Assertion Density): add enough assertions to make local invariants visible near the logic they defend
    = note: see Tiger Style guide: Assertion Density

error: function `read_file_bounded` has 0 assertion(s) in 21 lines (need 2+)
   --> crates/crunch-store/src/overlay.rs:610:81
    |
610 |   fn read_file_bounded(path: &Path, maximum_bytes: u64) -> Result<Vec<u8>, Error> {
    |  _________________________________________________________________________________^
611 | |     let metadata =
612 | |         fs::symlink_metadata(path).map_err(|error| Error::Store(format!("observing {}: {error}", path.display())))?;
613 | |     if metadata.file_type().is_symlink() || !metadata.is_file() {
...   |
629 | |     Ok(bytes)
630 | | }
    | |_^
    |
    = help: Tiger Style (Assertion Density): add enough assertions to make local invariants visible near the logic they defend
    = note: see Tiger Style guide: Assertion Density

error: `read_limit` looks like a quantity but has no unit suffix
   --> crates/crunch-store/src/overlay.rs:616:9
    |
616 |     let read_limit = maximum_bytes
    |         ^^^^^^^^^^
    |
    = help: Tiger Style (Unit Suffixes): put the unit in the name of numeric quantities Example: timeout_ms
    = note: structured suggestion applicability: HasPlaceholders
    = note: see Tiger Style guide: Unit Suffixes
help: rename with an explicit unit suffix like `_ms`, `_secs`, or `_bytes`
    |
616 |     let read_limit_<unit> = maximum_bytes
    |                   +++++++

error: function `validate_foreign_provenance_policy` has 0 assertion(s) in 42 lines (need 2+)
   --> crates/crunch-store/src/provenance.rs:298:99
    |
298 |   pub fn validate_foreign_provenance_policy(policy: &ForeignProvenancePolicy) -> Result<(), String> {
    |  ___________________________________________________________________________________________________^
299 | |     if policy.schema != FOREIGN_PROVENANCE_POLICY_SCHEMA {
300 | |         return Err(format!("foreign provenance policy schema must be {FOREIGN_PROVENANCE_POLICY_SCHEMA}"));
...   |
338 | |     Ok(())
339 | | }
    | |_^
    |
    = help: Tiger Style (Assertion Density): add enough assertions to make local invariants visible near the logic they defend
    = note: see Tiger Style guide: Assertion Density

error: `limits` looks like a quantity but has no unit suffix
   --> crates/crunch-store/src/provenance.rs:302:9
    |
302 |     let limits = [
    |         ^^^^^^
    |
    = help: Tiger Style (Unit Suffixes): put the unit in the name of numeric quantities Example: timeout_ms
    = note: structured suggestion applicability: HasPlaceholders
    = note: see Tiger Style guide: Unit Suffixes
help: rename with an explicit unit suffix like `_ms`, `_secs`, or `_bytes`
    |
302 |     let limits_<unit> = [
    |               +++++++

error: function `scan_castore_provenance` has 0 assertion(s) in 27 lines (need 2+)
   --> crates/crunch-store/src/provenance.rs:344:43
    |
344 |   ) -> Result<CastoreProvenanceScan, Error> {
    |  ___________________________________________^
345 | |     validate_foreign_provenance_policy(request.policy).map_err(Error::Store)?;
346 | |     if request.selected_root_paths.is_empty() {
347 | |         return Err(Error::Store("foreign provenance audit requires at least one selected root".to_string()));
...   |
369 | |     Ok(finalize_scan(true, traversal_complete, path_infos, preflight))
370 | | }
    | |_^
    |
    = help: Tiger Style (Assertion Density): add enough assertions to make local invariants visible near the logic they defend
    = note: see Tiger Style guide: Assertion Density

error: function `preflight_path_infos` is 116 lines (limit: 70)
   --> crates/crunch-store/src/provenance.rs:376:96
    |
376 |   ) -> Result<(Vec<LoadedPathInfo>, Vec<ProvenancePathInfoObservation>, ScanAccumulator), Error> {
    |  ________________________________________________________________________________________________^
377 | |     let service = store.pathinfo_service();
378 | |     let mut pending = request.selected_root_paths.iter().cloned().collect::<BTreeSet<_>>();
379 | |     let mut seen = BTreeSet::new();
...   |
491 | |     Ok((loaded_path_infos, observations, state))
492 | | }
    | |_^
    |
    = help: Tiger Style (Function Length): split long functions into named helpers at invariant or phase boundaries
    = note: see Tiger Style guide: Function Length

error: function `preflight_path_infos` has 0 assertion(s) in 116 lines (need 2+)
   --> crates/crunch-store/src/provenance.rs:376:96
    |
376 |   ) -> Result<(Vec<LoadedPathInfo>, Vec<ProvenancePathInfoObservation>, ScanAccumulator), Error> {
    |  ________________________________________________________________________________________________^
377 | |     let service = store.pathinfo_service();
378 | |     let mut pending = request.selected_root_paths.iter().cloned().collect::<BTreeSet<_>>();
379 | |     let mut seen = BTreeSet::new();
...   |
491 | |     Ok((loaded_path_infos, observations, state))
492 | | }
    | |_^
    |
    = help: Tiger Style (Assertion Density): add enough assertions to make local invariants visible near the logic they defend
    = note: see Tiger Style guide: Assertion Density

error: function `walk_castore_payloads` is 164 lines (limit: 70)
   --> crates/crunch-store/src/provenance.rs:500:24
    |
500 |   ) -> Result<(), Error> {
    |  ________________________^
501 | |     let directory_service = store.directory_service();
502 | |     let blob_service = store.blob_service();
503 | |     let mut worklist = Vec::with_capacity(INITIAL_WORKLIST_CAPACITY);
...   |
664 | |     Ok(())
665 | | }
    | |_^
    |
    = help: Tiger Style (Function Length): split long functions into named helpers at invariant or phase boundaries
    = note: see Tiger Style guide: Function Length

error: function `walk_castore_payloads` has 0 assertion(s) in 164 lines (need 2+)
   --> crates/crunch-store/src/provenance.rs:500:24
    |
500 |   ) -> Result<(), Error> {
    |  ________________________^
501 | |     let directory_service = store.directory_service();
502 | |     let blob_service = store.blob_service();
503 | |     let mut worklist = Vec::with_capacity(INITIAL_WORKLIST_CAPACITY);
...   |
664 | |     Ok(())
665 | | }
    | |_^
    |
    = help: Tiger Style (Assertion Density): add enough assertions to make local invariants visible near the logic they defend
    = note: see Tiger Style guide: Assertion Density

error: function `read_blob_exact` has 0 assertion(s) in 20 lines (need 2+)
   --> crates/crunch-store/src/provenance.rs:671:30
    |
671 |   ) -> Result<Vec<u8>, String> {
    |  ______________________________^
672 | |     let Some(reader) = blob_service
673 | |         .open_read(digest)
674 | |         .await
...   |
689 | |     Ok(bytes)
690 | | }
    | |_^
    |
    = help: Tiger Style (Assertion Density): add enough assertions to make local invariants visible near the logic they defend
    = note: see Tiger Style guide: Assertion Density

error: `capacity` looks like a quantity but has no unit suffix
   --> crates/crunch-store/src/provenance.rs:679:9
    |
679 |     let capacity = usize::try_from(expected_size).unwrap_or(INITIAL_READ_CAPACITY);
    |         ^^^^^^^^
    |
    = help: Tiger Style (Unit Suffixes): put the unit in the name of numeric quantities Example: timeout_ms
    = note: structured suggestion applicability: HasPlaceholders
    = note: see Tiger Style guide: Unit Suffixes
help: rename with an explicit unit suffix like `_ms`, `_secs`, or `_bytes`
    |
679 |     let capacity_<unit> = usize::try_from(expected_size).unwrap_or(INITIAL_READ_CAPACITY);
    |                 +++++++

error: function `classify_payload` has 0 assertion(s) in 34 lines (need 2+)
   --> crates/crunch-store/src/provenance.rs:692:95
    |
692 |   pub fn classify_payload(executable: bool, path: &str, bytes: &[u8]) -> ProvenancePayloadClass {
    |  _______________________________________________________________________________________________^
693 | |     if bytes.starts_with(GZIP_MAGIC) {
694 | |         return ProvenancePayloadClass::GzipStream;
...   |
725 | | }
    | |_^
    |
    = help: Tiger Style (Assertion Density): add enough assertions to make local invariants visible near the logic they defend
    = note: see Tiger Style guide: Assertion Density

error: function `inspect_payload` has 0 assertion(s) in 45 lines (need 2+)
   --> crates/crunch-store/src/provenance.rs:733:3
    |
733 |   ) {
    |  ___^
734 | |     if state.halted {
735 | |         return;
...   |
777 | | }
    | |_^
    |
    = help: Tiger Style (Assertion Density): add enough assertions to make local invariants visible near the logic they defend
    = note: see Tiger Style guide: Assertion Density

error: function `is_libtool_archive` has 0 assertion(s) in 21 lines (need 2+)
   --> crates/crunch-store/src/provenance.rs:779:57
    |
779 |   fn is_libtool_archive(path: &str, bytes: &[u8]) -> bool {
    |  _________________________________________________________^
780 | |     if !path.ends_with(".la") {
781 | |         return false;
...   |
798 | |     generated_by_libtool && has_dynamic_name && has_library_names && has_installation_state
799 | | }
    | |_^
    |
    = help: Tiger Style (Assertion Density): add enough assertions to make local invariants visible near the logic they defend
    = note: see Tiger Style guide: Assertion Density

error: function `inspect_shebang` has 0 assertion(s) in 48 lines (need 2+)
   --> crates/crunch-store/src/provenance.rs:820:3
    |
820 |   ) {
    |  ___^
821 | |     let max = usize::try_from(policy.max_shebang_bytes).unwrap_or(usize::MAX);
822 | |     let line_end = input.bytes.iter().position(|byte| *byte == b'\n').unwrap_or(input.bytes.len());
823 | |     if line_end > max {
...   |
866 | |     );
867 | | }
    | |_^
    |
    = help: Tiger Style (Assertion Density): add enough assertions to make local invariants visible near the logic they defend
    = note: see Tiger Style guide: Assertion Density

error: function `scan_byte_references` has 0 assertion(s) in 36 lines (need 2+)
   --> crates/crunch-store/src/provenance.rs:874:3
    |
874 |   ) {
    |  ___^
875 | |     let mut prefixes = context.foreign_store_prefixes.clone();
876 | |     prefixes.push(context.target_store_prefix.to_string());
877 | |     prefixes.sort();
...   |
909 | | }
    | |_^
    |
    = help: Tiger Style (Assertion Density): add enough assertions to make local invariants visible near the logic they defend
    = note: see Tiger Style guide: Assertion Density

error: function `resolve_observed_reference` has 0 assertion(s) in 34 lines (need 2+)
   --> crates/crunch-store/src/provenance.rs:920:3
    |
920 |   ) {
    |  ___^
921 | |     let normalized_suffix = match normalize_store_suffix(suffix) {
922 | |         Ok(normalized) => normalized,
923 | |         Err(()) => {
...   |
952 | |     });
953 | | }
    | |_^
    |
    = help: Tiger Style (Assertion Density): add enough assertions to make local invariants visible near the logic they defend
    = note: see Tiger Style guide: Assertion Density

error: function `inspect_symlink` has 0 assertion(s) in 39 lines (need 2+)
    --> crates/crunch-store/src/provenance.rs:963:3
     |
 963 |   ) {
     |  ___^
 964 | |     if target.starts_with(PATH_COMPONENT_SEPARATOR) {
 965 | |         let prefix = if target.starts_with(&format!("{}/", context.target_store_prefix)) {
 966 | |             context.target_store_prefix
...    |
1001 | | }
     | |_^
     |
     = help: Tiger Style (Assertion Density): add enough assertions to make local invariants visible near the logic they defend
     = note: see Tiger Style guide: Assertion Density

error: function `resolve_relative_path` has 0 assertion(s) in 24 lines (need 2+)
    --> crates/crunch-store/src/provenance.rs:1003:90
     |
1003 |   fn resolve_relative_path(path: &str, target: &str, root: &str) -> Result<String, String> {
     |  __________________________________________________________________________________________^
1004 | |     let mut components = path
1005 | |         .rsplit_once(PATH_COMPONENT_SEPARATOR)
1006 | |         .map(|(parent, _)| parent)
...    |
1025 | |     Ok(format!("/{}", components.join("/")))
1026 | | }
     | |_^
     |
     = help: Tiger Style (Assertion Density): add enough assertions to make local invariants visible near the logic they defend
     = note: see Tiger Style guide: Assertion Density

error: function `inspect_tar` is 96 lines (limit: 70)
    --> crates/crunch-store/src/provenance.rs:1054:3
     |
1054 |   ) {
     |  ___^
1055 | |     if container_depth >= policy.max_container_depth {
1056 | |         state.limit(policy, input.path, "container-depth");
1057 | |         return;
...    |
1148 | |     inspect_container_entries(input, parsed, container_depth, policy, context, state);
1149 | | }
     | |_^
     |
     = help: Tiger Style (Function Length): split long functions into named helpers at invariant or phase boundaries
     = note: see Tiger Style guide: Function Length

error: function `inspect_tar` has 0 assertion(s) in 96 lines (need 2+)
    --> crates/crunch-store/src/provenance.rs:1054:3
     |
1054 |   ) {
     |  ___^
1055 | |     if container_depth >= policy.max_container_depth {
1056 | |         state.limit(policy, input.path, "container-depth");
1057 | |         return;
...    |
1148 | |     inspect_container_entries(input, parsed, container_depth, policy, context, state);
1149 | | }
     | |_^
     |
     = help: Tiger Style (Assertion Density): add enough assertions to make local invariants visible near the logic they defend
     = note: see Tiger Style guide: Assertion Density

error: function `parse_newc_entries` is 121 lines (limit: 70)
    --> crates/crunch-store/src/provenance.rs:1245:34
     |
1245 |   ) -> Option<Vec<ContainerEntry>> {
     |  __________________________________^
1246 | |     let mut offset = 0usize;
1247 | |     let mut entries = Vec::new();
1248 | |     while offset < bytes.len() {
...    |
1364 | |     None
1365 | | }
     | |_^
     |
     = help: Tiger Style (Function Length): split long functions into named helpers at invariant or phase boundaries
     = note: see Tiger Style guide: Function Length

error: function `parse_newc_entries` has 0 assertion(s) in 121 lines (need 2+)
    --> crates/crunch-store/src/provenance.rs:1245:34
     |
1245 |   ) -> Option<Vec<ContainerEntry>> {
     |  __________________________________^
1246 | |     let mut offset = 0usize;
1247 | |     let mut entries = Vec::new();
1248 | |     while offset < bytes.len() {
...    |
1364 | |     None
1365 | | }
     | |_^
     |
     = help: Tiger Style (Assertion Density): add enough assertions to make local invariants visible near the logic they defend
     = note: see Tiger Style guide: Assertion Density

error: `offset` looks like a quantity but has no unit suffix
    --> crates/crunch-store/src/provenance.rs:1246:13
     |
1246 |     let mut offset = 0usize;
     |             ^^^^^^
     |
     = help: Tiger Style (Unit Suffixes): put the unit in the name of numeric quantities Example: timeout_ms
     = note: structured suggestion applicability: HasPlaceholders
     = note: see Tiger Style guide: Unit Suffixes
help: rename with an explicit unit suffix like `_ms`, `_secs`, or `_bytes`
     |
1246 |     let mut offset_<unit> = 0usize;
     |                   +++++++

error: function `inspect_container_entries` has 0 assertion(s) in 42 lines (need 2+)
    --> crates/crunch-store/src/provenance.rs:1374:3
     |
1374 |   ) {
     |  ___^
1375 | |     let entry_paths = entries.iter().map(|entry| entry.path.clone()).collect::<BTreeSet<_>>();
1376 | |     state.observed_paths.extend(entry_paths);
1377 | |     for entry in entries {
...    |
1415 | | }
     | |_^
     |
     = help: Tiger Style (Assertion Density): add enough assertions to make local invariants visible near the logic they defend
     = note: see Tiger Style guide: Assertion Density

error: function `normalize_store_suffix` has 0 assertion(s) in 23 lines (need 2+)
    --> crates/crunch-store/src/provenance.rs:1556:63
     |
1556 |   fn normalize_store_suffix(suffix: &str) -> Result<String, ()> {
     |  _______________________________________________________________^
1557 | |     if suffix.is_empty() {
1558 | |         return Ok(String::new());
...    |
1578 | | }
     | |_^
     |
     = help: Tiger Style (Assertion Density): add enough assertions to make local invariants visible near the logic they defend
     = note: see Tiger Style guide: Assertion Density

error: `next_length` looks like a quantity but has no unit suffix
   --> crates/crunch-store/src/pull.rs:329:13
    |
329 |         let next_length = u64::try_from(bytes.len())
    |             ^^^^^^^^^^^
    |
    = help: Tiger Style (Unit Suffixes): put the unit in the name of numeric quantities Example: timeout_ms
    = note: structured suggestion applicability: HasPlaceholders
    = note: see Tiger Style guide: Unit Suffixes
help: rename with an explicit unit suffix like `_ms`, `_secs`, or `_bytes`
    |
329 |         let next_length_<unit> = u64::try_from(bytes.len())
    |                        +++++++

error: `report` looks like a quantity but has no unit suffix
   --> crates/crunch-store/src/pull.rs:423:9
    |
423 |     let report = import_discovered_http_closure(handle, &client, &normalized_cache_url, options, discovered).await?;
    |         ^^^^^^
    |
    = help: Tiger Style (Unit Suffixes): put the unit in the name of numeric quantities Example: timeout_ms
    = note: structured suggestion applicability: HasPlaceholders
    = note: see Tiger Style guide: Unit Suffixes
help: rename with an explicit unit suffix like `_ms`, `_secs`, or `_bytes`
    |
423 |     let report_<unit> = import_discovered_http_closure(handle, &client, &normalized_cache_url, options, discovered).await?;
    |               +++++++

error: condition has 4 boolean operators
   --> crates/crunch-store/src/pull.rs:610:8
    |
610 |       if path_info.store_path != discovered.path
    |  ________^
611 | |         || path_info.store_path.to_string() != member.store_path
612 | |         || path_info.nar_size != member.nar_size
613 | |         || nar_sha256_hex != member.nar_sha256_hex
614 | |         || references != member.references
    | |__________________________________________^
    |
    = help: Tiger Style (Condition Decomposition): break multi-part conditions into named predicates or nested guards Example: if is_leader { if has_quorum { ... } }
    = note: see Tiger Style guide: Condition Decomposition

error: function `import_planned_http_member` has 0 assertion(s) in 31 lines (need 2+)
   --> crates/crunch-store/src/pull.rs:670:24
    |
670 |   ) -> Result<(), Error> {
    |  ________________________^
671 | |     let narinfo = NarInfo::parse_with_store_dir(&discovered.text, context.handle.store_dir()).map_err(|error| {
672 | |         Error::Store(format!("http-closure-planned-narinfo-parse-failed: {}: {error}", member.store_path))
673 | |     })?;
...   |
699 | |     .await
700 | | }
    | |_^
    |
    = help: Tiger Style (Assertion Density): add enough assertions to make local invariants visible near the logic they defend
    = note: see Tiger Style guide: Assertion Density

error: condition has 4 boolean operators
   --> crates/crunch-store/src/pull.rs:713:8
    |
713 |       if narinfo.store_path.to_string() != member.store_path
    |  ________^
714 | |         || narinfo.nar_size != member.nar_size
715 | |         || nar_hash_hex != member.nar_sha256_hex
716 | |         || references != member.references
717 | |         || narinfo_blake3 != member.narinfo_blake3
    | |__________________________________________________^
    |
    = help: Tiger Style (Condition Decomposition): break multi-part conditions into named predicates or nested guards Example: if is_leader { if has_quorum { ... } }
    = note: see Tiger Style guide: Condition Decomposition

error: `nar_read_limit` looks like a quantity but has no unit suffix
   --> crates/crunch-store/src/pull.rs:953:9
    |
953 |     let nar_read_limit = narinfo.nar_size.saturating_add(1);
    |         ^^^^^^^^^^^^^^
    |
    = help: Tiger Style (Unit Suffixes): put the unit in the name of numeric quantities Example: timeout_ms
    = note: structured suggestion applicability: HasPlaceholders
    = note: see Tiger Style guide: Unit Suffixes
help: rename with an explicit unit suffix like `_ms`, `_secs`, or `_bytes`
    |
953 |     let nar_read_limit_<unit> = narinfo.nar_size.saturating_add(1);
    |                       +++++++

error: function `record_to_core` has 0 assertion(s) in 28 lines (need 2+)
   --> crates/crunch-store/src/retention.rs:191:96
    |
191 |   fn record_to_core(record: &GcRootRecord, current_policy: &str) -> Result<RetentionRoot, Error> {
    |  ________________________________________________________________________________________________^
192 | |     if record.policy_blake3 != current_policy {
193 | |         return Err(Error::RootRegistry(format!(
194 | |             "root policy identity is stale for {}: expected {current_policy}, observed {}",
...   |
217 | |     })
218 | | }
    | |_^
    |
    = help: Tiger Style (Assertion Density): add enough assertions to make local invariants visible near the logic they defend
    = note: see Tiger Style guide: Assertion Density

error: function `load_registry` has 0 assertion(s) in 21 lines (need 2+)
   --> crates/crunch-store/src/roots.rs:235:96
    |
235 |   pub(crate) fn load_registry(state_dir: &Path) -> Result<BTreeMap<String, GcRootRecord>, Error> {
    |  ________________________________________________________________________________________________^
236 | |     let path = roots_path(state_dir);
237 | |     let bytes = match std::fs::read(&path) {
238 | |         Ok(bytes) => bytes,
...   |
254 | |     Ok(registry)
255 | | }
    | |_^
    |
    = help: Tiger Style (Assertion Density): add enough assertions to make local invariants visible near the logic they defend
    = note: see Tiger Style guide: Assertion Density

error: function `resolve_project_generation` has 0 assertion(s) in 41 lines (need 2+)
   --> crates/crunch-store/src/roots.rs:278:38
    |
278 |   ) -> Result<RootRegistration, Error> {
    |  ______________________________________^
279 | |     if !matches!(registration.class, GcRootClass::ProjectOutputGeneration | GcRootClass::ProjectSourceGeneration)
280 | |         || registration.generation.is_some()
...   |
317 | |     Ok(registration)
318 | | }
    | |_^
    |
    = help: Tiger Style (Assertion Density): add enough assertions to make local invariants visible near the logic they defend
    = note: see Tiger Style guide: Assertion Density

error: function `resolve_shell_lease_renewal` has 0 assertion(s) in 32 lines (need 2+)
   --> crates/crunch-store/src/roots.rs:324:38
    |
324 |   ) -> Result<RootRegistration, Error> {
    |  ______________________________________^
325 | |     if registration.class != GcRootClass::ActiveShellLease {
326 | |         return Ok(registration);
...   |
354 | |     Ok(registration)
355 | | }
    | |_^
    |
    = help: Tiger Style (Assertion Density): add enough assertions to make local invariants visible near the logic they defend
    = note: see Tiger Style guide: Assertion Density

error: condition has 3 boolean operators
   --> crates/crunch-store/src/roots.rs:334:8
    |
334 |       if existing.root_class != GcRootClass::ActiveShellLease
    |  ________^
335 | |         || existing.project_identity != registration.project_identity
336 | |         || existing.selector != registration.selector
337 | |         || existing.owner_scope != registration.owner_scope
    | |___________________________________________________________^
    |
    = help: Tiger Style (Condition Decomposition): break multi-part conditions into named predicates or nested guards Example: if is_leader { if has_quorum { ... } }
    = note: see Tiger Style guide: Condition Decomposition

error: function `registration_transition_reason` has 0 assertion(s) in 32 lines (need 2+)
   --> crates/crunch-store/src/roots.rs:361:19
    |
361 |   ) -> &'static str {
    |  ___________________^
362 | |     let Some(existing) = registry.get(logical_path) else {
363 | |         return match registration.class {
364 | |             GcRootClass::ProjectOutputGeneration => "project-output-generation-registered",
...   |
391 | |     "root-reclassified"
392 | | }
    | |_^
    |
    = help: Tiger Style (Assertion Density): add enough assertions to make local invariants visible near the logic they defend
    = note: see Tiger Style guide: Assertion Density

error: condition has 3 boolean operators
   --> crates/crunch-store/src/roots.rs:374:8
    |
374 |       if registration.class == GcRootClass::ActiveShellLease
    |  ________^
375 | |         && existing.root_class == GcRootClass::ActiveShellLease
376 | |         && existing.project_identity == registration.project_identity
377 | |         && existing.selector == registration.selector
    | |_____________________________________________________^
    |
    = help: Tiger Style (Condition Decomposition): break multi-part conditions into named predicates or nested guards Example: if is_leader { if has_quorum { ... } }
    = note: see Tiger Style guide: Condition Decomposition

error: condition has 3 boolean operators
   --> crates/crunch-store/src/roots.rs:381:8
    |
381 |       if matches!(registration.class, GcRootClass::ProjectOutputGeneration | GcRootClass::ProjectSourceGeneration)
    |  ________^
382 | |         && existing.root_class == registration.class
383 | |         && existing.project_identity == registration.project_identity
384 | |         && existing.selector == registration.selector
    | |_____________________________________________________^
    |
    = help: Tiger Style (Condition Decomposition): break multi-part conditions into named predicates or nested guards Example: if is_leader { if has_quorum { ... } }
    = note: see Tiger Style guide: Condition Decomposition

error: function `new_record` has 0 assertion(s) in 28 lines (need 2+)
   --> crates/crunch-store/src/roots.rs:450:19
    |
450 |   ) -> GcRootRecord {
    |  ___________________^
451 | |     let policy_blake3 = store_retention_policy_blake3();
452 | |     let last_transition_id = transition_id(
453 | |         &logical_path,
...   |
477 | | }
    | |_^
    |
    = help: Tiger Style (Assertion Density): add enough assertions to make local invariants visible near the logic they defend
    = note: see Tiger Style guide: Assertion Density

error: function `normalize_raw_record` has 0 assertion(s) in 50 lines (need 2+)
   --> crates/crunch-store/src/roots.rs:479:78
    |
479 |   fn normalize_raw_record(raw: RawGcRootRecord) -> Result<GcRootRecord, Error> {
    |  ______________________________________________________________________________^
480 | |     if raw.schema_version == 0 || raw.schema_version == 1 || raw.root_class.is_none() {
481 | |         return Ok(migrate_legacy_record(raw));
...   |
527 | |     Ok(record)
528 | | }
    | |_^
    |
    = help: Tiger Style (Assertion Density): add enough assertions to make local invariants visible near the logic they defend
    = note: see Tiger Style guide: Assertion Density

error: function `migrate_legacy_record` has 0 assertion(s) in 29 lines (need 2+)
   --> crates/crunch-store/src/roots.rs:530:64
    |
530 |   fn migrate_legacy_record(raw: RawGcRootRecord) -> GcRootRecord {
    |  ________________________________________________________________^
531 | |     let policy_blake3 = store_retention_policy_blake3();
532 | |     let owner_scope = LEGACY_OWNER_SCOPE.to_string();
533 | |     let last_transition_id = transition_id(
...   |
558 | | }
    | |_^
    |
    = help: Tiger Style (Assertion Density): add enough assertions to make local invariants visible near the logic they defend
    = note: see Tiger Style guide: Assertion Density

error: function `validate_record` has 0 assertion(s) in 44 lines (need 2+)
   --> crates/crunch-store/src/roots.rs:613:64
    |
613 |   fn validate_record(record: &GcRootRecord) -> Result<(), Error> {
    |  ________________________________________________________________^
614 | |     if record.schema_version != ROOT_RECORD_SCHEMA_VERSION {
615 | |         return Err(Error::RootRegistry(format!(
616 | |             "root record {} has unsupported schema {}",
...   |
655 | |     Ok(())
656 | | }
    | |_^
    |
    = help: Tiger Style (Assertion Density): add enough assertions to make local invariants visible near the logic they defend
    = note: see Tiger Style guide: Assertion Density

    Checking crunch-project v0.1.0 (/home/brittonr/git/OnixResearch/mantle/.pi/worktrees/store-capability-migration/crates/crunch-project)
error: collection grows in loop without a prior reservation or explicit local bound
   --> crates/mantlepkgs-core/src/versions.rs:688:13
    |
688 |             blocked.push(receipt.receipt_identity_blake3.clone());
    |             ^^^^^^^^^^^^^^^^^^^^^^^^^^^^^^^^^^^^^^^^^^^^^^^^^^^^^
    |
    = help: Tiger Style (Bounded Resource Growth): reserve collection capacity or add an explicit local length bound before growing it in a loop Example: let mut items = Vec::with_capacity(limit);
    = note: see Tiger Style guide: Bounded Resource Growth
    = note: `-D tigerstyle::unbounded-collection-growth` implied by `-D unbounded-collection-growth`
    = help: to override `-D unbounded-collection-growth` add `#[allow(tigerstyle::unbounded_collection_growth)]`

error: collection grows in loop without a prior reservation or explicit local bound
    --> crates/mantlepkgs-core/src/versions.rs:1206:13
     |
1206 |             entries.insert(key, entry);
     |             ^^^^^^^^^^^^^^^^^^^^^^^^^^
     |
     = help: Tiger Style (Bounded Resource Growth): reserve collection capacity or add an explicit local length bound before growing it in a loop Example: let mut items = Vec::with_capacity(limit);
     = note: see Tiger Style guide: Bounded Resource Growth

error: `.expect()` in production code will panic on failure
    --> crates/mantlepkgs-core/src/versions.rs:1192:23
     |
1192 |         let version = observation.reported_version.as_ref().expect("validated success has a version");
     |                       ^^^^^^^^^^^^^^^^^^^^^^^^^^^^^^^^^^^^^^^^^^^^^^^^^^^^^^^^^^^^^^^^^^^^^^^^^^^^^^^
     |
     = help: Tiger Style (Error Handling): propagate or handle absence explicitly instead of panicking with `unwrap` or `expect` Example: let value = maybe?;
     = note: see Tiger Style guide: Error Handling
     = note: `-D tigerstyle::no-unwrap` implied by `-D no-unwrap`
     = help: to override `-D no-unwrap` add `#[allow(tigerstyle::no_unwrap)]`

error: boolean binding `replace` should have a predicate prefix
    --> crates/mantlepkgs-core/src/versions.rs:1204:13
     |
1204 |         let replace = entries.get(&key).is_none_or(|current| entry.published_order > current.published_order);
     |             ^^^^^^^
     |
     = help: Tiger Style (Positive Predicates): name booleans as predicates so call sites read like questions Example: let is_ready = status == Ready;
     = note: structured suggestion applicability: MaybeIncorrect
     = note: see Tiger Style guide: Positive Predicates
     = note: `-D tigerstyle::bool-naming` implied by `-D bool-naming`
     = help: to override `-D bool-naming` add `#[allow(tigerstyle::bool_naming)]`
help: rename binding to `is_replace`
     |
1204 |         let is_replace = entries.get(&key).is_none_or(|current| entry.published_order > current.published_order);
     |             +++

error: unprotected unsigned addition may overflow
    --> crates/mantlepkgs-core/src/versions.rs:1520:35
     |
1520 |     debug_assert_eq!(names.len(), receipt.aliases.len() + 1);
     |                                   ^^^^^^^^^^^^^^^^^^^^^^^^^
     |
     = help: Tiger Style (Overflow Protection): use checked or saturating arithmetic when overflow would change behavior Example: let total = a.checked_add(b)?;
     = note: structured suggestion applicability: MaybeIncorrect
     = note: see Tiger Style guide: Overflow Protection
     = note: `-D tigerstyle::raw-arithmetic-overflow` implied by `-D raw-arithmetic-overflow`
     = help: to override `-D raw-arithmetic-overflow` add `#[allow(tigerstyle::raw_arithmetic_overflow)]`
help: replace with saturating addition
     |
1520 -     debug_assert_eq!(names.len(), receipt.aliases.len() + 1);
1520 +     debug_assert_eq!(names.len(), (receipt.aliases.len()).saturating_add(1));
     |

error: unprotected unsigned addition may overflow
    --> crates/mantlepkgs-core/src/versions.rs:1746:41
     |
1746 |     debug_assert_eq!(receipt_ids.len(), usize::try_from(selector_count).unwrap_or(usize::MAX) + blocked.len());
     |                                         ^^^^^^^^^^^^^^^^^^^^^^^^^^^^^^^^^^^^^^^^^^^^^^^^^^^^^^^^^^^^^^^^^^^^^
     |
     = help: Tiger Style (Overflow Protection): use checked or saturating arithmetic when overflow would change behavior Example: let total = a.checked_add(b)?;
     = note: structured suggestion applicability: MaybeIncorrect
     = note: see Tiger Style guide: Overflow Protection
help: replace with saturating addition
     |
1746 -     debug_assert_eq!(receipt_ids.len(), usize::try_from(selector_count).unwrap_or(usize::MAX) + blocked.len());
1746 +     debug_assert_eq!(receipt_ids.len(), (usize::try_from(selector_count).unwrap_or(usize::MAX)).saturating_add(blocked.len()));
     |

error: 2 consecutive `&str` parameters are easy to swap by accident
    --> crates/mantlepkgs-core/src/versions.rs:1980:1
     |
1980 | / fn collect_text(value: &str, path: &str, max_bytes: u32, diagnostics: &mut Vec<Diagnostic>) {
1981 | |     let exceeds = usize::try_from(max_bytes).map_or(true, |maximum| value.len() > maximum);
1982 | |     if value.is_empty() || exceeds || value.chars().any(char::is_control) {
1983 | |         diagnostics.push(Diagnostic::new(
...    |
1989 | | }
     | |_^
     |
     = help: Tiger Style (Explicit Interfaces): replace same-type parameter clusters with named fields or an options struct Example: fn connect(opts: ConnectOptions) -> ...
     = note: see Tiger Style guide: Explicit Interfaces
     = note: `-D tigerstyle::ambiguous-params` implied by `-D ambiguous-params`
     = help: to override `-D ambiguous-params` add `#[allow(tigerstyle::ambiguous_params)]`

error: boolean binding `exceeds` should have a predicate prefix
    --> crates/mantlepkgs-core/src/versions.rs:1981:9
     |
1981 |     let exceeds = usize::try_from(max_bytes).map_or(true, |maximum| value.len() > maximum);
     |         ^^^^^^^
     |
     = help: Tiger Style (Positive Predicates): name booleans as predicates so call sites read like questions Example: let is_ready = status == Ready;
     = note: structured suggestion applicability: MaybeIncorrect
     = note: see Tiger Style guide: Positive Predicates
help: rename binding to `is_exceeds`
     |
1981 |     let is_exceeds = usize::try_from(max_bytes).map_or(true, |maximum| value.len() > maximum);
     |         +++

error: 2 consecutive `&str` parameters are easy to swap by accident
    --> crates/mantlepkgs-core/src/versions.rs:1991:1
     |
1991 | / fn collect_attribute(value: &str, path: &str, diagnostics: &mut Vec<Diagnostic>) {
1992 | |     let valid = !value.is_empty()
1993 | |         && value.len() <= HARD_MAX_TEXT_BYTES as usize
1994 | |         && value.split('.').all(|segment| {
...    |
2005 | | }
     | |_^
     |
     = help: Tiger Style (Explicit Interfaces): replace same-type parameter clusters with named fields or an options struct Example: fn connect(opts: ConnectOptions) -> ...
     = note: see Tiger Style guide: Explicit Interfaces

error: boolean binding `valid` should have a predicate prefix
    --> crates/mantlepkgs-core/src/versions.rs:1992:9
     |
1992 |     let valid = !value.is_empty()
     |         ^^^^^
     |
     = help: Tiger Style (Positive Predicates): name booleans as predicates so call sites read like questions Example: let is_ready = status == Ready;
     = note: structured suggestion applicability: MaybeIncorrect
     = note: see Tiger Style guide: Positive Predicates
help: rename binding to `is_valid`
     |
1992 |     let is_valid = !value.is_empty()
     |         +++

error: 2 consecutive `&str` parameters are easy to swap by accident
    --> crates/mantlepkgs-core/src/versions.rs:2007:1
     |
2007 | / fn collect_safe_relative_path(value: &str, path: &str, max_bytes: u32, diagnostics: &mut Vec<Diagnostic>) {
2008 | |     collect_text(value, path, max_bytes, diagnostics);
2009 | |     let unsafe_path = value.starts_with('/')
2010 | |         || value.ends_with('/')
...    |
2022 | |     debug_assert!(value.is_empty() || !value.contains("..") || !diagnostics.is_empty());
2023 | | }
     | |_^
     |
     = help: Tiger Style (Explicit Interfaces): replace same-type parameter clusters with named fields or an options struct Example: fn connect(opts: ConnectOptions) -> ...
     = note: see Tiger Style guide: Explicit Interfaces

error: boolean binding `unsafe_path` should have a predicate prefix
    --> crates/mantlepkgs-core/src/versions.rs:2009:9
     |
2009 |     let unsafe_path = value.starts_with('/')
     |         ^^^^^^^^^^^
     |
     = help: Tiger Style (Positive Predicates): name booleans as predicates so call sites read like questions Example: let is_ready = status == Ready;
     = note: structured suggestion applicability: MaybeIncorrect
     = note: see Tiger Style guide: Positive Predicates
help: rename binding to `is_unsafe_path`
     |
2009 |     let is_unsafe_path = value.starts_with('/')
     |         +++

error: 2 consecutive `&str` parameters are easy to swap by accident
    --> crates/mantlepkgs-core/src/versions.rs:2025:1
     |
2025 | / fn collect_stable_code(value: &str, path: &str, max_bytes: u32, diagnostics: &mut Vec<Diagnostic>) {
2026 | |     collect_text(value, path, max_bytes, diagnostics);
2027 | |     if !value
2028 | |         .chars()
...    |
2037 | | }
     | |_^
     |
     = help: Tiger Style (Explicit Interfaces): replace same-type parameter clusters with named fields or an options struct Example: fn connect(opts: ConnectOptions) -> ...
     = note: see Tiger Style guide: Explicit Interfaces

error: 2 consecutive `&str` parameters are easy to swap by accident
    --> crates/mantlepkgs-core/src/versions.rs:2039:1
     |
2039 | / fn collect_exact_revision(value: &str, path: &str, diagnostics: &mut Vec<Diagnostic>) {
2040 | |     if !is_lower_hex(value, GIT_REVISION_HEX_CHARS) {
2041 | |         diagnostics.push(Diagnostic::new(
2042 | |             "floating-version-revision",
...    |
2047 | | }
     | |_^
     |
     = help: Tiger Style (Explicit Interfaces): replace same-type parameter clusters with named fields or an options struct Example: fn connect(opts: ConnectOptions) -> ...
     = note: see Tiger Style guide: Explicit Interfaces

error: 2 consecutive `&str` parameters are easy to swap by accident
    --> crates/mantlepkgs-core/src/versions.rs:2049:1
     |
2049 | / fn collect_nar_hash(value: &str, path: &str, diagnostics: &mut Vec<Diagnostic>) {
2050 | |     let payload = value.strip_prefix(NIX_SHA256_PREFIX);
2051 | |     let valid = payload.is_some_and(|digest| {
2052 | |         digest.len() == NIX_SHA256_BASE64_CHARS
...    |
2064 | | }
     | |_^
     |
     = help: Tiger Style (Explicit Interfaces): replace same-type parameter clusters with named fields or an options struct Example: fn connect(opts: ConnectOptions) -> ...
     = note: see Tiger Style guide: Explicit Interfaces

error: boolean binding `valid` should have a predicate prefix
    --> crates/mantlepkgs-core/src/versions.rs:2051:9
     |
2051 |     let valid = payload.is_some_and(|digest| {
     |         ^^^^^
     |
     = help: Tiger Style (Positive Predicates): name booleans as predicates so call sites read like questions Example: let is_ready = status == Ready;
     = note: structured suggestion applicability: MaybeIncorrect
     = note: see Tiger Style guide: Positive Predicates
help: rename binding to `is_valid`
     |
2051 |     let is_valid = payload.is_some_and(|digest| {
     |         +++

error: 4 consecutive `&str` parameters are easy to swap by accident
    --> crates/mantlepkgs-core/src/versions.rs:2066:1
     |
2066 | / fn collect_equal(actual: &str, expected: &str, path: &str, code: &str, diagnostics: &mut Vec<Diagnostic>) {
2067 | |     if actual != expected {
2068 | |         diagnostics.push(Diagnostic::new(code, path, "the value differs from the required binding"));
2069 | |     }
2070 | | }
     | |_^
     |
     = help: Tiger Style (Explicit Interfaces): replace same-type parameter clusters with named fields or an options struct Example: fn connect(opts: ConnectOptions) -> ...
     = note: see Tiger Style guide: Explicit Interfaces

error: function has 6 parameters (limit: 5) — consider an options struct
    --> crates/mantlepkgs-core/src/versions.rs:2072:1
     |
2072 | / fn collect_bounded_count(
2073 | |     count: usize,
2074 | |     named_limit: u32,
2075 | |     hard_limit: u32,
...    |
2083 | | }
     | |_^
     |
     = help: Tiger Style (Simple Interfaces): group many parameters into a named options struct instead of a long positional signature Example: fn connect(opts: ConnectOptions) -> ...
     = note: see Tiger Style guide: Explicit Interfaces
     = note: `-D tigerstyle::too-many-parameters` implied by `-D too-many-parameters`
     = help: to override `-D too-many-parameters` add `#[allow(tigerstyle::too_many_parameters)]`

error: 2 consecutive `u32` parameters are easy to swap by accident
    --> crates/mantlepkgs-core/src/versions.rs:2072:1
     |
2072 | / fn collect_bounded_count(
2073 | |     count: usize,
2074 | |     named_limit: u32,
2075 | |     hard_limit: u32,
...    |
2083 | | }
     | |_^
     |
     = help: Tiger Style (Explicit Interfaces): replace same-type parameter clusters with named fields or an options struct Example: fn connect(opts: ConnectOptions) -> ...
     = note: see Tiger Style guide: Explicit Interfaces

error: 4 consecutive `&str` parameters are easy to swap by accident
    --> crates/mantlepkgs-core/src/versions.rs:2085:1
     |
2085 | / fn require_equal(actual: &str, expected: &str, path: &str, code: &str) -> Result<(), CoreFailure> {
2086 | |     if actual == expected {
2087 | |         Ok(())
2088 | |     } else {
...    |
2091 | | }
     | |_^
     |
     = help: Tiger Style (Explicit Interfaces): replace same-type parameter clusters with named fields or an options struct Example: fn connect(opts: ConnectOptions) -> ...
     = note: see Tiger Style guide: Explicit Interfaces

error: 2 consecutive `&str` parameters are easy to swap by accident
    --> crates/mantlepkgs-core/src/versions.rs:2093:1
     |
2093 | / fn require_text(value: &str, path: &str, max_bytes: u32) -> Result<(), CoreFailure> {
2094 | |     let mut diagnostics = Vec::new();
2095 | |     collect_text(value, path, max_bytes, &mut diagnostics);
2096 | |     if diagnostics.is_empty() {
...    |
2101 | | }
     | |_^
     |
     = help: Tiger Style (Explicit Interfaces): replace same-type parameter clusters with named fields or an options struct Example: fn connect(opts: ConnectOptions) -> ...
     = note: see Tiger Style guide: Explicit Interfaces

error: 2 consecutive `&str` parameters are easy to swap by accident
    --> crates/mantlepkgs-core/src/versions.rs:2103:1
     |
2103 | / fn require_attribute(value: &str, path: &str) -> Result<(), CoreFailure> {
2104 | |     let mut diagnostics = Vec::new();
2105 | |     collect_attribute(value, path, &mut diagnostics);
2106 | |     if diagnostics.is_empty() {
...    |
2111 | | }
     | |_^
     |
     = help: Tiger Style (Explicit Interfaces): replace same-type parameter clusters with named fields or an options struct Example: fn connect(opts: ConnectOptions) -> ...
     = note: see Tiger Style guide: Explicit Interfaces

error: 2 consecutive `&str` parameters are easy to swap by accident
    --> crates/mantlepkgs-core/src/versions.rs:2113:1
     |
2113 | / fn require_selector(value: &str, path: &str, max_bytes: u32) -> Result<(), CoreFailure> {
2114 | |     require_text(value, path, max_bytes)?;
2115 | |     let invalid = value.starts_with('.')
2116 | |         || value.ends_with('.')
...    |
2125 | | }
     | |_^
     |
     = help: Tiger Style (Explicit Interfaces): replace same-type parameter clusters with named fields or an options struct Example: fn connect(opts: ConnectOptions) -> ...
     = note: see Tiger Style guide: Explicit Interfaces

error: boolean binding `invalid` should have a predicate prefix
    --> crates/mantlepkgs-core/src/versions.rs:2115:9
     |
2115 |     let invalid = value.starts_with('.')
     |         ^^^^^^^
     |
     = help: Tiger Style (Positive Predicates): name booleans as predicates so call sites read like questions Example: let is_ready = status == Ready;
     = note: structured suggestion applicability: MaybeIncorrect
     = note: see Tiger Style guide: Positive Predicates
help: rename binding to `is_invalid`
     |
2115 |     let is_invalid = value.starts_with('.')
     |         +++

error: 2 consecutive `&str` parameters are easy to swap by accident
    --> crates/mantlepkgs-core/src/versions.rs:2127:1
     |
2127 | / fn require_blake3(value: &str, path: &str) -> Result<(), CoreFailure> {
2128 | |     if is_blake3(value) {
2129 | |         Ok(())
2130 | |     } else {
...    |
2133 | | }
     | |_^
     |
     = help: Tiger Style (Explicit Interfaces): replace same-type parameter clusters with named fields or an options struct Example: fn connect(opts: ConnectOptions) -> ...
     = note: see Tiger Style guide: Explicit Interfaces

error: 2 consecutive `&str` parameters are easy to swap by accident
    --> crates/mantlepkgs-core/src/versions.rs:2135:1
     |
2135 | / fn require_exact_revision(value: &str, path: &str) -> Result<(), CoreFailure> {
2136 | |     let mut diagnostics = Vec::new();
2137 | |     collect_exact_revision(value, path, &mut diagnostics);
2138 | |     if diagnostics.is_empty() {
...    |
2143 | | }
     | |_^
     |
     = help: Tiger Style (Explicit Interfaces): replace same-type parameter clusters with named fields or an options struct Example: fn connect(opts: ConnectOptions) -> ...
     = note: see Tiger Style guide: Explicit Interfaces

error: 2 consecutive `&str` parameters are easy to swap by accident
    --> crates/mantlepkgs-core/src/versions.rs:2145:1
     |
2145 | / fn require_nar_hash(value: &str, path: &str) -> Result<(), CoreFailure> {
2146 | |     let mut diagnostics = Vec::new();
2147 | |     collect_nar_hash(value, path, &mut diagnostics);
2148 | |     if diagnostics.is_empty() {
...    |
2153 | | }
     | |_^
     |
     = help: Tiger Style (Explicit Interfaces): replace same-type parameter clusters with named fields or an options struct Example: fn connect(opts: ConnectOptions) -> ...
     = note: see Tiger Style guide: Explicit Interfaces

error: 2 consecutive `u32` parameters are easy to swap by accident
    --> crates/mantlepkgs-core/src/versions.rs:2155:1
     |
2155 | / fn require_bounded_count(
2156 | |     count: usize,
2157 | |     named_limit: u32,
2158 | |     hard_limit: u32,
...    |
2167 | | }
     | |_^
     |
     = help: Tiger Style (Explicit Interfaces): replace same-type parameter clusters with named fields or an options struct Example: fn connect(opts: ConnectOptions) -> ...
     = note: see Tiger Style guide: Explicit Interfaces

error: 4 consecutive `&str` parameters are easy to swap by accident
    --> crates/mantlepkgs-core/src/versions.rs:2169:1
     |
2169 | / fn reject_stale_identity(supplied: &str, expected: &str, path: &str, code: &str) -> Result<(), CoreFailure> {
2170 | |     if supplied.is_empty() || supplied == expected {
2171 | |         Ok(())
2172 | |     } else {
...    |
2175 | | }
     | |_^
     |
     = help: Tiger Style (Explicit Interfaces): replace same-type parameter clusters with named fields or an options struct Example: fn connect(opts: ConnectOptions) -> ...
     = note: see Tiger Style guide: Explicit Interfaces

error: 2 consecutive `usize` parameters are easy to swap by accident
    --> crates/mantlepkgs-core/src/versions.rs:2187:1
     |
2187 | / fn bounded_product(left: usize, right: usize, named_limit: u32, code: &str) -> Result<usize, CoreFailure> {
2188 | |     let product = left
2189 | |         .checked_mul(right)
2190 | |         .ok_or_else(|| failure(code, "observations", "the observation count overflowed"))?;
...    |
2194 | |     Ok(product)
2195 | | }
     | |_^
     |
     = help: Tiger Style (Explicit Interfaces): replace same-type parameter clusters with named fields or an options struct Example: fn connect(opts: ConnectOptions) -> ...
     = note: see Tiger Style guide: Explicit Interfaces

error: 3 consecutive `&str` parameters are easy to swap by accident
    --> crates/mantlepkgs-core/src/versions.rs:2209:1
     |
2209 | / fn failure(code: &str, path: &str, message: &str) -> CoreFailure {
2210 | |     CoreFailure::from_diagnostic(Diagnostic::new(code, path, message))
2211 | | }
     | |_^
     |
     = help: Tiger Style (Explicit Interfaces): replace same-type parameter clusters with named fields or an options struct Example: fn connect(opts: ConnectOptions) -> ...
     = note: see Tiger Style guide: Explicit Interfaces

error: could not compile `mantlepkgs-core` (lib) due to 32 previous errors
warning: build failed, waiting for other jobs to finish...
error: collection grows in loop without a prior reservation or explicit local bound
   --> crates/crunch-release-core/src/chapter_transport.rs:258:13
    |
258 | /             blockers.push(blocker(
259 | |                 ChapterTransportBlockerKind::ReservedIndexCollision,
260 | |                 Some(entry.relative_path.clone()),
261 | |                 "release tree contains the reserved chapter transport index path",
262 | |             ));
    | |______________^
    |
    = help: Tiger Style (Bounded Resource Growth): reserve collection capacity or add an explicit local length bound before growing it in a loop Example: let mut items = Vec::with_capacity(limit);
    = note: see Tiger Style guide: Bounded Resource Growth
    = note: `-D tigerstyle::unbounded-collection-growth` implied by `-D unbounded-collection-growth`
    = help: to override `-D unbounded-collection-growth` add `#[allow(tigerstyle::unbounded_collection_growth)]`

error: boolean binding `shape_is_valid` should have a predicate prefix
   --> crates/crunch-release-core/src/chapter_transport.rs:307:9
    |
307 |     let shape_is_valid = match entry.kind {
    |         ^^^^^^^^^^^^^^
    |
    = help: Tiger Style (Positive Predicates): name booleans as predicates so call sites read like questions Example: let is_ready = status == Ready;
    = note: structured suggestion applicability: MaybeIncorrect
    = note: see Tiger Style guide: Positive Predicates
    = note: `-D tigerstyle::bool-naming` implied by `-D bool-naming`
    = help: to override `-D bool-naming` add `#[allow(tigerstyle::bool_naming)]`
help: rename binding to `is_shape_is_valid`
    |
307 |     let is_shape_is_valid = match entry.kind {
    |         +++

error: collection grows in loop without a prior reservation or explicit local bound
   --> crates/crunch-store/src/capability.rs:761:13
    |
761 |             observations.push(crate::layer::LayerShadowObservation { layer, status });
    |             ^^^^^^^^^^^^^^^^^^^^^^^^^^^^^^^^^^^^^^^^^^^^^^^^^^^^^^^^^^^^^^^^^^^^^^^^^
    |
    = help: Tiger Style (Bounded Resource Growth): reserve collection capacity or add an explicit local length bound before growing it in a loop Example: let mut items = Vec::with_capacity(limit);
    = note: see Tiger Style guide: Bounded Resource Growth
    = note: `-D tigerstyle::unbounded-collection-growth` implied by `-D unbounded-collection-growth`
    = help: to override `-D unbounded-collection-growth` add `#[allow(tigerstyle::unbounded_collection_growth)]`

error: `usize` in public API — use `u32` or `u64` for cross-platform consistency
   --> crates/crunch-store/src/capability.rs:865:5
    |
865 | /     pub async fn store_list_pathinfos_bounded(&self, max_entries: usize) -> Result<Vec<PathInfo>, Error> {
866 | |         self.handle.store_list_pathinfos_bounded(max_entries).await
867 | |     }
    | |_____^
    |
    = help: Tiger Style (Cross-Platform APIs): use fixed-width integers at API boundaries instead of `usize` or `isize` Example: pub fn get(index: u32) -> Option<&Item>
    = note: see Tiger Style guide: Explicit Types
    = note: `-D tigerstyle::usize-in-public-api` implied by `-D usize-in-public-api`
    = help: to override `-D usize-in-public-api` add `#[allow(tigerstyle::usize_in_public_api)]`

error: `usize` in public API — use `u32` or `u64` for cross-platform consistency
   --> crates/crunch-store/src/capability.rs:870:5
    |
870 | /     pub async fn list_pathinfos_bounded(&self, max_entries: usize) -> Result<Vec<PathInfo>, Error> {
871 | |         self.handle.store_list_pathinfos_bounded(max_entries).await
872 | |     }
    | |_____^
    |
    = help: Tiger Style (Cross-Platform APIs): use fixed-width integers at API boundaries instead of `usize` or `isize` Example: pub fn get(index: u32) -> Option<&Item>
    = note: see Tiger Style guide: Explicit Types

error: collection grows in loop without a prior reservation or explicit local bound
   --> crates/crunch-store/src/composition.rs:143:9
    |
143 |         directories.insert(digest, directory);
    |         ^^^^^^^^^^^^^^^^^^^^^^^^^^^^^^^^^^^^^
    |
    = help: Tiger Style (Bounded Resource Growth): reserve collection capacity or add an explicit local length bound before growing it in a loop Example: let mut items = Vec::with_capacity(limit);
    = note: see Tiger Style guide: Bounded Resource Growth

error: 2 consecutive `u32` parameters are easy to swap by accident
   --> crates/crunch-store/src/composition.rs:153:1
    |
153 | / fn snapshot_from_castore(
154 | |     node: &Node,
155 | |     directories: &HashMap<B3Digest, Directory>,
156 | |     depth: u32,
...   |
195 | | }
    | |_^
    |
    = help: Tiger Style (Explicit Interfaces): replace same-type parameter clusters with named fields or an options struct Example: fn connect(opts: ConnectOptions) -> ...
    = note: see Tiger Style guide: Explicit Interfaces
    = note: `-D tigerstyle::ambiguous-params` implied by `-D ambiguous-params`
    = help: to override `-D ambiguous-params` add `#[allow(tigerstyle::ambiguous_params)]`

error: function calls itself recursively
   --> crates/crunch-store/src/composition.rs:189:27
    |
189 |                     node: snapshot_from_castore(child, directories, child_depth, max_depth)?,
    |                           ^^^^^^^^^^^^^^^^^^^^^^^^^^^^^^^^^^^^^^^^^^^^^^^^^^^^^^^^^^^^^^^^^
    |
    = help: Tiger Style (Simple Control Flow): prefer explicit iteration or work queues over self-recursive control flow Example: while let Some(item) = stack.pop() { ... }
    = note: see Tiger Style guide: Simple Control Flow
    = note: `-D tigerstyle::no-recursion` implied by `-D no-recursion`
    = help: to override `-D no-recursion` add `#[allow(tigerstyle::no_recursion)]`

error: collection grows in loop without a prior reservation or explicit local bound
   --> crates/crunch-store/src/gc.rs:648:9
    |
648 |         queue.push(path_id);
    |         ^^^^^^^^^^^^^^^^^^^
    |
    = help: Tiger Style (Bounded Resource Growth): reserve collection capacity or add an explicit local length bound before growing it in a loop Example: let mut items = Vec::with_capacity(limit);
    = note: see Tiger Style guide: Bounded Resource Growth

error: collection grows in loop without a prior reservation or explicit local bound
   --> crates/crunch-store/src/gc.rs:690:13
    |
690 | /             ownership.insert(path_id.clone(), GcOwnership::Base {
691 | |                 layer_index: read.layer_index,
692 | |             });
    | |______________^
    |
    = help: Tiger Style (Bounded Resource Growth): reserve collection capacity or add an explicit local length bound before growing it in a loop Example: let mut items = Vec::with_capacity(limit);
    = note: see Tiger Style guide: Bounded Resource Growth

error: collection grows in loop without a prior reservation or explicit local bound
   --> crates/crunch-store/src/gc.rs:698:9
    |
698 |         queue.extend(path_info.references.iter().map(|reference| reference.to_absolute_path_with_prefix(store_dir)));
    |         ^^^^^^^^^^^^^^^^^^^^^^^^^^^^^^^^^^^^^^^^^^^^^^^^^^^^^^^^^^^^^^^^^^^^^^^^^^^^^^^^^^^^^^^^^^^^^^^^^^^^^^^^^^^^
    |
    = help: Tiger Style (Bounded Resource Growth): reserve collection capacity or add an explicit local length bound before growing it in a loop Example: let mut items = Vec::with_capacity(limit);
    = note: see Tiger Style guide: Bounded Resource Growth

error: collection grows in loop without a prior reservation or explicit local bound
    --> crates/crunch-store/src/gc.rs:1256:13
     |
1256 |             failures.push(error.to_string());
     |             ^^^^^^^^^^^^^^^^^^^^^^^^^^^^^^^^
     |
     = help: Tiger Style (Bounded Resource Growth): reserve collection capacity or add an explicit local length bound before growing it in a loop Example: let mut items = Vec::with_capacity(limit);
     = note: see Tiger Style guide: Bounded Resource Growth

error: collection grows in loop without a prior reservation or explicit local bound
    --> crates/crunch-store/src/gc.rs:1272:27
     |
1272 |             Err(error) => failures.push(format!("removing {}: {error}", path.display())),
     |                           ^^^^^^^^^^^^^^^^^^^^^^^^^^^^^^^^^^^^^^^^^^^^^^^^^^^^^^^^^^^^^^
     |
     = help: Tiger Style (Bounded Resource Growth): reserve collection capacity or add an explicit local length bound before growing it in a loop Example: let mut items = Vec::with_capacity(limit);
     = note: see Tiger Style guide: Bounded Resource Growth

error: collection grows in loop without a prior reservation or explicit local bound
    --> crates/crunch-store/src/handle.rs:1136:13
     |
1136 |             observations.push(crate::layer::LayerShadowObservation { layer, status });
     |             ^^^^^^^^^^^^^^^^^^^^^^^^^^^^^^^^^^^^^^^^^^^^^^^^^^^^^^^^^^^^^^^^^^^^^^^^^
     |
     = help: Tiger Style (Bounded Resource Growth): reserve collection capacity or add an explicit local length bound before growing it in a loop Example: let mut items = Vec::with_capacity(limit);
     = note: see Tiger Style guide: Bounded Resource Growth

error: loop without visible iteration bound
    --> crates/crunch-store/src/handle.rs:1165:9
     |
1165 | /         while let Some(read) = stream.next().await {
1166 | |             let read = read.map_err(|error| Error::Store(format!("listing composed PathInfos: {error}")))?;
1167 | |             if self.overlay_state.is_some() && read.layer_index == 0 {
1168 | |                 let trusted_keys = crate::overlay::load_layer_trust_keys(&self.state_dir)?;
...    |
1177 | |             pathinfos.push(layered);
1178 | |         }
     | |_________^
     |
     = help: Tiger Style (Bounded Control Flow): bound long-running loops with an exit condition, timeout, or bounded input Example: while let Some(msg) = rx.recv().await { ... }
     = note: see Tiger Style guide: Bounded Control Flow
     = note: `-D tigerstyle::unbounded-loop` implied by `-D unbounded-loop`
     = help: to override `-D unbounded-loop` add `#[allow(tigerstyle::unbounded_loop)]`

error: collection grows in loop without a prior reservation or explicit local bound
    --> crates/crunch-store/src/handle.rs:1177:13
     |
1177 |             pathinfos.push(layered);
     |             ^^^^^^^^^^^^^^^^^^^^^^^
     |
     = help: Tiger Style (Bounded Resource Growth): reserve collection capacity or add an explicit local length bound before growing it in a loop Example: let mut items = Vec::with_capacity(limit);
     = note: see Tiger Style guide: Bounded Resource Growth

error: `usize` in public API — use `u32` or `u64` for cross-platform consistency
    --> crates/crunch-store/src/handle.rs:1378:5
     |
1378 | /     pub async fn store_list_pathinfos_bounded(&self, max_entries: usize) -> Result<Vec<PathInfo>, Error> {
1379 | |         use futures::StreamExt;
1380 | |         use snix_store::pathinfoservice::PathInfoService;
...    |
1395 | |         Err(Error::Store(format!("pathinfo scan exceeds {max_entries} entries")))
1396 | |     }
     | |_____^
     |
     = help: Tiger Style (Cross-Platform APIs): use fixed-width integers at API boundaries instead of `usize` or `isize` Example: pub fn get(index: u32) -> Option<&Item>
     = note: see Tiger Style guide: Explicit Types

error: collection grows in loop without a prior reservation or explicit local bound
    --> crates/crunch-store/src/handle.rs:1390:13
     |
1390 |             results.push(path_info);
     |             ^^^^^^^^^^^^^^^^^^^^^^^
     |
     = help: Tiger Style (Bounded Resource Growth): reserve collection capacity or add an explicit local length bound before growing it in a loop Example: let mut items = Vec::with_capacity(limit);
     = note: see Tiger Style guide: Bounded Resource Growth

error: could not compile `crunch-release-core` (lib) due to 10 previous errors
error: implicit default on external type — construct with explicit values
    --> crates/crunch-store/src/handle.rs:2878:45
     |
2878 |         let preview_blob_service = Arc::new(MemoryBlobService::default()) as Arc<dyn BlobService>;
     |                                             ^^^^^^^^^^^^^^^^^^^^^^^^^^^^
     |
     = help: Tiger Style (Explicit Defaults): construct foreign-crate values explicitly instead of relying on `Default` Example: let client = reqwest::ClientBuilder::new();
     = note: see Tiger Style guide: Explicit Defaults
     = note: `-D tigerstyle::explicit-defaults` implied by `-D explicit-defaults`
     = help: to override `-D explicit-defaults` add `#[allow(tigerstyle::explicit_defaults)]`

error: implicit default on external type — construct with explicit values
    --> crates/crunch-store/src/handle.rs:2882:17
     |
2882 |                 RedbDirectoryServiceConfig::default(),
     |                 ^^^^^^^^^^^^^^^^^^^^^^^^^^^^^^^^^^^^^
     |
     = help: Tiger Style (Explicit Defaults): construct foreign-crate values explicitly instead of relying on `Default` Example: let client = reqwest::ClientBuilder::new();
     = note: see Tiger Style guide: Explicit Defaults

error: `.expect()` in production code will panic on failure
    --> crates/crunch-store/src/handle.rs:3071:17
     |
3071 |                 u32::try_from(publisher_index).expect("publisher index fits u32"),
     |                 ^^^^^^^^^^^^^^^^^^^^^^^^^^^^^^^^^^^^^^^^^^^^^^^^^^^^^^^^^^^^^^^^^
     |
     = help: Tiger Style (Error Handling): propagate or handle absence explicitly instead of panicking with `unwrap` or `expect` Example: let value = maybe?;
     = note: see Tiger Style guide: Error Handling
     = note: `-D tigerstyle::no-unwrap` implied by `-D no-unwrap`
     = help: to override `-D no-unwrap` add `#[allow(tigerstyle::no_unwrap)]`

error: boolean binding `preserve_existing` should have a predicate prefix
    --> crates/crunch-store/src/handle.rs:3089:13
     |
3089 |         let preserve_existing = match provenance {
     |             ^^^^^^^^^^^^^^^^^
     |
     = help: Tiger Style (Positive Predicates): name booleans as predicates so call sites read like questions Example: let is_ready = status == Ready;
     = note: structured suggestion applicability: MaybeIncorrect
     = note: see Tiger Style guide: Positive Predicates
     = note: `-D tigerstyle::bool-naming` implied by `-D bool-naming`
     = help: to override `-D bool-naming` add `#[allow(tigerstyle::bool_naming)]`
help: rename binding to `is_preserve_existing`
     |
3089 |         let is_preserve_existing = match provenance {
     |             +++

error: collection grows in loop without a prior reservation or explicit local bound
    --> crates/crunch-store/src/handle.rs:3245:13
     |
3245 |             selected_layers.insert(path.to_absolute_path_with_prefix(&self.store_dir), layer);
     |             ^^^^^^^^^^^^^^^^^^^^^^^^^^^^^^^^^^^^^^^^^^^^^^^^^^^^^^^^^^^^^^^^^^^^^^^^^^^^^^^^^
     |
     = help: Tiger Style (Bounded Resource Growth): reserve collection capacity or add an explicit local length bound before growing it in a loop Example: let mut items = Vec::with_capacity(limit);
     = note: see Tiger Style guide: Bounded Resource Growth

error: function has 6 parameters (limit: 5) — consider an options struct
    --> crates/crunch-store/src/handle.rs:3433:1
     |
3433 | / fn signed_adoption_path_info(
3434 | |     store_path: StorePath<String>,
3435 | |     node: Node,
3436 | |     nar_size: u64,
...    |
3455 | |     path_info
3456 | | }
     | |_^
     |
     = help: Tiger Style (Simple Interfaces): group many parameters into a named options struct instead of a long positional signature Example: fn connect(opts: ConnectOptions) -> ...
     = note: see Tiger Style guide: Explicit Interfaces
     = note: `-D tigerstyle::too-many-parameters` implied by `-D too-many-parameters`
     = help: to override `-D too-many-parameters` add `#[allow(tigerstyle::too_many_parameters)]`

error: `.expect()` in production code will panic on failure
   --> crates/crunch-store/src/http_closure.rs:216:23
    |
216 |         let pending = self.pending_by_digest.get(&digest).expect("pending order and pending map must stay aligned");
    |                       ^^^^^^^^^^^^^^^^^^^^^^^^^^^^^^^^^^^^^^^^^^^^^^^^^^^^^^^^^^^^^^^^^^^^^^^^^^^^^^^^^^^^^^^^^^^^^
    |
    = help: Tiger Style (Error Handling): propagate or handle absence explicitly instead of panicking with `unwrap` or `expect` Example: let value = maybe?;
    = note: see Tiger Style guide: Error Handling

error: `.expect()` in production code will panic on failure
   --> crates/crunch-store/src/http_closure.rs:271:23
    |
271 |           let pending = self
    |  _______________________^
272 | |             .pending_by_digest
273 | |             .remove(&requested_digest)
274 | |             .expect("active request must remain in the pending map");
    | |____________________________________________________________________^
    |
    = help: Tiger Style (Error Handling): propagate or handle absence explicitly instead of panicking with `unwrap` or `expect` Example: let value = maybe?;
    = note: see Tiger Style guide: Error Handling

error: unprotected unsigned addition may overflow
   --> crates/crunch-store/src/http_closure.rs:287:47
    |
287 |         debug_assert_eq!(self.member_count(), self.pending_by_digest.len() + self.observed_by_digest.len());
    |                                               ^^^^^^^^^^^^^^^^^^^^^^^^^^^^^^^^^^^^^^^^^^^^^^^^^^^^^^^^^^^^
    |
    = help: Tiger Style (Overflow Protection): use checked or saturating arithmetic when overflow would change behavior Example: let total = a.checked_add(b)?;
    = note: structured suggestion applicability: MaybeIncorrect
    = note: see Tiger Style guide: Overflow Protection
    = note: `-D tigerstyle::raw-arithmetic-overflow` implied by `-D raw-arithmetic-overflow`
    = help: to override `-D raw-arithmetic-overflow` add `#[allow(tigerstyle::raw_arithmetic_overflow)]`
help: replace with saturating addition
    |
287 -         debug_assert_eq!(self.member_count(), self.pending_by_digest.len() + self.observed_by_digest.len());
287 +         debug_assert_eq!(self.member_count(), (self.pending_by_digest.len()).saturating_add(self.observed_by_digest.len()));
    |

error: extreme sentinel fallback masks absence or failure
   --> crates/crunch-store/src/http_closure.rs:294:33
    |
294 |             let pending_count = u32::try_from(self.pending_by_digest.len()).unwrap_or(u32::MAX);
    |                                 ^^^^^^^^^^^^^^^^^^^^^^^^^^^^^^^^^^^^^^^^^^^^^^^^^^^^^^^^^^^^^^^
    |
    = help: Tiger Style (safety): branch explicitly, propagate the missing/error state, or emit tagged fallback text instead of <int>::MAX/<int>::MIN. Example: match u64::try_from(command_index) { Ok(i) => format!("recent_{i}"), Err(_) => "recent_missing_index".to_string() }
    = note: see Tiger Style guide: make invalid state explicit
    = note: `-D tigerstyle::sentinel-fallback` implied by `-D sentinel-fallback`
    = help: to override `-D sentinel-fallback` add `#[allow(tigerstyle::sentinel_fallback)]`

error: `.expect()` in production code will panic on failure
   --> crates/crunch-store/src/http_closure.rs:298:27
    |
298 |         let root_member = self.observed_by_digest.get(&root_digest).expect("complete plan must contain its root");
    |                           ^^^^^^^^^^^^^^^^^^^^^^^^^^^^^^^^^^^^^^^^^^^^^^^^^^^^^^^^^^^^^^^^^^^^^^^^^^^^^^^^^^^^^^^
    |
    = help: Tiger Style (Error Handling): propagate or handle absence explicitly instead of panicking with `unwrap` or `expect` Example: let value = maybe?;
    = note: see Tiger Style guide: Error Handling

error: `as usize` from `u32` is platform-dependent
   --> crates/crunch-store/src/http_closure.rs:354:46
    |
354 |         debug_assert!(self.member_count() <= self.limits.max_members as usize);
    |                                              ^^^^^^^^^^^^^^^^^^^^^^^^^^^^^^^^
    |
    = help: Tiger Style (Explicit Types): use explicit-width types at boundaries instead of `usize` or `isize` conversions Example: let len: u32 = value.try_into()?;
    = note: structured suggestion applicability: MaybeIncorrect
    = note: see Tiger Style guide: Explicit Types
    = note: `-D tigerstyle::platform-dependent-cast` implied by `-D platform-dependent-cast`
    = help: to override `-D platform-dependent-cast` add `#[allow(tigerstyle::platform_dependent_cast)]`
help: replace with `usize::try_from(...)`
    |
354 -         debug_assert!(self.member_count() <= self.limits.max_members as usize);
354 +         debug_assert!(self.member_count() <= usize::try_from(self.limits.max_members)?);
    |

error: `as usize` from `u32` is platform-dependent
   --> crates/crunch-store/src/http_closure.rs:363:25
    |
363 |         if next_count > self.limits.max_members as usize {
    |                         ^^^^^^^^^^^^^^^^^^^^^^^^^^^^^^^^
    |
    = help: Tiger Style (Explicit Types): use explicit-width types at boundaries instead of `usize` or `isize` conversions Example: let len: u32 = value.try_into()?;
    = note: structured suggestion applicability: MaybeIncorrect
    = note: see Tiger Style guide: Explicit Types
help: replace with `usize::try_from(...)`
    |
363 -         if next_count > self.limits.max_members as usize {
363 +         if next_count > usize::try_from(self.limits.max_members)? {
    |

error: 2 consecutive `&str` parameters are easy to swap by accident
   --> crates/crunch-store/src/http_closure.rs:388:1
    |
388 | / fn validate_identity_field(value: &str, field: &'static str) -> Result<(), HttpClosurePlanError> {
389 | |     if value.is_empty() {
390 | |         return Err(HttpClosurePlanError::InvalidIdentity { field });
...   |
394 | |     Ok(())
395 | | }
    | |_^
    |
    = help: Tiger Style (Explicit Interfaces): replace same-type parameter clusters with named fields or an options struct Example: fn connect(opts: ConnectOptions) -> ...
    = note: see Tiger Style guide: Explicit Interfaces

error: `usize` in public API — use `u32` or `u64` for cross-platform consistency
  --> crates/crunch-store/src/layer.rs:27:5
   |
27 | /     pub fn from_service_index(index: usize) -> Result<Self, LayerIndexError> {
28 | |         if index == 0 {
29 | |             return Ok(Self::Overlay);
...  |
32 | |     }
   | |_____^
   |
   = help: Tiger Style (Cross-Platform APIs): use fixed-width integers at API boundaries instead of `usize` or `isize` Example: pub fn get(index: u32) -> Option<&Item>
   = note: see Tiger Style guide: Explicit Types

error: `usize` in public API — use `u32` or `u64` for cross-platform consistency
  --> crates/crunch-store/src/layer.rs:35:5
   |
35 | /     pub const fn service_index(self) -> usize {
36 | |         match self {
37 | |             Self::Overlay => 0,
38 | |             Self::Base { index } => index,
39 | |         }
40 | |     }
   | |_____^
   |
   = help: Tiger Style (Cross-Platform APIs): use fixed-width integers at API boundaries instead of `usize` or `isize` Example: pub fn get(index: u32) -> Option<&Item>
   = note: see Tiger Style guide: Explicit Types

error: `usize` in public API — use `u32` or `u64` for cross-platform consistency
   --> crates/crunch-store/src/layer.rs:130:5
    |
130 | /     pub fn from_service_index(value: T, index: usize) -> Result<Self, LayerIndexError> {
131 | |         Ok(Self {
132 | |             value,
133 | |             layer: StoreLayer::from_service_index(index)?,
134 | |             shadows: Vec::new(),
135 | |         })
136 | |     }
    | |_____^
    |
    = help: Tiger Style (Cross-Platform APIs): use fixed-width integers at API boundaries instead of `usize` or `isize` Example: pub fn get(index: u32) -> Option<&Item>
    = note: see Tiger Style guide: Explicit Types

error: `usize` in public API — use `u32` or `u64` for cross-platform consistency
   --> crates/crunch-store/src/nario.rs:277:1
    |
277 | / pub fn validate_nario_record_state(
278 | |     marker: u64,
279 | |     record_index: usize,
280 | |     seen_paths: &BTreeSet<String>,
...   |
300 | | }
    | |_^
    |
    = help: Tiger Style (Cross-Platform APIs): use fixed-width integers at API boundaries instead of `usize` or `isize` Example: pub fn get(index: u32) -> Option<&Item>
    = note: see Tiger Style guide: Explicit Types

error: 2 consecutive `u64` parameters are easy to swap by accident
   --> crates/crunch-store/src/nario.rs:334:1
    |
334 | / fn checked_total(current: u64, next: u64, limits: &NarioV2Limits) -> Result<u64, Error> {
335 | |     let total = current.checked_add(next).ok_or_else(|| nario_error("nario-v2-total-size-overflow"))?;
336 | |     if total > limits.total_nar_bytes_max {
337 | |         return Err(nario_error(format!("nario-v2-total-limit: {total} exceeds {}", limits.total_nar_bytes_max)));
338 | |     }
339 | |     Ok(total)
340 | | }
    | |_^
    |
    = help: Tiger Style (Explicit Interfaces): replace same-type parameter clusters with named fields or an options struct Example: fn connect(opts: ConnectOptions) -> ...
    = note: see Tiger Style guide: Explicit Interfaces

error: collection grows in loop without a prior reservation or explicit local bound
   --> crates/crunch-store/src/nario.rs:383:9
    |
383 |         paths.push(listed_from_metadata(&metadata));
    |         ^^^^^^^^^^^^^^^^^^^^^^^^^^^^^^^^^^^^^^^^^^^
    |
    = help: Tiger Style (Bounded Resource Growth): reserve collection capacity or add an explicit local length bound before growing it in a loop Example: let mut items = Vec::with_capacity(limit);
    = note: see Tiger Style guide: Bounded Resource Growth

error: collection grows in loop without a prior reservation or explicit local bound
   --> crates/crunch-store/src/nario.rs:479:13
    |
479 | /             staged.push(StagedRecord {
480 | |                 listed,
481 | |                 path_info: None,
482 | |                 present: true,
483 | |             });
    | |______________^
    |
    = help: Tiger Style (Bounded Resource Growth): reserve collection capacity or add an explicit local length bound before growing it in a loop Example: let mut items = Vec::with_capacity(limit);
    = note: see Tiger Style guide: Bounded Resource Growth

error: boolean binding `ultimate` should have a predicate prefix
   --> crates/crunch-store/src/nario.rs:551:9
    |
551 |     let ultimate = match ultimate_raw {
    |         ^^^^^^^^
    |
    = help: Tiger Style (Positive Predicates): name booleans as predicates so call sites read like questions Example: let is_ready = status == Ready;
    = note: structured suggestion applicability: MaybeIncorrect
    = note: see Tiger Style guide: Positive Predicates
help: rename binding to `is_ultimate`
    |
551 |     let is_ultimate = match ultimate_raw {
    |         +++

error: boolean binding `trusted` should have a predicate prefix
   --> crates/crunch-store/src/nario.rs:636:9
    |
636 |     let trusted = metadata.signatures.iter().any(|signature| {
    |         ^^^^^^^
    |
    = help: Tiger Style (Positive Predicates): name booleans as predicates so call sites read like questions Example: let is_ready = status == Ready;
    = note: structured suggestion applicability: MaybeIncorrect
    = note: see Tiger Style guide: Positive Predicates
help: rename binding to `is_trusted`
    |
636 |     let is_trusted = metadata.signatures.iter().any(|signature| {
    |         +++

error: loop without visible iteration bound
   --> crates/crunch-store/src/nario.rs:732:5
    |
732 | /     loop {
733 | |         let count = limited.read(&mut buffer).await.map_err(read_error("nario-v2-nar-read"))?;
734 | |         if count == 0 {
735 | |             break;
...   |
738 | |         read_total = read_total.saturating_add(count as u64);
739 | |     }
    | |_____^
    |
    = help: Tiger Style (Bounded Control Flow): bound long-running loops with an exit condition, timeout, or bounded input Example: while let Some(msg) = rx.recv().await { ... }
    = note: see Tiger Style guide: Bounded Control Flow

error: boolean binding `valid` should have a predicate prefix
   --> crates/crunch-store/src/overlay.rs:380:9
    |
380 |     let valid = policy.schema == STORE_OVERLAY_POLICY_SCHEMA
    |         ^^^^^
    |
    = help: Tiger Style (Positive Predicates): name booleans as predicates so call sites read like questions Example: let is_ready = status == Ready;
    = note: structured suggestion applicability: MaybeIncorrect
    = note: see Tiger Style guide: Positive Predicates
help: rename binding to `is_valid`
    |
380 |     let is_valid = policy.schema == STORE_OVERLAY_POLICY_SCHEMA
    |         +++

error: loop without visible iteration bound
   --> crates/crunch-store/src/overlay.rs:589:5
    |
589 | /     loop {
590 | |         let read_count = file
591 | |             .read(&mut buffer)
592 | |             .map_err(|error| Error::Store(format!("reading overlay generation member {}: {error}", path.display())))?;
...   |
602 | |         hasher.update(&buffer[..read_count]);
603 | |     }
    | |_____^
    |
    = help: Tiger Style (Bounded Control Flow): bound long-running loops with an exit condition, timeout, or bounded input Example: while let Some(msg) = rx.recv().await { ... }
    = note: see Tiger Style guide: Bounded Control Flow

error: unprotected unsigned addition may overflow
  --> crates/crunch-store/src/provenance.rs:41:30
   |
41 | const TAR_USTAR_END: usize = TAR_USTAR_OFFSET + TAR_USTAR_MAGIC.len();
   |                              ^^^^^^^^^^^^^^^^^^^^^^^^^^^^^^^^^^^^^^^^
   |
   = help: Tiger Style (Overflow Protection): use checked or saturating arithmetic when overflow would change behavior Example: let total = a.checked_add(b)?;
   = note: structured suggestion applicability: MaybeIncorrect
   = note: see Tiger Style guide: Overflow Protection
help: replace with saturating addition
   |
41 - const TAR_USTAR_END: usize = TAR_USTAR_OFFSET + TAR_USTAR_MAGIC.len();
41 + const TAR_USTAR_END: usize = (TAR_USTAR_OFFSET).saturating_add(TAR_USTAR_MAGIC.len());
   |

error: extreme sentinel fallback masks absence or failure
   --> crates/crunch-store/src/provenance.rs:252:28
    |
252 |         let max_findings = usize::try_from(policy.max_findings).unwrap_or(usize::MAX);
    |                            ^^^^^^^^^^^^^^^^^^^^^^^^^^^^^^^^^^^^^^^^^^^^^^^^^^^^^^^^^^
    |
    = help: Tiger Style (safety): branch explicitly, propagate the missing/error state, or emit tagged fallback text instead of <int>::MAX/<int>::MIN. Example: match u64::try_from(command_index) { Ok(i) => format!("recent_{i}"), Err(_) => "recent_missing_index".to_string() }
    = note: see Tiger Style guide: make invalid state explicit

error: boolean binding `traversal_complete` should have a predicate prefix
   --> crates/crunch-store/src/provenance.rs:367:9
    |
367 |     let traversal_complete =
    |         ^^^^^^^^^^^^^^^^^^
    |
    = help: Tiger Style (Positive Predicates): name booleans as predicates so call sites read like questions Example: let is_ready = status == Ready;
    = note: structured suggestion applicability: MaybeIncorrect
    = note: see Tiger Style guide: Positive Predicates
help: rename binding to `is_traversal_complete`
    |
367 |     let is_traversal_complete =
    |         +++

error: collection grows in loop without a prior reservation or explicit local bound
   --> crates/crunch-store/src/provenance.rs:477:9
    |
477 | /         observations.push(ProvenancePathInfoObservation {
478 | |             logical_path: logical_path.clone(),
479 | |             nar_sha256: observed_nar_sha256,
480 | |             nar_size: path_info.nar_size,
481 | |             node_identity: node_identity(&path_info.node),
482 | |             references,
483 | |         });
    | |__________^
    |
    = help: Tiger Style (Bounded Resource Growth): reserve collection capacity or add an explicit local length bound before growing it in a loop Example: let mut items = Vec::with_capacity(limit);
    = note: see Tiger Style guide: Bounded Resource Growth

error: collection grows in loop without a prior reservation or explicit local bound
   --> crates/crunch-store/src/provenance.rs:484:9
    |
484 | /         loaded_path_infos.push(LoadedPathInfo {
485 | |             logical_path,
486 | |             path_info,
487 | |         });
    | |__________^
    |
    = help: Tiger Style (Bounded Resource Growth): reserve collection capacity or add an explicit local length bound before growing it in a loop Example: let mut items = Vec::with_capacity(limit);
    = note: see Tiger Style guide: Bounded Resource Growth

error: extreme sentinel fallback masks absence or failure
   --> crates/crunch-store/src/provenance.rs:391:25
    |
391 |         if seen.len() > usize::try_from(request.policy.max_path_infos).unwrap_or(usize::MAX) {
    |                         ^^^^^^^^^^^^^^^^^^^^^^^^^^^^^^^^^^^^^^^^^^^^^^^^^^^^^^^^^^^^^^^^^^^^
    |
    = help: Tiger Style (safety): branch explicitly, propagate the missing/error state, or emit tagged fallback text instead of <int>::MAX/<int>::MIN. Example: match u64::try_from(command_index) { Ok(i) => format!("recent_{i}"), Err(_) => "recent_missing_index".to_string() }
    = note: see Tiger Style guide: make invalid state explicit

error: collection grows in loop without a prior reservation or explicit local bound
   --> crates/crunch-store/src/provenance.rs:579:21
    |
579 | /                     children.push(WorkItem {
580 | |                         owner_store_path: item.owner_store_path.clone(),
581 | |                         logical_path: child_path,
582 | |                         node: child.clone(),
583 | |                         depth: item.depth.saturating_add(1),
584 | |                     });
    | |______________________^
    |
    = help: Tiger Style (Bounded Resource Growth): reserve collection capacity or add an explicit local length bound before growing it in a loop Example: let mut items = Vec::with_capacity(limit);
    = note: see Tiger Style guide: Bounded Resource Growth

error: extreme sentinel fallback masks absence or failure
   --> crates/crunch-store/src/provenance.rs:575:43
    |
575 |                     if child_path.len() > usize::try_from(policy.max_path_bytes).unwrap_or(usize::MAX) {
    |                                           ^^^^^^^^^^^^^^^^^^^^^^^^^^^^^^^^^^^^^^^^^^^^^^^^^^^^^^^^^^^^
    |
    = help: Tiger Style (safety): branch explicitly, propagate the missing/error state, or emit tagged fallback text instead of <int>::MAX/<int>::MIN. Example: match u64::try_from(command_index) { Ok(i) => format!("recent_{i}"), Err(_) => "recent_missing_index".to_string() }
    = note: see Tiger Style guide: make invalid state explicit

error: `.expect()` in production code will panic on failure
   --> crates/crunch-store/src/provenance.rs:615:41
    |
615 |                 state.read_byte_count = next_total.expect("checked total byte count must exist");
    |                                         ^^^^^^^^^^^^^^^^^^^^^^^^^^^^^^^^^^^^^^^^^^^^^^^^^^^^^^^^
    |
    = help: Tiger Style (Error Handling): propagate or handle absence explicitly instead of panicking with `unwrap` or `expect` Example: let value = maybe?;
    = note: see Tiger Style guide: Error Handling

error: extreme sentinel fallback masks absence or failure
   --> crates/crunch-store/src/provenance.rs:649:33
    |
649 |                     byte_count: u64::try_from(target.len()).unwrap_or(u64::MAX),
    |                                 ^^^^^^^^^^^^^^^^^^^^^^^^^^^^^^^^^^^^^^^^^^^^^^^
    |
    = help: Tiger Style (safety): branch explicitly, propagate the missing/error state, or emit tagged fallback text instead of <int>::MAX/<int>::MIN. Example: match u64::try_from(command_index) { Ok(i) => format!("recent_{i}"), Err(_) => "recent_missing_index".to_string() }
    = note: see Tiger Style guide: make invalid state explicit

error: extreme sentinel fallback masks absence or failure
   --> crates/crunch-store/src/provenance.rs:745:21
    |
745 |         byte_count: u64::try_from(input.bytes.len()).unwrap_or(u64::MAX),
    |                     ^^^^^^^^^^^^^^^^^^^^^^^^^^^^^^^^^^^^^^^^^^^^^^^^^^^^
    |
    = help: Tiger Style (safety): branch explicitly, propagate the missing/error state, or emit tagged fallback text instead of <int>::MAX/<int>::MIN. Example: match u64::try_from(command_index) { Ok(i) => format!("recent_{i}"), Err(_) => "recent_missing_index".to_string() }
    = note: see Tiger Style guide: make invalid state explicit

error: boolean binding `generated_by_libtool` should have a predicate prefix
   --> crates/crunch-store/src/provenance.rs:794:9
    |
794 |     let generated_by_libtool = text.lines().any(|line| line.starts_with("# Generated by libtool "));
    |         ^^^^^^^^^^^^^^^^^^^^
    |
    = help: Tiger Style (Positive Predicates): name booleans as predicates so call sites read like questions Example: let is_ready = status == Ready;
    = note: structured suggestion applicability: MaybeIncorrect
    = note: see Tiger Style guide: Positive Predicates
help: rename binding to `is_generated_by_libtool`
    |
794 |     let is_generated_by_libtool = text.lines().any(|line| line.starts_with("# Generated by libtool "));
    |         +++

error: catch-all `_` on enum match returns deny value — new variants will be silently handled
   --> crates/crunch-store/src/provenance.rs:811:9
    |
811 |         _ => false,
    |         ^^^^^^^^^^
    |
    = help: Tiger Style (Exhaustive Matching): match enum variants explicitly so new variants cannot slip through `_` Example: match state { State::Open => ..., State::Closed => ... }
    = note: see Tiger Style guide: Exhaustive Matching
    = note: `-D tigerstyle::catch-all-on-enum` implied by `-D catch-all-on-enum`
    = help: to override `-D catch-all-on-enum` add `#[allow(tigerstyle::catch_all_on_enum)]`

error: extreme sentinel fallback masks absence or failure
   --> crates/crunch-store/src/provenance.rs:821:15
    |
821 |     let max = usize::try_from(policy.max_shebang_bytes).unwrap_or(usize::MAX);
    |               ^^^^^^^^^^^^^^^^^^^^^^^^^^^^^^^^^^^^^^^^^^^^^^^^^^^^^^^^^^^^^^^
    |
    = help: Tiger Style (safety): branch explicitly, propagate the missing/error state, or emit tagged fallback text instead of <int>::MAX/<int>::MIN. Example: match u64::try_from(command_index) { Ok(i) => format!("recent_{i}"), Err(_) => "recent_missing_index".to_string() }
    = note: see Tiger Style guide: make invalid state explicit

error: function has 8 parameters (limit: 5) — consider an options struct
   --> crates/crunch-store/src/provenance.rs:911:1
    |
911 | / fn resolve_observed_reference(
912 | |     owner_store_path: &str,
913 | |     view: &str,
914 | |     reference: &str,
...   |
952 | |     });
953 | | }
    | |_^
    |
    = help: Tiger Style (Simple Interfaces): group many parameters into a named options struct instead of a long positional signature Example: fn connect(opts: ConnectOptions) -> ...
    = note: see Tiger Style guide: Explicit Interfaces

error: 4 consecutive `&str` parameters are easy to swap by accident
   --> crates/crunch-store/src/provenance.rs:911:1
    |
911 | / fn resolve_observed_reference(
912 | |     owner_store_path: &str,
913 | |     view: &str,
914 | |     reference: &str,
...   |
952 | |     });
953 | | }
    | |_^
    |
    = help: Tiger Style (Explicit Interfaces): replace same-type parameter clusters with named fields or an options struct Example: fn connect(opts: ConnectOptions) -> ...
    = note: see Tiger Style guide: Explicit Interfaces

error: function has 7 parameters (limit: 5) — consider an options struct
    --> crates/crunch-store/src/provenance.rs:955:1
     |
 955 | / fn inspect_symlink(
 956 | |     owner_store_path: &str,
 957 | |     path: &str,
 958 | |     target: &str,
...    |
1001 | | }
     | |_^
     |
     = help: Tiger Style (Simple Interfaces): group many parameters into a named options struct instead of a long positional signature Example: fn connect(opts: ConnectOptions) -> ...
     = note: see Tiger Style guide: Explicit Interfaces

error: 4 consecutive `&str` parameters are easy to swap by accident
    --> crates/crunch-store/src/provenance.rs:955:1
     |
 955 | / fn inspect_symlink(
 956 | |     owner_store_path: &str,
 957 | |     path: &str,
 958 | |     target: &str,
...    |
1001 | | }
     | |_^
     |
     = help: Tiger Style (Explicit Interfaces): replace same-type parameter clusters with named fields or an options struct Example: fn connect(opts: ConnectOptions) -> ...
     = note: see Tiger Style guide: Explicit Interfaces

error: 3 consecutive `&str` parameters are easy to swap by accident
    --> crates/crunch-store/src/provenance.rs:1003:1
     |
1003 | / fn resolve_relative_path(path: &str, target: &str, root: &str) -> Result<String, String> {
1004 | |     let mut components = path
1005 | |         .rsplit_once(PATH_COMPONENT_SEPARATOR)
1006 | |         .map(|(parent, _)| parent)
...    |
1025 | |     Ok(format!("/{}", components.join("/")))
1026 | | }
     | |_^
     |
     = help: Tiger Style (Explicit Interfaces): replace same-type parameter clusters with named fields or an options struct Example: fn connect(opts: ConnectOptions) -> ...
     = note: see Tiger Style guide: Explicit Interfaces

error: collection grows in loop without a prior reservation or explicit local bound
    --> crates/crunch-store/src/provenance.rs:1122:13
     |
1122 | /             parsed.push(ContainerEntry {
1123 | |                 path: virtual_path,
1124 | |                 executable: false,
1125 | |                 bytes: Vec::new(),
1126 | |                 symlink_target: target,
1127 | |             });
     | |______________^
     |
     = help: Tiger Style (Bounded Resource Growth): reserve collection capacity or add an explicit local length bound before growing it in a loop Example: let mut items = Vec::with_capacity(limit);
     = note: see Tiger Style guide: Bounded Resource Growth

error: boolean binding `executable` should have a predicate prefix
    --> crates/crunch-store/src/provenance.rs:1103:13
     |
1103 |         let executable = entry.header().mode().is_ok_and(|mode| mode & UNIX_EXECUTABLE_BITS != 0);
     |             ^^^^^^^^^^
     |
     = help: Tiger Style (Positive Predicates): name booleans as predicates so call sites read like questions Example: let is_ready = status == Ready;
     = note: structured suggestion applicability: MaybeIncorrect
     = note: see Tiger Style guide: Positive Predicates
help: rename binding to `is_executable`
     |
1103 |         let is_executable = entry.header().mode().is_ok_and(|mode| mode & UNIX_EXECUTABLE_BITS != 0);
     |             +++

error: function has 8 parameters (limit: 5) — consider an options struct
    --> crates/crunch-store/src/provenance.rs:1179:1
     |
1179 | / fn inspect_compressed_stream<R: Read>(
1180 | |     input: &PurePayloadInput<'_>,
1181 | |     decoder: R,
1182 | |     extension: &str,
...    |
1218 | |     );
1219 | | }
     | |_^
     |
     = help: Tiger Style (Simple Interfaces): group many parameters into a named options struct instead of a long positional signature Example: fn connect(opts: ConnectOptions) -> ...
     = note: see Tiger Style guide: Explicit Interfaces

error: 2 consecutive `&str` parameters are easy to swap by accident
    --> crates/crunch-store/src/provenance.rs:1179:1
     |
1179 | / fn inspect_compressed_stream<R: Read>(
1180 | |     input: &PurePayloadInput<'_>,
1181 | |     decoder: R,
1182 | |     extension: &str,
...    |
1218 | |     );
1219 | | }
     | |_^
     |
     = help: Tiger Style (Explicit Interfaces): replace same-type parameter clusters with named fields or an options struct Example: fn connect(opts: ConnectOptions) -> ...
     = note: see Tiger Style guide: Explicit Interfaces

error: extreme sentinel fallback masks absence or failure
    --> crates/crunch-store/src/provenance.rs:1197:8
     |
1197 |     if u64::try_from(expanded.len()).unwrap_or(u64::MAX) > policy.max_container_expanded_bytes {
     |        ^^^^^^^^^^^^^^^^^^^^^^^^^^^^^^^^^^^^^^^^^^^^^^^^^
     |
     = help: Tiger Style (safety): branch explicitly, propagate the missing/error state, or emit tagged fallback text instead of <int>::MAX/<int>::MIN. Example: match u64::try_from(command_index) { Ok(i) => format!("recent_{i}"), Err(_) => "recent_missing_index".to_string() }
     = note: see Tiger Style guide: make invalid state explicit

error: function has 6 parameters (limit: 5) — consider an options struct
    --> crates/crunch-store/src/provenance.rs:1221:1
     |
1221 | / fn inspect_cpio(
1222 | |     input: &PurePayloadInput<'_>,
1223 | |     bytes: &[u8],
1224 | |     container_depth: u32,
...    |
1237 | |     inspect_container_entries(input, entries, container_depth, policy, context, state);
1238 | | }
     | |_^
     |
     = help: Tiger Style (Simple Interfaces): group many parameters into a named options struct instead of a long positional signature Example: fn connect(opts: ConnectOptions) -> ...
     = note: see Tiger Style guide: Explicit Interfaces

error: collection grows in loop without a prior reservation or explicit local bound
    --> crates/crunch-store/src/provenance.rs:1329:13
     |
1329 | /             entries.push(ContainerEntry {
1330 | |                 path: virtual_path,
1331 | |                 executable: mode & UNIX_EXECUTABLE_BITS != 0,
1332 | |                 bytes: data,
1333 | |                 symlink_target: None,
1334 | |             });
     | |______________^
     |
     = help: Tiger Style (Bounded Resource Growth): reserve collection capacity or add an explicit local length bound before growing it in a loop Example: let mut items = Vec::with_capacity(limit);
     = note: see Tiger Style guide: Bounded Resource Growth

error: function has 6 parameters (limit: 5) — consider an options struct
    --> crates/crunch-store/src/provenance.rs:1367:1
     |
1367 | / fn inspect_container_entries(
1368 | |     input: &PurePayloadInput<'_>,
1369 | |     entries: Vec<ContainerEntry>,
1370 | |     container_depth: u32,
...    |
1415 | | }
     | |_^
     |
     = help: Tiger Style (Simple Interfaces): group many parameters into a named options struct instead of a long positional signature Example: fn connect(opts: ConnectOptions) -> ...
     = note: see Tiger Style guide: Explicit Interfaces

error: extreme sentinel fallback masks absence or failure
    --> crates/crunch-store/src/provenance.rs:1388:29
     |
1388 |                 byte_count: u64::try_from(target.len()).unwrap_or(u64::MAX),
     |                             ^^^^^^^^^^^^^^^^^^^^^^^^^^^^^^^^^^^^^^^^^^^^^^^
     |
     = help: Tiger Style (safety): branch explicitly, propagate the missing/error state, or emit tagged fallback text instead of <int>::MAX/<int>::MIN. Example: match u64::try_from(command_index) { Ok(i) => format!("recent_{i}"), Err(_) => "recent_missing_index".to_string() }
     = note: see Tiger Style guide: make invalid state explicit

error: extreme sentinel fallback masks absence or failure
    --> crates/crunch-store/src/provenance.rs:1394:24
     |
1394 |         let expanded = u64::try_from(entry.bytes.len()).unwrap_or(u64::MAX);
     |                        ^^^^^^^^^^^^^^^^^^^^^^^^^^^^^^^^^^^^^^^^^^^^^^^^^^^^
     |
     = help: Tiger Style (safety): branch explicitly, propagate the missing/error state, or emit tagged fallback text instead of <int>::MAX/<int>::MIN. Example: match u64::try_from(command_index) { Ok(i) => format!("recent_{i}"), Err(_) => "recent_missing_index".to_string() }
     = note: see Tiger Style guide: make invalid state explicit

error: extreme sentinel fallback masks absence or failure
    --> crates/crunch-store/src/provenance.rs:1429:8
     |
1429 |     if u64::try_from(bytes.len()).unwrap_or(u64::MAX) > policy.max_container_expanded_bytes {
     |        ^^^^^^^^^^^^^^^^^^^^^^^^^^^^^^^^^^^^^^^^^^^^^^
     |
     = help: Tiger Style (safety): branch explicitly, propagate the missing/error state, or emit tagged fallback text instead of <int>::MAX/<int>::MIN. Example: match u64::try_from(command_index) { Ok(i) => format!("recent_{i}"), Err(_) => "recent_missing_index".to_string() }
     = note: see Tiger Style guide: make invalid state explicit

error: 2 consecutive `bool` parameters are easy to swap by accident
    --> crates/crunch-store/src/provenance.rs:1436:1
     |
1436 | / fn finalize_scan(
1437 | |     preflight_complete: bool,
1438 | |     traversal_complete: bool,
1439 | |     mut path_infos: Vec<ProvenancePathInfoObservation>,
...    |
1459 | | }
     | |_^
     |
     = help: Tiger Style (Explicit Interfaces): replace same-type parameter clusters with named fields or an options struct Example: fn connect(opts: ConnectOptions) -> ...
     = note: see Tiger Style guide: Explicit Interfaces

error: 2 consecutive `&str` parameters are easy to swap by accident
    --> crates/crunch-store/src/provenance.rs:1537:1
     |
1537 | / fn split_store_reference<'a>(raw: &'a str, prefix: &str) -> (&'a str, &'a str) {
1538 | |     let root_end = raw
1539 | |         .get(prefix.len().saturating_add(1)..)
1540 | |         .and_then(|rest| {
...    |
1545 | |     raw.split_at(root_end)
1546 | | }
     | |_^
     |
     = help: Tiger Style (Explicit Interfaces): replace same-type parameter clusters with named fields or an options struct Example: fn connect(opts: ConnectOptions) -> ...
     = note: see Tiger Style guide: Explicit Interfaces

error: 2 consecutive `&str` parameters are easy to swap by accident
    --> crates/crunch-store/src/provenance.rs:1548:1
     |
1548 | / fn is_well_formed_store_reference(reference: &str, prefix: &str) -> bool {
1549 | |     StorePath::<String>::from_absolute_path_with_prefix(reference.as_bytes(), prefix).is_ok()
1550 | | }
     | |_^
     |
     = help: Tiger Style (Explicit Interfaces): replace same-type parameter clusters with named fields or an options struct Example: fn connect(opts: ConnectOptions) -> ...
     = note: see Tiger Style guide: Explicit Interfaces

error: collection grows in loop without a prior reservation or explicit local bound
    --> crates/crunch-store/src/provenance.rs:1570:18
     |
1570 |             _ => components.push(component),
     |                  ^^^^^^^^^^^^^^^^^^^^^^^^^^
     |
     = help: Tiger Style (Bounded Resource Growth): reserve collection capacity or add an explicit local length bound before growing it in a loop Example: let mut items = Vec::with_capacity(limit);
     = note: see Tiger Style guide: Bounded Resource Growth

error: 2 consecutive `usize` parameters are easy to swap by accident
    --> crates/crunch-store/src/provenance.rs:1588:1
     |
1588 | / fn align_up(value: usize, alignment: usize) -> Option<usize> {
1589 | |     let remainder = value % alignment;
1590 | |     if remainder == 0 {
1591 | |         Some(value)
...    |
1595 | | }
     | |_^
     |
     = help: Tiger Style (Explicit Interfaces): replace same-type parameter clusters with named fields or an options struct Example: fn connect(opts: ConnectOptions) -> ...
     = note: see Tiger Style guide: Explicit Interfaces

error: division by `alignment` without zero check
    --> crates/crunch-store/src/provenance.rs:1589:21
     |
1589 |     let remainder = value % alignment;
     |                     ^^^^^^^^^^^^^^^^^
     |
     = help: Tiger Style (Explicit Division): guard divisors before division so zero is impossible Example: assert!(divisor != 0); let q = value / divisor;
     = note: structured suggestion applicability: MaybeIncorrect
     = note: see Tiger Style guide: Explicit Division
     = note: `-D tigerstyle::unchecked-division` implied by `-D unchecked-division`
     = help: to override `-D unchecked-division` add `#[allow(tigerstyle::unchecked_division)]`
help: guard `alignment` before division
     |
1589 -     let remainder = value % alignment;
1589 +     let remainder = { let __tigerstyle_divisor = alignment; assert!(__tigerstyle_divisor != 0); value % __tigerstyle_divisor };
     |

error: `usize` in public API — use `u32` or `u64` for cross-platform consistency
  --> crates/crunch-store/src/publisher.rs:47:5
   |
47 | /     pub fn len(&self) -> usize {
48 | |         self.steps.len()
49 | |     }
   | |_____^
   |
   = help: Tiger Style (Cross-Platform APIs): use fixed-width integers at API boundaries instead of `usize` or `isize` Example: pub fn get(index: u32) -> Option<&Item>
   = note: see Tiger Style guide: Explicit Types

error: function has 6 parameters (limit: 5) — consider an options struct
   --> crates/crunch-store/src/pull.rs:400:1
    |
400 | / pub async fn import_http_cache_closure_with_validator<F>(
401 | |     handle: &StoreHandle,
402 | |     cache_url: &Url,
403 | |     root: &StorePath<String>,
...   |
425 | |     Ok(report)
426 | | }
    | |_^
    |
    = help: Tiger Style (Simple Interfaces): group many parameters into a named options struct instead of a long positional signature Example: fn connect(opts: ConnectOptions) -> ...
    = note: see Tiger Style guide: Explicit Interfaces

error: function has 6 parameters (limit: 5) — consider an options struct
   --> crates/crunch-store/src/pull.rs:440:1
    |
440 | / async fn discover_http_cache_closure(
441 | |     client: &reqwest::Client,
442 | |     cache_url: &Url,
443 | |     root: &StorePath<String>,
...   |
475 | |     Ok(DiscoveredHttpClosure { plan, narinfos })
476 | | }
    | |_^
    |
    = help: Tiger Style (Simple Interfaces): group many parameters into a named options struct instead of a long positional signature Example: fn connect(opts: ConnectOptions) -> ...
    = note: see Tiger Style guide: Explicit Interfaces

error: collection grows in loop without a prior reservation or explicit local bound
   --> crates/crunch-store/src/pull.rs:464:9
    |
464 | /         narinfos.insert(map_key, DiscoveredHttpNarinfo {
465 | |             path: request.path,
466 | |             text,
467 | |         });
    | |__________^
    |
    = help: Tiger Style (Bounded Resource Growth): reserve collection capacity or add an explicit local length bound before growing it in a loop Example: let mut items = Vec::with_capacity(limit);
    = note: see Tiger Style guide: Bounded Resource Growth

error: boolean binding `root_admitted` should have a predicate prefix
   --> crates/crunch-store/src/pull.rs:555:9
    |
555 |     let root_admitted = local_member_is_complete(
    |         ^^^^^^^^^^^^^
    |
    = help: Tiger Style (Positive Predicates): name booleans as predicates so call sites read like questions Example: let is_ready = status == Ready;
    = note: structured suggestion applicability: MaybeIncorrect
    = note: see Tiger Style guide: Positive Predicates
help: rename binding to `is_root_admitted`
    |
555 |     let is_root_admitted = local_member_is_complete(
    |         +++

error: `.expect()` in production code will panic on failure
   --> crates/crunch-store/src/pull.rs:558:9
    |
558 |         discovered.plan.members.last().expect("closure plan must contain the root"),
    |         ^^^^^^^^^^^^^^^^^^^^^^^^^^^^^^^^^^^^^^^^^^^^^^^^^^^^^^^^^^^^^^^^^^^^^^^^^^^
    |
    = help: Tiger Style (Error Handling): propagate or handle absence explicitly instead of panicking with `unwrap` or `expect` Example: let value = maybe?;
    = note: see Tiger Style guide: Error Handling

error: `as usize` from `u32` is platform-dependent
   --> crates/crunch-store/src/pull.rs:569:22
    |
569 |     debug_assert_eq!(pull.imported_count.saturating_add(reused_complete_count) as usize, discovered.plan.members.len());
    |                      ^^^^^^^^^^^^^^^^^^^^^^^^^^^^^^^^^^^^^^^^^^^^^^^^^^^^^^^^^^^^^^^^^^
    |
    = help: Tiger Style (Explicit Types): use explicit-width types at boundaries instead of `usize` or `isize` conversions Example: let len: u32 = value.try_into()?;
    = note: structured suggestion applicability: MaybeIncorrect
    = note: see Tiger Style guide: Explicit Types
help: replace with `usize::try_from(...)`
    |
569 -     debug_assert_eq!(pull.imported_count.saturating_add(reused_complete_count) as usize, discovered.plan.members.len());
569 +     debug_assert_eq!(usize::try_from(pull.imported_count.saturating_add(reused_complete_count))?, discovered.plan.members.len());
    |

error: extreme sentinel fallback masks absence or failure
   --> crates/crunch-store/src/query.rs:171:30
    |
171 |     assert!(results.len() <= usize::try_from(scanned_count).unwrap_or(usize::MAX));
    |                              ^^^^^^^^^^^^^^^^^^^^^^^^^^^^^^^^^^^^^^^^^^^^^^^^^^^^
    |
    = help: Tiger Style (safety): branch explicitly, propagate the missing/error state, or emit tagged fallback text instead of <int>::MAX/<int>::MIN. Example: match u64::try_from(command_index) { Ok(i) => format!("recent_{i}"), Err(_) => "recent_missing_index".to_string() }
    = note: see Tiger Style guide: make invalid state explicit

error: `panic!` will abort the process on execution
   --> crates/crunch-store/src/retention.rs:125:27
    |
125 |             Err(error) => panic!("embedded store retention policy must parse: {error}"),
    |                           ^^^^^^^^^^^^^^^^^^^^^^^^^^^^^^^^^^^^^^^^^^^^^^^^^^^^^^^^^^^^^
    |
    = help: Tiger Style (Fail Fast Correctly): return errors or prove exhaustiveness instead of panicking in production code Example: return Err(Error::invalid_state());
    = note: see Tiger Style guide: Error Handling / Panics
    = note: `-D tigerstyle::no-panic` implied by `-D no-panic`
    = help: to override `-D no-panic` add `#[allow(tigerstyle::no_panic)]`

error: implicit default on external type — construct with explicit values
   --> crates/crunch-store/src/roots.rs:105:5
    |
105 | /     #[serde(default)]
106 | |     root_class: Option<GcRootClass>,
    | |___________________________________^
    |
    = help: Tiger Style (Explicit Defaults): construct foreign-crate values explicitly instead of relying on `Default` Example: let client = reqwest::ClientBuilder::new();
    = note: see Tiger Style guide: Explicit Defaults

error: implicit default on external type — construct with explicit values
   --> crates/crunch-store/src/roots.rs:107:5
    |
107 | /     #[serde(default)]
108 | |     owner_scope: Option<String>,
    | |_______________________________^
    |
    = help: Tiger Style (Explicit Defaults): construct foreign-crate values explicitly instead of relying on `Default` Example: let client = reqwest::ClientBuilder::new();
    = note: see Tiger Style guide: Explicit Defaults

error: implicit default on external type — construct with explicit values
   --> crates/crunch-store/src/roots.rs:109:5
    |
109 | /     #[serde(default)]
110 | |     project_identity: Option<String>,
    | |____________________________________^
    |
    = help: Tiger Style (Explicit Defaults): construct foreign-crate values explicitly instead of relying on `Default` Example: let client = reqwest::ClientBuilder::new();
    = note: see Tiger Style guide: Explicit Defaults

error: implicit default on external type — construct with explicit values
   --> crates/crunch-store/src/roots.rs:111:5
    |
111 | /     #[serde(default)]
112 | |     selector: Option<String>,
    | |____________________________^
    |
    = help: Tiger Style (Explicit Defaults): construct foreign-crate values explicitly instead of relying on `Default` Example: let client = reqwest::ClientBuilder::new();
    = note: see Tiger Style guide: Explicit Defaults

error: implicit default on external type — construct with explicit values
   --> crates/crunch-store/src/roots.rs:113:5
    |
113 | /     #[serde(default)]
114 | |     generation: Option<u64>,
    | |___________________________^
    |
    = help: Tiger Style (Explicit Defaults): construct foreign-crate values explicitly instead of relying on `Default` Example: let client = reqwest::ClientBuilder::new();
    = note: see Tiger Style guide: Explicit Defaults

error: implicit default on external type — construct with explicit values
   --> crates/crunch-store/src/roots.rs:115:5
    |
115 | /     #[serde(default)]
116 | |     generation_identity: Option<String>,
    | |_______________________________________^
    |
    = help: Tiger Style (Explicit Defaults): construct foreign-crate values explicitly instead of relying on `Default` Example: let client = reqwest::ClientBuilder::new();
    = note: see Tiger Style guide: Explicit Defaults

error: implicit default on external type — construct with explicit values
   --> crates/crunch-store/src/roots.rs:117:5
    |
117 | /     #[serde(default)]
118 | |     lease: Option<GcRootLease>,
    | |______________________________^
    |
    = help: Tiger Style (Explicit Defaults): construct foreign-crate values explicitly instead of relying on `Default` Example: let client = reqwest::ClientBuilder::new();
    = note: see Tiger Style guide: Explicit Defaults

error: implicit default on external type — construct with explicit values
   --> crates/crunch-store/src/roots.rs:119:5
    |
119 | /     #[serde(default)]
120 | |     policy_blake3: Option<String>,
    | |_________________________________^
    |
    = help: Tiger Style (Explicit Defaults): construct foreign-crate values explicitly instead of relying on `Default` Example: let client = reqwest::ClientBuilder::new();
    = note: see Tiger Style guide: Explicit Defaults

error: implicit default on external type — construct with explicit values
   --> crates/crunch-store/src/roots.rs:122:5
    |
122 | /     #[serde(default)]
123 | |     last_transition_id: Option<String>,
    | |______________________________________^
    |
    = help: Tiger Style (Explicit Defaults): construct foreign-crate values explicitly instead of relying on `Default` Example: let client = reqwest::ClientBuilder::new();
    = note: see Tiger Style guide: Explicit Defaults

error: implicit default on external type — construct with explicit values
   --> crates/crunch-store/src/roots.rs:124:5
    |
124 | /     #[serde(default)]
125 | |     last_transition_reason: Option<String>,
    | |__________________________________________^
    |
    = help: Tiger Style (Explicit Defaults): construct foreign-crate values explicitly instead of relying on `Default` Example: let client = reqwest::ClientBuilder::new();
    = note: see Tiger Style guide: Explicit Defaults

error: function has 6 parameters (limit: 5) — consider an options struct
   --> crates/crunch-store/src/roots.rs:152:1
    |
152 | / pub async fn register_root_with_registration(
153 | |     state_dir: &Path,
154 | |     store_dir: &str,
155 | |     pathinfo: &dyn PathInfoService,
...   |
169 | |         .ok_or_else(|| Error::RootRegistry("single root registration produced no record".to_string()))
170 | | }
    | |_^
    |
    = help: Tiger Style (Simple Interfaces): group many parameters into a named options struct instead of a long positional signature Example: fn connect(opts: ConnectOptions) -> ...
    = note: see Tiger Style guide: Explicit Interfaces

error: boolean binding `owner_is_eligible` should have a predicate prefix
   --> crates/crunch-store/src/roots.rs:624:9
    |
624 |     let owner_is_eligible = core_retention_policy()
    |         ^^^^^^^^^^^^^^^^^
    |
    = help: Tiger Style (Positive Predicates): name booleans as predicates so call sites read like questions Example: let is_ready = status == Ready;
    = note: structured suggestion applicability: MaybeIncorrect
    = note: see Tiger Style guide: Positive Predicates
help: rename binding to `is_owner_is_eligible`
    |
624 |     let is_owner_is_eligible = core_retention_policy()
    |         +++

error: boolean binding `project_facts_complete` should have a predicate prefix
   --> crates/crunch-store/src/roots.rs:643:9
    |
643 |     let project_facts_complete = record.project_identity.as_ref().is_some_and(|value| !value.is_empty())
    |         ^^^^^^^^^^^^^^^^^^^^^^
    |
    = help: Tiger Style (Positive Predicates): name booleans as predicates so call sites read like questions Example: let is_ready = status == Ready;
    = note: structured suggestion applicability: MaybeIncorrect
    = note: see Tiger Style guide: Positive Predicates
help: rename binding to `is_project_facts_complete`
    |
643 |     let is_project_facts_complete = record.project_identity.as_ref().is_some_and(|value| !value.is_empty())
    |         +++

error: function has 6 parameters (limit: 5) — consider an options struct
   --> crates/crunch-store/src/roots.rs:666:1
    |
666 | / fn transition_id(
667 | |     logical_path: &str,
668 | |     class: GcRootClass,
669 | |     owner_scope: &str,
...   |
682 | |     format!("b3:{}", HEXLOWER.encode(hasher.finalize().as_bytes()))
683 | | }
    | |_^
    |
    = help: Tiger Style (Simple Interfaces): group many parameters into a named options struct instead of a long positional signature Example: fn connect(opts: ConnectOptions) -> ...
    = note: see Tiger Style guide: Explicit Interfaces

error: 2 consecutive `&str` parameters are easy to swap by accident
   --> crates/crunch-store/src/roots.rs:666:1
    |
666 | / fn transition_id(
667 | |     logical_path: &str,
668 | |     class: GcRootClass,
669 | |     owner_scope: &str,
...   |
682 | |     format!("b3:{}", HEXLOWER.encode(hasher.finalize().as_bytes()))
683 | | }
    | |_^
    |
    = help: Tiger Style (Explicit Interfaces): replace same-type parameter clusters with named fields or an options struct Example: fn connect(opts: ConnectOptions) -> ...
    = note: see Tiger Style guide: Explicit Interfaces

error: could not compile `crunch-store` (lib) due to 190 previous errors
