copying path '/nix/store/hhccdmpa2bhqbagn2zgmgrwjbcdinn55-source' from 'http://100.100.103.95:5000'...
warning: file 'nar/1pzq6dhayzd6kgyhjwqr1bwq468z36vp0al101havv6d0pw1fa40.nar?hash=hhccdmpa2bhqbagn2zgmgrwjbcdinn55' does not exist in binary cache 'http://100.100.103.95:5000'
copying path '/nix/store/9izcwwqv0015ssvvmb66dgqw14n1m4fa-python3.13-argcomplete-3.6.3' from 'https://cache.nixos.org'...
copying path '/nix/store/2an6pk9dw6lms8vskhbidla1i2h0wdp5-python3.13-xmltodict-1.0.2' from 'https://cache.nixos.org'...
copying path '/nix/store/ds88l6b47h9r5g10c0q83damcrjn629j-python3.13-yq-3.4.3' from 'https://cache.nixos.org'...
building '/nix/store/vjl6yglcfss4r3r37y7lasq577gi6ssj-Cargo.toml.drv' on 'ssh-ng://root@aspen1.local'...
building '/nix/store/1p6mhl9ywxdlcfl40fwrxsvgxfpavbr7-Cargo.toml.drv' on 'ssh-ng://root@aspen1.local'...
building '/nix/store/1z4p4v212zbbqymkxqyc6jnnahbhacwr-Cargo.toml.drv' on 'ssh-ng://root@aspen1.local'...
building '/nix/store/3caggskd05qg6kfh05yf62p2b5f074rs-Cargo.toml.drv' on 'ssh-ng://root@aspen1.local'...
building '/nix/store/8jdn7z2bfwgmi4pwx2a8688k54y53jdk-Cargo.toml.drv' on 'ssh-ng://root@aspen1.local'...
building '/nix/store/bcnj7krf9jiwr4jpkkdz2ykfsrbg3mil-Cargo.toml.drv' on 'ssh-ng://root@aspen1.local'...
building '/nix/store/c4y8l2sy1k7ac3qfa24vz67zm64k9bw8-Cargo.toml.drv' on 'ssh-ng://root@aspen1.local'...
building '/nix/store/da0asjry7ifm83hlkq32p37gi4vfk2mq-Cargo.toml.drv' on 'ssh-ng://root@aspen1.local'...
building '/nix/store/hxn16vz1xc2x865kvb7zw0xz0m0lrfpw-Cargo.toml.drv' on 'ssh-ng://root@aspen1.local'...
building '/nix/store/js6hihl1z9hc8qhqp93z4yl0wid6ymj9-Cargo.toml.drv' on 'ssh-ng://root@aspen1.local'...
building '/nix/store/kn2k3ii9ck3jhs7hr8qi48g7qpllcil4-Cargo.toml.drv' on 'ssh-ng://root@aspen1.local'...
building '/nix/store/lw183k1yr6pnqisq3dswfd7g08nc9g0j-Cargo.toml.drv' on 'ssh-ng://root@aspen1.local'...
building '/nix/store/lwy97bfph7vhzackgjqys0zk9snaqgmz-Cargo.toml.drv' on 'ssh-ng://root@aspen1.local'...
building '/nix/store/mb90sdmlic2ndak5f3xsacbswxf3l6ra-Cargo.toml.drv' on 'ssh-ng://root@aspen1.local'...
building '/nix/store/ypv46k7yfsl7vjlh988hwlzmp30lw7fs-Cargo.toml.drv' on 'ssh-ng://root@aspen1.local'...
building '/nix/store/1p6mhl9ywxdlcfl40fwrxsvgxfpavbr7-Cargo.toml.drv'...
building '/nix/store/1z4p4v212zbbqymkxqyc6jnnahbhacwr-Cargo.toml.drv'...
building '/nix/store/3caggskd05qg6kfh05yf62p2b5f074rs-Cargo.toml.drv'...
copying 1 paths...
building '/nix/store/8jdn7z2bfwgmi4pwx2a8688k54y53jdk-Cargo.toml.drv'...
copying 1 paths...
building '/nix/store/bcnj7krf9jiwr4jpkkdz2ykfsrbg3mil-Cargo.toml.drv'...
copying 1 paths...
building '/nix/store/c4y8l2sy1k7ac3qfa24vz67zm64k9bw8-Cargo.toml.drv'...
building '/nix/store/da0asjry7ifm83hlkq32p37gi4vfk2mq-Cargo.toml.drv'...
copying 1 paths...
building '/nix/store/hxn16vz1xc2x865kvb7zw0xz0m0lrfpw-Cargo.toml.drv'...
building '/nix/store/js6hihl1z9hc8qhqp93z4yl0wid6ymj9-Cargo.toml.drv'...
building '/nix/store/kn2k3ii9ck3jhs7hr8qi48g7qpllcil4-Cargo.toml.drv'...
copying 1 paths...
copying path '/nix/store/rvb4sm2j3s9qh7k0rzpzc3hjp0wiq3l3-Cargo.toml' from 'ssh-ng://root@aspen1.local'...
building '/nix/store/vjl6yglcfss4r3r37y7lasq577gi6ssj-Cargo.toml.drv'...
copying 1 paths...
copying path '/nix/store/0h6j0x3gm7zla2553ilcnv0080av3dgy-Cargo.toml' from 'ssh-ng://root@aspen1.local'...
copying 1 paths...
copying path '/nix/store/3dizb03plghkbl947kjvkli0488l5392-Cargo.toml' from 'ssh-ng://root@aspen1.local'...
copying 1 paths...
copying path '/nix/store/kj0xg0d6nxdid94hz7zwyqqlifzmf1q6-Cargo.toml' from 'ssh-ng://root@aspen1.local'...
copying path '/nix/store/xl1yvhyxharm6097dz3pfa3birxb246r-Cargo.toml' from 'ssh-ng://root@aspen1.local'...
copying path '/nix/store/3klvpcj46l005rkyrh37fndy9zl2y96j-Cargo.toml' from 'ssh-ng://root@aspen1.local'...
copying path '/nix/store/ys2i8rl3gzrqsfav5z6y7ljz1dnnhaa2-Cargo.toml' from 'ssh-ng://root@aspen1.local'...
copying 1 paths...
copying path '/nix/store/h7hfr61zy87d8nh2pl1qp9lq18kmm2jl-Cargo.toml' from 'ssh-ng://root@aspen1.local'...
copying path '/nix/store/zz6w9nnx4iy3v71c5g2xl9bfj0gai983-Cargo.toml' from 'ssh-ng://root@aspen1.local'...
copying 1 paths...
copying path '/nix/store/z88bymdv7gzrk56cphk2hh2a23zl97nz-Cargo.toml' from 'ssh-ng://root@aspen1.local'...
copying 1 paths...
copying path '/nix/store/7z7wij8ifiiifhmyrp8j8i5d8j5i2bic-Cargo.toml' from 'ssh-ng://root@aspen1.local'...
building '/nix/store/lw183k1yr6pnqisq3dswfd7g08nc9g0j-Cargo.toml.drv'...
copying 1 paths...
copying path '/nix/store/p37h7h6c2jzhpr8r9x3ygpqpdanpsk2f-Cargo.toml' from 'ssh-ng://root@aspen1.local'...
building '/nix/store/lwy97bfph7vhzackgjqys0zk9snaqgmz-Cargo.toml.drv'...
copying 1 paths...
copying path '/nix/store/0050yvlnp57n3s3rcfr7lxd4vm6drcvf-Cargo.toml' from 'ssh-ng://root@aspen1.local'...
building '/nix/store/mb90sdmlic2ndak5f3xsacbswxf3l6ra-Cargo.toml.drv'...
copying 1 paths...
copying path '/nix/store/w3rp9ihw844ffw9qpqkxknz5wg34zlpn-Cargo.toml' from 'ssh-ng://root@aspen1.local'...
building '/nix/store/ypv46k7yfsl7vjlh988hwlzmp30lw7fs-Cargo.toml.drv'...
copying 1 paths...
copying path '/nix/store/r1l81lyya1hfs938g30rxkm8l9ha6gqs-Cargo.toml' from 'ssh-ng://root@aspen1.local'...
building '/nix/store/666qf3k9djcfzv6lwcp4l4v7fgck77ng-source.drv' on 'ssh-ng://root@aspen1.local'...
copying path '/nix/store/9izcwwqv0015ssvvmb66dgqw14n1m4fa-python3.13-argcomplete-3.6.3' from 'https://cache.nixos.org'...
copying path '/nix/store/2an6pk9dw6lms8vskhbidla1i2h0wdp5-python3.13-xmltodict-1.0.2' from 'https://cache.nixos.org'...
copying path '/nix/store/sp1vidzc35aqfxhqzqiiajqf6372mz8c-dummy.rs' from 'https://devenv.cachix.org'...
copying path '/nix/store/ds88l6b47h9r5g10c0q83damcrjn629j-python3.13-yq-3.4.3' from 'https://cache.nixos.org'...
building '/nix/store/666qf3k9djcfzv6lwcp4l4v7fgck77ng-source.drv'...
copying 1 paths...
copying path '/nix/store/lm8nl097aagikzqh7pbj7m1n3cq0jigx-source' from 'ssh-ng://root@aspen1.local'...
copying path '/nix/store/23imi5k75i32ffgc9aqlr3sxr13zjh5y-bbe-0.2.2' from 'https://cache.nixos.org'...
copying path '/nix/store/l2mbyn9jbnynmbvl8vr0aby94x1gzh5i-cargo-package-equator-macro-0.4.2' from 'https://devenv.cachix.org'...
copying path '/nix/store/n7w858chp3i7ski5n0g7pbjzdixy0v7s-cargo-package-equator-0.4.2' from 'https://devenv.cachix.org'...
building '/nix/store/gcqi2bsx2ykr0vhwjqi34wzd6z78li2a-cargo-package-xdg-2.5.2.drv' on 'ssh-ng://root@aspen1.local'...
building '/nix/store/y3gvdqgrcma77l8n722iz5fws4m7prz7-cargo-package-caseless-0.2.2.drv' on 'ssh-ng://root@aspen1.local'...
building '/nix/store/qkgq8lgi784wrwaqpkka558dcapdrb9l-cargo-package-clipboard-win-5.4.1.drv' on 'ssh-ng://root@aspen1.local'...
building '/nix/store/hlzzadhxidkhk0hpzrd98r0nw48zviv2-cargo-package-colorchoice-1.0.4.drv' on 'ssh-ng://root@aspen1.local'...
building '/nix/store/2qrdr4dgwj83h1mh2gj0m9ahkk8kch6f-cargo-package-comrak-0.49.0.drv' on 'ssh-ng://root@aspen1.local'...
building '/nix/store/v6j9b9zsxl3xvmcigp7x2xz5ndhqz8ch-cargo-package-emojis-0.6.4.drv' on 'ssh-ng://root@aspen1.local'...
building '/nix/store/1ybb8hpx86k9x3j9lsgqqlvwh5pd2qw7-cargo-package-ena-0.14.3.drv' on 'ssh-ng://root@aspen1.local'...
building '/nix/store/x3mmw0a7h587svikamhxnbr06fmkngp8-cargo-package-fsevent-sys-4.1.0.drv' on 'ssh-ng://root@aspen1.local'...
building '/nix/store/qfcisrpr9csrn4zgjma1f4mpkl8xdaki-cargo-package-kqueue-sys-1.0.4.drv' on 'ssh-ng://root@aspen1.local'...
building '/nix/store/mvd5ryzslapcmzmakp9r4a1y70hqms64-cargo-package-onig_sys-69.9.1.drv' on 'ssh-ng://root@aspen1.local'...
building '/nix/store/sm8ir6dv6xbq9zh1y4ffylx06k4ab6l3-cargo-package-ordered-float-4.6.0.drv' on 'ssh-ng://root@aspen1.local'...
building '/nix/store/267g72pgiks30kzz5q59fbm86nmji4g6-cargo-package-phf-0.11.3.drv' on 'ssh-ng://root@aspen1.local'...
building '/nix/store/3di00k382a6mkwbm1nrf21iaqar5ph4n-cargo-package-tempfile-3.23.0.drv' on 'ssh-ng://root@aspen1.local'...
building '/nix/store/6fns04pac3lk57h7dk8j3y4bsgqj2aj1-cargo-package-termimad-0.34.1.drv' on 'ssh-ng://root@aspen1.local'...
building '/nix/store/a4vbpylmxlflfll608hlzppx8m725wxb-cargo-package-topiary-core-0.7.3.drv' on 'ssh-ng://root@aspen1.local'...
building '/nix/store/kmzbicf1772jn04qhrl85p581wh3p8q9-cargo-package-wit-bindgen-0.46.0.drv' on 'ssh-ng://root@aspen1.local'...
building '/nix/store/wamy46b7vbrhqzbw4z8a3ak9f6b4bkk9-cargo-package-yaml-rust-0.4.5.drv' on 'ssh-ng://root@aspen1.local'...
copying path '/nix/store/yc1hg7z8p3srs359marvg05wbymrwkdy-cargo-src-ena-0.14.3' from 'https://cache.nixos.org'...
building '/nix/store/b58nyrqia5f65xa7ksq25jnw5xw9ykc8-cargo-package-bytemuck-1.24.0.drv' on 'ssh-ng://root@aspen1.local'...
building '/nix/store/2dr68sn6j3znvbiqm4dc1g2hw4xkcc5q-cargo-package-tinyvec-1.10.0.drv' on 'ssh-ng://root@aspen1.local'...
building '/nix/store/0ii0lv60zisr8rn9g3h9831fgly971yl-cargo-package-wasm-bindgen-futures-0.4.50.drv' on 'ssh-ng://root@aspen1.local'...
building '/nix/store/by9k3q37n57rvibcrvvf6mydpdfb2ppz-cargo-package-web-sys-0.3.77.drv'...
copying path '/nix/store/m51pxj1lpbh7r1qpq89xh4iilv05mgrn-cargo-src-bytemuck-1.24.0' from 'https://cache.nixos.org'...
copying path '/nix/store/6yy3n9sr4p11z4bs3yvzqd0iibbfrqyx-cargo-src-caseless-0.2.2' from 'https://cache.nixos.org'...
copying path '/nix/store/6fc3llgyf4sl2gb1ggp43gr1rchrckh1-cargo-src-clipboard-win-5.4.1' from 'https://cache.nixos.org'...
copying path '/nix/store/ng77ya3wnxm2wc951dc4d6kqrdcr3pq5-cargo-src-comrak-0.49.0' from 'https://cache.nixos.org'...
copying path '/nix/store/djhx02bi0qyxm9vpj9md9qamxiz6mn18-cargo-src-emojis-0.6.4' from 'https://cache.nixos.org'...
copying path '/nix/store/b2r6l5hdjw6l9s4fgl0v9ivlfv0lmi8k-cargo-src-fsevent-sys-4.1.0' from 'https://cache.nixos.org'...
copying path '/nix/store/vi51xd6fp8z9pv08rc3b8x7s8rlpzcbf-cargo-src-kqueue-sys-1.0.4' from 'https://cache.nixos.org'...
copying path '/nix/store/125c1673s6kd2542b1ja4azd3jpdhpnv-cargo-src-onig_sys-69.9.1' from 'https://cache.nixos.org'...
copying path '/nix/store/lqvd7ia0vk7pw6pbpdlkgm5rgfjp5bxd-cargo-src-ordered-float-4.6.0' from 'https://cache.nixos.org'...
copying path '/nix/store/p7dhv4i2kmgs5v02ag785s9k596zmkm4-cargo-src-phf-0.11.3' from 'https://cache.nixos.org'...
copying path '/nix/store/5pzpxwygwx1zkiizqlbsnqycbixp6kbh-cargo-src-tempfile-3.23.0' from 'https://cache.nixos.org'...
copying path '/nix/store/lzx819hrhlkb8s6603i7x55smbz2n2jp-cargo-src-termimad-0.34.1' from 'https://cache.nixos.org'...
copying path '/nix/store/azwrnbp48zhg5wmfwcpzfcqsl96x7d8n-cargo-src-topiary-core-0.7.3' from 'https://cache.nixos.org'...
copying path '/nix/store/f7x45fh1glxr2q6ga0v40p0rg754xq36-cargo-src-wit-bindgen-0.46.0' from 'https://cache.nixos.org'...
copying path '/nix/store/8qba8rnhv085lrcqj46fywfin4z9pd00-cargo-src-xdg-2.5.2' from 'https://cache.nixos.org'...
copying path '/nix/store/ami8zr646sm2b8k4qc6mdsdk0wz24mch-cargo-src-yaml-rust-0.4.5' from 'https://cache.nixos.org'...
copying path '/nix/store/svjz5w644c52ab5whdry5996vllfkk1b-cargo-package-aligned-vec-0.6.4' from 'https://devenv.cachix.org'...
copying path '/nix/store/7jdmq4m8kprs5wfsfrr7z8y7qqslaqg2-cargo-src-clap_lex-0.7.5' from 'https://cache.nixos.org'...
copying path '/nix/store/dpl4dhv5kyz58sfp2cbsqnwacb3f160m-cargo-src-gix-hash-0.20.1' from 'https://cache.nixos.org'...
copying path '/nix/store/x1idfxri9qvmk8v9cgrapdharbsjspph-cargo-src-tinystr-0.8.1' from 'https://cache.nixos.org'...
copying path '/nix/store/lhyv2ri5ssq1mimi6p3s1xi6sf38hhrv-cargo-src-windows-link-0.1.3' from 'https://cache.nixos.org'...
building '/nix/store/hlzzadhxidkhk0hpzrd98r0nw48zviv2-cargo-package-colorchoice-1.0.4.drv'...
copying path '/nix/store/4l8rhpj73vphhh39b3l80aqfjgv6xpqc-cargo-src-tinyvec-1.10.0' from 'https://cache.nixos.org'...
copying path '/nix/store/9bd92nnxhzn4m8wja1ksc18ijvn8hi9f-cargo-src-wasm-bindgen-futures-0.4.50' from 'https://cache.nixos.org'...
copying 1 paths...
copying path '/nix/store/g2n7kx6pxfkn5i0g4mn9n4yic8pmz6h3-cargo-package-colorchoice-1.0.4' from 'ssh-ng://root@aspen1.local'...
building '/nix/store/y3gvdqgrcma77l8n722iz5fws4m7prz7-cargo-package-caseless-0.2.2.drv'...
building '/nix/store/qkgq8lgi784wrwaqpkka558dcapdrb9l-cargo-package-clipboard-win-5.4.1.drv'...
building '/nix/store/1ybb8hpx86k9x3j9lsgqqlvwh5pd2qw7-cargo-package-ena-0.14.3.drv'...
copying 1 paths...
copying path '/nix/store/wxsy5i60r57aspvbd2gd02ai4ymly378-cargo-package-ena-0.14.3' from 'ssh-ng://root@aspen1.local'...
building '/nix/store/x3mmw0a7h587svikamhxnbr06fmkngp8-cargo-package-fsevent-sys-4.1.0.drv'...
copying 1 paths...
copying path '/nix/store/r6j6p71gz896g2xmg8n3cnak0a3hx5cg-cargo-package-fsevent-sys-4.1.0' from 'ssh-ng://root@aspen1.local'...
building '/nix/store/qfcisrpr9csrn4zgjma1f4mpkl8xdaki-cargo-package-kqueue-sys-1.0.4.drv'...
building '/nix/store/sm8ir6dv6xbq9zh1y4ffylx06k4ab6l3-cargo-package-ordered-float-4.6.0.drv'...
building '/nix/store/267g72pgiks30kzz5q59fbm86nmji4g6-cargo-package-phf-0.11.3.drv'...
building '/nix/store/3di00k382a6mkwbm1nrf21iaqar5ph4n-cargo-package-tempfile-3.23.0.drv'...
building '/nix/store/a4vbpylmxlflfll608hlzppx8m725wxb-cargo-package-topiary-core-0.7.3.drv'...
building '/nix/store/gcqi2bsx2ykr0vhwjqi34wzd6z78li2a-cargo-package-xdg-2.5.2.drv'...
copying 1 paths...
copying path '/nix/store/v1x8q049pwiky5wp92w9ilhk1q720zas-cargo-package-xdg-2.5.2' from 'ssh-ng://root@aspen1.local'...
copying 1 paths...
copying path '/nix/store/67dxbh2z36bxqmnm97rya3gplanwqax1-cargo-package-caseless-0.2.2' from 'ssh-ng://root@aspen1.local'...
copying 1 paths...
copying path '/nix/store/an7bkhqflqbh1djkgg151z42f7x0ayjd-cargo-package-clipboard-win-5.4.1' from 'ssh-ng://root@aspen1.local'...
building '/nix/store/v6j9b9zsxl3xvmcigp7x2xz5ndhqz8ch-cargo-package-emojis-0.6.4.drv'...
copying 1 paths...
copying path '/nix/store/gy5v6mwsp4rvlk1ff1pc7w7bdkm29ga1-cargo-package-kqueue-sys-1.0.4' from 'ssh-ng://root@aspen1.local'...
copying 1 paths...
copying path '/nix/store/zmz930sbfw0vzyp94wrx1y5xczkbjxxj-cargo-package-ordered-float-4.6.0' from 'ssh-ng://root@aspen1.local'...
copying 1 paths...
copying path '/nix/store/ywkg9rq9ynq1iszprv1mwdbzsnabbvna-cargo-package-phf-0.11.3' from 'ssh-ng://root@aspen1.local'...
copying 1 paths...
copying path '/nix/store/pjn5740larzjcyqjwbgwf16lb7mv313l-cargo-package-tempfile-3.23.0' from 'ssh-ng://root@aspen1.local'...
copying 1 paths...
copying path '/nix/store/d9ldgs75mw3s51qg6vr3bn2s21q7f0vc-cargo-package-topiary-core-0.7.3' from 'ssh-ng://root@aspen1.local'...
building '/nix/store/kmzbicf1772jn04qhrl85p581wh3p8q9-cargo-package-wit-bindgen-0.46.0.drv'...
copying 1 paths...
copying path '/nix/store/pmzjg9zr3xm3lv07z1qcg0ayn6p9pkiy-cargo-package-wit-bindgen-0.46.0' from 'ssh-ng://root@aspen1.local'...
building '/nix/store/wamy46b7vbrhqzbw4z8a3ak9f6b4bkk9-cargo-package-yaml-rust-0.4.5.drv'...
copying 1 paths...
copying path '/nix/store/zzqxjdsbwcwx19hsfp2dqbrs47gfk5l6-cargo-package-yaml-rust-0.4.5' from 'ssh-ng://root@aspen1.local'...
building '/nix/store/b58nyrqia5f65xa7ksq25jnw5xw9ykc8-cargo-package-bytemuck-1.24.0.drv'...
copying 1 paths...
copying path '/nix/store/92lgrihjlxy58jarsqhj6971lam1rbdz-cargo-package-bytemuck-1.24.0' from 'ssh-ng://root@aspen1.local'...
building '/nix/store/2qrdr4dgwj83h1mh2gj0m9ahkk8kch6f-cargo-package-comrak-0.49.0.drv'...
copying 1 paths...
copying path '/nix/store/l7ap7lk243vcba3nr9m08gsvfjhwjh57-cargo-package-emojis-0.6.4' from 'ssh-ng://root@aspen1.local'...
building '/nix/store/2dr68sn6j3znvbiqm4dc1g2hw4xkcc5q-cargo-package-tinyvec-1.10.0.drv'...
copying 1 paths...
copying path '/nix/store/2vrcxp47q46xzq8gzyhhvdjbrybwbaxf-cargo-package-tinyvec-1.10.0' from 'ssh-ng://root@aspen1.local'...
copying 1 paths...
copying path '/nix/store/anpfpx44s3khzc2d5g35qvhs1l5b9pan-cargo-package-comrak-0.49.0' from 'ssh-ng://root@aspen1.local'...
building '/nix/store/mvd5ryzslapcmzmakp9r4a1y70hqms64-cargo-package-onig_sys-69.9.1.drv'...
copying 1 paths...
copying path '/nix/store/q6g5ibimchj0ixhkdh88p6sy6vn2m0b4-cargo-package-onig_sys-69.9.1' from 'ssh-ng://root@aspen1.local'...
building '/nix/store/6fns04pac3lk57h7dk8j3y4bsgqj2aj1-cargo-package-termimad-0.34.1.drv'...
copying 1 paths...
copying path '/nix/store/vxavd4n0wssna6fy491kzhgjamyjjdz8-cargo-package-termimad-0.34.1' from 'ssh-ng://root@aspen1.local'...
building '/nix/store/0ii0lv60zisr8rn9g3h9831fgly971yl-cargo-package-wasm-bindgen-futures-0.4.50.drv'...
building '/nix/store/92146rhi3dsg405zxikds38xc6jqc897-cargo-package-entities-1.0.1.drv' on 'ssh-ng://root@aspen1.local'...
building '/nix/store/yabalhczz0nkpvxrg7gnfqqbsccv3b4h-cargo-package-error-code-3.3.2.drv' on 'ssh-ng://root@aspen1.local'...
building '/nix/store/z5lpnka9sxxdvm3v2i13v6mpf2df7gsi-cargo-package-fmt2io-1.0.0.drv' on 'ssh-ng://root@aspen1.local'...
copying 1 paths...
copying path '/nix/store/2mr7pf9xgy4dcfm1f8vabab32r7qnbxq-cargo-package-wasm-bindgen-futures-0.4.50' from 'ssh-ng://root@aspen1.local'...
copying path '/nix/store/17pyh1rmqddk4hnna4fknxn8n6a5qsbj-cargo-package-quanta-0.12.6' from 'https://devenv.cachix.org'...
copying path '/nix/store/r9ffwsp6mpn2zsc6wdd6saqsv41fdz4d-cargo-package-memoffset-0.9.1' from 'https://devenv.cachix.org'...
copying path '/nix/store/h66zdrgzjqa6b7qnh1yd3rfwfn47k319-cargo-package-rand-0.9.4' from 'https://devenv.cachix.org'...
copying path '/nix/store/ivk372viwvr7gvkmqv3x4y8w597ykyxa-cargo-package-raw-cpuid-11.6.0' from 'https://devenv.cachix.org'...
copying path '/nix/store/vm6vp7zqh305f6919xdjnq33hwv0b1cg-cargo-package-similar-2.7.0' from 'https://devenv.cachix.org'...
copying path '/nix/store/2719qj0spki5sg2fl12zdzkipjpzq7y6-cargo-src-bstr-1.12.0' from 'https://cache.nixos.org'...
copying path '/nix/store/b4ll7n2vcxxxid9ixdhq710nn15hj2rz-cargo-src-bumpalo-3.19.0' from 'https://cache.nixos.org'...
copying path '/nix/store/ryza7gvaa9vgpkiz0yh6lw1zs69srwnf-cargo-src-bytesize-2.1.0' from 'https://cache.nixos.org'...
copying path '/nix/store/g380qj4qhz4cwm0s9h3gn5y7m47w840w-cargo-package-serde-wasm-bindgen-0.6.5' from 'https://devenv.cachix.org'...
copying path '/nix/store/140lg0zcsf7x0hsickrh40f2d0h148wl-cargo-src-cc-1.2.51' from 'https://cache.nixos.org'...
copying path '/nix/store/mvi44bp7h6jg5gnilim14jbnpj1aspnp-cargo-src-cxx-1.0.184' from 'https://cache.nixos.org'...
copying path '/nix/store/xr37j5pbiv1sv63dkqxzgdgi0msr7b3w-cargo-src-cxxbridge-macro-1.0.184' from 'https://cache.nixos.org'...
copying path '/nix/store/91q088lbjjiz4imvrgjrypbzr63d06x2-cargo-src-directories-6.0.0' from 'https://cache.nixos.org'...
copying path '/nix/store/wny7gpm4mvz5fxh21fcwdm26p2g38bdc-cargo-src-dirs-sys-0.5.0' from 'https://cache.nixos.org'...
copying path '/nix/store/d5d0vc8pbbw8ybd9wz0nlbw525wl6la3-cargo-src-crokey-1.3.0' from 'https://cache.nixos.org'...
building '/nix/store/cimnvalm2vzv6iwiwwml82xnv802hx05-cargo-package-clap_lex-0.7.5.drv' on 'ssh-ng://root@aspen1.local'...
building '/nix/store/qz7gw53z4zpdqjpzjrz9x3sin5009fk3-cargo-package-gix-hash-0.20.1.drv' on 'ssh-ng://root@aspen1.local'...
building '/nix/store/2kskl76x1saz3v25xqh41phqjrn46nyr-cargo-package-tinystr-0.8.1.drv' on 'ssh-ng://root@aspen1.local'...
building '/nix/store/8gfapp218a4f5p1ba9fqdn70q0m59pmr-cargo-package-windows-link-0.1.3.drv' on 'ssh-ng://root@aspen1.local'...
building '/nix/store/1j43xjbzc2dnq1bkj9yg8mgh9aa4r2rh-cargo-package-anstyle-1.0.13.drv' on 'ssh-ng://root@aspen1.local'...
copying path '/nix/store/bfbmc3hx7q139n7hrg2l376hn0hgxc0a-cargo-src-entities-1.0.1' from 'https://cache.nixos.org'...
copying path '/nix/store/5s4va35y3xbribn7gwl8xc18irr4jdda-cargo-src-error-code-3.3.2' from 'https://cache.nixos.org'...
copying path '/nix/store/5484g77jzqxsl7lswhipzr0kzy06bjb0-cargo-src-clap_builder-4.5.47' from 'https://cache.nixos.org'...
copying path '/nix/store/xvrgrknvnvxkgv8m4p0fj9pxr569rkv8-cargo-src-clap_complete-4.5.58' from 'https://cache.nixos.org'...
copying path '/nix/store/68jsc0nkaah242jy2v15kjbwzf52bk61-cargo-src-clru-0.6.2' from 'https://cache.nixos.org'...
copying path '/nix/store/l7gqlfi8banf8b1j690r03zl14y3m2sj-cargo-src-csv-1.3.1' from 'https://cache.nixos.org'...
copying path '/nix/store/m5p5r3rl66f0fx1r23m4kcl3vv6gmq56-cargo-src-doc-comment-0.3.3' from 'https://cache.nixos.org'...
copying path '/nix/store/wkz3z3sgqqysnjc45inj0qn2p2by1dpc-cargo-src-gix-diff-0.54.1' from 'https://cache.nixos.org'...
copying path '/nix/store/hz1srj99ykc81r4bqcg3i592sa8f72ks-cargo-src-gix-blame-0.4.0' from 'https://cache.nixos.org'...
copying path '/nix/store/0q8cbhmzry06f6pm8nxg0sqmln76wdbq-cargo-src-gix-command-0.6.3' from 'https://cache.nixos.org'...
copying path '/nix/store/844rxd25yc2w2b2a1bhrd1744md6f780-cargo-src-gix-date-0.10.7' from 'https://cache.nixos.org'...
copying path '/nix/store/xishd1hcisfykghqy9gin9mf8fgw0qcm-cargo-src-gix-dir-0.16.0' from 'https://cache.nixos.org'...
copying path '/nix/store/k4g6jpkllkib3a5g0zg1crszf78jmjwk-cargo-src-gix-actor-0.35.6' from 'https://cache.nixos.org'...
copying path '/nix/store/bz5nvygzqp6580vqcphm099wm56ydx5r-cargo-src-gix-features-0.44.1' from 'https://cache.nixos.org'...
copying path '/nix/store/di9pk6vazsaniiacz2klb7447al60240-cargo-src-gix-filter-0.21.0' from 'https://cache.nixos.org'...
copying path '/nix/store/bzsnyrck0wkx3bf5wq5ywn8b1d40lfqg-cargo-src-gix-fs-0.17.0' from 'https://cache.nixos.org'...
copying path '/nix/store/ygry4rb2j5x19w634vmnii5c9idlk1x2-cargo-src-gix-glob-0.22.1' from 'https://cache.nixos.org'...
copying path '/nix/store/c22x5wdidhm8avydk49sxn1kzhviswxh-cargo-src-gix-discover-0.42.0' from 'https://cache.nixos.org'...
building '/nix/store/gb9p9fld3y4sy61q5d9kj63bshn35z22-cargo-package-bstr-1.12.0.drv' on 'ssh-ng://root@aspen1.local'...
building '/nix/store/r0q2bd1pfqvpqkj8lp6as75va69z8l2l-cargo-package-bumpalo-3.19.0.drv' on 'ssh-ng://root@aspen1.local'...
building '/nix/store/c577ss31n4drsgc7i8fkdgx0vfsb4pww-cargo-package-bytesize-2.1.0.drv' on 'ssh-ng://root@aspen1.local'...
building '/nix/store/f90in4mnwz7xs2mdm98hbgpl7ph44gax-cargo-package-cc-1.2.51.drv' on 'ssh-ng://root@aspen1.local'...
building '/nix/store/cdnvldnvqbjvpv3l2lr0miwlw3w2bspq-cargo-package-crokey-1.3.0.drv' on 'ssh-ng://root@aspen1.local'...
building '/nix/store/lm4gjv90wmpyjfz3dvb4jhv40kv0ammd-cargo-package-cxx-1.0.184.drv' on 'ssh-ng://root@aspen1.local'...
building '/nix/store/1vrsj3ff356ligmz8q6szx1amf9q1qds-cargo-package-cxxbridge-macro-1.0.184.drv'...
building '/nix/store/vw8j4rac0sr7qsd310j6y42khzgayw0m-cargo-package-directories-6.0.0.drv'...
building '/nix/store/83dwrkyww8fnz8vi1p6n138nzdpipsrs-cargo-package-dirs-sys-0.5.0.drv'...
building '/nix/store/m5iaxd8w3p1kfvpqy9w6d2v99ncjfv9c-cargo-package-ahash-0.8.12.drv'...
copying path '/nix/store/kpxix4j4slc5ypnp6za8dpzsvlqm9kym-cargo-src-anstyle-1.0.13' from 'https://cache.nixos.org'...
copying path '/nix/store/7jdmq4m8kprs5wfsfrr7z8y7qqslaqg2-cargo-src-clap_lex-0.7.5' from 'https://cache.nixos.org'...
copying path '/nix/store/16i0qy272dx1y9hwk44gacnvsv41n8al-cargo-src-fmt2io-1.0.0' from 'https://cache.nixos.org'...
copying path '/nix/store/dpl4dhv5kyz58sfp2cbsqnwacb3f160m-cargo-src-gix-hash-0.20.1' from 'https://cache.nixos.org'...
copying path '/nix/store/x1idfxri9qvmk8v9cgrapdharbsjspph-cargo-src-tinystr-0.8.1' from 'https://cache.nixos.org'...
copying path '/nix/store/lhyv2ri5ssq1mimi6p3s1xi6sf38hhrv-cargo-src-windows-link-0.1.3' from 'https://cache.nixos.org'...
copying path '/nix/store/jvivry26r8qhxdb1frxwwfjhg163ymh0-cargo-src-cfg-if-1.0.3' from 'https://cache.nixos.org'...
copying path '/nix/store/m57pj6n4g8s2302x0sdsr70mz14sxzsq-cargo-src-deranged-0.5.3' from 'https://cache.nixos.org'...
copying path '/nix/store/b0zxqfjdz25k6sf1szh1i09wqgkswr3m-cargo-src-codespan-reporting-0.12.0' from 'https://cache.nixos.org'...
copying path '/nix/store/q8fy8qmmlkwj1zzpkn51c1a4nhm4rghv-cargo-src-getrandom-0.3.3' from 'https://cache.nixos.org'...
copying path '/nix/store/8854jrc6k2ys2vdsrasgnj81fj2vw7j8-cargo-src-gix-quote-0.6.1' from 'https://cache.nixos.org'...
copying path '/nix/store/bdb973dh5mgpf9xlrcs3jvw1v5shqxg3-cargo-src-env_logger-0.10.2' from 'https://cache.nixos.org'...
copying path '/nix/store/x28a0ryvy7p9d241cm02a96c600xwllp-cargo-src-derive_more-2.0.1' from 'https://cache.nixos.org'...
copying path '/nix/store/cnfknjh6kxppbpa3frrgci1dy3c0mirg-cargo-src-futures-macro-0.3.31' from 'https://cache.nixos.org'...
copying path '/nix/store/99d5jd5whavx5fhq5kbrpcg3hvciq2dp-cargo-src-futures-executor-0.3.31' from 'https://cache.nixos.org'...
copying path '/nix/store/rnk8zpblmj6c0zdjah372hvl0388j5jc-cargo-src-gix-chunk-0.4.12' from 'https://cache.nixos.org'...
copying path '/nix/store/p7ny3p8dhzkmr6hf222579vi3kz71rix-cargo-src-derive_more-impl-2.0.1' from 'https://cache.nixos.org'...
copying path '/nix/store/b2w577gnqzp1m5fx8ncl9jhdksada402-cargo-src-gix-hashtable-0.10.0' from 'https://cache.nixos.org'...
copying path '/nix/store/pr63ja0ajk48a23gipg8j2f8xs21n9ya-cargo-src-gix-ignore-0.17.1' from 'https://cache.nixos.org'...
copying path '/nix/store/qk0njipqn7m7vja1gbyfvhhy2fjfp1k0-cargo-src-gix-prompt-0.11.2' from 'https://cache.nixos.org'...
copying path '/nix/store/d7qmfa16bfx981yp2b6girqyrbw4i12x-cargo-src-gix-protocol-0.52.1' from 'https://cache.nixos.org'...
copying path '/nix/store/17h3l4l876df15vxbbmf683rnmp24h3s-cargo-src-document-features-0.2.11' from 'https://cache.nixos.org'...
building '/nix/store/adsk3qs3qzr4pm4vf2hljlg0d8pz2560-cargo-package-clap_builder-4.5.47.drv' on 'ssh-ng://root@aspen1.local'...
building '/nix/store/kg3xmxz8aa4zcn2rr4k03kqlb8g361g9-cargo-package-clap_complete-4.5.58.drv' on 'ssh-ng://root@aspen1.local'...
copying path '/nix/store/2719qj0spki5sg2fl12zdzkipjpzq7y6-cargo-src-bstr-1.12.0' from 'https://cache.nixos.org'...
copying path '/nix/store/b4ll7n2vcxxxid9ixdhq710nn15hj2rz-cargo-src-bumpalo-3.19.0' from 'https://cache.nixos.org'...
copying path '/nix/store/ryza7gvaa9vgpkiz0yh6lw1zs69srwnf-cargo-src-bytesize-2.1.0' from 'https://cache.nixos.org'...
copying path '/nix/store/140lg0zcsf7x0hsickrh40f2d0h148wl-cargo-src-cc-1.2.51' from 'https://cache.nixos.org'...
copying path '/nix/store/d5d0vc8pbbw8ybd9wz0nlbw525wl6la3-cargo-src-crokey-1.3.0' from 'https://cache.nixos.org'...
copying path '/nix/store/mvi44bp7h6jg5gnilim14jbnpj1aspnp-cargo-src-cxx-1.0.184' from 'https://cache.nixos.org'...
copying path '/nix/store/jgkpbyhlsc98s1wfl35nb0hcxfabrhwq-cargo-src-assert_cmd-2.0.17' from 'https://cache.nixos.org'...
copying path '/nix/store/8n94wybaj1crzd7qxgs4fbk000a0m6zr-cargo-src-gix-ref-0.54.1' from 'https://cache.nixos.org'...
copying path '/nix/store/2jhn083pc0wa1w3vdsk2brc7aji3zfkz-cargo-src-gix-refspec-0.32.0' from 'https://cache.nixos.org'...
copying path '/nix/store/ran80k5rp511fadvihcd5scq85idc0sz-cargo-src-gix-status-0.21.1' from 'https://cache.nixos.org'...
copying path '/nix/store/i8c3bimyz5zm413virgl18fq52pamgg2-cargo-src-hyper-util-0.1.17' from 'https://cache.nixos.org'...
copying path '/nix/store/chypz2fl6ys8x48q023yw7c3n8vj1awk-cargo-src-indexmap-2.11.4' from 'https://cache.nixos.org'...
copying path '/nix/store/lqd3np69vyp3ivi1vn8ifvfz2dg99in0-cargo-src-logos-derive-0.16.0' from 'https://cache.nixos.org'...
copying path '/nix/store/6cvd3ahi3v0p13hch1a7f0x23zym2i3v-cargo-src-lsp-types-0.95.1' from 'https://cache.nixos.org'...
copying path '/nix/store/lz81sisi5q4y9g9vd2412gs691vccacf-cargo-src-malachite-0.9.0' from 'https://cache.nixos.org'...
copying path '/nix/store/23jcqmfra6pzsckbgagv8czjpj84zdmn-cargo-src-malachite-nz-0.9.0' from 'https://cache.nixos.org'...
copying path '/nix/store/mwj2ywma4xf5p50l1kn66frfsvvqdnf1-cargo-src-malachite-base-0.9.0' from 'https://cache.nixos.org'...
copying path '/nix/store/3l85z7xwkvy4dv7lknwq8y8sh4zbs0b1-cargo-src-parking_lot-0.12.4' from 'https://cache.nixos.org'...
copying path '/nix/store/pjmlbkhvws451n60j4bv72dqsasghz9p-cargo-src-portable-atomic-1.11.1' from 'https://cache.nixos.org'...
copying path '/nix/store/i4q2aghwvrsx5m83i590kxi2iwqkhgjf-cargo-src-pyo3-build-config-0.24.2' from 'https://cache.nixos.org'...
copying path '/nix/store/8zxpb0ckghnhsxqrrl1xalk37csmpls1-cargo-src-pyo3-ffi-0.24.2' from 'https://cache.nixos.org'...
copying path '/nix/store/7bkswzdx379brh82pjxpg96sb6l0b011-cargo-src-serde_core-1.0.225' from 'https://cache.nixos.org'...
building '/nix/store/hrbna0nh4hz10sadnq64fq53ycbzypq1-cargo-package-bit-set-0.5.3.drv'...
building '/nix/store/9rh0z59br4mxblp5j5fcw47nschgggwq-cargo-package-console-0.15.11.drv'...
building '/nix/store/81yrdx944hw8y623j374xagl6z243bnl-cargo-package-onig-6.5.1.drv'...
copying path '/nix/store/5484g77jzqxsl7lswhipzr0kzy06bjb0-cargo-src-clap_builder-4.5.47' from 'https://cache.nixos.org'...
copying path '/nix/store/xvrgrknvnvxkgv8m4p0fj9pxr569rkv8-cargo-src-clap_complete-4.5.58' from 'https://cache.nixos.org'...
building '/nix/store/92146rhi3dsg405zxikds38xc6jqc897-cargo-package-entities-1.0.1.drv'...
building '/nix/store/yabalhczz0nkpvxrg7gnfqqbsccv3b4h-cargo-package-error-code-3.3.2.drv'...
copying 1 paths...
copying path '/nix/store/x2m657i460p6dzd4jc2rfbigqjy75l47-cargo-src-addr2line-0.24.2' from 'https://cache.nixos.org'...
copying path '/nix/store/w73pybqhzrk775w0ay9p5qm0c0cjf7vm-cargo-src-aho-corasick-1.1.3' from 'https://cache.nixos.org'...
copying path '/nix/store/dzzgp1y9433m54zyv8cmvmqk1jcjzkby-cargo-src-anstyle-wincon-3.0.10' from 'https://cache.nixos.org'...
copying path '/nix/store/qvcdld673c30mcnk92yiqx2m8s5zh9b0-cargo-src-anstyle-query-1.1.4' from 'https://cache.nixos.org'...
copying path '/nix/store/yi2xiyh9nfb79wr298p2113v2yq83y77-cargo-src-anstream-0.6.20' from 'https://cache.nixos.org'...
copying path '/nix/store/jj6lsgfx3hx21qvvsdbxghgi3qcisv6y-cargo-src-arbtest-0.3.2' from 'https://cache.nixos.org'...
copying path '/nix/store/hanlfdis24vgsn9hfs652d3z0b4kf3y8-cargo-src-anyhow-1.0.99' from 'https://cache.nixos.org'...
copying path '/nix/store/ccw2c9ylzdvq8c84870g95hzakjqbpn4-cargo-src-arc-swap-1.7.1' from 'https://cache.nixos.org'...
copying path '/nix/store/a3s2l1cp8xf63f74bvqwd1n6pg3px2fr-cargo-src-archery-1.2.1' from 'https://cache.nixos.org'...
copying path '/nix/store/hgxl86pclvav7hkhfc7mmxpbblr19br9-cargo-src-assert_matches-1.5.0' from 'https://cache.nixos.org'...
copying path '/nix/store/2p5z2i2cfm049ivd8cb7wmjavsj62m18-cargo-src-backtrace-0.3.75' from 'https://cache.nixos.org'...
copying path '/nix/store/kl56fg97aaz7bcrr1aix7y8i2awcvdad-cargo-src-bincode-2.0.1' from 'https://cache.nixos.org'...
copying path '/nix/store/jfhb47szjg67bkqf829f00ssv54j5zhb-cargo-src-bincode_derive-2.0.1' from 'https://cache.nixos.org'...
copying path '/nix/store/sg08bs9nyvgx4m1m28m84jyiavjrw88v-cargo-src-bitflags-2.9.4' from 'https://cache.nixos.org'...
building '/nix/store/9jy7snqc0bqirw2j6na1ps5j9b4d35zn-cargo-package-bit-vec-0.6.3.drv' on 'ssh-ng://root@aspen1.local'...
building '/nix/store/8ylk5lccmkfaf2m4qv45f1zi0fdznwd4-cargo-package-anstyle-parse-0.2.7.drv' on 'ssh-ng://root@aspen1.local'...
building '/nix/store/hm2d8cz7j5fgci0zh9lnaz6lnlm8z58p-cargo-package-kqueue-1.1.1.drv'...
building '/nix/store/1j43xjbzc2dnq1bkj9yg8mgh9aa4r2rh-cargo-package-anstyle-1.0.13.drv'...
building '/nix/store/cimnvalm2vzv6iwiwwml82xnv802hx05-cargo-package-clap_lex-0.7.5.drv'...
copying 1 paths...
copying path '/nix/store/56skc5m1v6v5c30b9x83l1qdhx3yjq7j-cargo-package-clap_lex-0.7.5' from 'ssh-ng://root@aspen1.local'...
copying 1 paths...
copying path '/nix/store/lni9vnmrhc9z54dz5qw9ssck87xs6859-cargo-package-entities-1.0.1' from 'ssh-ng://root@aspen1.local'...
copying path '/nix/store/glmqqdnd4j815hcfg5a4x7299xw3qn13-cargo-package-error-code-3.3.2' from 'ssh-ng://root@aspen1.local'...
building '/nix/store/z5lpnka9sxxdvm3v2i13v6mpf2df7gsi-cargo-package-fmt2io-1.0.0.drv'...
copying 1 paths...
copying path '/nix/store/zkpmi9gmqr49awcip1wa7kc0646599ra-cargo-package-fmt2io-1.0.0' from 'ssh-ng://root@aspen1.local'...
building '/nix/store/qz7gw53z4zpdqjpzjrz9x3sin5009fk3-cargo-package-gix-hash-0.20.1.drv'...
building '/nix/store/2kskl76x1saz3v25xqh41phqjrn46nyr-cargo-package-tinystr-0.8.1.drv'...
building '/nix/store/8gfapp218a4f5p1ba9fqdn70q0m59pmr-cargo-package-windows-link-0.1.3.drv'...
copying 1 paths...
copying path '/nix/store/gzi196jb5qpywzx5db66w5zly5klh9nw-cargo-package-windows-link-0.1.3' from 'ssh-ng://root@aspen1.local'...
copying path '/nix/store/47ik8ljjgxdv07mpdrqpkz2d12xc4nz1-cargo-src-gix-sec-0.12.2' from 'https://cache.nixos.org'...
copying path '/nix/store/sci80ywalgm0i5396zm9rv1p05fp3vsx-cargo-src-gix-trace-0.1.15' from 'https://cache.nixos.org'...
copying path '/nix/store/i7055kgb8xj06xc2ldhgwk38i5y12pkk-cargo-src-gix-tempfile-19.0.1' from 'https://cache.nixos.org'...
copying path '/nix/store/3dandffs9yw1h40hrkbmj223sl3a2bls-cargo-src-gix-submodule-0.21.0' from 'https://cache.nixos.org'...
copying path '/nix/store/zi0pzy0bnqg5lv6gb1l5r9vl7gk3r06m-cargo-src-gix-transport-0.49.1' from 'https://cache.nixos.org'...
copying path '/nix/store/bzh3r06kga5jmnlns744p1y0wvv4gdpv-cargo-src-home-0.5.11' from 'https://cache.nixos.org'...
copying path '/nix/store/8492g0855nsz6waqnz3lymfx8jai74n5-cargo-src-gix-validate-0.10.1' from 'https://cache.nixos.org'...
copying path '/nix/store/fdqlivjhnpa7hql39alilickapywc4if-cargo-src-gix-worktree-0.43.1' from 'https://cache.nixos.org'...
copying path '/nix/store/6a3ysr5k0yg06w957f0lhh1kyyhlm2k8-cargo-src-h2-0.4.12' from 'https://cache.nixos.org'...
copying path '/nix/store/qsvfywcwydc21lanwj8fpg4a42h32rmh-cargo-src-gix-worktree-state-0.21.0' from 'https://cache.nixos.org'...
copying path '/nix/store/ii7kkw763n2ly5grcb3rcmwd2zk00k4c-cargo-src-half-2.6.0' from 'https://cache.nixos.org'...
copying path '/nix/store/0xf0j5ay35r78q0sklyvb9d0sgfjj37r-cargo-src-hashbrown-0.16.0' from 'https://cache.nixos.org'...
copying path '/nix/store/67zdb3bafbm3p09w7bvx0cyv4nvk3mqd-cargo-src-gix-url-0.33.1' from 'https://cache.nixos.org'...
copying path '/nix/store/mgk98kc8q7dn00kiqwiz8q559jj7vrh5-cargo-src-http-1.3.1' from 'https://cache.nixos.org'...
copying path '/nix/store/8y9xnza6vlbsp7f3ka6b9w50m5zkjhk0-cargo-src-human_format-1.1.0' from 'https://cache.nixos.org'...
copying path '/nix/store/0fqsxg2y22sp1b16x2g8r5b4gchh3hvq-cargo-src-hyper-1.7.0' from 'https://cache.nixos.org'...
building '/nix/store/5qj689yrx5l30qgc9f8vg4f45z87bwi1-cargo-package-coolor-1.1.0.drv'...
building '/nix/store/qdcsrmh39rg7x7yl3y1vipzpsk273azm-cargo-package-debugid-0.8.0.drv'...
copying 1 paths...
copying path '/nix/store/n4gpyr1ak6x7rrp0r3wa949cz55rlzpx-cargo-package-anstyle-1.0.13' from 'ssh-ng://root@aspen1.local'...
copying path '/nix/store/8l4wc7dnqzssqd1svclpp8dsg597ijha-cargo-src-bit-vec-0.6.3' from 'https://cache.nixos.org'...
building '/nix/store/c577ss31n4drsgc7i8fkdgx0vfsb4pww-cargo-package-bytesize-2.1.0.drv'...
copying 1 paths...
copying 1 paths...
copying path '/nix/store/zy804asj86xkmvz14hg5ql9j4kwm6l7p-cargo-package-gix-hash-0.20.1' from 'ssh-ng://root@aspen1.local'...
copying 1 paths...
copying path '/nix/store/h7mxdmfa06v0fvby6zdfxkb9m3lf7fql-cargo-package-tinystr-0.8.1' from 'ssh-ng://root@aspen1.local'...
copying path '/nix/store/zbl3hymkmxa40f9mr8bkliwys0rmhzgn-cargo-src-icu_provider-2.0.0' from 'https://cache.nixos.org'...
copying path '/nix/store/40xhb2wf81cky2zxiwkq3bhq4548iyap-cargo-src-inferno-0.11.21' from 'https://cache.nixos.org'...
copying path '/nix/store/5bk3qkw3lswg3km8fcpi80rbd6inigx6-cargo-src-indoc-2.0.6' from 'https://cache.nixos.org'...
copying path '/nix/store/q50n7kbpfbfxfvq9mhlx3c96igcr83f2-cargo-src-inotify-0.11.0' from 'https://cache.nixos.org'...
copying path '/nix/store/wngwvl57zjcn1br3cy0ykchscalylc50-cargo-src-insta-1.43.2' from 'https://cache.nixos.org'...
copying path '/nix/store/568fg1qyyqb93mdz6vwvn7lbydnixszm-cargo-src-serde_json-1.0.145' from 'https://cache.nixos.org'...
copying path '/nix/store/md6xdy9bkr5dyjfbj46idq1fjsyvf6ki-cargo-src-target-lexicon-0.13.3' from 'https://cache.nixos.org'...
copying path '/nix/store/4p4cgjhhczpmcd4bnqmrvqanshbx62vw-cargo-src-term-1.2.0' from 'https://cache.nixos.org'...
copying path '/nix/store/dk7z9jpkmd45x5qq78zpw1z3sizwwgx9-cargo-src-windows_aarch64_gnullvm-0.53.0' from 'https://cache.nixos.org'...
copying path '/nix/store/nnh2w78am623if2g5vkzv6v8iib8v2ql-cargo-src-windows_i686_gnu-0.53.0' from 'https://cache.nixos.org'...
building '/nix/store/vzam2wnjhmaix99xpm9qvkxxj79iw30g-cargo-package-gix-sec-0.12.2.drv'...
building '/nix/store/r0q2bd1pfqvpqkj8lp6as75va69z8l2l-cargo-package-bumpalo-3.19.0.drv'...
copying path '/nix/store/dh37glb0pz2ksav3mfzq4p3apmvl2w2h-cargo-package-bytesize-2.1.0' from 'ssh-ng://root@aspen1.local'...
building '/nix/store/f90in4mnwz7xs2mdm98hbgpl7ph44gax-cargo-package-cc-1.2.51.drv'...
building '/nix/store/cdnvldnvqbjvpv3l2lr0miwlw3w2bspq-cargo-package-crokey-1.3.0.drv'...
copying 1 paths...
copying path '/nix/store/wnywcm8rlzva9n1fnygh5grb1x2mqqmf-cargo-package-crokey-1.3.0' from 'ssh-ng://root@aspen1.local'...
copying path '/nix/store/rxhl952qpdh915kh4j0ajgdhpmkgf2k5-cargo-src-io-uring-0.7.10' from 'https://cache.nixos.org'...
copying path '/nix/store/spqx1dl65f1x0kjn6dabcsbvb9mikkjj-cargo-src-toml_edit-0.24.0+spec-1.1.0' from 'https://cache.nixos.org'...
copying path '/nix/store/3n0bg2j32jlc7lj553rrmf6vhxgdmjg8-cargo-src-url-2.5.7' from 'https://cache.nixos.org'...
copying path '/nix/store/81mf8nrjlly5hg5jv6gm7lnmg7fsf9sx-cargo-src-uuid-1.18.1' from 'https://cache.nixos.org'...
copying path '/nix/store/hhalgcns2409sa5finrp0hxpwdcs162g-cargo-src-version-ranges-0.1.1' from 'https://cache.nixos.org'...
copying path '/nix/store/xzjw4v0jz28b6irdbjzk9ivig4l38mdj-cargo-src-virtue-0.0.18' from 'https://cache.nixos.org'...
copying path '/nix/store/wgkwdby5nah6m6vhd6ncg6rzrr9f5ca1-cargo-src-wasi-0.14.7+wasi-0.2.4' from 'https://cache.nixos.org'...
copying path '/nix/store/p6rl0mhza4zg55iakmn90arwmvf3rgna-cargo-src-wasip2-1.0.1+wasi-0.2.4' from 'https://cache.nixos.org'...
copying path '/nix/store/w74ywkxzadj3pf5hxm3sq0hd05bys49c-cargo-src-webpki-roots-1.0.2' from 'https://cache.nixos.org'...
copying path '/nix/store/k4ky0nz6l5lhnc4bgy19xmpz1b1zd0p0-cargo-src-wide-0.8.3' from 'https://cache.nixos.org'...
copying path '/nix/store/03czia9rbadkymmgli5yr1shmyfhl42p-cargo-src-windows-registry-0.5.3' from 'https://cache.nixos.org'...
copying path '/nix/store/vc3dg6gdsr5fqpirm74zj15sskqknglp-cargo-src-windows-result-0.3.4' from 'https://cache.nixos.org'...
copying path '/nix/store/nfxwzcka7skg7h5p65m9a1bnaafhhmaz-cargo-src-windows-strings-0.4.2' from 'https://cache.nixos.org'...
copying path '/nix/store/w6q6shamnik38hmwfnbls22f9nr5994k-cargo-src-windows-targets-0.53.3' from 'https://cache.nixos.org'...
building '/nix/store/slb8hsq4jr5q6p7nhcrnjpi5wmczr0zr-cargo-package-gix-validate-0.10.1.drv'...
building '/nix/store/d9723qncav19kcxspjhfvrv8vpr6r2af-cargo-package-h2-0.4.12.drv' on 'ssh-ng://root@aspen1.local'...
building '/nix/store/7apw49n1is1bk3vc9z8n1x4p27lxjb6r-cargo-package-gix-submodule-0.21.0.drv' on 'ssh-ng://root@aspen1.local'...
building '/nix/store/cvnxgbg2lwrs8dmm0j2m5z44pm294aay-cargo-package-gix-tempfile-19.0.1.drv' on 'ssh-ng://root@aspen1.local'...
building '/nix/store/8ylk5lccmkfaf2m4qv45f1zi0fdznwd4-cargo-package-anstyle-parse-0.2.7.drv'...
copying 1 paths...
copying path '/nix/store/g53hgydkq9w6q3n05441mv6gi33849xx-cargo-package-anstyle-parse-0.2.7' from 'ssh-ng://root@aspen1.local'...
copying 1 paths...
copying path '/nix/store/j5a5x3jagz1qgx1z5dy9agxwk4vzp9m9-cargo-package-bumpalo-3.19.0' from 'ssh-ng://root@aspen1.local'...
copying 1 paths...
copying path '/nix/store/14j3q5jfqp7k7qg9k1rlaa6xs3yfg9n9-cargo-package-cc-1.2.51' from 'ssh-ng://root@aspen1.local'...
building '/nix/store/kg3xmxz8aa4zcn2rr4k03kqlb8g361g9-cargo-package-clap_complete-4.5.58.drv'...
copying 1 paths...
copying path '/nix/store/flp73k81wsw94nkv0hixbq7s6lx47lz3-cargo-package-clap_complete-4.5.58' from 'ssh-ng://root@aspen1.local'...
copying path '/nix/store/5cc6636wqyl8dyafxn95sbk64rm3j8qv-cargo-src-rpds-1.1.1' from 'https://cache.nixos.org'...
copying path '/nix/store/pp1czynaqxbk0kc6dr05jgj3za1i41ga-cargo-src-rustix-1.1.2' from 'https://cache.nixos.org'...
copying path '/nix/store/vqbmz4zcn5vi9ynanj74b14y3isssyd4-cargo-src-terminal_size-0.4.3' from 'https://cache.nixos.org'...
copying path '/nix/store/avd8v4cz0qgmn2fl7k33zf3vbmdrvln7-cargo-src-rustls-0.23.31' from 'https://cache.nixos.org'...
copying path '/nix/store/av8qfpwly1fwczdan353vs6qx1avr8br-cargo-src-thiserror-2.0.17' from 'https://cache.nixos.org'...
copying path '/nix/store/viyi3947mm1743wkv21y379x33xabg4w-cargo-src-test-generator-0.3.1' from 'https://cache.nixos.org'...
copying path '/nix/store/fhv5239x6gisxaqv6xqysirakmj14i8l-cargo-src-zerovec-0.11.4' from 'https://cache.nixos.org'...
copying path '/nix/store/7imsdm4s8fq3z898ys9ivmis4r7msklq-cargo-src-thiserror-impl-2.0.17' from 'https://cache.nixos.org'...
copying path '/nix/store/dzn9wwx84f5vh94gz5iybrk5xb52ni1b-cargo-src-tokio-rustls-0.26.2' from 'https://cache.nixos.org'...
copying path '/nix/store/2mwmlrcm64q5kdf13skrgshx3m6k4scy-cargo-src-toml-0.9.6' from 'https://cache.nixos.org'...
copying path '/nix/store/0x4508v7zp2dr1aawimmc5sfscysfv3s-cargo-src-windows_i686_gnullvm-0.53.0' from 'https://cache.nixos.org'...
copying path '/nix/store/7g9ja8d0pdbpw492s5in869zhfp1r6vx-cargo-src-zerocopy-derive-0.8.27' from 'https://cache.nixos.org'...
copying path '/nix/store/58d10m5977w5nx1nyxyrwzrfsr7i97rf-cargo-src-zerovec-derive-0.11.1' from 'https://cache.nixos.org'...
copying path '/nix/store/23yl002sz5pf1byydqdpsddxwpzqdy2c-cargo-src-zlib-rs-0.5.2' from 'https://cache.nixos.org'...
copying path '/nix/store/gc3c481jq9yxh402pf25d7grp8xiikzb-cargo-src-zerotrie-0.2.2' from 'https://cache.nixos.org'...
copying path '/nix/store/4s9xw0b2jifii44a7mfna907xifyp4ky-clippy-1.91.1-x86_64-unknown-linux-gnu.tar.xz' from 'https://cache.nixos.org'...
building '/nix/store/64yl9p6w43189sj8skyrqnywlf55jbmg-cargo-package-gix-url-0.33.1.drv'...
building '/nix/store/q7r0ybqwa3lgbbir4zi1rf45k6vgk6mw-cargo-package-hyper-1.7.0.drv'...
building '/nix/store/9jy7snqc0bqirw2j6na1ps5j9b4d35zn-cargo-package-bit-vec-0.6.3.drv'...
building '/nix/store/adsk3qs3qzr4pm4vf2hljlg0d8pz2560-cargo-package-clap_builder-4.5.47.drv'...
building '/nix/store/lm4gjv90wmpyjfz3dvb4jhv40kv0ammd-cargo-package-cxx-1.0.184.drv'...
copying 1 paths...
copying path '/nix/store/jdfcz8db0nvxkpmaq8n60jz9lx6y1mmh-cargo-package-cxx-1.0.184' from 'ssh-ng://root@aspen1.local'...
copying path '/nix/store/3dandffs9yw1h40hrkbmj223sl3a2bls-cargo-src-gix-submodule-0.21.0' from 'https://cache.nixos.org'...
copying path '/nix/store/i7055kgb8xj06xc2ldhgwk38i5y12pkk-cargo-src-gix-tempfile-19.0.1' from 'https://cache.nixos.org'...
copying path '/nix/store/6a3ysr5k0yg06w957f0lhh1kyyhlm2k8-cargo-src-h2-0.4.12' from 'https://cache.nixos.org'...
copying path '/nix/store/x9ddfj6sp4x1jhnjnfgjm81kzbdkgnfa-cargo-src-icu_locale_core-2.0.0' from 'https://cache.nixos.org'...
copying path '/nix/store/3rlv69x4qazl8s5faw0zdi549fwydlz9-cargo-src-icu_collections-2.0.0' from 'https://cache.nixos.org'...
copying path '/nix/store/mjrg3d6253wcxkhp84vjih4f62zyl87q-cargo-src-icu_normalizer-2.0.0' from 'https://cache.nixos.org'...
copying path '/nix/store/f3cpxkwpk1lga7sgbrvd07djph5vdp2s-cargo-src-icu_normalizer_data-2.0.0' from 'https://cache.nixos.org'...
copying path '/nix/store/l5b5k3hx173lijhzrnic48v145ws7xnn-cargo-src-icu_properties_data-2.0.1' from 'https://cache.nixos.org'...
copying path '/nix/store/rcwf6j1kby117pwn2lc0sv6y54zlfby0-cargo-src-windows_x86_64_gnu-0.53.0' from 'https://cache.nixos.org'...
copying path '/nix/store/cq2x8v3a9jn392n0xjqwk8ppid8zqjka-cargo-src-yoke-derive-0.8.0' from 'https://cache.nixos.org'...
copying path '/nix/store/inmngb3hz5izhasby9rc88r7shykjyai-cargo-src-windows_x86_64_gnullvm-0.53.0' from 'https://cache.nixos.org'...
copying path '/nix/store/8r1xanv0bdxrf0icb8i81vidlqiyqa5q-cargo-src-windows_x86_64_msvc-0.53.0' from 'https://cache.nixos.org'...
copying path '/nix/store/q0zgm8dq664dq9cnr47jrf9zxi7vlhcb-cargo-src-winnow-0.7.13' from 'https://cache.nixos.org'...
copying path '/nix/store/qjwdyrjjzsnh56b0sv0mbd5q40i3ppm4-cargo-src-ryu-1.0.20' from 'https://cache.nixos.org'...
copying path '/nix/store/3is24pa33qbb24gjn68d423pm2zyzz3a-cargo-src-writeable-0.6.1' from 'https://cache.nixos.org'...
copying path '/nix/store/8ldrqgblk3mamrj1zwh3xwhpgqshaxrg-cargo-src-yoke-0.8.0' from 'https://cache.nixos.org'...
copying path '/nix/store/mzzdpvi2wzwq9xlyyidz3jw7d19yb778-cargo-src-zerocopy-0.8.27' from 'https://cache.nixos.org'...
building '/nix/store/zr8v4h97iykglgmf63k4jzjgsvnaycid-cargo-package-http-1.3.1.drv' on 'ssh-ng://root@aspen1.local'...
building '/nix/store/fnr5kialb5y8iz09p3my6a357magsnij-cargo-package-human_format-1.1.0.drv'...
building '/nix/store/8y74ajlq5y4c0w27rwslihjxq0514ba5-cargo-package-half-2.6.0.drv'...
copying 1 paths...
copying path '/nix/store/j45lldh1z913xqmdvjgn6yl7hws9scfr-cargo-package-bit-vec-0.6.3' from 'ssh-ng://root@aspen1.local'...
building '/nix/store/gb9p9fld3y4sy61q5d9kj63bshn35z22-cargo-package-bstr-1.12.0.drv'...
copying 1 paths...
copying 1 paths...
copying path '/nix/store/v5jr9ln7y8gqa12pa4429dly1a4s1ccy-cargo-package-clap_builder-4.5.47' from 'ssh-ng://root@aspen1.local'...
copying path '/nix/store/zvips4yfgnpsfzayafd8zhj6j74gqgv2-cargo-src-gix-revision-0.36.1' from 'https://cache.nixos.org'...
copying path '/nix/store/cqd98jalx7z2gr04dsri4sy08zshjr21-cargo-src-gix-shallow-0.6.0' from 'https://cache.nixos.org'...
copying path '/nix/store/v055p6kkfhmjp9f6r674xr2kyk3brw1j-cargo-src-malachite-float-0.9.0' from 'https://cache.nixos.org'...
copying path '/nix/store/wmy88wyswmz9w0iqhagiz2i6dz5pkfa4-cargo-src-gix-revwalk-0.22.0' from 'https://cache.nixos.org'...
copying path '/nix/store/ag3lah22z2ak1njdlfjp92q3ghyp44k2-cargo-src-owo-colors-4.2.2' from 'https://cache.nixos.org'...
copying path '/nix/store/655bgwdxglrbwd1kwgcgxsdn59qv0f1s-cargo-src-rustls-pki-types-1.12.0' from 'https://cache.nixos.org'...
copying path '/nix/store/pmrzyhn6qrrqhdbvrz0l7di2xhx9ddic-cargo-src-serde-1.0.225' from 'https://cache.nixos.org'...
copying path '/nix/store/3kb7bxwyn485m1yhfpikk20phh3hqjmg-cargo-src-serde_derive-1.0.225' from 'https://cache.nixos.org'...
copying path '/nix/store/4qmnjwbizj6i0r7lqfr8xg7wn6q7758k-cargo-src-zeroize-1.8.1' from 'https://cache.nixos.org'...
copying path '/nix/store/wbnl5fna63wcxngnhdh7zhzqrkgq059a-cargo-src-gix-worktree-stream-0.23.0' from 'https://cache.nixos.org'...
copying path '/nix/store/z0f4qd2f6g63qp053ira2030vsv9aq79-cargo-src-gix-traverse-0.48.0' from 'https://cache.nixos.org'...
copying path '/nix/store/fmr36spxciyzij371jbc05hgsa77iz9d-cargo-src-option-ext-0.2.0' from 'https://cache.nixos.org'...
copying path '/nix/store/lwiaav1ylcdks0lk83lbpr3hyivbl2sj-cargo-src-parking_lot_core-0.9.11' from 'https://cache.nixos.org'...
copying path '/nix/store/5gyx8m1phy3l7ps1si490b8qfvnjpjs4-cargo-src-tokio-util-0.7.16' from 'https://cache.nixos.org'...
copying path '/nix/store/rnzlvr349yq1aqlinflfkfs0n0n3ck0j-cargo-src-windows_i686_msvc-0.53.0' from 'https://cache.nixos.org'...
copying path '/nix/store/g1323cc15wgzf7agjf3p4f64cgic30jw-cargo-src-windows_aarch64_msvc-0.53.0' from 'https://cache.nixos.org'...
building '/nix/store/ladq72ka0360sijp6flcwj5k0d27nzxh-cargo-package-hashbrown-0.16.0.drv' on 'ssh-ng://root@aspen1.local'...
building '/nix/store/497qfq6dc0iv8k2wyicm260jkh8zbd7w-cargo-package-icu_collections-2.0.0.drv' on 'ssh-ng://root@aspen1.local'...
building '/nix/store/bld2r6zzy5qx2ahw1zmcvnb8322xid5m-cargo-package-icu_locale_core-2.0.0.drv' on 'ssh-ng://root@aspen1.local'...
building '/nix/store/sn9w26hk47wmm1mbrx1ls44widaky5r2-cargo-package-icu_normalizer-2.0.0.drv'...
copying path '/nix/store/nqh4k48s2zlcsvl1ygs0y81g2y3mc7rf-cargo-package-bstr-1.12.0' from 'ssh-ng://root@aspen1.local'...
copying path '/nix/store/mgk98kc8q7dn00kiqwiz8q559jj7vrh5-cargo-src-http-1.3.1' from 'https://cache.nixos.org'...
copying path '/nix/store/srfjvv049px0hnm4j1igl88zrl3jnj2y-cargo-src-is-terminal-0.4.16' from 'https://cache.nixos.org'...
copying path '/nix/store/z86jl64ig4jlxkagy2dg3lnjfzqc00hn-cargo-src-iri-string-0.7.8' from 'https://cache.nixos.org'...
copying path '/nix/store/b2v0zpkpgdwyb548kn1i4ksbiqxpzsfk-cargo-src-itoa-1.0.15' from 'https://cache.nixos.org'...
copying path '/nix/store/4qw53y9py6jln7ljsnj1kg7vlih72flf-cargo-src-jiff-static-0.2.15' from 'https://cache.nixos.org'...
copying path '/nix/store/jarlfi66ycizbwszqpmf2azkw7h9ps5x-cargo-src-jiff-0.2.15' from 'https://cache.nixos.org'...
copying path '/nix/store/fxa8cg5vzigq146cn0h8a3wamfcjd1m5-cargo-src-lazy-regex-3.4.1' from 'https://cache.nixos.org'...
copying path '/nix/store/30sn2w2d18ahzks35ici2liqyn72cchr-cargo-src-jiff-tzdb-0.1.4' from 'https://cache.nixos.org'...
copying path '/nix/store/qwfing7i4b5s50n0n1p0jplxc5dq8mx5-cargo-src-lazy-regex-proc_macros-3.4.1' from 'https://cache.nixos.org'...
copying path '/nix/store/f4h13m3yvhq88xddmx5ff6sxkcp7cwib-cargo-src-libc-0.2.177' from 'https://cache.nixos.org'...
copying path '/nix/store/y6fhn0rq1r6f8wpgn8fb4ipzvnf14rkq-cargo-src-libm-0.2.15' from 'https://cache.nixos.org'...
copying path '/nix/store/n8iicrliqj6ji4kh78xavvingdqg3iz8-cargo-src-libredox-0.1.10' from 'https://cache.nixos.org'...
copying path '/nix/store/y61bp04ljpwa7yz7bidn3dd78hvgaapr-cargo-src-libtest-mimic-0.8.1' from 'https://cache.nixos.org'...
copying path '/nix/store/4p55f20km4rf7dw2gvndvm3442nfjhw0-cargo-src-lsp-server-0.7.9' from 'https://cache.nixos.org'...
copying path '/nix/store/m7xrabaj2h3zxm3jj01l2gc2s1yqm471-cargo-src-rgb-0.8.52' from 'https://cache.nixos.org'...
copying path '/nix/store/vc5gcxpavbg1fpqqzjsdqdjcnayvff2g-cargo-src-safe_arch-0.9.3' from 'https://cache.nixos.org'...
copying path '/nix/store/zj5j20wqnqh2a88ls6n8kx64ydphjm0l-cargo-src-scratch-1.0.9' from 'https://cache.nixos.org'...
building '/nix/store/qr8k5wlbqhkm1vhqbbfy8wifb042c8dy-cargo-package-winnow-0.7.13.drv' on 'ssh-ng://root@aspen1.local'...
building '/nix/store/6nb3iibj1brbjk3cnji75d7s9zs5ky8b-clippy-preview-1.91.1-x86_64-unknown-linux-gnu.drv'...
building '/nix/store/7apw49n1is1bk3vc9z8n1x4p27lxjb6r-cargo-package-gix-submodule-0.21.0.drv'...
building '/nix/store/cvnxgbg2lwrs8dmm0j2m5z44pm294aay-cargo-package-gix-tempfile-19.0.1.drv'...
copying path '/nix/store/0xf0j5ay35r78q0sklyvb9d0sgfjj37r-cargo-src-hashbrown-0.16.0' from 'https://cache.nixos.org'...
copying path '/nix/store/3rlv69x4qazl8s5faw0zdi549fwydlz9-cargo-src-icu_collections-2.0.0' from 'https://cache.nixos.org'...
copying path '/nix/store/x9ddfj6sp4x1jhnjnfgjm81kzbdkgnfa-cargo-src-icu_locale_core-2.0.0' from 'https://cache.nixos.org'...
copying path '/nix/store/6ydmhcrnqypawn9y9qyc7szxk1ifzn25-cargo-src-bon-3.7.2' from 'https://cache.nixos.org'...
copying path '/nix/store/m230dmflvkmd9s7hc7s9nngh3b0wr2wz-cargo-src-convert_case-0.7.1' from 'https://cache.nixos.org'...
copying path '/nix/store/s19w9g4yi42bnk0f135mj14bs2n0j7w5-cargo-src-clap-4.5.47' from 'https://cache.nixos.org'...
copying path '/nix/store/7y9q43h1dvd4jb08m06prgvwjhg8fc1z-cargo-src-bon-macros-3.7.2' from 'https://cache.nixos.org'...
copying path '/nix/store/lzrcdaa27ax103jw25087fqnkxq8wpv0-cargo-src-cpp_demangle-0.4.4' from 'https://cache.nixos.org'...
copying path '/nix/store/izqp00yb4dzpvzgj3kmczyn6s3pmjl99-cargo-src-libz-rs-sys-0.5.2' from 'https://cache.nixos.org'...
copying path '/nix/store/n31d9f0jb5gc0vys1s7iahmf7yqnb7pg-cargo-src-link-cplusplus-1.0.12' from 'https://cache.nixos.org'...
copying path '/nix/store/rp307r2z95niw2nzgqqnk492nc3c8kh2-cargo-src-litemap-0.8.0' from 'https://cache.nixos.org'...
copying path '/nix/store/f2629i3pbllfg17wy7m7pnya02w75y6q-cargo-src-lock_api-0.4.13' from 'https://cache.nixos.org'...
copying path '/nix/store/a8ihgdkk18fbfhdbvnxm2fj3gyzzbygx-cargo-src-litrs-0.4.2' from 'https://cache.nixos.org'...
copying path '/nix/store/40fni6wn84x0n503f2qmza6dwr484kj9-cargo-src-malachite-q-0.9.0' from 'https://cache.nixos.org'...
copying path '/nix/store/c16gm4hy2bnfd3j06686laf98cbvw7g1-cargo-src-memmap2-0.9.8' from 'https://cache.nixos.org'...
copying path '/nix/store/sfj5fbbwwdmvdy2nq4cfq2l2xcanfx5j-cargo-src-metrics-util-0.19.1' from 'https://cache.nixos.org'...
copying path '/nix/store/3p4d6p406q00nzc0sbzfkpz20vnx18vp-cargo-src-quote-1.0.40' from 'https://cache.nixos.org'...
copying path '/nix/store/m560n21zzi7cf4zvapwb0x3dq39qcgyb-cargo-src-redox_syscall-0.5.17' from 'https://cache.nixos.org'...
copying path '/nix/store/503psa3jsyq5y63chy84vj0i7h0vbidq-cargo-src-redox_users-0.5.2' from 'https://cache.nixos.org'...
building '/nix/store/ypvjs8ybmlz50xbprhg3ijlfsd25kij9-cargo-package-windows_x86_64_gnullvm-0.53.0.drv'...
building '/nix/store/dfpqq1f5fwkr7m3a6dz0q379v91zqwms-cargo-package-windows_x86_64_msvc-0.53.0.drv'...
copying 1 paths...
copying path '/nix/store/diawivnmvfk5vpa5n0p30fsmnywp002f-cargo-package-gix-submodule-0.21.0' from 'ssh-ng://root@aspen1.local'...
copying 1 paths...
copying path '/nix/store/j6k2w50v5q35lwbkvpc298byav7bv35z-cargo-package-gix-tempfile-19.0.1' from 'ssh-ng://root@aspen1.local'...
copying path '/nix/store/q0zgm8dq664dq9cnr47jrf9zxi7vlhcb-cargo-src-winnow-0.7.13' from 'https://cache.nixos.org'...
copying path '/nix/store/svj7c2g9k4cw1vld74lqfqj8m6m6di89-cargo-src-crokey-proc_macros-1.3.0' from 'https://cache.nixos.org'...
copying path '/nix/store/dzfp1v5k969452i4k1czs9q8chggp1an-cargo-src-mio-1.0.4' from 'https://cache.nixos.org'...
copying path '/nix/store/ybz99niiwnhhp7vafsm0byciiza5i93n-cargo-src-nix-0.26.4' from 'https://cache.nixos.org'...
copying path '/nix/store/0svvpzkfdsggk7xn7ylrdqsgnjkighsa-cargo-src-notify-8.2.0' from 'https://cache.nixos.org'...
copying path '/nix/store/ccrgbmdl36xczp73dck3vq16fvns4vz2-cargo-src-notify-debouncer-full-0.6.0' from 'https://cache.nixos.org'...
copying path '/nix/store/mhgnh9jqxd4i87cxrfqmi7g2wj24yzf6-cargo-src-notify-types-2.0.0' from 'https://cache.nixos.org'...
copying path '/nix/store/5myncc06fai6dmz12yr7ax6f49fjcv2j-cargo-src-num-conv-0.2.0' from 'https://cache.nixos.org'...
copying path '/nix/store/y76vmgz2zzjlil6sqgfgvic9qd0lj7gi-cargo-src-once_cell_polyfill-1.70.1' from 'https://cache.nixos.org'...
copying path '/nix/store/7pwsxcmdigf4rcpwimqdns49s002ixsp-cargo-src-portable-atomic-util-0.2.4' from 'https://cache.nixos.org'...
copying path '/nix/store/mazqhjrjvjxgfigv52mw15cg1zgz9x8f-cargo-src-pprof-0.15.0' from 'https://cache.nixos.org'...
copying path '/nix/store/zgnz6kqgdb7cjc941zyxyacs7r6g3np6-cargo-src-potential_utf-0.1.3' from 'https://cache.nixos.org'...
copying path '/nix/store/rgn6wy51zrfrbiwjm14v6bql8hmlhfss-cargo-src-predicates-3.1.3' from 'https://cache.nixos.org'...
copying path '/nix/store/p61b66rn29k0m82i207avn3yh1kqxwri-cargo-src-reqwest-0.12.23' from 'https://cache.nixos.org'...
copying path '/nix/store/fh5jpank0akwiqkadd5jijsr52lfnsnc-cargo-src-predicates-core-1.0.9' from 'https://cache.nixos.org'...
building '/nix/store/2wxjqlrqahhxx64wbjxp69p8zv32x8z8-cargo-package-windows_x86_64_gnu-0.53.0.drv' on 'ssh-ng://root@aspen1.local'...
building '/nix/store/svbmbwlpb0vw0a1r9n5kf4q5wd2jfd8f-cargo-package-yoke-0.8.0.drv'...
building '/nix/store/d9723qncav19kcxspjhfvrv8vpr6r2af-cargo-package-h2-0.4.12.drv'...
copying 1 paths...
copying path '/nix/store/m7qfzsmigfjvns31nam3mndxmfx80a5s-cargo-package-h2-0.4.12' from 'ssh-ng://root@aspen1.local'...
copying path '/nix/store/n5gjasxwjv4p2r532kws7l6k9h99mmxa-cargo-src-predicates-tree-1.0.12' from 'https://cache.nixos.org'...
copying path '/nix/store/fvq813z44216xvahnsd7y6wzhxg1x4lq-cargo-src-priority-queue-2.6.0' from 'https://cache.nixos.org'...
copying path '/nix/store/08vymq0am5p08zbhq6686ml01acankvi-cargo-src-proc-macro2-1.0.101' from 'https://cache.nixos.org'...
copying path '/nix/store/6qv0m2kh58pbdfb3dfdk1cyz1klgln16-cargo-src-pretty-0.12.4' from 'https://cache.nixos.org'...
copying path '/nix/store/v8mynxy6scwy17ac3p6795s6m55zb18f-cargo-src-prodash-30.0.1' from 'https://cache.nixos.org'...
copying path '/nix/store/6gwds3cgvl4wlbv1ls1xq9xssar9512v-cargo-src-proc-macro2-0.4.30' from 'https://cache.nixos.org'...
copying path '/nix/store/nxv6iqsw9alzjwjxzd5vz604r0xccksw-cargo-src-pubgrub-0.3.0' from 'https://cache.nixos.org'...
copying path '/nix/store/vv1x8675araih74w5qpf3m78b5kdmfc4-cargo-src-pyo3-0.24.2' from 'https://cache.nixos.org'...
copying path '/nix/store/csiigf7r7s3kabm7smp2j7sg352n86z4-cargo-src-pyo3-macros-0.24.2' from 'https://cache.nixos.org'...
copying path '/nix/store/qmk50mgc6w6c1aiwv5ipmkriff49b52j-cargo-src-pyo3-macros-backend-0.24.2' from 'https://cache.nixos.org'...
copying path '/nix/store/w40qss55ajsy8x4h62d3h0balnrrx8wy-cargo-src-quick-xml-0.26.0' from 'https://cache.nixos.org'...
copying path '/nix/store/skicbspyzrgh6x5nmczwsvnbmhynfhy7-cargo-src-quick-xml-0.38.3' from 'https://cache.nixos.org'...
copying path '/nix/store/4abxxn418bcc4j41dahrs9x96xvvkib9-cargo-src-quote-0.6.13' from 'https://cache.nixos.org'...
copying path '/nix/store/4kac3yq6jw74ibrbcqarwwagsgc4mn5a-cargo-src-regex-syntax-0.8.6' from 'https://cache.nixos.org'...
copying path '/nix/store/pspnaxd467mglf50jlckjv478ibwsw6a-rust-std-1.91.1-x86_64-unknown-linux-musl.tar.xz' from 'https://cache.nixos.org'...
copying path '/nix/store/pnrknk1d0r89hr70c5x9yy6zjkcjghgv-rustfmt-1.91.1-x86_64-unknown-linux-gnu.tar.xz' from 'https://cache.nixos.org'...
building '/nix/store/zr8v4h97iykglgmf63k4jzjgsvnaycid-cargo-package-http-1.3.1.drv'...
copying path '/nix/store/rcwf6j1kby117pwn2lc0sv6y54zlfby0-cargo-src-windows_x86_64_gnu-0.53.0' from 'https://cache.nixos.org'...
building '/nix/store/9njdn9snqdgag1iycmsfxiprayzisyrd-cargo-package-icu_normalizer_data-2.0.0.drv' on 'ssh-ng://root@aspen1.local'...
building '/nix/store/l90b203zqk8a2zap7j1k4kdx8803pi79-cargo-package-ryu-1.0.20.drv'...
building '/nix/store/s90fkq2zz0zqrglgi7axbwp5zfmj0mgw-cargo-package-icu_properties_data-2.0.1.drv'...
copying 1 paths...
copying path '/nix/store/ci1hxkn8vl53g8a6mppqibwrzvdw3gb2-cargo-package-http-1.3.1' from 'ssh-ng://root@aspen1.local'...
building '/nix/store/497qfq6dc0iv8k2wyicm260jkh8zbd7w-cargo-package-icu_collections-2.0.0.drv'...
copying 1 paths...
building '/nix/store/bld2r6zzy5qx2ahw1zmcvnb8322xid5m-cargo-package-icu_locale_core-2.0.0.drv'...
copying 1 paths...
copying path '/nix/store/dqy885lvs7xlx23m61nsackcyaw7p7y8-cargo-src-gix-pathspec-0.13.0' from 'https://cache.nixos.org'...
copying path '/nix/store/6l3yf689ynv4wqfz2p7v3dbp5vjd2b4b-cargo-src-logos-codegen-0.16.0' from 'https://cache.nixos.org'...
copying path '/nix/store/2w374qv89z4bf0ai5hwlngb32fmbv4g2-cargo-src-icu_properties-2.0.1' from 'https://cache.nixos.org'...
copying path '/nix/store/9cxnhsjpr9zdsvddq85hqma48fp2lk01-cargo-src-logos-0.16.0' from 'https://cache.nixos.org'...
copying path '/nix/store/4yyns08ns3f5d8a686pmpll660hp8z6l-cargo-src-metrics-0.24.2' from 'https://cache.nixos.org'...
copying path '/nix/store/jx00rf88scczhzrhwxaxajlfinz984p0-cargo-src-tower-http-0.6.6' from 'https://cache.nixos.org'...
copying path '/nix/store/53jl6h5g2qndp0a46pmpv2yv255i4wyg-cargo-src-symbolic-demangle-12.16.2' from 'https://cache.nixos.org'...
copying path '/nix/store/1f81din3724w8kxyrh49gh3npl76dcnd-cargo-src-system-configuration-0.6.1' from 'https://cache.nixos.org'...
copying path '/nix/store/b6m7dfz31cw4xcx5qj0zxsfg5ar08yvl-cargo-src-tower-0.5.2' from 'https://cache.nixos.org'...
copying path '/nix/store/9h1fdsg8y8abz5vsiqp9xszhq4v4fri6-cargo-src-num-format-0.4.4' from 'https://cache.nixos.org'...
copying path '/nix/store/40ay95z79r5azgcni8350m5a7fw4if2c-cargo-src-tracing-core-0.1.34' from 'https://cache.nixos.org'...
copying path '/nix/store/jjfn4sayfs13ynv13i6nga0pmjj8c1h3-rust-docs-1.91.1-x86_64-unknown-linux-gnu.tar.xz' from 'https://cache.nixos.org'...
copying path '/nix/store/82kr6jah0z1kijx061p0mj816x1hznha-cargo-src-syn-0.15.44' from 'https://cache.nixos.org'...
copying path '/nix/store/0x543j6x3ggjnvda0qcz4aqn7z4ps2jx-cargo-src-syn-2.0.106' from 'https://cache.nixos.org'...
copying path '/nix/store/xx6yjjg10xpn8dack4n658a6kpk320fz-cargo-src-syntect-5.2.0' from 'https://cache.nixos.org'...
building '/nix/store/c8p59l3i22qfnra814066hpc75rx516p-cargo-package-rpds-1.1.1.drv'...
building '/nix/store/ladq72ka0360sijp6flcwj5k0d27nzxh-cargo-package-hashbrown-0.16.0.drv'...
copying 1 paths...
copying path '/nix/store/9zig40iraf82rh1flbrcayy8a1jh0dy9-cargo-package-icu_collections-2.0.0' from 'ssh-ng://root@aspen1.local'...
copying path '/nix/store/cvmwyadfyf7ldxqlp1xzzzilw4x9w906-cargo-package-icu_locale_core-2.0.0' from 'ssh-ng://root@aspen1.local'...
copying path '/nix/store/f3cpxkwpk1lga7sgbrvd07djph5vdp2s-cargo-src-icu_normalizer_data-2.0.0' from 'https://cache.nixos.org'...
copying path '/nix/store/8a9m7xzf1dkhcbg8dnnrnp3yvvr1wjym-cargo-src-cxxbridge-cmd-1.0.184' from 'https://cache.nixos.org'...
copying path '/nix/store/zgcr943f4h2avmgq2mhpbm7llg2l39h1-cargo-src-cxxbridge-flags-1.0.184' from 'https://cache.nixos.org'...
copying path '/nix/store/vbhgz2y7ib990n84z1r8yxgmc425r3rn-cargo-src-escape8259-0.5.3' from 'https://cache.nixos.org'...
copying path '/nix/store/kk27nqsqwwd2vzzvzcsn0cn67qzplbkp-cargo-src-gix-config-0.47.1' from 'https://cache.nixos.org'...
copying path '/nix/store/9i1d1dwkr6q6vk5lkn08dccqs94g8z9g-cargo-src-gix-negotiate-0.22.0' from 'https://cache.nixos.org'...
copying path '/nix/store/w3is36hy91vnm0f0r9in1fzgkky7vki5-cargo-src-serde_repr-0.1.20' from 'https://cache.nixos.org'...
copying path '/nix/store/h50hb92hn2r8cpyaabcnmn5vqyid5kr3-cargo-src-gix-object-0.51.1' from 'https://cache.nixos.org'...
copying path '/nix/store/70s0fi9ygvsz7cnq22nxf85r5bw34yki-cargo-src-tree-sitter-language-0.1.5' from 'https://cache.nixos.org'...
copying path '/nix/store/3bx2fv00pp1zfb4rr9n21qxcnhxdj4wb-cargo-src-triomphe-0.1.14' from 'https://cache.nixos.org'...
copying path '/nix/store/zassih7x4qsx04f8h8gvi4ddmnlakmlr-cargo-src-typenum-1.18.0' from 'https://cache.nixos.org'...
copying path '/nix/store/hbrsb77dziwasxip1ry3nshmdainwwn8-cargo-src-tree-sitter-0.26.3' from 'https://cache.nixos.org'...
building '/nix/store/wk3vjl94d6vvf15y0idf3hjr2l4zkalm-rustfmt-preview-1.91.1-x86_64-unknown-linux-gnu.drv'...
building '/nix/store/m6z9w2v7yv9j4xj94rmnbfxllgb5jhyk-cargo-package-gix-pathspec-0.13.0.drv' on 'ssh-ng://root@aspen1.local'...
copying path '/nix/store/3wv2q02qvyi4skmpjf8ggg2awa3f1wz9-cargo-package-hashbrown-0.16.0' from 'ssh-ng://root@aspen1.local'...
building '/nix/store/qr8k5wlbqhkm1vhqbbfy8wifb042c8dy-cargo-package-winnow-0.7.13.drv'...
copying path '/nix/store/32jg66wfabwwhm5vv87p2m1dfhswwy14-cargo-src-file-id-0.2.3' from 'https://cache.nixos.org'...
copying path '/nix/store/vj8slga5r0h82yck1dcvf1wz2nn77yp6-cargo-src-filetime-0.2.26' from 'https://cache.nixos.org'...
copying path '/nix/store/kgda3ljbc17lrnmqqfb63hb6cwj2yhpx-cargo-src-gix-config-value-0.15.3' from 'https://cache.nixos.org'...
copying path '/nix/store/s93gcaidczdgp0vzfvgq97p7q4d6h2n0-cargo-src-getrandom-0.2.16' from 'https://cache.nixos.org'...
copying path '/nix/store/cnn6rb6rggsisq65mq91ws229h4sq90x-cargo-src-gix-credentials-0.31.1' from 'https://cache.nixos.org'...
copying path '/nix/store/lxkgmxhw57jsdlw9jdlskk2k04mshbvn-cargo-src-gix-index-0.42.1' from 'https://cache.nixos.org'...
copying path '/nix/store/qsbp38inydhwbpnw2z2z4ykh72fcb12s-cargo-src-gix-mailmap-0.27.4' from 'https://cache.nixos.org'...
copying path '/nix/store/b1kyk5vq5iyd8w0nx66fyx733fmjv7lg-cargo-src-gix-odb-0.71.1' from 'https://cache.nixos.org'...
copying path '/nix/store/0y2q3x45fww7w1d47x423dhxh00l8dib-cargo-src-gix-pack-0.61.1' from 'https://cache.nixos.org'...
copying path '/nix/store/dj7bii88jr5pll06j9wnlq28i9vblr6g-cargo-src-gix-packetline-blocking-0.19.3' from 'https://cache.nixos.org'...
copying path '/nix/store/pyh6ig5g3vql8bimdjygy5zm1bhxab65-cargo-src-serde_spanned-1.0.2' from 'https://cache.nixos.org'...
copying path '/nix/store/ihkqnmdzal4mgvd47a7cfz8gwcjzgzas-cargo-src-gix-packetline-0.19.3' from 'https://cache.nixos.org'...
copying path '/nix/store/dj17cl9s721q9h0lsxz3805yx561j7ww-cargo-src-serde_with-3.14.0' from 'https://cache.nixos.org'...
copying path '/nix/store/4bfk49xqhxkrzqr8ssd98sqmp0d97a9l-cargo-src-str_stack-0.1.0' from 'https://cache.nixos.org'...
building '/nix/store/9rhfx24nimbs26q378vipynfbn1p60hv-cargo-package-cxxbridge-cmd-1.0.184.drv'...
building '/nix/store/iryy3gsxn6cn2p40m8abb4xaj98s1bgx-cargo-package-cxxbridge-flags-1.0.184.drv'...
copying path '/nix/store/dqy885lvs7xlx23m61nsackcyaw7p7y8-cargo-src-gix-pathspec-0.13.0' from 'https://cache.nixos.org'...
copying 1 paths...
copying path '/nix/store/j26jarw399il7wq98s72y0mmrycf91sw-cargo-package-winnow-0.7.13' from 'ssh-ng://root@aspen1.local'...
copying path '/nix/store/w4bk2khs1ny5g9vhsc2gk1zjh381h8md-cargo-src-csv-core-0.1.12' from 'https://cache.nixos.org'...
copying path '/nix/store/6ps41j6wrpa51171fxmkvwv89p1z5klx-cargo-src-flate2-1.1.2' from 'https://cache.nixos.org'...
copying path '/nix/store/bnarlm40s6f7rdwyaqr23f2g4s5lk0dp-cargo-src-gix-lock-19.0.0' from 'https://cache.nixos.org'...
copying path '/nix/store/l737gk7v40m4w5rrja1aa7cgzqpg4qrh-cargo-src-findshlibs-0.10.2' from 'https://cache.nixos.org'...
copying path '/nix/store/mwsrh5k33yvv52jb2dkflis7h6f34g34-cargo-src-gix-0.74.1' from 'https://cache.nixos.org'...
copying path '/nix/store/ba60c6hh2dpywkvdpcyknscwnkaygzmk-cargo-src-find-msvc-tools-0.1.6' from 'https://cache.nixos.org'...
copying path '/nix/store/4y5b8dc4pmm0z8k8l45ns7yrkwms6jd9-cargo-src-gix-path-0.10.21' from 'https://cache.nixos.org'...
copying path '/nix/store/n20mlh6x5i4zp8035xjq0a12hy1f0lf3-cargo-src-serde_with_macros-3.14.0' from 'https://cache.nixos.org'...
copying path '/nix/store/48ayaz2pndj1rmqdb7xx2ydr53psr9sm-cargo-src-signal-hook-registry-1.4.6' from 'https://cache.nixos.org'...
copying path '/nix/store/h2y7kln0nmy9v954fss987sjlqprvvdq-cargo-src-sketches-ddsketch-0.3.0' from 'https://cache.nixos.org'...
copying path '/nix/store/iddyxl1a17fww3z5fhk599zm4953fjhb-cargo-src-slab-0.4.11' from 'https://cache.nixos.org'...
building '/nix/store/776xn6h7z0cr5jx4vlmx91h4hfr82kcm-cargo-package-serde_repr-0.1.20.drv' on 'ssh-ng://root@aspen1.local'...
building '/nix/store/04s1pzy7phpbqf23daa90lxyf9vrhkxx-cargo-package-logos-codegen-0.16.0.drv'...
copying path '/nix/store/nhw34jrikcfqa6w76n2j82acnvyj71h9-cargo-src-cxx-build-1.0.184' from 'https://cache.nixos.org'...
copying path '/nix/store/pwb0jzawnshc74hk6kfy4bjj7alm2qn7-cargo-src-gix-attributes-0.28.1' from 'https://cache.nixos.org'...
copying path '/nix/store/nfbvyfb2gg8f951q8119qdkzr585whbp-cargo-src-git-version-0.3.9' from 'https://cache.nixos.org'...
copying path '/nix/store/pihlw30a3ck9av2wr88j543jqyciicyw-cargo-src-git-version-macro-0.3.9' from 'https://cache.nixos.org'...
copying path '/nix/store/c4knk6c8sg6nqaw5s2m3f1jxqrzgal4y-cargo-src-gix-archive-0.23.1' from 'https://cache.nixos.org'...
copying path '/nix/store/gcjr98lh6z3ffzp7cl5yjh3ks6dvfkjk-cargo-src-gix-bitmap-0.2.15' from 'https://cache.nixos.org'...
copying path '/nix/store/j4i93y6cjzdp1s6xa35azcbw78xkqq51-cargo-src-unicode-normalization-0.1.24' from 'https://cache.nixos.org'...
copying path '/nix/store/5gzlnqa7h83bkindibggnp2sri3r9q3f-cargo-src-gix-commitgraph-0.30.1' from 'https://cache.nixos.org'...
copying path '/nix/store/4sygq29v7nkk10j8ylkv9jcbk6xfc04x-cargo-src-shell-words-1.1.0' from 'https://cache.nixos.org'...
copying path '/nix/store/pbav7yp16pphsd9kh9xcang96ipi9bs0-cargo-src-signal-hook-mio-0.2.4' from 'https://cache.nixos.org'...
copying path '/nix/store/immi8qhs63z74gvghgwqzzkscarp1b7z-cargo-src-symbolic-common-12.16.2' from 'https://cache.nixos.org'...
copying path '/nix/store/87vmbl4n4f3db6pw91awmvvs3wlivm6w-cargo-src-unicode-ident-1.0.19' from 'https://cache.nixos.org'...
copying path '/nix/store/rlap3ix4i1zxdj27cx3vca1msj19vbzm-cargo-src-unicode-width-0.2.1' from 'https://cache.nixos.org'...
copying path '/nix/store/1yqh5b50znyr32zawdx62cssk9b9a9gm-cargo-src-unicode-xid-0.1.0' from 'https://cache.nixos.org'...
copying path '/nix/store/1b603k344pi0n8c9xg24n2hrr1qh2rnn-cargo-src-unindent-0.2.4' from 'https://cache.nixos.org'...
copying path '/nix/store/pj80vqdgz7lm8ivi33pj35g04h6gllfa-cargo-src-unty-0.0.4' from 'https://cache.nixos.org'...
building '/nix/store/w7gjby1gqgminyjs1csylnskznb96xv1-cargo-package-csv-core-0.1.12.drv' on 'ssh-ng://root@aspen1.local'...
building '/nix/store/9n9dq4sj06jnscssbqcljqcyxw82ij0x-cargo-package-find-msvc-tools-0.1.6.drv' on 'ssh-ng://root@aspen1.local'...
building '/nix/store/9njdn9snqdgag1iycmsfxiprayzisyrd-cargo-package-icu_normalizer_data-2.0.0.drv'...
copying 1 paths...
copying path '/nix/store/w3is36hy91vnm0f0r9in1fzgkky7vki5-cargo-src-serde_repr-0.1.20' from 'https://cache.nixos.org'...
building '/nix/store/r5lvxnrpfwd1r96v8m30x9y9csiaais2-cargo-package-escape8259-0.5.3.drv'...
building '/nix/store/gwxf626f1x83fs9k4pc33ppx1hncrx1h-cargo-package-logos-0.16.0.drv'...
building '/nix/store/gs9crg155r78mjfp08dm54q5imb7jhnb-cargo-package-symbolic-demangle-12.16.2.drv'...
copying path '/nix/store/w4bk2khs1ny5g9vhsc2gk1zjh381h8md-cargo-src-csv-core-0.1.12' from 'https://cache.nixos.org'...
copying path '/nix/store/ba60c6hh2dpywkvdpcyknscwnkaygzmk-cargo-src-find-msvc-tools-0.1.6' from 'https://cache.nixos.org'...
building '/nix/store/m6z9w2v7yv9j4xj94rmnbfxllgb5jhyk-cargo-package-gix-pathspec-0.13.0.drv'...
copying path '/nix/store/9mm1y19fw2mqh307iz6w0jx0rg0rfhc2-cargo-package-icu_normalizer_data-2.0.0' from 'ssh-ng://root@aspen1.local'...
building '/nix/store/0ig7kbbxc9nbbbgwaif9rygimdhh8rph-cargo-package-logos-derive-0.16.0.drv'...
copying 1 paths...
copying path '/nix/store/d50d4wg038b9himgdjniygd1mnf4lywa-cargo-package-gix-pathspec-0.13.0' from 'ssh-ng://root@aspen1.local'...
building '/nix/store/xiydfm45rjhbw0zgpymzisll41pgi1qi-cargo-package-malachite-base-0.9.0.drv' on 'ssh-ng://root@aspen1.local'...
building '/nix/store/i9vx24a0d97js3l9k361dvdj1507him5-cargo-package-malachite-nz-0.9.0.drv'...
building '/nix/store/6pg1v5f4q37czns4xl1cki7qga2axmib-cargo-package-quote-0.6.13.drv'...
building '/nix/store/776xn6h7z0cr5jx4vlmx91h4hfr82kcm-cargo-package-serde_repr-0.1.20.drv'...
copying 1 paths...
building '/nix/store/dljqyjk3pzy2bn1l0xg4i7phqvzaxcqz-cargo-package-syn-0.15.44.drv'...
building '/nix/store/w7gjby1gqgminyjs1csylnskznb96xv1-cargo-package-csv-core-0.1.12.drv'...
building '/nix/store/9n9dq4sj06jnscssbqcljqcyxw82ij0x-cargo-package-find-msvc-tools-0.1.6.drv'...
copying path '/nix/store/mwj2ywma4xf5p50l1kn66frfsvvqdnf1-cargo-src-malachite-base-0.9.0' from 'https://cache.nixos.org'...
copying path '/nix/store/6z2032b235d2brky5cik663zspmiy70a-cargo-package-serde_repr-0.1.20' from 'ssh-ng://root@aspen1.local'...
building '/nix/store/bq9n262pg9phg99zz3b425ck344q175b-cargo-package-quick-xml-0.38.3.drv' on 'ssh-ng://root@aspen1.local'...
building '/nix/store/58skaiaqd4lpy6yk28vp0nifz4i9dqyr-cargo-package-quick-xml-0.26.0.drv'...
copying 1 paths...
copying path '/nix/store/gsxm1s2j3m4p15cm4cafmp7pk7i8jim7-cargo-package-csv-core-0.1.12' from 'ssh-ng://root@aspen1.local'...
copying 1 paths...
copying path '/nix/store/nj5m31dlg9if3x53vwq620b47zf6ny3v-cargo-package-find-msvc-tools-0.1.6' from 'ssh-ng://root@aspen1.local'...
building '/nix/store/id0184s8j2ncr904b0yr7c4i6lsk40ks-cargo-package-metrics-0.24.2.drv'...
building '/nix/store/kfp84pqm4ljvn7jlhyyxxz0538llg0q6-cargo-package-writeable-0.6.1.drv'...
copying path '/nix/store/skicbspyzrgh6x5nmczwsvnbmhynfhy7-cargo-src-quick-xml-0.38.3' from 'https://cache.nixos.org'...
building '/nix/store/2wxjqlrqahhxx64wbjxp69p8zv32x8z8-cargo-package-windows_x86_64_gnu-0.53.0.drv'...
copying 1 paths...
copying path '/nix/store/r6538ksc7l8nnzkb1d64llk0d8nw0wzh-cargo-package-windows_x86_64_gnu-0.53.0' from 'ssh-ng://root@aspen1.local'...
building '/nix/store/b8cbla98w4qzwqkl6x48mjalg958v3h3-cargo-package-pyo3-macros-backend-0.24.2.drv'...
building '/nix/store/il7kkjc2nsil1z5hdm3cy387z5j6kdj6-cargo-package-pyo3-0.24.2.drv'...
building '/nix/store/4pfnp04v8lvpsmz07kps9kq1ky6ly99m-cargo-package-num-format-0.4.4.drv'...
building '/nix/store/276f5m4s39q8cx737bxakjq2ry7kw0sx-cargo-package-pyo3-macros-0.24.2.drv'...
building '/nix/store/2wvl8l7283cpbx1nb1vgirmp5l3vxdr0-cargo-package-webpki-roots-1.0.2.drv' on 'ssh-ng://root@aspen1.local'...
building '/nix/store/wxzryc1im6c48wp3w9hvqi9pd3p31w32-cargo-package-uuid-1.18.1.drv'...
building '/nix/store/nh6iin2q21y6ng31jggf0ffn1pfiwjsy-cargo-package-serde_json-1.0.145.drv' on 'ssh-ng://root@aspen1.local'...
building '/nix/store/brfsdj5zlb0fnimilrpmfhdwk761as0r-cargo-package-zerovec-derive-0.11.1.drv'...
building '/nix/store/bq9n262pg9phg99zz3b425ck344q175b-cargo-package-quick-xml-0.38.3.drv'...
copying path '/nix/store/w74ywkxzadj3pf5hxm3sq0hd05bys49c-cargo-src-webpki-roots-1.0.2' from 'https://cache.nixos.org'...
building '/nix/store/1sx94nyxh2nbykbnziy9jbzilzwcv0yy-cargo-package-wide-0.8.3.drv'...
building '/nix/store/lklhmckcgqyc4113f8s03vvacsnr71iq-cargo-package-windows_aarch64_gnullvm-0.53.0.drv'...
copying 1 paths...
copying path '/nix/store/fmdnzkg8j75sisxrypgcf6d6ykx4b0da-cargo-package-quick-xml-0.38.3' from 'ssh-ng://root@aspen1.local'...
copying path '/nix/store/568fg1qyyqb93mdz6vwvn7lbydnixszm-cargo-src-serde_json-1.0.145' from 'https://cache.nixos.org'...
building '/nix/store/v6bzmgmg5whw7ap4ndikqsxglfffzb9s-cargo-package-windows-strings-0.4.2.drv'...
building '/nix/store/v23p2fslpxl53hwpqxyprl0kzxfx6zrs-cargo-package-toml_edit-0.24.0+spec-1.1.0.drv'...
building '/nix/store/03q9kamqqgq2lnagxcvjb00vqpdl91ap-cargo-package-rustix-1.1.2.drv'...
building '/nix/store/dlyrcfbzh50mycz83azpzachwr0p1k2z-cargo-package-tokio-rustls-0.26.2.drv'...
building '/nix/store/7j2pigf3ypdij1hhld3dc24dd89s65yg-cargo-package-thiserror-impl-2.0.17.drv' on 'ssh-ng://root@aspen1.local'...
building '/nix/store/z6gn1x0akl4gz1qfzsp0g1l3g6g48qr2-cargo-package-virtue-0.0.18.drv'...
building '/nix/store/vdz56ynh3n3q87l93azjza0ibx80g50y-cargo-package-term-1.2.0.drv'...
building '/nix/store/xiydfm45rjhbw0zgpymzisll41pgi1qi-cargo-package-malachite-base-0.9.0.drv'...
copying 1 paths...
copying path '/nix/store/44gknsl9k6g4yqkifd232z0byw3zgaqa-cargo-package-malachite-base-0.9.0' from 'ssh-ng://root@aspen1.local'...
building '/nix/store/nh6iin2q21y6ng31jggf0ffn1pfiwjsy-cargo-package-serde_json-1.0.145.drv'...
copying 1 paths...
copying path '/nix/store/0hp1j2v15kc9ga4lafayvb0ds8snpcnm-cargo-package-serde_json-1.0.145' from 'ssh-ng://root@aspen1.local'...
copying path '/nix/store/7imsdm4s8fq3z898ys9ivmis4r7msklq-cargo-src-thiserror-impl-2.0.17' from 'https://cache.nixos.org'...
building '/nix/store/2wvl8l7283cpbx1nb1vgirmp5l3vxdr0-cargo-package-webpki-roots-1.0.2.drv'...
building '/nix/store/fxiydmzy3q3my942w57gpdaqi1ax1rnk-cargo-package-target-lexicon-0.13.3.drv'...
building '/nix/store/cxvhylpq00p0mv6g540z9gvw6dbckhdl-cargo-package-windows-result-0.3.4.drv'...
copying 1 paths...
copying path '/nix/store/07qn1hzgk16548f4jzcr5016i7a4sqd8-cargo-package-webpki-roots-1.0.2' from 'ssh-ng://root@aspen1.local'...
building '/nix/store/s00g591c9c96byxqhjcwm8zx04vf2sg4-cargo-package-wasip2-1.0.1+wasi-0.2.4.drv'...
building '/nix/store/xhqw5jrqzys23q7j5lalf5dy5asbp0bf-cargo-package-toml-0.9.6.drv'...
building '/nix/store/dz31hmjx4l8qrdvab7qv903vj59j63my-cargo-package-terminal_size-0.4.3.drv'...
building '/nix/store/12i173zbd1iqqg1ialppz8ln4i74j064-cargo-package-url-2.5.7.drv'...
building '/nix/store/v2k9l2p8rghxv32c79pmxzvfla1d14pr-cargo-package-gix-object-0.51.1.drv'...
building '/nix/store/7j2pigf3ypdij1hhld3dc24dd89s65yg-cargo-package-thiserror-impl-2.0.17.drv'...
copying 1 paths...
copying path '/nix/store/1rrhn4xdaad06n140dm7yk5rjlhdifbv-cargo-package-thiserror-impl-2.0.17' from 'ssh-ng://root@aspen1.local'...
building '/nix/store/840s9nxd80cs8w2lil3j41pfb97wvczh-cargo-package-gix-config-0.47.1.drv' on 'ssh-ng://root@aspen1.local'...
building '/nix/store/85dll9sra5a45qbqg2y63007wfbm26bc-cargo-package-rustls-0.23.31.drv'...
building '/nix/store/bjb43ybma7g952c2mjccqsf46cmmrvya-cargo-package-tower-http-0.6.6.drv' on 'ssh-ng://root@aspen1.local'...
building '/nix/store/8c2pyb0lcb21cdkypip0wl3cl33lqrn9-cargo-package-zerovec-0.11.4.drv'...
building '/nix/store/38mqnjh187j6mcpn8xfy6cgqswlv1zak-cargo-package-thiserror-2.0.17.drv'...
copying path '/nix/store/kk27nqsqwwd2vzzvzcsn0cn67qzplbkp-cargo-src-gix-config-0.47.1' from 'https://cache.nixos.org'...
building '/nix/store/2mr3v9cjc7zvycld7nchbagpvhi95b7g-cargo-package-wasi-0.14.7+wasi-0.2.4.drv'...
copying path '/nix/store/jx00rf88scczhzrhwxaxajlfinz984p0-cargo-src-tower-http-0.6.6' from 'https://cache.nixos.org'...
building '/nix/store/hficfvrw64zmfyzq9rnm1gy9x6rwmadl-cargo-package-gix-negotiate-0.22.0.drv'...
building '/nix/store/1ldsfv607f8dyhzi31ggm90gpgmvmh1i-cargo-package-unindent-0.2.4.drv'...
building '/nix/store/vi99hxy3pd9fb1icf7ygr1mqzqgy5hvl-cargo-package-shell-words-1.1.0.drv' on 'ssh-ng://root@aspen1.local'...
building '/nix/store/fcb1ql9bp8nf0svxdhw5l532c9py4cyg-cargo-package-tree-sitter-language-0.1.5.drv' on 'ssh-ng://root@aspen1.local'...
building '/nix/store/liz4drdlgjhpa2h8n2i8hm77mi5vxfnh-rust-std-1.91.1-x86_64-unknown-linux-musl.drv'...
building '/nix/store/kwp9fq2z669xri6v9d9pjdmvcjw1dx00-cargo-package-unicode-xid-0.1.0.drv'...
building '/nix/store/840s9nxd80cs8w2lil3j41pfb97wvczh-cargo-package-gix-config-0.47.1.drv'...
copying 1 paths...
copying path '/nix/store/w67s14rayi5745r9fp0zb0rz2vbizb9p-cargo-package-gix-config-0.47.1' from 'ssh-ng://root@aspen1.local'...
building '/nix/store/sizj7rm27y7mi07pv0hs160awyii4gic-cargo-package-gix-odb-0.71.1.drv'...
copying path '/nix/store/4sygq29v7nkk10j8ylkv9jcbk6xfc04x-cargo-src-shell-words-1.1.0' from 'https://cache.nixos.org'...
building '/nix/store/bjb43ybma7g952c2mjccqsf46cmmrvya-cargo-package-tower-http-0.6.6.drv'...
copying path '/nix/store/70s0fi9ygvsz7cnq22nxf85r5bw34yki-cargo-src-tree-sitter-language-0.1.5' from 'https://cache.nixos.org'...
building '/nix/store/1mhgmns0dk1i9890qk7c7xv8mxaa61g5-cargo-package-icu_properties-2.0.1.drv'...
copying 1 paths...
copying path '/nix/store/zibarnqj8qmzf13w81rpw2lcndkbnn0q-cargo-package-tower-http-0.6.6' from 'ssh-ng://root@aspen1.local'...
building '/nix/store/nxf9snw5drhg682gibyfdm32p690hfns-cargo-package-gix-worktree-state-0.21.0.drv'...
building '/nix/store/gdpk4wrjni2q24sddis59s451r4g17i6-cargo-package-gix-transport-0.49.1.drv'...
building '/nix/store/11ggfgfa4a0467a0y29zj16p58l009iv-cargo-package-gix-trace-0.1.15.drv'...
building '/nix/store/zyn0dylb7l47a7k24dyq41yn3caifwmm-cargo-package-gix-worktree-0.43.1.drv' on 'ssh-ng://root@aspen1.local'...
building '/nix/store/dmck5y9fibjp3sf1fbwnah53znsqszd8-cargo-package-regex-syntax-0.8.6.drv' on 'ssh-ng://root@aspen1.local'...
building '/nix/store/xqbjcscjnc6r6qdvnav2skqv0902fxmf-cargo-package-syntect-5.2.0.drv'...
building '/nix/store/vi99hxy3pd9fb1icf7ygr1mqzqgy5hvl-cargo-package-shell-words-1.1.0.drv'...
copying 1 paths...
copying path '/nix/store/w83ylrxzn572klv6lfc6fbp8pr7849yy-cargo-package-shell-words-1.1.0' from 'ssh-ng://root@aspen1.local'...
building '/nix/store/fcb1ql9bp8nf0svxdhw5l532c9py4cyg-cargo-package-tree-sitter-language-0.1.5.drv'...
copying path '/nix/store/fdqlivjhnpa7hql39alilickapywc4if-cargo-src-gix-worktree-0.43.1' from 'https://cache.nixos.org'...
copying path '/nix/store/4kac3yq6jw74ibrbcqarwwagsgc4mn5a-cargo-src-regex-syntax-0.8.6' from 'https://cache.nixos.org'...
copying 1 paths...
copying path '/nix/store/ppdjwiay2v0w3vivp5v3yvyiz03rz4hb-cargo-package-tree-sitter-language-0.1.5' from 'ssh-ng://root@aspen1.local'...
building '/nix/store/2lp84xdmfx61xhxj32dk1z66n8ii6r8f-cargo-package-windows-registry-0.5.3.drv' on 'ssh-ng://root@aspen1.local'...
building '/nix/store/g2zpbsxxfd6xigbhj8q19hj28crawrhm-cargo-package-zerocopy-0.8.27.drv' on 'ssh-ng://root@aspen1.local'...
building '/nix/store/npiawjan0c3zgid9dgnayd28s5gn420f-cargo-package-inotify-0.11.0.drv'...
building '/nix/store/plx6a1aglpzi1gs608sw959qqvfx8zbn-cargo-package-version-ranges-0.1.1.drv'...
copying path '/nix/store/03czia9rbadkymmgli5yr1shmyfhl42p-cargo-src-windows-registry-0.5.3' from 'https://cache.nixos.org'...
building '/nix/store/qr2wqc1xbb34bdvdv5shi021702q0z0k-cargo-package-windows_i686_gnullvm-0.53.0.drv' on 'ssh-ng://root@aspen1.local'...
building '/nix/store/9272j0iwdmrmpdd9si0993w1n342lfzk-cargo-package-zerocopy-derive-0.8.27.drv' on 'ssh-ng://root@aspen1.local'...
building '/nix/store/rd2wxy12z08pb5kf4hm3r0jghv1gs46a-cargo-package-zerotrie-0.2.2.drv'...
building '/nix/store/zyn0dylb7l47a7k24dyq41yn3caifwmm-cargo-package-gix-worktree-0.43.1.drv'...
copying 1 paths...
copying path '/nix/store/mzzdpvi2wzwq9xlyyidz3jw7d19yb778-cargo-src-zerocopy-0.8.27' from 'https://cache.nixos.org'...
copying path '/nix/store/3xmn5sn9nd0ggrfq36as780avwr2fghh-cargo-package-gix-worktree-0.43.1' from 'ssh-ng://root@aspen1.local'...
copying path '/nix/store/0x4508v7zp2dr1aawimmc5sfscysfv3s-cargo-src-windows_i686_gnullvm-0.53.0' from 'https://cache.nixos.org'...
copying path '/nix/store/7g9ja8d0pdbpw492s5in869zhfp1r6vx-cargo-src-zerocopy-derive-0.8.27' from 'https://cache.nixos.org'...
building '/nix/store/4fazkqqi1fdaa83dkgvbdj928px51zg1-cargo-package-insta-1.43.2.drv' on 'ssh-ng://root@aspen1.local'...
building '/nix/store/45pxl8qv2k3vzxglrsjvskh8wss74wh5-cargo-package-io-uring-0.7.10.drv'...
building '/nix/store/p703iv3pkkppsxjx21gygl8h38j18hdn-cargo-package-tracing-core-0.1.34.drv'...
building '/nix/store/g6jmnbb8a6arankfjmw5dp6y1jlzbc36-cargo-package-gix-pack-0.61.1.drv'...
building '/nix/store/2lp84xdmfx61xhxj32dk1z66n8ii6r8f-cargo-package-windows-registry-0.5.3.drv'...
copying path '/nix/store/wngwvl57zjcn1br3cy0ykchscalylc50-cargo-src-insta-1.43.2' from 'https://cache.nixos.org'...
building '/nix/store/dmck5y9fibjp3sf1fbwnah53znsqszd8-cargo-package-regex-syntax-0.8.6.drv'...
copying 1 paths...
copying path '/nix/store/fzhqw5j5x1bpjlwh0xfhh7ihixvlsrf2-cargo-package-windows-registry-0.5.3' from 'ssh-ng://root@aspen1.local'...
building '/nix/store/9h08zcjjhacpyz22fmpghp0yb7wbqyg7-cargo-package-test-generator-0.3.1.drv'...
copying 1 paths...
copying path '/nix/store/aagdagkh01r205j3i5mj4x3bl1fhpb2d-cargo-package-regex-syntax-0.8.6' from 'ssh-ng://root@aspen1.local'...
building '/nix/store/9272j0iwdmrmpdd9si0993w1n342lfzk-cargo-package-zerocopy-derive-0.8.27.drv'...
copying 1 paths...
copying path '/nix/store/4h3xnp9dwxilv761j88pa7zz40bg22gw-cargo-package-zerocopy-derive-0.8.27' from 'ssh-ng://root@aspen1.local'...
building '/nix/store/wa2yxqzgid286ajcahk3r1vyh85jr4v3-cargo-package-gix-packetline-0.19.3.drv'...
building '/nix/store/wdf5fsx07829hmxpp9nd4xmciyapwbn7-rust-docs-1.91.1-x86_64-unknown-linux-gnu.drv'...
building '/nix/store/g2zpbsxxfd6xigbhj8q19hj28crawrhm-cargo-package-zerocopy-0.8.27.drv'...
building '/nix/store/1vz1y2ysdb7z4jrhql7azwaqihv3qrm5-cargo-package-serde_with_macros-3.14.0.drv' on 'ssh-ng://root@aspen1.local'...
building '/nix/store/kz6zrrihxybbg1sv85bnnk62cfc5dzni-cargo-package-unicode-normalization-0.1.24.drv'...
building '/nix/store/4fazkqqi1fdaa83dkgvbdj928px51zg1-cargo-package-insta-1.43.2.drv'...
copying 1 paths...
copying path '/nix/store/md8a8cwxkjswmhvj06karp871q5gnlqr-cargo-package-zerocopy-0.8.27' from 'ssh-ng://root@aspen1.local'...
building '/nix/store/02jbimyglxk0sla4bymclm5vj7nca4ii-cargo-package-gix-path-0.10.21.drv'...
copying 1 paths...
copying path '/nix/store/ypz6gxim571wbilch38m17qa385wgx4a-cargo-package-insta-1.43.2' from 'ssh-ng://root@aspen1.local'...
copying path '/nix/store/n20mlh6x5i4zp8035xjq0a12hy1f0lf3-cargo-src-serde_with_macros-3.14.0' from 'https://cache.nixos.org'...
building '/nix/store/gln1zskgbr7kafnx4y6i3zg5dkw6djkz-cargo-package-serde_with-3.14.0.drv'...
building '/nix/store/qr2wqc1xbb34bdvdv5shi021702q0z0k-cargo-package-windows_i686_gnullvm-0.53.0.drv'...
copying 1 paths...
copying path '/nix/store/sgls0jx4hwbx76miwcb3rqbjc6f6p3yl-cargo-package-windows_i686_gnullvm-0.53.0' from 'ssh-ng://root@aspen1.local'...
building '/nix/store/818lidpr6gclpfvpwr6br0x0k0aql8rn-cargo-package-gix-packetline-blocking-0.19.3.drv'...
building '/nix/store/g9ba8vq8bk36kcfqxj2cwkp9r4pwl8rr-cargo-package-unicode-width-0.2.1.drv'...
building '/nix/store/bd05l9ipmicgw03vbf9w1k7yh3wnq4zr-cargo-package-str_stack-0.1.0.drv'...
building '/nix/store/1vz1y2ysdb7z4jrhql7azwaqihv3qrm5-cargo-package-serde_with_macros-3.14.0.drv'...
copying 1 paths...
copying path '/nix/store/gwhcyawjgsxsp8bzim26c4zv2abxw96d-cargo-package-serde_with_macros-3.14.0' from 'ssh-ng://root@aspen1.local'...
building '/nix/store/cs2m6hz9ks6jp98nh8dl5pqrjpjbfjha-cargo-package-signal-hook-mio-0.2.4.drv' on 'ssh-ng://root@aspen1.local'...
building '/nix/store/wcmdm202ad1l091x2i7r2ff3qc5ppjak-cargo-package-tree-sitter-0.26.3.drv'...
building '/nix/store/da0gbdcqcbqxj5n99dvn1l83b8r4vj2a-cargo-package-symbolic-common-12.16.2.drv' on 'ssh-ng://root@aspen1.local'...
building '/nix/store/q2l3h5s876s67r6z3i0sbawb0md1sdv3-cargo-package-unty-0.0.4.drv'...
copying path '/nix/store/pbav7yp16pphsd9kh9xcang96ipi9bs0-cargo-src-signal-hook-mio-0.2.4' from 'https://cache.nixos.org'...
building '/nix/store/7dgd6cq5ksh1qwab2m2ccc7y1ni9zqnz-cargo-package-unicode-ident-1.0.19.drv'...
copying path '/nix/store/immi8qhs63z74gvghgwqzzkscarp1b7z-cargo-src-symbolic-common-12.16.2' from 'https://cache.nixos.org'...
building '/nix/store/aq8g1dna97y9n3l6ma50f209ywhqzggs-cargo-package-sketches-ddsketch-0.3.0.drv' on 'ssh-ng://root@aspen1.local'...
building '/nix/store/srdasz46n8g0mlxfx4cs8nbnfalap1ir-cargo-package-signal-hook-registry-1.4.6.drv' on 'ssh-ng://root@aspen1.local'...
building '/nix/store/yyjc31wpjhy8g11jbwahqrj1khi7kk8a-cargo-package-serde_spanned-1.0.2.drv' on 'ssh-ng://root@aspen1.local'...
building '/nix/store/1vskqrbycd8rjcr5y8xmfwnkl8mxgbj3-cargo-package-rustls-pki-types-1.12.0.drv' on 'ssh-ng://root@aspen1.local'...
building '/nix/store/h6g00xbi67r7f0f1r9fdg7wq9fksp0v1-cargo-package-libredox-0.1.10.drv' on 'ssh-ng://root@aspen1.local'...
building '/nix/store/iwywa2ffqqxgv0ldwsr4chyymqv4mzi0-cargo-package-system-configuration-0.6.1.drv'...
building '/nix/store/p7l2j28jnz4jsq4z7vzhdc7paqfb071y-cargo-package-addr2line-0.24.2.drv' on 'ssh-ng://root@aspen1.local'...
building '/nix/store/cz2x9wn07drqixmqmpbh8gjy18rp7lfc-cargo-package-aho-corasick-1.1.3.drv' on 'ssh-ng://root@aspen1.local'...
building '/nix/store/crlz7fvmdfm4l0svavagg7pl755j6snf-cargo-package-windows-targets-0.53.3.drv'...
copying path '/nix/store/n8iicrliqj6ji4kh78xavvingdqg3iz8-cargo-src-libredox-0.1.10' from 'https://cache.nixos.org'...
copying path '/nix/store/655bgwdxglrbwd1kwgcgxsdn59qv0f1s-cargo-src-rustls-pki-types-1.12.0' from 'https://cache.nixos.org'...
copying path '/nix/store/pyh6ig5g3vql8bimdjygy5zm1bhxab65-cargo-src-serde_spanned-1.0.2' from 'https://cache.nixos.org'...
building '/nix/store/cs2m6hz9ks6jp98nh8dl5pqrjpjbfjha-cargo-package-signal-hook-mio-0.2.4.drv'...
copying 1 paths...
copying path '/nix/store/ysj76f8d4v89001i7l6f0jsv8ry3m7mf-cargo-package-signal-hook-mio-0.2.4' from 'ssh-ng://root@aspen1.local'...
copying path '/nix/store/48ayaz2pndj1rmqdb7xx2ydr53psr9sm-cargo-src-signal-hook-registry-1.4.6' from 'https://cache.nixos.org'...
copying path '/nix/store/h2y7kln0nmy9v954fss987sjlqprvvdq-cargo-src-sketches-ddsketch-0.3.0' from 'https://cache.nixos.org'...
building '/nix/store/41k5m580j5p9jwbc2jalr5rdivy950xl-cargo-package-windows_i686_gnu-0.53.0.drv'...
building '/nix/store/jsr79cqd5789rs89l4nzqba6fd1cfzff-cargo-package-zlib-rs-0.5.2.drv' on 'ssh-ng://root@aspen1.local'...
copying path '/nix/store/x2m657i460p6dzd4jc2rfbigqjy75l47-cargo-src-addr2line-0.24.2' from 'https://cache.nixos.org'...
copying path '/nix/store/w73pybqhzrk775w0ay9p5qm0c0cjf7vm-cargo-src-aho-corasick-1.1.3' from 'https://cache.nixos.org'...
building '/nix/store/da0gbdcqcbqxj5n99dvn1l83b8r4vj2a-cargo-package-symbolic-common-12.16.2.drv'...
building '/nix/store/sfclch7xg4h4qydjr204x4b0279wsgj3-cargo-package-scratch-1.0.9.drv'...
copying 1 paths...
copying path '/nix/store/xv9mkq5g47y8lcmbl5d3f0n2nm93k4x9-cargo-package-symbolic-common-12.16.2' from 'ssh-ng://root@aspen1.local'...
building '/nix/store/drn0244lrz21kjjkzlif0fzwgd839m8y-cargo-package-gix-traverse-0.48.0.drv' on 'ssh-ng://root@aspen1.local'...
building '/nix/store/k448lr6shj2smkhy0nwbp67j3v6qf593-cargo-package-malachite-q-0.9.0.drv' on 'ssh-ng://root@aspen1.local'...
building '/nix/store/i310lzq1h7ghk2qsiirpknlcg5434k9g-cargo-package-gix-revision-0.36.1.drv'...
building '/nix/store/75m73mg58ac4mazxrrdp745p3gkfizv5-cargo-package-tokio-util-0.7.16.drv'...
building '/nix/store/h6g00xbi67r7f0f1r9fdg7wq9fksp0v1-cargo-package-libredox-0.1.10.drv'...
copying 1 paths...
copying path '/nix/store/s9lgpva8vpc67j5jfiyxibbg2y2x28ay-cargo-package-libredox-0.1.10' from 'ssh-ng://root@aspen1.local'...
building '/nix/store/yyjc31wpjhy8g11jbwahqrj1khi7kk8a-cargo-package-serde_spanned-1.0.2.drv'...
copying 1 paths...
building '/nix/store/srdasz46n8g0mlxfx4cs8nbnfalap1ir-cargo-package-signal-hook-registry-1.4.6.drv'...
copying 1 paths...
building '/nix/store/aq8g1dna97y9n3l6ma50f209ywhqzggs-cargo-package-sketches-ddsketch-0.3.0.drv'...
copying path '/nix/store/23yl002sz5pf1byydqdpsddxwpzqdy2c-cargo-src-zlib-rs-0.5.2' from 'https://cache.nixos.org'...
building '/nix/store/p7l2j28jnz4jsq4z7vzhdc7paqfb071y-cargo-package-addr2line-0.24.2.drv'...
copying path '/nix/store/z0f4qd2f6g63qp053ira2030vsv9aq79-cargo-src-gix-traverse-0.48.0' from 'https://cache.nixos.org'...
copying path '/nix/store/40fni6wn84x0n503f2qmza6dwr484kj9-cargo-src-malachite-q-0.9.0' from 'https://cache.nixos.org'...
building '/nix/store/1vskqrbycd8rjcr5y8xmfwnkl8mxgbj3-cargo-package-rustls-pki-types-1.12.0.drv'...
copying 1 paths...
copying path '/nix/store/c3kiw9nxhrzyp284a179sl3a41hxx8b8-cargo-package-rustls-pki-types-1.12.0' from 'ssh-ng://root@aspen1.local'...
copying path '/nix/store/6wjjabfcg461ibgrhj1xa8x5vy74ddri-cargo-package-serde_spanned-1.0.2' from 'ssh-ng://root@aspen1.local'...
copying path '/nix/store/ryhdgl4na5fhhsmdm8v47px4dmfxfsx4-cargo-package-signal-hook-registry-1.4.6' from 'ssh-ng://root@aspen1.local'...
copying 1 paths...
copying path '/nix/store/ca220qv2jqd2bxcwzg5qls01sj803q4d-cargo-package-sketches-ddsketch-0.3.0' from 'ssh-ng://root@aspen1.local'...
building '/nix/store/bnqcd5g63mblnp4xpq12z9kvdfp35chf-cargo-package-redox_syscall-0.5.17.drv' on 'ssh-ng://root@aspen1.local'...
building '/nix/store/r1gwvqxy35s8f9nj5v1ns7fgpfz4pdvz-cargo-package-priority-queue-2.6.0.drv'...
copying 1 paths...
copying path '/nix/store/944ypyaddi912sm6rqlhk6k0pgqsw72g-cargo-package-addr2line-0.24.2' from 'ssh-ng://root@aspen1.local'...
building '/nix/store/cz2x9wn07drqixmqmpbh8gjy18rp7lfc-cargo-package-aho-corasick-1.1.3.drv'...
copying 1 paths...
copying path '/nix/store/m560n21zzi7cf4zvapwb0x3dq39qcgyb-cargo-src-redox_syscall-0.5.17' from 'https://cache.nixos.org'...
building '/nix/store/zfsk8gmsxc89qzc51vnkaq3048dacvvl-cargo-package-option-ext-0.2.0.drv' on 'ssh-ng://root@aspen1.local'...
building '/nix/store/y3y22fvdd663a3q6v75drk0d8gqh6gb1-cargo-package-windows_i686_msvc-0.53.0.drv'...
building '/nix/store/na498l4n324llhdj2yy10gz9x6fwp6dm-cargo-package-gix-worktree-stream-0.23.0.drv'...
copying path '/nix/store/gqiv6argcq69caiwykdxld59zpi36mfi-cargo-package-aho-corasick-1.1.3' from 'ssh-ng://root@aspen1.local'...
building '/nix/store/drn0244lrz21kjjkzlif0fzwgd839m8y-cargo-package-gix-traverse-0.48.0.drv'...
copying 1 paths...
copying path '/nix/store/zbhq6iavmcpw2365fnf9mfsm2k8y56wy-cargo-package-gix-traverse-0.48.0' from 'ssh-ng://root@aspen1.local'...
copying path '/nix/store/fmr36spxciyzij371jbc05hgsa77iz9d-cargo-src-option-ext-0.2.0' from 'https://cache.nixos.org'...
building '/nix/store/jsr79cqd5789rs89l4nzqba6fd1cfzff-cargo-package-zlib-rs-0.5.2.drv'...
building '/nix/store/hpvg1lizc360yjs3h62c8glrnjz8z20s-cargo-package-notify-debouncer-full-0.6.0.drv' on 'ssh-ng://root@aspen1.local'...
building '/nix/store/r5xj73vk64dcqg95qkb6km2scmnq4fya-cargo-package-litemap-0.8.0.drv'...
building '/nix/store/k448lr6shj2smkhy0nwbp67j3v6qf593-cargo-package-malachite-q-0.9.0.drv'...
building '/nix/store/bnqcd5g63mblnp4xpq12z9kvdfp35chf-cargo-package-redox_syscall-0.5.17.drv'...
copying 1 paths...
copying path '/nix/store/5n0s0ipm0g86yvpxl2y6861ii57rqskn-cargo-package-zlib-rs-0.5.2' from 'ssh-ng://root@aspen1.local'...
building '/nix/store/r629m3kkcsrbqv33jsfji31bwd0874rj-cargo-package-memmap2-0.9.8.drv'...
copying 1 paths...
copying path '/nix/store/9rw4j4gsk4yyfhm9d37cgjlnkw75v7y1-cargo-package-malachite-q-0.9.0' from 'ssh-ng://root@aspen1.local'...
copying path '/nix/store/ccrgbmdl36xczp73dck3vq16fvns4vz2-cargo-src-notify-debouncer-full-0.6.0' from 'https://cache.nixos.org'...
copying 1 paths...
copying path '/nix/store/g54c6lbgjvfc1i6wgy4paic0m0agx3c8-cargo-package-redox_syscall-0.5.17' from 'ssh-ng://root@aspen1.local'...
building '/nix/store/5i85bs4n9sa40cz83y6dl252jh4j4z9r-cargo-package-once_cell_polyfill-1.70.1.drv'...
building '/nix/store/azxwpnpwk830z1bxy7g6i2qmxijj2jkg-cargo-package-potential_utf-0.1.3.drv' on 'ssh-ng://root@aspen1.local'...
building '/nix/store/zfsk8gmsxc89qzc51vnkaq3048dacvvl-cargo-package-option-ext-0.2.0.drv'...
copying 1 paths...
copying path '/nix/store/6a5mqhv2cmlxw7ckcazmbfv3fb8i4fhg-cargo-package-option-ext-0.2.0' from 'ssh-ng://root@aspen1.local'...
building '/nix/store/ryijb73clxx1d014iahfbyvvzrcrql68-cargo-package-rgb-0.8.52.drv' on 'ssh-ng://root@aspen1.local'...
building '/nix/store/cjfcam26jx9gw8d096d5rkg355v7gpqq-cargo-package-pubgrub-0.3.0.drv'...
building '/nix/store/mjz0n5mq3kqh163kid58yc7csnij603q-cargo-package-jiff-tzdb-0.1.4.drv'...
building '/nix/store/ywwmsvc25cndf375wfhv8ax6byl5pb1i-cargo-package-notify-8.2.0.drv'...
building '/nix/store/hpvg1lizc360yjs3h62c8glrnjz8z20s-cargo-package-notify-debouncer-full-0.6.0.drv'...
copying path '/nix/store/zgnz6kqgdb7cjc941zyxyacs7r6g3np6-cargo-src-potential_utf-0.1.3' from 'https://cache.nixos.org'...
copying path '/nix/store/m7xrabaj2h3zxm3jj01l2gc2s1yqm471-cargo-src-rgb-0.8.52' from 'https://cache.nixos.org'...
copying 1 paths...
copying path '/nix/store/7j8n8yk7hzf6dynynfbqjyryrazv7czv-cargo-package-notify-debouncer-full-0.6.0' from 'ssh-ng://root@aspen1.local'...
building '/nix/store/givx6p2s3k49nzh954qkflv19bc4xhkb-cargo-package-gix-revwalk-0.22.0.drv' on 'ssh-ng://root@aspen1.local'...
building '/nix/store/jxzhb6pkwqd0xxmz6afwzpnvd45cny6l-cargo-package-gix-shallow-0.6.0.drv' on 'ssh-ng://root@aspen1.local'...
building '/nix/store/fkkww6gi0vvsaz04s8rndyxa5npv2zgq-cargo-package-windows_aarch64_msvc-0.53.0.drv'...
building '/nix/store/l30y0ib46vp0cpqr6cisd1wv7jbicfqy-cargo-package-num-conv-0.2.0.drv' on 'ssh-ng://root@aspen1.local'...
building '/nix/store/65fga81a7c0yh8nj09qsmp83lhfaxm9v-cargo-package-proc-macro2-1.0.101.drv' on 'ssh-ng://root@aspen1.local'...
building '/nix/store/642wha5bixbbcyl6r54lg7jlm98lw11i-cargo-package-redox_users-0.5.2.drv'...
building '/nix/store/rp9d8m7h0m9j425acswcv5szcdml513c-cargo-package-jiff-static-0.2.15.drv'...
building '/nix/store/vdvp0aqc2fwq6p0xnhj1xqhdjwk57pxj-cargo-package-libm-0.2.15.drv'...
copying path '/nix/store/wmy88wyswmz9w0iqhagiz2i6dz5pkfa4-cargo-src-gix-revwalk-0.22.0' from 'https://cache.nixos.org'...
copying path '/nix/store/cqd98jalx7z2gr04dsri4sy08zshjr21-cargo-src-gix-shallow-0.6.0' from 'https://cache.nixos.org'...
building '/nix/store/azxwpnpwk830z1bxy7g6i2qmxijj2jkg-cargo-package-potential_utf-0.1.3.drv'...
copying 1 paths...
copying path '/nix/store/yb3hh3ywc49j7m31jsglw4nqwdk2xcsj-cargo-package-potential_utf-0.1.3' from 'ssh-ng://root@aspen1.local'...
building '/nix/store/ryijb73clxx1d014iahfbyvvzrcrql68-cargo-package-rgb-0.8.52.drv'...
copying path '/nix/store/5myncc06fai6dmz12yr7ax6f49fjcv2j-cargo-src-num-conv-0.2.0' from 'https://cache.nixos.org'...
copying path '/nix/store/08vymq0am5p08zbhq6686ml01acankvi-cargo-src-proc-macro2-1.0.101' from 'https://cache.nixos.org'...
copying 1 paths...
copying path '/nix/store/cjmxp8nghrz286aqmbp3w7cyngjgaj4c-cargo-package-rgb-0.8.52' from 'ssh-ng://root@aspen1.local'...
building '/nix/store/3l55g4x5albsd16mz2fp6njhj51cf3kz-rust-default-1.91.1.drv'...
building '/nix/store/mph2pd4gzvlb45nlscb0036023qzl36k-cargo-package-lazy-regex-3.4.1.drv'...
building '/nix/store/pmmb8ar0lcrlzfm477g498b31x1zifw6-cargo-package-proc-macro2-0.4.30.drv'...
building '/nix/store/givx6p2s3k49nzh954qkflv19bc4xhkb-cargo-package-gix-revwalk-0.22.0.drv'...
building '/nix/store/jxzhb6pkwqd0xxmz6afwzpnvd45cny6l-cargo-package-gix-shallow-0.6.0.drv'...
copying 1 paths...
building '/nix/store/vf71kh3n3ql0vy1d44khjs9i5iwbkiq6-cargo-package-iri-string-0.7.8.drv'...
copying 1 paths...
copying path '/nix/store/q57wv3rpn89df5lvnixps9wfb5ma35ck-cargo-package-gix-revwalk-0.22.0' from 'ssh-ng://root@aspen1.local'...
copying path '/nix/store/m2pvkswn0jharid0fblnsd7a6j945zv1-cargo-package-gix-shallow-0.6.0' from 'ssh-ng://root@aspen1.local'...
building '/nix/store/l30y0ib46vp0cpqr6cisd1wv7jbicfqy-cargo-package-num-conv-0.2.0.drv'...
building '/nix/store/0qbf31q0m2f99cafqrcqzxh1w7fqz4mj-cargo-package-predicates-core-1.0.9.drv' on 'ssh-ng://root@aspen1.local'...
building '/nix/store/hx2i6510s6n2xgrrpgx270q7s79l6yhi-cargo-package-reqwest-0.12.23.drv' on 'ssh-ng://root@aspen1.local'...
building '/nix/store/ywyxxvz3y7l6ahpfx8ij2yzzp0621jak-cargo-package-notify-types-2.0.0.drv'...
building '/nix/store/q2skbk2vrcryrx0glwc7bhsfm52ps8h5-cargo-package-pretty-0.12.4.drv'...
copying 1 paths...
copying path '/nix/store/ckw7r5zw4i8ds2dyzv9zk2l2pcc8scy3-cargo-package-num-conv-0.2.0' from 'ssh-ng://root@aspen1.local'...
building '/nix/store/65fga81a7c0yh8nj09qsmp83lhfaxm9v-cargo-package-proc-macro2-1.0.101.drv'...
copying 1 paths...
copying path '/nix/store/fh5jpank0akwiqkadd5jijsr52lfnsnc-cargo-src-predicates-core-1.0.9' from 'https://cache.nixos.org'...
copying path '/nix/store/65q1gn5yfwxfng3n7praczlj5anrrlci-cargo-package-proc-macro2-1.0.101' from 'ssh-ng://root@aspen1.local'...
copying path '/nix/store/p61b66rn29k0m82i207avn3yh1kqxwri-cargo-src-reqwest-0.12.23' from 'https://cache.nixos.org'...
building '/nix/store/wcqpcscjslfa9m5y2v79w0cfx7g8q1z2-cargo-package-is-terminal-0.4.16.drv'...
building '/nix/store/0qbf31q0m2f99cafqrcqzxh1w7fqz4mj-cargo-package-predicates-core-1.0.9.drv'...
building '/nix/store/pwnjz18alfa5smclyhqv7nv2bnl6i04s-cargo-package-link-cplusplus-1.0.12.drv' on 'ssh-ng://root@aspen1.local'...
building '/nix/store/mr6irs3vxll9bgw32w28hj9ab7l9k6hg-cargo-package-lazy-regex-proc_macros-3.4.1.drv' on 'ssh-ng://root@aspen1.local'...
building '/nix/store/0jkv75wcd31f9aj53x39mx6qj6rrn78c-cargo-package-lsp-server-0.7.9.drv' on 'ssh-ng://root@aspen1.local'...
building '/nix/store/2n4qkpzq5mq38d1w9rjlvdyywiyxx9db-cargo-package-lock_api-0.4.13.drv'...
copying 1 paths...
copying path '/nix/store/pby8haj0d1fnn89i4839jc53xi02a0ld-cargo-package-predicates-core-1.0.9' from 'ssh-ng://root@aspen1.local'...
building '/nix/store/hx2i6510s6n2xgrrpgx270q7s79l6yhi-cargo-package-reqwest-0.12.23.drv'...
building '/nix/store/n8a7anxr9jwxd4n25w7gksrfpk6d0yg9-cargo-package-jiff-0.2.15.drv'...
building '/nix/store/7fdb0rjd5hnpa1whp013k3acps5gg8ny-cargo-package-tower-0.5.2.drv'...
copying path '/nix/store/qwfing7i4b5s50n0n1p0jplxc5dq8mx5-cargo-src-lazy-regex-proc_macros-3.4.1' from 'https://cache.nixos.org'...
copying path '/nix/store/n31d9f0jb5gc0vys1s7iahmf7yqnb7pg-cargo-src-link-cplusplus-1.0.12' from 'https://cache.nixos.org'...
copying path '/nix/store/4p55f20km4rf7dw2gvndvm3442nfjhw0-cargo-src-lsp-server-0.7.9' from 'https://cache.nixos.org'...
copying 1 paths...
copying path '/nix/store/hn2xdh9fhk47ajsj2vb2910jr523ii7a-cargo-package-reqwest-0.12.23' from 'ssh-ng://root@aspen1.local'...
building '/nix/store/4j8f1q6rplpyp4zhaa8sy03p9g4gj2hw-cargo-package-predicates-tree-1.0.12.drv' on 'ssh-ng://root@aspen1.local'...
building '/nix/store/19208r3h2aiz0lk8331382i6hykki5cd-cargo-package-libc-0.2.177.drv' on 'ssh-ng://root@aspen1.local'...
building '/nix/store/f0kcjs96mrws58phl3h8h78qnlm633ib-cargo-package-mio-1.0.4.drv' on 'ssh-ng://root@aspen1.local'...
building '/nix/store/rh99h7dwbh86cn5455668bcx4hq8iyiw-cargo-package-litrs-0.4.2.drv' on 'ssh-ng://root@aspen1.local'...
building '/nix/store/c8hbjy56hca7m2dlg2slxzpczmylnz9k-cargo-package-prodash-30.0.1.drv'...
building '/nix/store/ap4cvf73ndfyrbm807acwglb6lgry9i8-cargo-package-anstream-0.6.20.drv' on 'ssh-ng://root@aspen1.local'...
building '/nix/store/a2b825in7yjbyh8v960xk4a0hv5aggcb-cargo-package-anstyle-query-1.1.4.drv' on 'ssh-ng://root@aspen1.local'...
building '/nix/store/i94gfg0dvimk19xf2pqfa3sbj7ywk3pi-cargo-package-metrics-util-0.19.1.drv'...
copying path '/nix/store/f4h13m3yvhq88xddmx5ff6sxkcp7cwib-cargo-src-libc-0.2.177' from 'https://cache.nixos.org'...
copying path '/nix/store/a8ihgdkk18fbfhdbvnxm2fj3gyzzbygx-cargo-src-litrs-0.4.2' from 'https://cache.nixos.org'...
copying path '/nix/store/dzfp1v5k969452i4k1czs9q8chggp1an-cargo-src-mio-1.0.4' from 'https://cache.nixos.org'...
copying path '/nix/store/n5gjasxwjv4p2r532kws7l6k9h99mmxa-cargo-src-predicates-tree-1.0.12' from 'https://cache.nixos.org'...
building '/nix/store/ya5z3ky7lkahy50bja42z1ys2fh408an-cargo-package-syn-2.0.106.drv'...
building '/nix/store/xwklinb4p3djiwxxzp68b0mmpa28m917-cargo-package-typenum-1.18.0.drv'...
copying path '/nix/store/yi2xiyh9nfb79wr298p2113v2yq83y77-cargo-src-anstream-0.6.20' from 'https://cache.nixos.org'...
copying path '/nix/store/qvcdld673c30mcnk92yiqx2m8s5zh9b0-cargo-src-anstyle-query-1.1.4' from 'https://cache.nixos.org'...
building '/nix/store/mr6irs3vxll9bgw32w28hj9ab7l9k6hg-cargo-package-lazy-regex-proc_macros-3.4.1.drv'...
copying 1 paths...
building '/nix/store/pwnjz18alfa5smclyhqv7nv2bnl6i04s-cargo-package-link-cplusplus-1.0.12.drv'...
copying 1 paths...
building '/nix/store/0jkv75wcd31f9aj53x39mx6qj6rrn78c-cargo-package-lsp-server-0.7.9.drv'...
building '/nix/store/nrpa829rv68hj9fy04wd7rv80k0wbp2i-cargo-package-slab-0.4.11.drv'...
copying path '/nix/store/pk2fyxaszypycwsrj0hpnrvabmk6a29h-cargo-package-lazy-regex-proc_macros-3.4.1' from 'ssh-ng://root@aspen1.local'...
copying path '/nix/store/b6kkhabsjhzz4sdjjigpi0jbpa0zw5pl-cargo-package-link-cplusplus-1.0.12' from 'ssh-ng://root@aspen1.local'...
copying 1 paths...
copying path '/nix/store/dgvwacah6mj0dddprjfqj22f5basnm4l-cargo-package-lsp-server-0.7.9' from 'ssh-ng://root@aspen1.local'...
building '/nix/store/dvds90k85h2kc9pm0x23njl16d2s1asn-cargo-package-serde_derive-1.0.225.drv' on 'ssh-ng://root@aspen1.local'...
building '/nix/store/rxlrsir5klp519hy8rpmam5qwfb1icim-cargo-package-nix-0.26.4.drv' on 'ssh-ng://root@aspen1.local'...
building '/nix/store/ir2bb0pa1np0c8x6gzlkjsj5hp489g38-cargo-package-predicates-3.1.3.drv'...
building '/nix/store/rh99h7dwbh86cn5455668bcx4hq8iyiw-cargo-package-litrs-0.4.2.drv'...
building '/nix/store/4j8f1q6rplpyp4zhaa8sy03p9g4gj2hw-cargo-package-predicates-tree-1.0.12.drv'...
copying 1 paths...
building '/nix/store/wmdmrzg1bc34zdw4n35yfq0z50cjgv1b-cargo-package-owo-colors-4.2.2.drv'...
building '/nix/store/6w5pp5yxwpi3ajx70xr1x7n538p990k4-cargo-package-serde-1.0.225.drv'...
building '/nix/store/ap4cvf73ndfyrbm807acwglb6lgry9i8-cargo-package-anstream-0.6.20.drv'...
building '/nix/store/a2b825in7yjbyh8v960xk4a0hv5aggcb-cargo-package-anstyle-query-1.1.4.drv'...
copying 1 paths...
copying 1 paths...
copying path '/nix/store/hlhxw1y8rmlg5jrs35agrgy66slrj8fi-cargo-package-litrs-0.4.2' from 'ssh-ng://root@aspen1.local'...
building '/nix/store/f0kcjs96mrws58phl3h8h78qnlm633ib-cargo-package-mio-1.0.4.drv'...
copying path '/nix/store/ybz99niiwnhhp7vafsm0byciiza5i93n-cargo-src-nix-0.26.4' from 'https://cache.nixos.org'...
copying path '/nix/store/a2la6yq28ql6yc3228bpxskxpbbri7h5-cargo-package-predicates-tree-1.0.12' from 'ssh-ng://root@aspen1.local'...
copying path '/nix/store/3kb7bxwyn485m1yhfpikk20phh3hqjmg-cargo-src-serde_derive-1.0.225' from 'https://cache.nixos.org'...
building '/nix/store/90nbk68rphi9v78ijsd03syms6wmc6mz-cargo-package-pprof-0.15.0.drv'...
copying 1 paths...
copying path '/nix/store/8r060ljgmgjxzhvx6pybfvdiykvwfqkm-cargo-package-anstream-0.6.20' from 'ssh-ng://root@aspen1.local'...
copying path '/nix/store/d69ggmnmcwd11z0ljcfgrzn7ljf910dv-cargo-package-anstyle-query-1.1.4' from 'ssh-ng://root@aspen1.local'...
copying 1 paths...
copying path '/nix/store/ln8dipziw8z2j4xgr1749gs84m92z1bc-cargo-package-mio-1.0.4' from 'ssh-ng://root@aspen1.local'...
building '/nix/store/lhy51qd86hrjzac6zr4gppwh7gb0d4sj-cargo-package-malachite-float-0.9.0.drv'...
building '/nix/store/w5xwd1s8pka8gkmlk9k9y5shhz3b08ay-cargo-package-zeroize-1.8.1.drv' on 'ssh-ng://root@aspen1.local'...
building '/nix/store/9jcsahfxhax9kx3z2dgz0yb2vahgk5a6-cargo-package-parking_lot_core-0.9.11.drv' on 'ssh-ng://root@aspen1.local'...
building '/nix/store/rlbhff007bmxx2a4031sjzvhh70a2n0n-cargo-package-safe_arch-0.9.3.drv'...
building '/nix/store/pg93xcqb7l8awqjl3bys3bzcd582m4af-cargo-package-itoa-1.0.15.drv' on 'ssh-ng://root@aspen1.local'...
building '/nix/store/jvgzahwy19yzs2hx5jyw7s4kiyc9rxzr-cargo-package-portable-atomic-util-0.2.4.drv' on 'ssh-ng://root@aspen1.local'...
building '/nix/store/7lcj0zsdyjqwwkcbx1xnf7ham8i11kws-cargo-package-yoke-derive-0.8.0.drv'...
building '/nix/store/8laci9m0cfp10xh08j27z4d754ixxrld-cargo-package-gix-prompt-0.11.2.drv'...
building '/nix/store/5zp6m6kmxrjqjc033x7hjvl43h77k4nn-cargo-package-gix-quote-0.6.1.drv'...
copying path '/nix/store/lwiaav1ylcdks0lk83lbpr3hyivbl2sj-cargo-src-parking_lot_core-0.9.11' from 'https://cache.nixos.org'...
building '/nix/store/dvds90k85h2kc9pm0x23njl16d2s1asn-cargo-package-serde_derive-1.0.225.drv'...
copying 1 paths...
copying path '/nix/store/hscivaswcdzvybh6rdijqhfj8chpbnmr-cargo-package-serde_derive-1.0.225' from 'ssh-ng://root@aspen1.local'...
copying path '/nix/store/4qmnjwbizj6i0r7lqfr8xg7wn6q7758k-cargo-src-zeroize-1.8.1' from 'https://cache.nixos.org'...
copying path '/nix/store/b2v0zpkpgdwyb548kn1i4ksbiqxpzsfk-cargo-src-itoa-1.0.15' from 'https://cache.nixos.org'...
copying path '/nix/store/7pwsxcmdigf4rcpwimqdns49s002ixsp-cargo-src-portable-atomic-util-0.2.4' from 'https://cache.nixos.org'...
building '/nix/store/kkd0jn4bdxdf4mqa3dyz0bnkrwyjn9bh-cargo-package-inferno-0.11.21.drv' on 'ssh-ng://root@aspen1.local'...
building '/nix/store/xbapgl17yqcjghw4hfpfyiq7dpqv60a5-cargo-package-gix-protocol-0.52.1.drv'...
building '/nix/store/rxlrsir5klp519hy8rpmam5qwfb1icim-cargo-package-nix-0.26.4.drv'...
building '/nix/store/dbx9fk774m4c6dp9ccv21nxh1rz1g1nx-cargo-package-inotify-sys-0.1.5.drv'...
copying path '/nix/store/40xhb2wf81cky2zxiwkq3bhq4548iyap-cargo-src-inferno-0.11.21' from 'https://cache.nixos.org'...
copying 1 paths...
copying path '/nix/store/qk925bq3m1p8dl5bvhn7ixs8zfnn73bh-cargo-package-nix-0.26.4' from 'ssh-ng://root@aspen1.local'...
building '/nix/store/9jcsahfxhax9kx3z2dgz0yb2vahgk5a6-cargo-package-parking_lot_core-0.9.11.drv'...
building '/nix/store/w5xwd1s8pka8gkmlk9k9y5shhz3b08ay-cargo-package-zeroize-1.8.1.drv'...
building '/nix/store/2myq7s1ncr7gb52abv7rs8ph66wqhfa3-cargo-package-hyper-util-0.1.17.drv' on 'ssh-ng://root@aspen1.local'...
building '/nix/store/vnz1wqs1yb0zn07cx4xmqqy7jqdjxz0g-cargo-package-itertools-0.11.0.drv' on 'ssh-ng://root@aspen1.local'...
building '/nix/store/2j7kj0k428wvzm448zkc0ixgy4v44xr3-cargo-package-home-0.5.11.drv'...
building '/nix/store/730rfr3bgqk4a8q8yygkgjgx3zipz54v-cargo-package-indexmap-2.11.4.drv'...
building '/nix/store/pg93xcqb7l8awqjl3bys3bzcd582m4af-cargo-package-itoa-1.0.15.drv'...
building '/nix/store/19208r3h2aiz0lk8331382i6hykki5cd-cargo-package-libc-0.2.177.drv'...
copying 1 paths...
copying path '/nix/store/g5vzpdgj8s1qyixl5vz2b9l13kipydyb-cargo-package-libc-0.2.177' from 'ssh-ng://root@aspen1.local'...
copying 1 paths...
copying path '/nix/store/xvsmgyjkblv78yncqgryylyp5cv7qrjw-cargo-package-parking_lot_core-0.9.11' from 'ssh-ng://root@aspen1.local'...
building '/nix/store/jvgzahwy19yzs2hx5jyw7s4kiyc9rxzr-cargo-package-portable-atomic-util-0.2.4.drv'...
copying 1 paths...
copying path '/nix/store/a29y0cg4c5cchfwipxc2kgs2fly1a3v3-cargo-package-zeroize-1.8.1' from 'ssh-ng://root@aspen1.local'...
copying path '/nix/store/i8c3bimyz5zm413virgl18fq52pamgg2-cargo-src-hyper-util-0.1.17' from 'https://cache.nixos.org'...
copying path '/nix/store/m39yz3n2ijclmw1g1jm7hjqxsmpfxrkh-cargo-src-itertools-0.11.0' from 'https://cache.nixos.org'...
copying 1 paths...
copying path '/nix/store/fm68jh3pg4in0b6i1fpw6nnxv1pagvv1-cargo-package-itoa-1.0.15' from 'ssh-ng://root@aspen1.local'...
copying 1 paths...
copying path '/nix/store/6w96pginl6zpi6zmyxywq9y5jb675viv-cargo-package-portable-atomic-util-0.2.4' from 'ssh-ng://root@aspen1.local'...
building '/nix/store/ha1fyp6rl3fiilkpj6b48xzwj8k8sv9h-cargo-package-minimad-0.14.0.drv'...
building '/nix/store/px8ffpbmarhjkc9yy84z7d4xg3rzjgqp-cargo-package-plist-1.8.0.drv'...
building '/nix/store/kkd0jn4bdxdf4mqa3dyz0bnkrwyjn9bh-cargo-package-inferno-0.11.21.drv'...
building '/nix/store/zdqx4lx8x9s12p0px5nqf57z3asr56lr-cargo-package-linux-raw-sys-0.11.0.drv' on 'ssh-ng://root@aspen1.local'...
building '/nix/store/cx3wn6h987v5sw3ykhwgb1b3ap32bn0b-cargo-package-once_cell-1.21.3.drv'...
building '/nix/store/qvw4391zd0fhm4by0kvszkharqbnfd62-cargo-package-regex-1.12.2.drv'...
copying 1 paths...
copying path '/nix/store/qkjjjq6q4j0a0rpf9d82vv3vli7g0bvr-cargo-package-inferno-0.11.21' from 'ssh-ng://root@aspen1.local'...
building '/nix/store/piv7kzw2bj23psxs4jvr0ar73p6rpaiw-cargo-package-topiary-queries-0.7.3.drv'...
building '/nix/store/2myq7s1ncr7gb52abv7rs8ph66wqhfa3-cargo-package-hyper-util-0.1.17.drv'...
copying path '/nix/store/wvc5afc5afgimsdzfsk5zs02rwc87fn0-cargo-src-linux-raw-sys-0.11.0' from 'https://cache.nixos.org'...
building '/nix/store/5q58s78ic9xwy5cwki3bqjspbvbczpxb-cargo-package-rand_xoshiro-0.7.0.drv' on 'ssh-ng://root@aspen1.local'...
building '/nix/store/xib08f2gibf58h9j46yrp386r5ibmdaz-cargo-package-rustc-demangle-0.1.26.drv' on 'ssh-ng://root@aspen1.local'...
building '/nix/store/4n2hj636xxfh88an35gs8l9yvnlyzm7r-cargo-package-topiary-tree-sitter-facade-0.7.3.drv'...
copying 1 paths...
copying path '/nix/store/j5qf8f49aw85sfs3pmwmlfhzdhwy7hs6-cargo-package-hyper-util-0.1.17' from 'ssh-ng://root@aspen1.local'...
building '/nix/store/vnz1wqs1yb0zn07cx4xmqqy7jqdjxz0g-cargo-package-itertools-0.11.0.drv'...
copying 1 paths...
copying path '/nix/store/yfxkq9by5lqbj6rg1y7bvk5yqwhi73x8-cargo-package-itertools-0.11.0' from 'ssh-ng://root@aspen1.local'...
building '/nix/store/hxwh1k7x5qd42npjj9pw6bx5d98is4hz-cargo-package-pin-project-lite-0.2.16.drv'...
building '/nix/store/9b6kv1kg3ib8kw2c1dx4si1jymmgp2dp-cargo-package-triomphe-0.1.14.drv'...
building '/nix/store/kg81wwsldyna4whfag39sb9499a1k0dl-source.drv'...
building '/nix/store/qfjlhsgy3rxzj97ysswci14nf620ciab-cargo-package-quote-1.0.40.drv'...
building '/nix/store/gzajw282sjawkdjm2fywj5cbgyqz3d14-cargo-package-prettydiff-0.8.1.drv' on 'ssh-ng://root@aspen1.local'...
building '/nix/store/indr7gk6xs97yrzlgfgy7vpyhrfzlzd0-cargo-package-siphasher-1.0.1.drv'...
building '/nix/store/8v3xqgcbgd89ci89dslgqqkmjkng8ki5-cargo-package-rustyline-15.0.0.drv'...
building '/nix/store/d8cwkxfj89pl9z9zx2pcms3qm39rpagy-cargo-package-unicode_categories-0.1.1.drv'...
building '/nix/store/xrma4m67vfbvfs4wzggyk6y9d536kpli-cargo-package-toml_parser-1.0.6+spec-1.1.0.drv' on 'ssh-ng://root@aspen1.local'...
building '/nix/store/d3l7i3gc7y4skkzaq7jyjyfqaylvasjb-cargo-package-strict-0.2.0.drv'...
building '/nix/store/x5m3ah8s3m1jpiwmz458cisa0w2g8dff-cargo-package-tree-sitter-nickel-0.5.0.drv'...
building '/nix/store/6gskqniyq3yfdlrkpia9bayrpb8hg0v1-cargo-package-malachite-0.9.0.drv'...
building '/nix/store/cicmmp82p16iq801cydxhi2rjhzp78gp-cargo-package-pyo3-ffi-0.24.2.drv'...
copying path '/nix/store/s5grcsl5pm4franrhf3rklb19610a2gg-cargo-src-rand_xoshiro-0.7.0' from 'https://cache.nixos.org'...
copying path '/nix/store/jpabih4aiw9q5675g4g96v6pzcn3r0q8-cargo-src-rustc-demangle-0.1.26' from 'https://cache.nixos.org'...
building '/nix/store/4n1qasqwrvwm2jrpa789jgq6jqfhzyqd-cargo-package-portable-atomic-1.11.1.drv'...
copying path '/nix/store/hl7azjsdbkal93bx5bv70v4kydv9a3pf-cargo-src-prettydiff-0.8.1' from 'https://cache.nixos.org'...
copying path '/nix/store/npbl39331msvaflagdqqci1m0c5vld7s-cargo-src-toml_parser-1.0.6+spec-1.1.0' from 'https://cache.nixos.org'...
building '/nix/store/8lzf8jfpbl09rgqx3zq7ggj6j3cm46dn-cargo-package-parking_lot-0.12.4.drv'...
building '/nix/store/7nqqr18y67vw0a5vfn7vai8n8zwbgxai-cargo-package-lsp-types-0.95.1.drv'...
building '/nix/store/a47lx4dnzmz911h492lvjmglnfpcj6fk-cargo-package-pyo3-build-config-0.24.2.drv'...
building '/nix/store/5q58s78ic9xwy5cwki3bqjspbvbczpxb-cargo-package-rand_xoshiro-0.7.0.drv'...
copying 1 paths...
copying path '/nix/store/lngvhjx5hk88cdnjcka149cr1zb15mzn-cargo-package-rand_xoshiro-0.7.0' from 'ssh-ng://root@aspen1.local'...
building '/nix/store/xib08f2gibf58h9j46yrp386r5ibmdaz-cargo-package-rustc-demangle-0.1.26.drv'...
copying 1 paths...
copying path '/nix/store/nam9ibxg0884zh9algkswl4vxr6zahwf-cargo-package-rustc-demangle-0.1.26' from 'ssh-ng://root@aspen1.local'...
building '/nix/store/gzajw282sjawkdjm2fywj5cbgyqz3d14-cargo-package-prettydiff-0.8.1.drv'...
building '/nix/store/xrma4m67vfbvfs4wzggyk6y9d536kpli-cargo-package-toml_parser-1.0.6+spec-1.1.0.drv'...
building '/nix/store/zdqx4lx8x9s12p0px5nqf57z3asr56lr-cargo-package-linux-raw-sys-0.11.0.drv'...
copying 1 paths...
copying path '/nix/store/sglckhp1rr4b0nh8n22nvxmk89nczp48-cargo-package-linux-raw-sys-0.11.0' from 'ssh-ng://root@aspen1.local'...
copying 1 paths...
copying path '/nix/store/02ppwkiyn37fy4x5l9939k7h7i3ycjmb-cargo-package-prettydiff-0.8.1' from 'ssh-ng://root@aspen1.local'...
copying 1 paths...
copying path '/nix/store/chvdmmzgvd25gbai4iv6rhlwk630xaga-cargo-package-toml_parser-1.0.6+spec-1.1.0' from 'ssh-ng://root@aspen1.local'...
building '/nix/store/gjb24gi3lh2dpjv16dyngyvkcc4d04zg-cargo-package-anstyle-wincon-3.0.10.drv' on 'ssh-ng://root@aspen1.local'...
building '/nix/store/c6175nszpmxw9d1p9sv24nsxsr7j5ngz-cargo-package-anyhow-1.0.99.drv' on 'ssh-ng://root@aspen1.local'...
building '/nix/store/i9kqvrr6q7x62js1xs54laldrf56pw2g-cargo-package-arbtest-0.3.2.drv' on 'ssh-ng://root@aspen1.local'...
building '/nix/store/znazfsyj537h0psbncdhb7wd94qklaq5-cargo-package-arc-swap-1.7.1.drv' on 'ssh-ng://root@aspen1.local'...
building '/nix/store/z43000n35xyyi9n1lslbvlxvad236b2j-cargo-package-archery-1.2.1.drv' on 'ssh-ng://root@aspen1.local'...
building '/nix/store/yxc5gg1i1gaq3rk52yj7175pcci5ad6r-cargo-package-assert_cmd-2.0.17.drv' on 'ssh-ng://root@aspen1.local'...
building '/nix/store/8rf4g7nzdircr7gz27mzm90801piw5qa-cargo-package-assert_matches-1.5.0.drv' on 'ssh-ng://root@aspen1.local'...
building '/nix/store/vz1qja81gx9wkpj4y4g9amr0mjvvln2v-cargo-package-backtrace-0.3.75.drv' on 'ssh-ng://root@aspen1.local'...
building '/nix/store/ziklc3gx6b3dlnh0qmcx8md3m96xglqa-cargo-package-bincode-2.0.1.drv' on 'ssh-ng://root@aspen1.local'...
building '/nix/store/bailxa2mp0p2f1xk0f722nlk4f9y4dz2-cargo-package-bincode_derive-2.0.1.drv' on 'ssh-ng://root@aspen1.local'...
building '/nix/store/6bdxpzv2ywmma6j08kqmnydjdwma8w45-cargo-package-bitflags-2.9.4.drv' on 'ssh-ng://root@aspen1.local'...
building '/nix/store/wca3dqhkglqc09lg63g7nfy5wi5g0bgh-cargo-package-bon-3.7.2.drv' on 'ssh-ng://root@aspen1.local'...
building '/nix/store/4p1rzfaczlmflf68zsd989f67dsvfcf1-cargo-package-bon-macros-3.7.2.drv' on 'ssh-ng://root@aspen1.local'...
building '/nix/store/p3207gfjhawzi6mw0jxddjyvq66r3iy1-cargo-package-cfg-if-1.0.3.drv' on 'ssh-ng://root@aspen1.local'...
building '/nix/store/r6i1q82l855p5fw42c0bmd6pnz80h6fg-cargo-package-clap-4.5.47.drv' on 'ssh-ng://root@aspen1.local'...
building '/nix/store/1j778i4g8mi33asrqaxv8mpblp3j4zi5-cargo-package-clru-0.6.2.drv' on 'ssh-ng://root@aspen1.local'...
building '/nix/store/2183x2p7prq0zhd33kwshpgi4lmq36ra-cargo-package-codespan-reporting-0.12.0.drv' on 'ssh-ng://root@aspen1.local'...
building '/nix/store/f1srirha7772576mygaivc88hz87xgyc-cargo-package-convert_case-0.7.1.drv' on 'ssh-ng://root@aspen1.local'...
building '/nix/store/0j9i0i1d7cdy911wwx3hh01n8hf1iyjf-cargo-package-cpp_demangle-0.4.4.drv'...
building '/nix/store/wfxzjwz62jirf9ai7h01w4d6nzavb7zw-cargo-package-crokey-proc_macros-1.3.0.drv'...
building '/nix/store/j28wdg8jz10pnwq98g4dxnzdh02vf0yb-cargo-package-csv-1.3.1.drv'...
building '/nix/store/a4zwkjdyh26j071dligrd21rm1sj3xbn-cargo-package-cxx-build-1.0.184.drv'...
copying path '/nix/store/dzzgp1y9433m54zyv8cmvmqk1jcjzkby-cargo-src-anstyle-wincon-3.0.10' from 'https://cache.nixos.org'...
copying path '/nix/store/hanlfdis24vgsn9hfs652d3z0b4kf3y8-cargo-src-anyhow-1.0.99' from 'https://cache.nixos.org'...
copying path '/nix/store/jj6lsgfx3hx21qvvsdbxghgi3qcisv6y-cargo-src-arbtest-0.3.2' from 'https://cache.nixos.org'...
copying path '/nix/store/ccw2c9ylzdvq8c84870g95hzakjqbpn4-cargo-src-arc-swap-1.7.1' from 'https://cache.nixos.org'...
copying path '/nix/store/a3s2l1cp8xf63f74bvqwd1n6pg3px2fr-cargo-src-archery-1.2.1' from 'https://cache.nixos.org'...
copying path '/nix/store/jgkpbyhlsc98s1wfl35nb0hcxfabrhwq-cargo-src-assert_cmd-2.0.17' from 'https://cache.nixos.org'...
copying path '/nix/store/hgxl86pclvav7hkhfc7mmxpbblr19br9-cargo-src-assert_matches-1.5.0' from 'https://cache.nixos.org'...
copying path '/nix/store/2p5z2i2cfm049ivd8cb7wmjavsj62m18-cargo-src-backtrace-0.3.75' from 'https://cache.nixos.org'...
copying path '/nix/store/kl56fg97aaz7bcrr1aix7y8i2awcvdad-cargo-src-bincode-2.0.1' from 'https://cache.nixos.org'...
copying path '/nix/store/jfhb47szjg67bkqf829f00ssv54j5zhb-cargo-src-bincode_derive-2.0.1' from 'https://cache.nixos.org'...
copying path '/nix/store/sg08bs9nyvgx4m1m28m84jyiavjrw88v-cargo-src-bitflags-2.9.4' from 'https://cache.nixos.org'...
copying path '/nix/store/6ydmhcrnqypawn9y9qyc7szxk1ifzn25-cargo-src-bon-3.7.2' from 'https://cache.nixos.org'...
copying path '/nix/store/7y9q43h1dvd4jb08m06prgvwjhg8fc1z-cargo-src-bon-macros-3.7.2' from 'https://cache.nixos.org'...
copying path '/nix/store/jvivry26r8qhxdb1frxwwfjhg163ymh0-cargo-src-cfg-if-1.0.3' from 'https://cache.nixos.org'...
copying path '/nix/store/s19w9g4yi42bnk0f135mj14bs2n0j7w5-cargo-src-clap-4.5.47' from 'https://cache.nixos.org'...
copying path '/nix/store/68jsc0nkaah242jy2v15kjbwzf52bk61-cargo-src-clru-0.6.2' from 'https://cache.nixos.org'...
copying path '/nix/store/b0zxqfjdz25k6sf1szh1i09wqgkswr3m-cargo-src-codespan-reporting-0.12.0' from 'https://cache.nixos.org'...
copying path '/nix/store/m230dmflvkmd9s7hc7s9nngh3b0wr2wz-cargo-src-convert_case-0.7.1' from 'https://cache.nixos.org'...
building '/nix/store/gjb24gi3lh2dpjv16dyngyvkcc4d04zg-cargo-package-anstyle-wincon-3.0.10.drv'...
building '/nix/store/i9kqvrr6q7x62js1xs54laldrf56pw2g-cargo-package-arbtest-0.3.2.drv'...
building '/nix/store/z43000n35xyyi9n1lslbvlxvad236b2j-cargo-package-archery-1.2.1.drv'...
building '/nix/store/yxc5gg1i1gaq3rk52yj7175pcci5ad6r-cargo-package-assert_cmd-2.0.17.drv'...
building '/nix/store/8rf4g7nzdircr7gz27mzm90801piw5qa-cargo-package-assert_matches-1.5.0.drv'...
copying 1 paths...
building '/nix/store/bailxa2mp0p2f1xk0f722nlk4f9y4dz2-cargo-package-bincode_derive-2.0.1.drv'...
copying 1 paths...
building '/nix/store/6bdxpzv2ywmma6j08kqmnydjdwma8w45-cargo-package-bitflags-2.9.4.drv'...
building '/nix/store/wca3dqhkglqc09lg63g7nfy5wi5g0bgh-cargo-package-bon-3.7.2.drv'...
building '/nix/store/p3207gfjhawzi6mw0jxddjyvq66r3iy1-cargo-package-cfg-if-1.0.3.drv'...
copying 1 paths...
copying 1 paths...
copying path '/nix/store/i2ar7c0lwyq398xiz027qpm6szavx558-cargo-package-anstyle-wincon-3.0.10' from 'ssh-ng://root@aspen1.local'...
building '/nix/store/c6175nszpmxw9d1p9sv24nsxsr7j5ngz-cargo-package-anyhow-1.0.99.drv'...
copying 1 paths...
copying path '/nix/store/7nlr2y5z2p6r87vr7vhz0sbibj8ivjlh-cargo-package-anyhow-1.0.99' from 'ssh-ng://root@aspen1.local'...
copying 1 paths...
copying path '/nix/store/qdvggjmg1g2gpap5dqja8fqx5fsxlxkr-cargo-package-arbtest-0.3.2' from 'ssh-ng://root@aspen1.local'...
building '/nix/store/znazfsyj537h0psbncdhb7wd94qklaq5-cargo-package-arc-swap-1.7.1.drv'...
copying 1 paths...
copying path '/nix/store/ckkagpsmyf0ah418lylqgdk50rc804xm-cargo-package-arc-swap-1.7.1' from 'ssh-ng://root@aspen1.local'...
copying 1 paths...
copying path '/nix/store/9a9v5acjxn6cw2q1ymjdnyxac5id93wn-cargo-package-archery-1.2.1' from 'ssh-ng://root@aspen1.local'...
copying 1 paths...
copying path '/nix/store/sgx825ak3hnmvz3m0d4rc50f8wcg48cf-cargo-package-assert_cmd-2.0.17' from 'ssh-ng://root@aspen1.local'...
copying path '/nix/store/dxpxxx1f5k6xpj4vh3l1ap2kwwj687fy-cargo-package-assert_matches-1.5.0' from 'ssh-ng://root@aspen1.local'...
building '/nix/store/vz1qja81gx9wkpj4y4g9amr0mjvvln2v-cargo-package-backtrace-0.3.75.drv'...
building '/nix/store/ziklc3gx6b3dlnh0qmcx8md3m96xglqa-cargo-package-bincode-2.0.1.drv'...
copying 1 paths...
copying path '/nix/store/hg4gkmkc700vfkx257myh3c8vzs78cn5-cargo-package-bincode-2.0.1' from 'ssh-ng://root@aspen1.local'...
copying path '/nix/store/9phinbak59dfl56hwysidi8r061mj5w9-cargo-package-bincode_derive-2.0.1' from 'ssh-ng://root@aspen1.local'...
copying 1 paths...
copying path '/nix/store/frpy4j8cb3ag009qmzhz60jlsav42r7h-cargo-package-bitflags-2.9.4' from 'ssh-ng://root@aspen1.local'...
copying 1 paths...
copying path '/nix/store/jjxc7znn1pv0s2z7g9jfbkwd03al2y2f-cargo-package-bon-3.7.2' from 'ssh-ng://root@aspen1.local'...
building '/nix/store/4p1rzfaczlmflf68zsd989f67dsvfcf1-cargo-package-bon-macros-3.7.2.drv'...
copying path '/nix/store/awv7pp9hyw7w54kbk8crm7wfchl7ilfs-cargo-package-cfg-if-1.0.3' from 'ssh-ng://root@aspen1.local'...
building '/nix/store/r6i1q82l855p5fw42c0bmd6pnz80h6fg-cargo-package-clap-4.5.47.drv'...
copying 1 paths...
copying path '/nix/store/rx0idanp52fvwdvnyffgsisd91hxwprz-cargo-package-clap-4.5.47' from 'ssh-ng://root@aspen1.local'...
copying 1 paths...
copying path '/nix/store/sdskmpyyqmv984m5r5rsr7z0s785ry26-cargo-package-backtrace-0.3.75' from 'ssh-ng://root@aspen1.local'...
copying 1 paths...
copying path '/nix/store/pxx1lxr9yynjjq9vl6szk9nssiq1fqi5-cargo-package-bon-macros-3.7.2' from 'ssh-ng://root@aspen1.local'...
building '/nix/store/sg4fac90iqff6y8lvg6lg2nzyqkbk3fk-cargo-package-icu_provider-2.0.0.drv' on 'ssh-ng://root@aspen1.local'...
building '/nix/store/4byz46aipckxvid1pw7l91sg3yllydvq-cargo-package-indoc-2.0.6.drv' on 'ssh-ng://root@aspen1.local'...
building '/nix/store/3gnpsz0k1sqrzv73s7z95s2n6caa97hf-cargo-package-getrandom-0.2.16.drv' on 'ssh-ng://root@aspen1.local'...
building '/nix/store/4fp07hqvylhcc3b2kp8l65v6j9f826kd-cargo-package-gix-credentials-0.31.1.drv' on 'ssh-ng://root@aspen1.local'...
building '/nix/store/8miibbwzinnmkqaidkfbphljjgfbviv8-cargo-package-gix-attributes-0.28.1.drv' on 'ssh-ng://root@aspen1.local'...
building '/nix/store/78spsf4i7gc99qp8w6p38pncqdk8m1q4-cargo-package-gix-index-0.42.1.drv' on 'ssh-ng://root@aspen1.local'...
building '/nix/store/npwdvq6mkpkvpf6kigbq4srif2z34kv1-cargo-package-filetime-0.2.26.drv'...
building '/nix/store/6b65qzach7zchz9rbsgz3cnvj7mzzwif-cargo-package-gix-0.74.1.drv'...
building '/nix/store/1j778i4g8mi33asrqaxv8mpblp3j4zi5-cargo-package-clru-0.6.2.drv'...
building '/nix/store/2183x2p7prq0zhd33kwshpgi4lmq36ra-cargo-package-codespan-reporting-0.12.0.drv'...
building '/nix/store/f1srirha7772576mygaivc88hz87xgyc-cargo-package-convert_case-0.7.1.drv'...
copying 1 paths...
copying path '/nix/store/67ylwliwx4pamvzpwbgwpv1c8d446w3c-cargo-package-clru-0.6.2' from 'ssh-ng://root@aspen1.local'...
copying 1 paths...
copying path '/nix/store/9nbfkkwx2nxxyhy8m0g1ppvl5r984bd0-cargo-package-codespan-reporting-0.12.0' from 'ssh-ng://root@aspen1.local'...
copying 1 paths...
copying path '/nix/store/pdcykqy9kaf7ln3drinsq0xzlzb4xvsx-cargo-package-convert_case-0.7.1' from 'ssh-ng://root@aspen1.local'...
copying path '/nix/store/s93gcaidczdgp0vzfvgq97p7q4d6h2n0-cargo-src-getrandom-0.2.16' from 'https://cache.nixos.org'...
copying path '/nix/store/pwb0jzawnshc74hk6kfy4bjj7alm2qn7-cargo-src-gix-attributes-0.28.1' from 'https://cache.nixos.org'...
copying path '/nix/store/cnn6rb6rggsisq65mq91ws229h4sq90x-cargo-src-gix-credentials-0.31.1' from 'https://cache.nixos.org'...
copying path '/nix/store/lxkgmxhw57jsdlw9jdlskk2k04mshbvn-cargo-src-gix-index-0.42.1' from 'https://cache.nixos.org'...
copying path '/nix/store/zbl3hymkmxa40f9mr8bkliwys0rmhzgn-cargo-src-icu_provider-2.0.0' from 'https://cache.nixos.org'...
copying path '/nix/store/5bk3qkw3lswg3km8fcpi80rbd6inigx6-cargo-src-indoc-2.0.6' from 'https://cache.nixos.org'...
building '/nix/store/y1k7nmxnbm7980p8hn411hxai6yym0j7-cargo-package-flate2-1.1.2.drv' on 'ssh-ng://root@aspen1.local'...
building '/nix/store/m62mj0b05b8zmcg6v8k1r9br0zg3k4f6-cargo-package-git-version-0.3.9.drv'...
building '/nix/store/n0bhwx4155wjw1f6prl6bgn3wg0bh075-cargo-package-findshlibs-0.10.2.drv'...
building '/nix/store/vlg9zip0fap1fqlylwv10si3af0zxm5d-cargo-package-gix-bitmap-0.2.15.drv' on 'ssh-ng://root@aspen1.local'...
building '/nix/store/m37kdzlxwjs1xqjnb6cfnnc4xr162cqh-cargo-package-gix-commitgraph-0.30.1.drv'...
building '/nix/store/3qbvv5dfm8d9dy2cgv2ia01llmbc670k-cargo-package-file-id-0.2.3.drv'...
copying path '/nix/store/6ps41j6wrpa51171fxmkvwv89p1z5klx-cargo-src-flate2-1.1.2' from 'https://cache.nixos.org'...
building '/nix/store/3gnpsz0k1sqrzv73s7z95s2n6caa97hf-cargo-package-getrandom-0.2.16.drv'...
building '/nix/store/8miibbwzinnmkqaidkfbphljjgfbviv8-cargo-package-gix-attributes-0.28.1.drv'...
building '/nix/store/4fp07hqvylhcc3b2kp8l65v6j9f826kd-cargo-package-gix-credentials-0.31.1.drv'...
building '/nix/store/4byz46aipckxvid1pw7l91sg3yllydvq-cargo-package-indoc-2.0.6.drv'...
copying 1 paths...
copying path '/nix/store/23myzql8xcmjvll52ma1ik3fvnsmdlnx-cargo-package-indoc-2.0.6' from 'ssh-ng://root@aspen1.local'...
copying 1 paths...
copying path '/nix/store/1h4gwvjh512bayiw03w2d9ad3nih3f3n-cargo-package-getrandom-0.2.16' from 'ssh-ng://root@aspen1.local'...
copying 1 paths...
copying path '/nix/store/nalnq4862d4zcif86z1ink2677b9ajgc-cargo-package-gix-attributes-0.28.1' from 'ssh-ng://root@aspen1.local'...
copying path '/nix/store/gcjr98lh6z3ffzp7cl5yjh3ks6dvfkjk-cargo-src-gix-bitmap-0.2.15' from 'https://cache.nixos.org'...
copying 1 paths...
copying path '/nix/store/p6rnl29g922zmsn6zg8py0r2jymblfj3-cargo-package-gix-credentials-0.31.1' from 'ssh-ng://root@aspen1.local'...
building '/nix/store/78spsf4i7gc99qp8w6p38pncqdk8m1q4-cargo-package-gix-index-0.42.1.drv'...
copying 1 paths...
copying path '/nix/store/zcq7hw1a741p8rlgfsskfs64xpdk109s-cargo-package-gix-index-0.42.1' from 'ssh-ng://root@aspen1.local'...
building '/nix/store/sg4fac90iqff6y8lvg6lg2nzyqkbk3fk-cargo-package-icu_provider-2.0.0.drv'...
copying 1 paths...
copying path '/nix/store/zpd859gzdbyv61q6y2v3nhlfjxdbsmlf-cargo-package-icu_provider-2.0.0' from 'ssh-ng://root@aspen1.local'...
building '/nix/store/7n4byw5qv9y1l33nyzvhz0g8vyz1hb4r-cargo-package-git-version-macro-0.3.9.drv' on 'ssh-ng://root@aspen1.local'...
building '/nix/store/pwkcha6sd403xfhw0vn3xdr39faiz524-cargo-package-gix-lock-19.0.0.drv'...
building '/nix/store/dfib6fr0xgbh9zcb6h8jjh9853dhy7md-cargo-package-gix-config-value-0.15.3.drv'...
copying path '/nix/store/pihlw30a3ck9av2wr88j543jqyciicyw-cargo-src-git-version-macro-0.3.9' from 'https://cache.nixos.org'...
building '/nix/store/8gv2z4cwz19mz83mx6zlvzc2n954shi6-cargo-package-futures-macro-0.3.31.drv'...
building '/nix/store/bhpdbh8slkr26kdb6ljk91jxhj8kr3br-cargo-package-gix-chunk-0.4.12.drv' on 'ssh-ng://root@aspen1.local'...
building '/nix/store/954pw8fdgmrb7c8innzs9rpvnwlcf0cl-cargo-package-libtest-mimic-0.8.1.drv'...
building '/nix/store/y1k7nmxnbm7980p8hn411hxai6yym0j7-cargo-package-flate2-1.1.2.drv'...
copying 1 paths...
building '/nix/store/vlg9zip0fap1fqlylwv10si3af0zxm5d-cargo-package-gix-bitmap-0.2.15.drv'...
copying path '/nix/store/02ncywaq47m203ch41lhg6l9jzrcbkbg-cargo-package-flate2-1.1.2' from 'ssh-ng://root@aspen1.local'...
copying 1 paths...
copying path '/nix/store/ls612p9xc4ha2r83hc9acsnd27qh15k0-cargo-package-gix-bitmap-0.2.15' from 'ssh-ng://root@aspen1.local'...
copying path '/nix/store/rnk8zpblmj6c0zdjah372hvl0388j5jc-cargo-src-gix-chunk-0.4.12' from 'https://cache.nixos.org'...
building '/nix/store/70vxda2v6p3l478zx361nzbwwv399p2x-cargo-package-derive_more-impl-2.0.1.drv' on 'ssh-ng://root@aspen1.local'...
building '/nix/store/ap80kfczfq9gmwf8rwqynkxc4bi3bqhv-cargo-package-env_logger-0.10.2.drv'...
building '/nix/store/98vamjfsrd9wgr63192rv9sn5rhpg8ny-cargo-package-futures-executor-0.3.31.drv' on 'ssh-ng://root@aspen1.local'...
building '/nix/store/rgm180wyssvd5zszdi9bajfxvrn1hvq3-cargo-package-gix-hashtable-0.10.0.drv'...
building '/nix/store/kg7amsaa41a8p7d2baxd656i8kzyzgji-cargo-package-getrandom-0.3.3.drv'...
building '/nix/store/7n4byw5qv9y1l33nyzvhz0g8vyz1hb4r-cargo-package-git-version-macro-0.3.9.drv'...
copying 1 paths...
copying path '/nix/store/1g5gxykki0z3za7a2pshqli6qgglfhkb-cargo-package-git-version-macro-0.3.9' from 'ssh-ng://root@aspen1.local'...
copying path '/nix/store/p7ny3p8dhzkmr6hf222579vi3kz71rix-cargo-src-derive_more-impl-2.0.1' from 'https://cache.nixos.org'...
copying path '/nix/store/99d5jd5whavx5fhq5kbrpcg3hvciq2dp-cargo-src-futures-executor-0.3.31' from 'https://cache.nixos.org'...
building '/nix/store/gzdl5a99bdc1l3nll9ixsp2mvng2xq3q-cargo-package-document-features-0.2.11.drv'...
building '/nix/store/3zvwf0xf71d5pjil63frzckwdaxsf76v-cargo-package-gix-ref-0.54.1.drv'...
building '/nix/store/bhpdbh8slkr26kdb6ljk91jxhj8kr3br-cargo-package-gix-chunk-0.4.12.drv'...
copying 1 paths...
copying path '/nix/store/ccp7z6m351b7za7b0j41pc7m2i9xxj1c-cargo-package-gix-chunk-0.4.12' from 'ssh-ng://root@aspen1.local'...
building '/nix/store/pnrrmajlpvwqzlzzkhgjz0v836q8kj41-cargo-package-gix-ignore-0.17.1.drv' on 'ssh-ng://root@aspen1.local'...
building '/nix/store/w56rbxjgi47glgqk6rp42zp2kn6888fn-cargo-package-jetscii-0.5.3.drv'...
building '/nix/store/bsnndnbj50lr9w9l7y3x8z9l4j9zp7p3-cargo-package-gix-filter-0.21.0.drv'...
building '/nix/store/70vxda2v6p3l478zx361nzbwwv399p2x-cargo-package-derive_more-impl-2.0.1.drv'...
building '/nix/store/98vamjfsrd9wgr63192rv9sn5rhpg8ny-cargo-package-futures-executor-0.3.31.drv'...
copying path '/nix/store/pr63ja0ajk48a23gipg8j2f8xs21n9ya-cargo-src-gix-ignore-0.17.1' from 'https://cache.nixos.org'...
building '/nix/store/0q1x60rsa6gn8fjsjlxr46647rc6d4wc-cargo-package-gix-features-0.44.1.drv' on 'ssh-ng://root@aspen1.local'...
building '/nix/store/255rkbysnc7pva7pc8kqxc4a184kf4cy-cargo-package-gix-glob-0.22.1.drv'...
building '/nix/store/3ylwiv6xg1akfhllr3ibnfznm86803mh-cargo-package-gix-fs-0.17.0.drv'...
copying 1 paths...
copying path '/nix/store/i4cq8bflimivk2y8kzrhsdvyzh3mqssc-cargo-package-derive_more-impl-2.0.1' from 'ssh-ng://root@aspen1.local'...
copying 1 paths...
copying path '/nix/store/ajnry522x6l01z5cav3l0gbg31w5gmlh-cargo-package-futures-executor-0.3.31' from 'ssh-ng://root@aspen1.local'...
building '/nix/store/f3p9nl00pm051yh9fq084chb9ljsafn1-cargo-package-linked-hash-map-0.5.6.drv'...
copying path '/nix/store/bz5nvygzqp6580vqcphm099wm56ydx5r-cargo-src-gix-features-0.44.1' from 'https://cache.nixos.org'...
building '/nix/store/39iqwyscdxr0kkwahsa3lkjin57f4601-cargo-package-gix-command-0.6.3.drv'...
building '/nix/store/pnrrmajlpvwqzlzzkhgjz0v836q8kj41-cargo-package-gix-ignore-0.17.1.drv'...
building '/nix/store/gkl0m7g8k6k2my535bayl9x9svlx9q8g-cargo-package-doc-comment-0.3.3.drv' on 'ssh-ng://root@aspen1.local'...
building '/nix/store/rnb61rhy4ni51sa8ssi9wcan6n6j0a1x-cargo-package-gix-dir-0.16.0.drv'...
copying 1 paths...
copying path '/nix/store/h09xy7k8v98y2s8lw274dndvzp23dsvk-cargo-package-gix-ignore-0.17.1' from 'ssh-ng://root@aspen1.local'...
building '/nix/store/m4ayxwic41x8jg4bmgz6nbd007v3v640-cargo-package-gix-blame-0.4.0.drv' on 'ssh-ng://root@aspen1.local'...
building '/nix/store/9hb6rr5f4n7c7zgvjn7m4yfbcabk6sl2-cargo-package-gix-diff-0.54.1.drv'...
building '/nix/store/ny4krl9k6mp4a55pic9nrvfjkn8w6qgb-cargo-package-gix-actor-0.35.6.drv'...
copying path '/nix/store/m5p5r3rl66f0fx1r23m4kcl3vv6gmq56-cargo-src-doc-comment-0.3.3' from 'https://cache.nixos.org'...
building '/nix/store/0q1x60rsa6gn8fjsjlxr46647rc6d4wc-cargo-package-gix-features-0.44.1.drv'...
building '/nix/store/cd1kgg697dmmfd9j5fq36lyhzd7hnfrs-cargo-package-gix-discover-0.42.0.drv' on 'ssh-ng://root@aspen1.local'...
building '/nix/store/z6l8mng5ac39dfnk2ihcsn2v6b56nmp3-cargo-package-topiary-web-tree-sitter-sys-0.7.3.drv'...
copying path '/nix/store/hz1srj99ykc81r4bqcg3i592sa8f72ks-cargo-src-gix-blame-0.4.0' from 'https://cache.nixos.org'...
copying 1 paths...
copying path '/nix/store/hhcvn15s21qnxj5yfnpvmzmb9jnj0cda-cargo-package-gix-features-0.44.1' from 'ssh-ng://root@aspen1.local'...
building '/nix/store/z3xfnwf6jadb2skwk4d3fvd5sw6b8qr5-cargo-package-serde_core-1.0.225.drv'...
copying path '/nix/store/c22x5wdidhm8avydk49sxn1kzhviswxh-cargo-src-gix-discover-0.42.0' from 'https://cache.nixos.org'...
building '/nix/store/i1p2j37h3jy6j6v4shppcv7v0lha7lxd-cargo-package-deranged-0.5.3.drv' on 'ssh-ng://root@aspen1.local'...
building '/nix/store/ggv4v4gzksw2xp9ip653kfk3alq98bvc-cargo-package-derive_more-2.0.1.drv' on 'ssh-ng://root@aspen1.local'...
building '/nix/store/w1gngpbz5k27s18j7glq7xrp2h5xsa2q-cargo-package-fancy-regex-0.11.0.drv'...
building '/nix/store/gkl0m7g8k6k2my535bayl9x9svlx9q8g-cargo-package-doc-comment-0.3.3.drv'...
copying path '/nix/store/m57pj6n4g8s2302x0sdsr70mz14sxzsq-cargo-src-deranged-0.5.3' from 'https://cache.nixos.org'...
copying path '/nix/store/x28a0ryvy7p9d241cm02a96c600xwllp-cargo-src-derive_more-2.0.1' from 'https://cache.nixos.org'...
copying 1 paths...
copying path '/nix/store/3bmhbm0b8a31c063mh6r5fchq84sgq6h-cargo-package-doc-comment-0.3.3' from 'ssh-ng://root@aspen1.local'...
building '/nix/store/m4ayxwic41x8jg4bmgz6nbd007v3v640-cargo-package-gix-blame-0.4.0.drv'...
copying 1 paths...
copying path '/nix/store/x3i4lwq81vwm9li4q64qskdbwi1hl4nm-cargo-package-gix-blame-0.4.0' from 'ssh-ng://root@aspen1.local'...
building '/nix/store/cd1kgg697dmmfd9j5fq36lyhzd7hnfrs-cargo-package-gix-discover-0.42.0.drv'...
copying 1 paths...
copying path '/nix/store/6gmqvqwfkw9adkdr2am868b2l1k5zdih-cargo-package-gix-discover-0.42.0' from 'ssh-ng://root@aspen1.local'...
building '/nix/store/i1p2j37h3jy6j6v4shppcv7v0lha7lxd-cargo-package-deranged-0.5.3.drv'...
copying 1 paths...
copying path '/nix/store/fnysx7k447cr41h1zvizgyavq3h80g7a-cargo-package-deranged-0.5.3' from 'ssh-ng://root@aspen1.local'...
building '/nix/store/ggv4v4gzksw2xp9ip653kfk3alq98bvc-cargo-package-derive_more-2.0.1.drv'...
copying 1 paths...
copying path '/nix/store/ssmxlp3zkirp5ik9h4h3na8gq3p5np1l-cargo-package-derive_more-2.0.1' from 'ssh-ng://root@aspen1.local'...
building '/nix/store/1zfh77qq5jxxmzcip0383fg6d9z8vy9r-cargo-package-gix-archive-0.23.1.drv' on 'ssh-ng://root@aspen1.local'...
building '/nix/store/46q5zaa22pbhxip3p3m2nyd4llxn0fih-cargo-package-gix-date-0.10.7.drv' on 'ssh-ng://root@aspen1.local'...
building '/nix/store/g21kpp5xkyd2w9cj14rsn4gcbq9zz0yy-cargo-package-gix-mailmap-0.27.4.drv' on 'ssh-ng://root@aspen1.local'...
building '/nix/store/kjwaqd4ml3jbk80g9blaljsmiydnmgiq-cargo-package-gix-refspec-0.32.0.drv' on 'ssh-ng://root@aspen1.local'...
building '/nix/store/kwiki2z48mlq6308r76bnv0f8gi3farj-cargo-package-gix-status-0.21.1.drv' on 'ssh-ng://root@aspen1.local'...
building '/nix/store/ykahxnmxyaww9iwbm2ds463w2yi39104-cargo-package-libz-rs-sys-0.5.2.drv' on 'ssh-ng://root@aspen1.local'...
building '/nix/store/w6mn0fgb9zjzh6ckmzs0vh701mwrni2v-cargo-package-rustyline-derive-0.11.1.drv' on 'ssh-ng://root@aspen1.local'...
building '/nix/store/iizpdivfw3l3825x0fsn4gv8j4zp3r10-cargo-package-streaming-iterator-0.1.9.drv' on 'ssh-ng://root@aspen1.local'...
building '/nix/store/5k83smik8fdbx0kh318wfjwjr0mg8aps-cargo-package-unicode-segmentation-1.12.0.drv' on 'ssh-ng://root@aspen1.local'...
copying path '/nix/store/c4knk6c8sg6nqaw5s2m3f1jxqrzgal4y-cargo-src-gix-archive-0.23.1' from 'https://cache.nixos.org'...
copying path '/nix/store/844rxd25yc2w2b2a1bhrd1744md6f780-cargo-src-gix-date-0.10.7' from 'https://cache.nixos.org'...
copying path '/nix/store/qsbp38inydhwbpnw2z2z4ykh72fcb12s-cargo-src-gix-mailmap-0.27.4' from 'https://cache.nixos.org'...
copying path '/nix/store/2jhn083pc0wa1w3vdsk2brc7aji3zfkz-cargo-src-gix-refspec-0.32.0' from 'https://cache.nixos.org'...
copying path '/nix/store/ran80k5rp511fadvihcd5scq85idc0sz-cargo-src-gix-status-0.21.1' from 'https://cache.nixos.org'...
copying path '/nix/store/izqp00yb4dzpvzgj3kmczyn6s3pmjl99-cargo-src-libz-rs-sys-0.5.2' from 'https://cache.nixos.org'...
copying path '/nix/store/ai4bn14592n1s2cqf9rdxsxihhjwjv25-cargo-src-rustyline-derive-0.11.1' from 'https://cache.nixos.org'...
copying path '/nix/store/s4i46jv6zn8wwxf18761n9z47gkbhkk5-cargo-src-streaming-iterator-0.1.9' from 'https://cache.nixos.org'...
building '/nix/store/1zfh77qq5jxxmzcip0383fg6d9z8vy9r-cargo-package-gix-archive-0.23.1.drv'...
building '/nix/store/46q5zaa22pbhxip3p3m2nyd4llxn0fih-cargo-package-gix-date-0.10.7.drv'...
building '/nix/store/g21kpp5xkyd2w9cj14rsn4gcbq9zz0yy-cargo-package-gix-mailmap-0.27.4.drv'...
building '/nix/store/kjwaqd4ml3jbk80g9blaljsmiydnmgiq-cargo-package-gix-refspec-0.32.0.drv'...
building '/nix/store/kwiki2z48mlq6308r76bnv0f8gi3farj-cargo-package-gix-status-0.21.1.drv'...
copying 1 paths...
copying path '/nix/store/5q7j41wa7xb327qnm2rsvx5mz49j79p9-cargo-package-gix-archive-0.23.1' from 'ssh-ng://root@aspen1.local'...
copying 1 paths...
copying path '/nix/store/cf8rd4dlg2km1bgr4qdbkccx45iyh5f4-cargo-package-gix-date-0.10.7' from 'ssh-ng://root@aspen1.local'...
copying 1 paths...
copying path '/nix/store/ndhn1kcvvg4ys3zdp220jph0kw1w5pba-cargo-package-gix-mailmap-0.27.4' from 'ssh-ng://root@aspen1.local'...
copying 1 paths...
copying path '/nix/store/09miwhj8ibaf9cpqz23j1himhhxzvzvf-cargo-package-gix-refspec-0.32.0' from 'ssh-ng://root@aspen1.local'...
copying 1 paths...
copying path '/nix/store/h6wh1f30g73xc925r59n6b5y0c0d0214-cargo-package-gix-status-0.21.1' from 'ssh-ng://root@aspen1.local'...
copying path '/nix/store/9py76c8n2vfrdwyzqhhaaqm3yrg2m7ab-cargo-src-unicode-segmentation-1.12.0' from 'https://cache.nixos.org'...
building '/nix/store/ykahxnmxyaww9iwbm2ds463w2yi39104-cargo-package-libz-rs-sys-0.5.2.drv'...
copying 1 paths...
copying path '/nix/store/y2a5k8qcwdckb1cjxqbisbsfcid8myhy-cargo-package-libz-rs-sys-0.5.2' from 'ssh-ng://root@aspen1.local'...
building '/nix/store/w6mn0fgb9zjzh6ckmzs0vh701mwrni2v-cargo-package-rustyline-derive-0.11.1.drv'...
copying 1 paths...
copying path '/nix/store/yfhybgbv3p7k2fyxcyvdc3dd7b7bkwz1-cargo-package-rustyline-derive-0.11.1' from 'ssh-ng://root@aspen1.local'...
building '/nix/store/iizpdivfw3l3825x0fsn4gv8j4zp3r10-cargo-package-streaming-iterator-0.1.9.drv'...
copying 1 paths...
copying path '/nix/store/yy5dvmm39brbv0lmqwqbsdir0m7x0q2v-cargo-package-streaming-iterator-0.1.9' from 'ssh-ng://root@aspen1.local'...
building '/nix/store/5k83smik8fdbx0kh318wfjwjr0mg8aps-cargo-package-unicode-segmentation-1.12.0.drv'...
copying 1 paths...
copying path '/nix/store/r7fs2csn8ddrv12sazsnc2cbflvl09sy-cargo-package-unicode-segmentation-1.12.0' from 'ssh-ng://root@aspen1.local'...
building '/nix/store/8ndrpqp4afm8yc3a01m9457b604lk3zn-vendor-registry.drv'...
building '/nix/store/zxfbwrf6z6ssnd957qvzpifq2bkrk2rh-vendor-cargo-deps.drv'...
building '/nix/store/mx4qvszbjvdxhfrnkrq2r2iyf7wgdfa5-nickel-lang-deps-1.17.0.drv' on 'ssh-ng://root@aspen1.local'...
copying path '/nix/store/svjz5w644c52ab5whdry5996vllfkk1b-cargo-package-aligned-vec-0.6.4' from 'https://devenv.cachix.org'...
copying path '/nix/store/n7w858chp3i7ski5n0g7pbjzdixy0v7s-cargo-package-equator-0.4.2' from 'https://devenv.cachix.org'...
copying path '/nix/store/r9ffwsp6mpn2zsc6wdd6saqsv41fdz4d-cargo-package-memoffset-0.9.1' from 'https://devenv.cachix.org'...
copying path '/nix/store/l2mbyn9jbnynmbvl8vr0aby94x1gzh5i-cargo-package-equator-macro-0.4.2' from 'https://devenv.cachix.org'...
copying path '/nix/store/17pyh1rmqddk4hnna4fknxn8n6a5qsbj-cargo-package-quanta-0.12.6' from 'https://devenv.cachix.org'...
copying path '/nix/store/ivk372viwvr7gvkmqv3x4y8w597ykyxa-cargo-package-raw-cpuid-11.6.0' from 'https://devenv.cachix.org'...
copying path '/nix/store/h66zdrgzjqa6b7qnh1yd3rfwfn47k319-cargo-package-rand-0.9.4' from 'https://devenv.cachix.org'...
copying path '/nix/store/g380qj4qhz4cwm0s9h3gn5y7m47w840w-cargo-package-serde-wasm-bindgen-0.6.5' from 'https://devenv.cachix.org'...
copying path '/nix/store/vm6vp7zqh305f6919xdjnq33hwv0b1cg-cargo-package-similar-2.7.0' from 'https://devenv.cachix.org'...
copying 197 paths...
copying path '/nix/store/034jsixzrk34vapawcravqz7f9wifz8f-cargo-package-jiff-static-0.2.15' to 'ssh-ng://root@aspen1.local'...
copying path '/nix/store/v47jhnn6lc5vf555cgnd1dq5vjsq8jqk-rustc-1.91.1-x86_64-unknown-linux-gnu' to 'ssh-ng://root@aspen1.local'...
copying path '/nix/store/07a8jq0l0d0q405m2k5xnkp6fyh6y581-rustfmt-preview-1.91.1-x86_64-unknown-linux-gnu' to 'ssh-ng://root@aspen1.local'...
copying path '/nix/store/0dxxp1pc667n4hjrv9j7mjpmkiw7ln3w-cargo-package-gix-negotiate-0.22.0' to 'ssh-ng://root@aspen1.local'...
copying path '/nix/store/0ydiqk9r50nnf1qrzmhday5dsgwl6qpp-cargo-package-thiserror-2.0.17' to 'ssh-ng://root@aspen1.local'...
copying path '/nix/store/1bny413yjwnxvlmr6fxx1cv1al4v64s0-cargo-package-malachite-0.9.0' to 'ssh-ng://root@aspen1.local'...
copying path '/nix/store/1fg41lmsd814h9l3h30ymyyimc7p53zd-cargo-package-quote-0.6.13' to 'ssh-ng://root@aspen1.local'...
copying path '/nix/store/1imrm1qsyrvgm3yzdakk8w0360krad6c-cargo-package-quick-xml-0.26.0' to 'ssh-ng://root@aspen1.local'...
copying path '/nix/store/1lbcawlw933x1i8n31pfxvj85rw337hw-cargo-package-windows_x86_64_gnullvm-0.53.0' to 'ssh-ng://root@aspen1.local'...
copying path '/nix/store/1mb2d2b7mdc89y7bby265rwfygl1fpid-cargo-package-ahash-0.8.12' to 'ssh-ng://root@aspen1.local'...
copying path '/nix/store/1pj4c6qwnaw71ajmahsp999h1fvjyjv0-cargo-package-memmap2-0.9.8' to 'ssh-ng://root@aspen1.local'...
copying path '/nix/store/1sn9bzbjwxna9w4l7y3b8bdqrr7wf431-rust-docs-1.91.1-x86_64-unknown-linux-gnu' to 'ssh-ng://root@aspen1.local'...
copying path '/nix/store/1snj2i4d72qk3s7yb31pkmyhiwhd2laf-cargo-package-icu_properties_data-2.0.1' to 'ssh-ng://root@aspen1.local'...
copying path '/nix/store/1xpsy4myx7mnr3r620a04p63mz74ifq2-cargo-package-jetscii-0.5.3' to 'ssh-ng://root@aspen1.local'...
copying path '/nix/store/23khpz9mfllpvxgrp6nyrq5zyxwv15ld-cargo-package-logos-0.16.0' to 'ssh-ng://root@aspen1.local'...
copying path '/nix/store/271ph8vn4vy54bvm53arhsykwb3nhl8v-cargo-package-windows_x86_64_msvc-0.53.0' to 'ssh-ng://root@aspen1.local'...
copying path '/nix/store/29054zzn3857cbvxmfqlk296s2l3pm48-cargo-package-gix-protocol-0.52.1' to 'ssh-ng://root@aspen1.local'...
copying path '/nix/store/2a7mj5wvzjq2cbnnm6gr8vqm9qvc8yhk-cargo-package-tracing-core-0.1.34' to 'ssh-ng://root@aspen1.local'...
copying path '/nix/store/2f58ah1s1iq6sfqpv07c2d2k7qis6az5-cargo-package-pubgrub-0.3.0' to 'ssh-ng://root@aspen1.local'...
copying path '/nix/store/2i2qd4gp8jin775hwkz5v4hjfwciwgvb-cargo-package-minimad-0.14.0' to 'ssh-ng://root@aspen1.local'...
copying path '/nix/store/2jlyg9173m77rjxldnlsl0f3plmpwzzh-cargo-package-windows_i686_msvc-0.53.0' to 'ssh-ng://root@aspen1.local'...
copying path '/nix/store/2ybb2l10pnl9bdwq58b2r6qvmzan9x0j-cargo-package-syntect-5.2.0' to 'ssh-ng://root@aspen1.local'...
copying path '/nix/store/36ar31vbxz8a3ghkhi5dlrs9qay8ppj9-cargo-package-malachite-nz-0.9.0' to 'ssh-ng://root@aspen1.local'...
copying path '/nix/store/3abblb69lz3gv0bnvk1i6dajabpqjlwm-cargo-package-uuid-1.18.1' to 'ssh-ng://root@aspen1.local'...
copying path '/nix/store/3cnbcxqifhab0jiwvlysrbkzh0k449pl-cargo-package-libtest-mimic-0.8.1' to 'ssh-ng://root@aspen1.local'...
copying path '/nix/store/3fxhmcacl1n4k2dgwnjryhhd9gia1cb9-cargo-package-icu_properties-2.0.1' to 'ssh-ng://root@aspen1.local'...
copying path '/nix/store/3j2lh88r939yfj2jm5k6zlvbk2mi0pj9-cargo-package-strict-0.2.0' to 'ssh-ng://root@aspen1.local'...
copying path '/nix/store/3jl6ssqpp53wxb6lxrvwklxpvavyiabp-cargo-package-cxx-build-1.0.184' to 'ssh-ng://root@aspen1.local'...
copying path '/nix/store/3k5nsdglx788l1w2v5lsvzaix1v0nisv-cargo-package-unty-0.0.4' to 'ssh-ng://root@aspen1.local'...
copying path '/nix/store/43s1nc5kvh2fs3zdw2sda2d7k37r4d3h-cargo-package-pyo3-ffi-0.24.2' to 'ssh-ng://root@aspen1.local'...
copying path '/nix/store/43yil0rh5bk2dfpk4iavw2xv14s7y8wn-cargo-package-inotify-0.11.0' to 'ssh-ng://root@aspen1.local'...
copying path '/nix/store/4a70ba2zppzl2cxjclqw2xcn50j6akpd-cargo-package-zerotrie-0.2.2' to 'ssh-ng://root@aspen1.local'...
copying path '/nix/store/4bm0kglyysaj9irfgds03qpdppgnvj5h-cargo-package-parking_lot-0.12.4' to 'ssh-ng://root@aspen1.local'...
copying path '/nix/store/4ixngrj9bzg87rx131yp6hd2q9l7r165-cargo-package-gix-url-0.33.1' to 'ssh-ng://root@aspen1.local'...
copying path '/nix/store/4pfdn12vxn6mm8s0v8lvvazcas7fw4ks-cargo-package-pyo3-build-config-0.24.2' to 'ssh-ng://root@aspen1.local'...
copying path '/nix/store/4pvk0k5qlg52g6mcwi848y2j4zgn0h13-cargo-package-dirs-sys-0.5.0' to 'ssh-ng://root@aspen1.local'...
copying path '/nix/store/4y5iqknmazxcvd6brhqmx2vwv50n044k-cargo-package-unicode-width-0.2.1' to 'ssh-ng://root@aspen1.local'...
copying path '/nix/store/502jk0fmg3br3dhvp0xsjfl1y8zm294z-cargo-package-pin-project-lite-0.2.16' to 'ssh-ng://root@aspen1.local'...
copying path '/nix/store/542spxaw8dh23wnlwf7w7gmx4crwvda2-cargo-package-prodash-30.0.1' to 'ssh-ng://root@aspen1.local'...
copying path '/nix/store/59jsmrsh6q25bb1ywjd5vd4y0bjwklw9-cargo-package-notify-types-2.0.0' to 'ssh-ng://root@aspen1.local'...
copying path '/nix/store/5yz8zc0v13kxb0glpclayyd2dmq7zn9z-rust-std-1.91.1-x86_64-unknown-linux-gnu' to 'ssh-ng://root@aspen1.local'...
copying path '/nix/store/61ssmbmz05klbnnm2s1xs4gz84178ll6-cargo-package-tokio-util-0.7.16' to 'ssh-ng://root@aspen1.local'...
copying path '/nix/store/643y3a11wiwkm7sqk661mx7p4jsxc1fx-cargo-package-topiary-tree-sitter-facade-0.7.3' to 'ssh-ng://root@aspen1.local'...
copying path '/nix/store/681rpg5dafj7r93jl83nw5m9lbxlxs4q-cargo-package-unicode_categories-0.1.1' to 'ssh-ng://root@aspen1.local'...
copying path '/nix/store/69yixkqh61y3a8g8i671fxn0sfzxakf1-cargo-package-symbolic-demangle-12.16.2' to 'ssh-ng://root@aspen1.local'...
copying path '/nix/store/6fvr62h1iig9ndmlfmg98ydqdfj356vd-cargo-package-libm-0.2.15' to 'ssh-ng://root@aspen1.local'...
copying path '/nix/store/6njlsyingjczymdcpdfby4kq3algkiy8-cargo-package-system-configuration-0.6.1' to 'ssh-ng://root@aspen1.local'...
copying path '/nix/store/6x082c3hj1pgkaw0znn6qdgb9v6hz797-cargo-package-yoke-0.8.0' to 'ssh-ng://root@aspen1.local'...
copying path '/nix/store/70xbg188z0j1b7j26p4kpk8kq0fw1dx2-cargo-package-gix-fs-0.17.0' to 'ssh-ng://root@aspen1.local'...
copying path '/nix/store/72r64xx3i6i47sh4xd18rxh77n6qknzg-cargo-package-safe_arch-0.9.3' to 'ssh-ng://root@aspen1.local'...
copying path '/nix/store/7d6x21l6bs5hrq7g764zs5wii8hf3mx7-cargo-package-once_cell-1.21.3' to 'ssh-ng://root@aspen1.local'...
copying path '/nix/store/gyiw6l30j06kk99pywkx0jwmqzdb87jx-clippy-preview-1.91.1-x86_64-unknown-linux-gnu' to 'ssh-ng://root@aspen1.local'...
copying path '/nix/store/kx4xmzcv0njjcvcp2q5i1ka0vxd1n6s5-cargo-1.91.1-x86_64-unknown-linux-gnu' to 'ssh-ng://root@aspen1.local'...
copying path '/nix/store/pn5wkz15gvlxsc2zr8k451ip65pkqmxk-rust-std-1.91.1-x86_64-unknown-linux-musl' to 'ssh-ng://root@aspen1.local'...
copying path '/nix/store/7mly065pafaqnbqagriklmpc9i5jnm09-rust-default-1.91.1' to 'ssh-ng://root@aspen1.local'...
copying path '/nix/store/7skirifkq4b4krajkn1m0jyqlygy7k9n-cargo-package-tower-0.5.2' to 'ssh-ng://root@aspen1.local'...
copying path '/nix/store/7wvd92f8d35issdk5ldjba4mkd03nal8-cargo-package-gix-diff-0.54.1' to 'ssh-ng://root@aspen1.local'...
copying path '/nix/store/875n0jib1wsnwissrh1jrbn0jc906qh0-cargo-package-gix-worktree-stream-0.23.0' to 'ssh-ng://root@aspen1.local'...
copying path '/nix/store/8qc2jlm6v6wxgrn84ckwhs1jj1057pj4-cargo-package-lock_api-0.4.13' to 'ssh-ng://root@aspen1.local'...
copying path '/nix/store/8ra5r4linm70rbw5c668brnrrrp8dg1j-cargo-package-version-ranges-0.1.1' to 'ssh-ng://root@aspen1.local'...
copying path '/nix/store/8zxxfs9q2gsmq8h0rg1gflid9lihdns5-cargo-package-metrics-0.24.2' to 'ssh-ng://root@aspen1.local'...
copying path '/nix/store/9a4d0wq228zyy5q23il3iavra5z7cy57-cargo-package-derive_arbitrary-1.4.2' to 'ssh-ng://root@aspen1.local'...
copying path '/nix/store/9n27mrqbbn6mvbbi7icfvpa5wi2i8dy0-cargo-package-gix-command-0.6.3' to 'ssh-ng://root@aspen1.local'...
copying path '/nix/store/9w3cwv8hy6qnsz0z5z726098ab0bjs5f-cargo-package-bit-set-0.5.3' to 'ssh-ng://root@aspen1.local'...
copying path '/nix/store/9xnj7v2s2iydzhdvzf6fz94aj4qlh9dx-cargo-package-windows_i686_gnu-0.53.0' to 'ssh-ng://root@aspen1.local'...
copying path '/nix/store/9zhsgxvm45d5i8vrdnf44254438g29ic-cargo-package-kqueue-1.1.1' to 'ssh-ng://root@aspen1.local'...
copying path '/nix/store/a90n38wk5kwjn02hmhbf48ymxvgxwxqk-cargo-package-unicode-ident-1.0.19' to 'ssh-ng://root@aspen1.local'...
copying path '/nix/store/aifxnrhwvysig83k01xy8q5bqpfgknav-source' to 'ssh-ng://root@aspen1.local'...
copying path '/nix/store/am88cmygmjdh1vk6hzixk1z2v9vrkpxx-cargo-package-cxxbridge-flags-1.0.184' to 'ssh-ng://root@aspen1.local'...
copying path '/nix/store/axig94gq6x467xxfqvh24k0dl4dsk3r0-cargo-package-jiff-0.2.15' to 'ssh-ng://root@aspen1.local'...
copying path '/nix/store/ay844kz4abs89jffcv1pbci063cp9xnd-cargo-package-url-2.5.7' to 'ssh-ng://root@aspen1.local'...
copying path '/nix/store/b5q6rp25ily411n2pngxp8fynn7hwak5-cargo-package-pyo3-macros-backend-0.24.2' to 'ssh-ng://root@aspen1.local'...
copying path '/nix/store/b9nkp5v29y6w0wiyllshiz05z8hfiab6-cargo-package-pyo3-macros-0.24.2' to 'ssh-ng://root@aspen1.local'...
copying path '/nix/store/bb6gbvlw8l5shpr6212wx5wxr5mjp5d6-cargo-package-coolor-1.1.0' to 'ssh-ng://root@aspen1.local'...
copying path '/nix/store/bh501zg8vccfmxrj871ya8ldpzym4blp-cargo-package-gix-glob-0.22.1' to 'ssh-ng://root@aspen1.local'...
copying path '/nix/store/bhighr5ygcslfc6818iq0pswizqvwxf9-cargo-package-gix-packetline-0.19.3' to 'ssh-ng://root@aspen1.local'...
copying path '/nix/store/blzrgb4iz181c2inzmr4mn5cd8la633j-cargo-package-num-format-0.4.4' to 'ssh-ng://root@aspen1.local'...
copying path '/nix/store/bp79alg6gy28r5p8kg6k29hr8xpycqql-cargo-package-onig-6.5.1' to 'ssh-ng://root@aspen1.local'...
copying path '/nix/store/bqdrmfy3p6kg46wxgd4kzrw2gvk1fbka-cargo-package-filetime-0.2.26' to 'ssh-ng://root@aspen1.local'...
copying path '/nix/store/bsbyqx5r3n5dwa2v6qjghvjf22nifhn1-cargo-package-gix-ref-0.54.1' to 'ssh-ng://root@aspen1.local'...
copying path '/nix/store/bwprrxma573zryy40qrgc4j2ckzf3fbg-cargo-package-gix-path-0.10.21' to 'ssh-ng://root@aspen1.local'...
copying path '/nix/store/c87mrf4sk0p94c4nwdvdjmrhllxyq4j9-cargo-package-topiary-queries-0.7.3' to 'ssh-ng://root@aspen1.local'...
copying path '/nix/store/ccd8z3x520q1nrlw3ql3fzmfxq4g1360-cargo-package-metrics-util-0.19.1' to 'ssh-ng://root@aspen1.local'...
copying path '/nix/store/cir8r2n5l84r9da6k1s5lhavfgfal1ln-cargo-package-slab-0.4.11' to 'ssh-ng://root@aspen1.local'...
copying path '/nix/store/clhx7klik4xah63gxwvawlkydygmv8ax-cargo-package-gix-prompt-0.11.2' to 'ssh-ng://root@aspen1.local'...
copying path '/nix/store/cq3jg25yh4di1hfm7580g9l6giark8qd-cargo-package-half-2.6.0' to 'ssh-ng://root@aspen1.local'...
copying path '/nix/store/crsqnsfgs8vf178hla2ndq2jqwjik3gj-cargo-package-is-terminal-0.4.16' to 'ssh-ng://root@aspen1.local'...
copying path '/nix/store/d0nfxc60jqxy7xwq8qmf1y752s3w87mq-cargo-package-unicode-xid-0.1.0' to 'ssh-ng://root@aspen1.local'...
copying path '/nix/store/dkpdsa8kwcbjaamx77y4yc7f2wwpagrb-cargo-package-pyo3-0.24.2' to 'ssh-ng://root@aspen1.local'...
copying path '/nix/store/f1ixdbzhr9sx6i1pw7l2g178fgp0rrkl-cargo-package-portable-atomic-1.11.1' to 'ssh-ng://root@aspen1.local'...
copying path '/nix/store/f5v9xxqksyd9q20d3jr2l4wx1llpff3h-cargo-package-pretty-0.12.4' to 'ssh-ng://root@aspen1.local'...
copying path '/nix/store/fd4aj96p673mcidkakyihm1vx5acfddz-cargo-package-home-0.5.11' to 'ssh-ng://root@aspen1.local'...
copying path '/nix/store/ffn12iaq1hmlhwnm3zyzlasimx7p9dz4-cargo-package-csv-1.3.1' to 'ssh-ng://root@aspen1.local'...
copying path '/nix/store/g3jlss4i388q53nsbcrcqpq1w7fiwqqd-cargo-package-unicode-normalization-0.1.24' to 'ssh-ng://root@aspen1.local'...
copying path '/nix/store/g6x13v2mnyly3qi8azccdcdfs3rr340p-cargo-package-gix-worktree-state-0.21.0' to 'ssh-ng://root@aspen1.local'...
copying path '/nix/store/g6x6pgnip668vqhslmhlq895xwp6dbfh-cargo-package-quote-1.0.40' to 'ssh-ng://root@aspen1.local'...
copying path '/nix/store/gcyhq0l18lvlvgar1184pj6apyk84za1-cargo-package-priority-queue-2.6.0' to 'ssh-ng://root@aspen1.local'...
copying path '/nix/store/glcxcyx7gvq5kgif549ig84idpsg7cra-cargo-package-windows_aarch64_msvc-0.53.0' to 'ssh-ng://root@aspen1.local'...
copying path '/nix/store/gn6g8jklixj73az5sk60navmyvdas8in-cargo-package-directories-6.0.0' to 'ssh-ng://root@aspen1.local'...
copying path '/nix/store/gvjhqpsr2mf8vhypx8jkpkjylc7m0q3s-cargo-package-gix-filter-0.21.0' to 'ssh-ng://root@aspen1.local'...
copying path '/nix/store/h0pnj9xildk20x5jml3kbjhvliaflfbq-cargo-package-getrandom-0.3.3' to 'ssh-ng://root@aspen1.local'...
copying path '/nix/store/hc4rf0yym1zv0w70qcsbi22bhfqfn0kr-cargo-package-redox_users-0.5.2' to 'ssh-ng://root@aspen1.local'...
copying path '/nix/store/i15bncbzj7xvq3d7zi82j10qgsjc5638-cargo-package-gix-sec-0.12.2' to 'ssh-ng://root@aspen1.local'...
copying path '/nix/store/i8v4m2psc3b2jsxm5lns2al0fbnflzwn-cargo-package-fancy-regex-0.11.0' to 'ssh-ng://root@aspen1.local'...
copying path '/nix/store/idc0s7wjvybbb4xaj1qpxzb3k89i4b5c-cargo-package-iri-string-0.7.8' to 'ssh-ng://root@aspen1.local'...
copying path '/nix/store/ikym1k4i3xzxyrm1lf8fpkn3vmmzqspz-cargo-package-gix-revision-0.36.1' to 'ssh-ng://root@aspen1.local'...
copying path '/nix/store/iww1ag4iz6x0gqyxgg23wi2ypjx3xxb1-cargo-package-gix-validate-0.10.1' to 'ssh-ng://root@aspen1.local'...
copying path '/nix/store/ix67j8l8qc4xzfzg2y9ixm7bx7gqfdhc-cargo-package-wide-0.8.3' to 'ssh-ng://root@aspen1.local'...
copying path '/nix/store/j1y75z76shcgiv39wm3pv0fa57hqkwj0-cargo-package-gix-0.74.1' to 'ssh-ng://root@aspen1.local'...
copying path '/nix/store/j4dsjnhk40fy8l4wvndic2y5xcssgl50-cargo-package-gix-odb-0.71.1' to 'ssh-ng://root@aspen1.local'...
copying path '/nix/store/j58g8n8kdy2zfx2rp7fpvnk0l0g5qpfi-cargo-package-zerovec-derive-0.11.1' to 'ssh-ng://root@aspen1.local'...
copying path '/nix/store/ja45h8zvfxdd9a3nw2f0m4icnp4kp8s0-cargo-package-gix-pack-0.61.1' to 'ssh-ng://root@aspen1.local'...
copying path '/nix/store/jpdq80vvkvq9hvjpjlwfskjnp0rp4h43-cargo-package-human_format-1.1.0' to 'ssh-ng://root@aspen1.local'...
copying path '/nix/store/jxm0ck5r76j1pnj60fzlywffsmpn5sxk-cargo-package-triomphe-0.1.14' to 'ssh-ng://root@aspen1.local'...
copying path '/nix/store/k14wxnk3ibv5az4dgf84ylrmflhv4x37-cargo-package-gix-quote-0.6.1' to 'ssh-ng://root@aspen1.local'...
copying path '/nix/store/k7dq5wyhj9yg9qxb7n43hfn2p29acx9y-cargo-package-ryu-1.0.20' to 'ssh-ng://root@aspen1.local'...
copying path '/nix/store/l4dm824mrzf3sxfmp5hn5ldmmv6in4zh-cargo-package-gix-trace-0.1.15' to 'ssh-ng://root@aspen1.local'...
copying path '/nix/store/la9d0l7aacywdl5xzmhh04lj7zjw5whv-cargo-package-syn-0.15.44' to 'ssh-ng://root@aspen1.local'...
copying path '/nix/store/ladsqvd9dgdmyy50yny23w3354wrvdvj-cargo-package-git-version-0.3.9' to 'ssh-ng://root@aspen1.local'...
copying path '/nix/store/lcg0cr41xpjcryv9jrapaw3sfi130svf-cargo-package-owo-colors-4.2.2' to 'ssh-ng://root@aspen1.local'...
copying path '/nix/store/lh4jnj5hn6vvyqlrr3kn617pinixy9gv-cargo-package-writeable-0.6.1' to 'ssh-ng://root@aspen1.local'...
copying path '/nix/store/li3k9mngms966nz2hp6jhxi29sbb9nhw-cargo-package-term-1.2.0' to 'ssh-ng://root@aspen1.local'...
copying path '/nix/store/llmfpbs84pwgn63ia59vdxp93bcjbdrn-cargo-package-cpp_demangle-0.4.4' to 'ssh-ng://root@aspen1.local'...
copying path '/nix/store/m15f4kdsdql38nli0xnv1xiihpgx24fw-cargo-package-malachite-float-0.9.0' to 'ssh-ng://root@aspen1.local'...
copying path '/nix/store/m1cxvif02n9cj5z8nl9v3b5c1h7pkcry-cargo-package-gix-config-value-0.15.3' to 'ssh-ng://root@aspen1.local'...
copying path '/nix/store/m1mkk03ccb39c6b3l9h4byll40czhq5r-cargo-package-virtue-0.0.18' to 'ssh-ng://root@aspen1.local'...
copying path '/nix/store/m6rkk36740gjh8n1n9v5kshkj3qyykdi-cargo-package-notify-8.2.0' to 'ssh-ng://root@aspen1.local'...
copying path '/nix/store/m971dl00b18jbd7y4dl2vs31f234crn7-cargo-package-target-lexicon-0.13.3' to 'ssh-ng://root@aspen1.local'...
copying path '/nix/store/m9mfx8wycf8acnbybj85n92wqx9rdd5c-cargo-package-rustix-1.1.2' to 'ssh-ng://root@aspen1.local'...
copying path '/nix/store/mcswyky52k27lmksqq5453x7v9hdwssb-cargo-package-serde_core-1.0.225' to 'ssh-ng://root@aspen1.local'...
copying path '/nix/store/mgi1i17idg2f1385y7abirp0vqnn38aq-cargo-package-cxxbridge-macro-1.0.184' to 'ssh-ng://root@aspen1.local'...
copying path '/nix/store/mslkfajypdh9xnnynv3n8a0nvdcz6cxs-cargo-package-terminal_size-0.4.3' to 'ssh-ng://root@aspen1.local'...
copying path '/nix/store/mxqjm1l226xfv21zgg333hlh3l3havas-cargo-package-test-generator-0.3.1' to 'ssh-ng://root@aspen1.local'...
copying path '/nix/store/myqlmq5xsy99b1226azzn2iqpl1c1pkg-cargo-package-siphasher-1.0.1' to 'ssh-ng://root@aspen1.local'...
copying path '/nix/store/n183j82i0v6nlmx9dgqjws9p1aklb4k5-cargo-package-zerovec-0.11.4' to 'ssh-ng://root@aspen1.local'...
copying path '/nix/store/n3msx9gpd7qavbc9sib78x55v52lqisj-cargo-package-document-features-0.2.11' to 'ssh-ng://root@aspen1.local'...
copying path '/nix/store/n50jf24w24spy6s1v9gjnclqhid68v2p-cargo-package-gix-hashtable-0.10.0' to 'ssh-ng://root@aspen1.local'...
copying path '/nix/store/n8s2qmv2v4pv9948jkw03mq2zjpj9bhs-cargo-package-str_stack-0.1.0' to 'ssh-ng://root@aspen1.local'...
copying path '/nix/store/ngxdp5r1m78j1v8vg4zlpq7q06fj0cm4-cargo-package-gix-transport-0.49.1' to 'ssh-ng://root@aspen1.local'...
copying path '/nix/store/nh9j1np0pd4rzphiwf8sm5yxg8gjnqvl-cargo-package-predicates-3.1.3' to 'ssh-ng://root@aspen1.local'...
copying path '/nix/store/ni45z0p9xj29rmihrpnyj39mxfs9bkkk-cargo-package-windows_aarch64_gnullvm-0.53.0' to 'ssh-ng://root@aspen1.local'...
copying path '/nix/store/nsdxpgnnyrvvimd8xc6i48aa5ls4qdhz-cargo-package-tree-sitter-0.26.3' to 'ssh-ng://root@aspen1.local'...
copying path '/nix/store/nwp232pb7ffnhic0q91aqsm16hrvgkgg-cargo-package-logos-codegen-0.16.0' to 'ssh-ng://root@aspen1.local'...
copying path '/nix/store/nwy6y7p2z7ifmjj5lhmhz3l4ymz47wjy-cargo-package-crokey-proc_macros-1.3.0' to 'ssh-ng://root@aspen1.local'...
copying path '/nix/store/p82r0iznq2chrjsc24apa94c63gzxajk-cargo-package-toml-0.9.6' to 'ssh-ng://root@aspen1.local'...
copying path '/nix/store/pbqq41cz53q410dzxl4wdfchd3sw3s4x-cargo-package-cxxbridge-cmd-1.0.184' to 'ssh-ng://root@aspen1.local'...
copying path '/nix/store/pbx7m62ndgv6nrpiszjlyj2gjqq7x51i-cargo-package-tree-sitter-nickel-0.5.0' to 'ssh-ng://root@aspen1.local'...
copying path '/nix/store/ph7qdfz1myp2a0xfvp14x3fk1ihjlqj1-cargo-package-syn-2.0.106' to 'ssh-ng://root@aspen1.local'...
copying path '/nix/store/pp0mlp1kc0mvh8haphva291ra49k1icj-cargo-package-gix-commitgraph-0.30.1' to 'ssh-ng://root@aspen1.local'...
copying path '/nix/store/pw6njlm38xcr5gc3mcwl9x6mhjylk483-cargo-package-rustyline-15.0.0' to 'ssh-ng://root@aspen1.local'...
copying path '/nix/store/pwpf43xjjryqwysk92ii31gfaj47rpmj-cargo-package-unindent-0.2.4' to 'ssh-ng://root@aspen1.local'...
copying path '/nix/store/px61cb0lpkfb0hqx55xv5swdnw4v2snj-cargo-package-windows-strings-0.4.2' to 'ssh-ng://root@aspen1.local'...
copying path '/nix/store/qc7bsmhk3an5xdxsakjs738c2j9riq5c-cargo-package-web-sys-0.3.77' to 'ssh-ng://root@aspen1.local'...
copying path '/nix/store/qvr1ph19y3bd46591yzrh8zf89qi85r3-cargo-package-gix-actor-0.35.6' to 'ssh-ng://root@aspen1.local'...
copying path '/nix/store/qxpz603la9pz9zk42zz778pjrnp4n34l-cargo-package-env_logger-0.10.2' to 'ssh-ng://root@aspen1.local'...
copying path '/nix/store/qxrlla831xi0g880ykwf1fs47ahblgms-cargo-package-scratch-1.0.9' to 'ssh-ng://root@aspen1.local'...
copying path '/nix/store/r00vi3azq1h5xxx1dbymdydmpy6kfj2g-cargo-package-logos-derive-0.16.0' to 'ssh-ng://root@aspen1.local'...
copying path '/nix/store/rfdb9g3b4d3l8xf02mlw6241n9a8qdw6-cargo-package-once_cell_polyfill-1.70.1' to 'ssh-ng://root@aspen1.local'...
copying path '/nix/store/rmxh2n7pgfv7895qw7pgc1jaxshykdiy-cargo-package-tokio-rustls-0.26.2' to 'ssh-ng://root@aspen1.local'...
copying path '/nix/store/rv7rsr32fa89s7ipx275xbgzxlc75d87-cargo-package-lsp-types-0.95.1' to 'ssh-ng://root@aspen1.local'...
copying path '/nix/store/s20g6g46kh5zq94v3b3giwknjblm2i31-cargo-package-io-uring-0.7.10' to 'ssh-ng://root@aspen1.local'...
copying path '/nix/store/s21fr5nirs05wmlljgvnnyqy3nk8cgiw-cargo-package-topiary-web-tree-sitter-sys-0.7.3' to 'ssh-ng://root@aspen1.local'...
copying path '/nix/store/s27r976m5dlr0w8khm3majj47d4lqx10-cargo-package-wasip2-1.0.1+wasi-0.2.4' to 'ssh-ng://root@aspen1.local'...
copying path '/nix/store/s6vf76rxdmabacz64qq3n0vymkmlmxhg-cargo-package-gix-packetline-blocking-0.19.3' to 'ssh-ng://root@aspen1.local'...
copying path '/nix/store/s7y41dg9nj3sqi03macmj1g0z74mr9sw-cargo-package-indexmap-2.11.4' to 'ssh-ng://root@aspen1.local'...
copying path '/nix/store/smdy4v0yl7z6g6hsz28kggbi1ssbsda9-cargo-package-findshlibs-0.10.2' to 'ssh-ng://root@aspen1.local'...
copying path '/nix/store/srj8abgscf4vqqv6w54qjw99w2gvhxbv-cargo-package-icu_normalizer-2.0.0' to 'ssh-ng://root@aspen1.local'...
copying path '/nix/store/sy6356ghkx56pg27sqggygkplsc292rv-cargo-package-wasi-0.14.7+wasi-0.2.4' to 'ssh-ng://root@aspen1.local'...
copying path '/nix/store/v4bzxjxpblfynqdhvzzvxgxb7r043vmb-cargo-package-linked-hash-map-0.5.6' to 'ssh-ng://root@aspen1.local'...
copying path '/nix/store/v7bh9pk61g15ssywjifkgw46f9nyvlvw-cargo-package-escape8259-0.5.3' to 'ssh-ng://root@aspen1.local'...
copying path '/nix/store/vcvqdkdxi4s1dgczhx6iq46zk33dx084-cargo-package-proc-macro2-0.4.30' to 'ssh-ng://root@aspen1.local'...
copying path '/nix/store/vidm20a1wni3h4kgbzidrqng88dh2a93-cargo-package-litemap-0.8.0' to 'ssh-ng://root@aspen1.local'...
copying path '/nix/store/vmmicv3ixxvs5sp2f48any90hd3qy3jy-cargo-package-windows-targets-0.53.3' to 'ssh-ng://root@aspen1.local'...
copying path '/nix/store/vvmm3750k02hnyjibw64wxh51dpvncna-cargo-package-console-0.15.11' to 'ssh-ng://root@aspen1.local'...
copying path '/nix/store/vz89wzdm4nbyzw1rqzri2g5mk1rr92yx-cargo-package-serde-1.0.225' to 'ssh-ng://root@aspen1.local'...
copying path '/nix/store/w47l6qygvgvx99zm7x34bbrbnch3l0qv-cargo-package-lazy-regex-3.4.1' to 'ssh-ng://root@aspen1.local'...
copying path '/nix/store/wawdcv7zwf6x218gd2632gywx1pkx2pc-cargo-package-debugid-0.8.0' to 'ssh-ng://root@aspen1.local'...
copying path '/nix/store/wb5yxvlyswjs3qplqfzlx28dyhc3dd1s-cargo-package-plist-1.8.0' to 'ssh-ng://root@aspen1.local'...
copying path '/nix/store/wd2fa201q7mr4754sim9n105m810vd25-cargo-package-inotify-sys-0.1.5' to 'ssh-ng://root@aspen1.local'...
copying path '/nix/store/wkahm9m1ahmqiajs4ifvqkpnw23gwl29-cargo-package-rustls-0.23.31' to 'ssh-ng://root@aspen1.local'...
copying path '/nix/store/wlrplm6hnlwn3wxbb9ys81banaps0y9w-cargo-package-yoke-derive-0.8.0' to 'ssh-ng://root@aspen1.local'...
copying path '/nix/store/x17wbjch8pnqpc3q040bbva8f0z3i546-cargo-package-jiff-tzdb-0.1.4' to 'ssh-ng://root@aspen1.local'...
copying path '/nix/store/x73j23l0dz6ld958m5bq8ldagfqjx13m-cargo-package-toml_edit-0.24.0+spec-1.1.0' to 'ssh-ng://root@aspen1.local'...
copying path '/nix/store/xb1c77jfdqb4h3aghflk2p3aqnbszf8x-cargo-package-hyper-1.7.0' to 'ssh-ng://root@aspen1.local'...
copying path '/nix/store/xjmwhspk304d0a6i2zfskrg1snfymmv4-cargo-package-gix-object-0.51.1' to 'ssh-ng://root@aspen1.local'...
copying path '/nix/store/xs96idb6wj8gszg66cdyfqzwg2k5pwrs-cargo-package-regex-1.12.2' to 'ssh-ng://root@aspen1.local'...
copying path '/nix/store/xwkrlp7fhlnx28r3yp4fk3xnm4qffzkc-cargo-package-rpds-1.1.1' to 'ssh-ng://root@aspen1.local'...
copying path '/nix/store/xwnmjjy7j0jai74y9jyvwrjv61hasnlp-cargo-package-file-id-0.2.3' to 'ssh-ng://root@aspen1.local'...
copying path '/nix/store/y4c4qjx92gv5q36zyzjj1p3h09c52jir-cargo-package-gix-dir-0.16.0' to 'ssh-ng://root@aspen1.local'...
copying path '/nix/store/yhhv31h18zzgmj2gf0d9j2mnavlnyihq-cargo-package-windows-result-0.3.4' to 'ssh-ng://root@aspen1.local'...
copying path '/nix/store/yj0c97b1mwnzri4l76ji3crjlq50z125-cargo-package-typenum-1.18.0' to 'ssh-ng://root@aspen1.local'...
copying path '/nix/store/z4g5ddgmihj468r26hm7l4mlrbc8529a-cargo-package-gix-lock-19.0.0' to 'ssh-ng://root@aspen1.local'...
copying path '/nix/store/zdx82llzpn0w14yyjn0mahcdc6ybgys7-cargo-package-futures-macro-0.3.31' to 'ssh-ng://root@aspen1.local'...
copying path '/nix/store/zjh1l6da105mi78qdm694s9ipyxa3frj-cargo-package-serde_with-3.14.0' to 'ssh-ng://root@aspen1.local'...
copying path '/nix/store/zqgpyxwfh8xv87wplmsjjkildss8x5mz-cargo-package-pprof-0.15.0' to 'ssh-ng://root@aspen1.local'...
copying path '/nix/store/qgcxfz8qi0fivv86whkdcgajdzwh10bv-vendor-registry' to 'ssh-ng://root@aspen1.local'...
copying path '/nix/store/ldwyhi0sjzwga8vbnmapifpwdmfp9ydv-vendor-cargo-deps' to 'ssh-ng://root@aspen1.local'...
building '/nix/store/mx4qvszbjvdxhfrnkrq2r2iyf7wgdfa5-nickel-lang-deps-1.17.0.drv'...
copying 1 paths...
copying path '/nix/store/n2nm371vhg83x2k4a2cx28w5mp3qffbx-nickel-lang-deps-1.17.0' from 'ssh-ng://root@aspen1.local'...
building '/nix/store/xshsxjdljqw4fjc2bcdlv240397031j2-nickel-lang-parser-lalrpop-1.17.0.drv' on 'ssh-ng://root@aspen1.local'...
building '/nix/store/xshsxjdljqw4fjc2bcdlv240397031j2-nickel-lang-parser-lalrpop-1.17.0.drv'...
copying 1 paths...
copying path '/nix/store/ndczpj8mvz252ycv168by583ndxw20h3-nickel-lang-parser-lalrpop-1.17.0' from 'ssh-ng://root@aspen1.local'...
building '/nix/store/3dhryii3cr5wa3066g0vv4ibxbccx0pb-nickel-lang-1.17.0.drv' on 'ssh-ng://root@aspen1.local'...
building '/nix/store/3dhryii3cr5wa3066g0vv4ibxbccx0pb-nickel-lang-1.17.0.drv'...
copying 1 paths...
copying path '/nix/store/2d3qhd44kgwmp37lziy14x731na22rg5-nickel-lang-1.17.0' from 'ssh-ng://root@aspen1.local'...
building '/nix/store/mgf4mizpx3zngjhbqpj4cdz6zn1wp7f3-nickel-lang-rev-fixup-1.17.0.drv' on 'ssh-ng://root@aspen1.local'...
copying path '/nix/store/23imi5k75i32ffgc9aqlr3sxr13zjh5y-bbe-0.2.2' from 'https://cache.nixos.org'...
building '/nix/store/mgf4mizpx3zngjhbqpj4cdz6zn1wp7f3-nickel-lang-rev-fixup-1.17.0.drv'...
copying 1 paths...
copying path '/nix/store/iqwzzxwhg26pdfsmyznnnw85bp32lzd1-nickel-lang-rev-fixup-1.17.0' from 'ssh-ng://root@aspen1.local'...
building '/nix/store/srbs2g56q3d7mcsyhfcjxndn3hh4byrc-check-nickel-configs.drv' on 'ssh-ng://root@aspen1.local'...
building '/nix/store/9wbldpqaq54qvhdar9az2s7wy8mhx2f2-check-store-overlay-policy.drv' on 'ssh-ng://root@aspen1.local'...
building '/nix/store/i1pqkin9jgwqzkrlh34qqgrqy6r47ijs-check-store-retention-policy.drv' on 'ssh-ng://root@aspen1.local'...
building '/nix/store/srbs2g56q3d7mcsyhfcjxndn3hh4byrc-check-nickel-configs.drv'...
copying 1 paths...
copying path '/nix/store/f4v7l5y9rbayilrhxw7zs54pslbcfv7m-check-nickel-configs' from 'ssh-ng://root@aspen1.local'...
building '/nix/store/9wbldpqaq54qvhdar9az2s7wy8mhx2f2-check-store-overlay-policy.drv'...
copying 1 paths...
copying path '/nix/store/fny6227l8973arhxwwn61mpl8rn8xjr6-check-store-overlay-policy' from 'ssh-ng://root@aspen1.local'...
building '/nix/store/i1pqkin9jgwqzkrlh34qqgrqy6r47ijs-check-store-retention-policy.drv'...
copying 1 paths...
copying path '/nix/store/fn8b9n7w00bczylcc9r4r4qlafkm5lcy-check-store-retention-policy' from 'ssh-ng://root@aspen1.local'...
building '/nix/store/hc3w9w67wk2mmyxhnypkl0j3m434mi8q-nix-shell-env.drv'...
    Updating crates.io index
note: pass `--verbose` to see 287 unchanged dependencies behind latest
