evaluating flake...
checking flake output 'packages'...
checking derivation packages.x86_64-linux.wasi-virt...
copying path '/nix/store/hhccdmpa2bhqbagn2zgmgrwjbcdinn55-source' from 'http://100.100.103.95:5000'...
warning: file 'nar/1pzq6dhayzd6kgyhjwqr1bwq468z36vp0al101havv6d0pw1fa40.nar?hash=hhccdmpa2bhqbagn2zgmgrwjbcdinn55' does not exist in binary cache 'http://100.100.103.95:5000'
derivation evaluated to /nix/store/cacsszdc86gnw4lccv1kiwip8dljz8r9-wasi-virt-0.2.0.drv
checking derivation packages.x86_64-linux.default...
derivation evaluated to /nix/store/xfcbgrpbcf4cdbkz6f9kzmziy800h6r9-mantle-0.1.0.drv
checking derivation packages.x86_64-linux.crunch...
derivation evaluated to /nix/store/xfcbgrpbcf4cdbkz6f9kzmziy800h6r9-mantle-0.1.0.drv
checking derivation packages.x86_64-linux.ast-grep-toolchain...
derivation evaluated to /nix/store/hwz43xm09gs5v38a4pfyc2dhs5n9h1pj-mantle-ast-grep-toolchain-0.42.1.drv
checking derivation packages.x86_64-linux.ast-grep-package-identity...
derivation evaluated to /nix/store/6f1xqfw3dc0hca3x412qqcgb4cca9d99-mantle-ast-grep-package-identity-smoke.drv
checking derivation packages.x86_64-linux.wasm-component-toolchain...
derivation evaluated to /nix/store/skwkzzc8khiw49fjp2l73d5m4x4m88y6-mantle-wasm-component-toolchain-v1.drv
checking derivation packages.x86_64-linux.wasm-component-toolchain-identity...
derivation evaluated to /nix/store/nrf64w472p89kb8q03zw8wf5hx0198c0-mantle-wasm-component-toolchain-identity.drv
checking derivation packages.x86_64-linux.wasm-component-toolchain-compatibility...
derivation evaluated to /nix/store/lax220sgd6bf2raarrl38cg9clbdgspm-mantle-wasm-component-toolchain-compatibility.drv
checking derivation packages.x86_64-linux.mantle-transcript-quality...
derivation evaluated to /nix/store/fxb6zv2j5xnaqrv1wkqc6l8ddz4bjh0y-mantle-transcript-quality-nextest-0.1.0.drv
checking derivation packages.x86_64-linux.release-nix-witness-quality...
derivation evaluated to /nix/store/r0ks3j85hdb43jn876jj8gjcxikvrgxq-crunch-release-nix-witness-quality-nextest-0.1.0.drv
checking derivation packages.x86_64-linux.check-store-retention-policy...
derivation evaluated to /nix/store/5xc5yw2mnizcln8b4f52fmgxb861s4z7-check-store-retention-policy.drv
checking derivation packages.x86_64-linux.check-store-overlay-policy...
derivation evaluated to /nix/store/358z0ygz6qib9gpgs79sp2llm0d3q2ls-check-store-overlay-policy.drv
checking derivation packages.x86_64-linux.oci-distribution-registry...
derivation evaluated to /nix/store/7h1b5w2s2gqhb0dgmiydw4xcl2blxnnv-distribution-3.1.0.drv
checking derivation packages.x86_64-linux.rustc-wrapper...
derivation evaluated to /nix/store/23y9zi58f2bns742jjk7frsx8dqjigd4-mantle-rustc-wrapper-0.1.0.drv
checking derivation packages.x86_64-linux.kernelscript-compiler...
derivation evaluated to /nix/store/z1dps3ryzhmn8iyx6jnpfyxfqlnzqpzq-ocaml5.2.1-kernelscript-0.1.2.drv
checking derivation packages.x86_64-linux.kernelscript-core-adapter...
derivation evaluated to /nix/store/ryp1m2a5x9sa6na4sh6khqxhqnbmg4hb-crunch-kernelscript-adapter-0.1.0.drv
checking derivation packages.x86_64-linux.kernelscript-production...
derivation evaluated to /nix/store/ch462mpd2bv6pzaxrypwxccj12gqz20c-mantle-kernelscript-production-artifacts.drv
checking derivation packages.x86_64-linux.kernelscript-production-cohort...
derivation evaluated to /nix/store/wii9kdyvbgycnwcbqgy9ydcqvwqlni7l-mantle-kernelscript-production-cohort.drv
checking derivation packages.x86_64-linux.kernelscript-production-shell...
derivation evaluated to /nix/store/62y6xg1xxa42fg9cgy9n7nkk77xdlhb3-mantle-kernelscript-production.drv
checking derivation packages.x86_64-linux.kernelscript-production-runtime-check...
derivation evaluated to /nix/store/33f4miz21ihn8j02s5s8yy10i5nxw41q-vm-test-run-mantle-kernelscript-production-runtime.drv
checking derivation packages.x86_64-linux.spacewasm-reference-bundle...
derivation evaluated to /nix/store/58mdyyk7wnymnnd7bzfakqrpi0b1ny59-mantle-spacewasm-reference-bundle-e24cf09355a90497148eb5029fdb8e3400bd63e3.drv
checking derivation packages.x86_64-linux.spacewasm-reference-bundler...
derivation evaluated to /nix/store/5zy41qxrhp4yi8s31fnvbvw1s3aibcpw-mantle-spacewasm-reference-bundler-0.1.0.drv
checking derivation packages.x86_64-linux.spacewasm-reference-evidence...
derivation evaluated to /nix/store/imiig80j09fxg2nv2qkyrw4zzmazj9j9-spacewasm-e24cf09355a90497148eb5029fdb8e3400bd63e3-evidence.drv
checking derivation packages.x86_64-linux.spacewasm-reference-rust-toolchain...
derivation evaluated to /nix/store/ib3maa2zj4d9ikmlx4x15xaiz9vxh55r-rust-minimal-1.91.1.drv
checking flake output 'apps'...
checking app 'apps.x86_64-linux.tigerstyle'...
warning: app 'apps.x86_64-linux.tigerstyle' lacks attribute 'meta'
checking flake output 'checks'...
checking derivation checks.x86_64-linux.tigerstyle...
derivation evaluated to /nix/store/zm3qs97sh8zbyvaxarl3n3fwqk4zmk0j-tigerstyle-consumer-check.drv
checking derivation checks.x86_64-linux.crunch...
derivation evaluated to /nix/store/xfcbgrpbcf4cdbkz6f9kzmziy800h6r9-mantle-0.1.0.drv
checking derivation checks.x86_64-linux.ast-grep-package-identity...
derivation evaluated to /nix/store/6f1xqfw3dc0hca3x412qqcgb4cca9d99-mantle-ast-grep-package-identity-smoke.drv
checking derivation checks.x86_64-linux.wasm-component-toolchain-identity...
derivation evaluated to /nix/store/nrf64w472p89kb8q03zw8wf5hx0198c0-mantle-wasm-component-toolchain-identity.drv
checking derivation checks.x86_64-linux.wasm-component-toolchain-compatibility...
derivation evaluated to /nix/store/lax220sgd6bf2raarrl38cg9clbdgspm-mantle-wasm-component-toolchain-compatibility.drv
checking derivation checks.x86_64-linux.mantle-transcript-quality...
derivation evaluated to /nix/store/fxb6zv2j5xnaqrv1wkqc6l8ddz4bjh0y-mantle-transcript-quality-nextest-0.1.0.drv
checking derivation checks.x86_64-linux.release-nix-witness-quality...
derivation evaluated to /nix/store/r0ks3j85hdb43jn876jj8gjcxikvrgxq-crunch-release-nix-witness-quality-nextest-0.1.0.drv
checking derivation checks.x86_64-linux.kernelscript-production...
derivation evaluated to /nix/store/dfyrd9vmb7m8nva7bsllqpnbzxmv5gfl-mantle-kernelscript-production-structural-check.drv
checking derivation checks.x86_64-linux.spacewasm-reference-bundle...
derivation evaluated to /nix/store/58mdyyk7wnymnnd7bzfakqrpi0b1ny59-mantle-spacewasm-reference-bundle-e24cf09355a90497148eb5029fdb8e3400bd63e3.drv
checking derivation checks.x86_64-linux.bounded-tree-source-admission...
derivation evaluated to /nix/store/yqh5766kpzwic7ayq3agymn064bgwc0i-mantle-bounded-tree-source-admission.drv
checking derivation checks.x86_64-linux.transactional-reconciliation-source-admission...
derivation evaluated to /nix/store/ay4hrr3s3hbv83ghirgyl44d5baaclzs-mantle-transactional-reconciliation-source-admission.drv
checking derivation checks.x86_64-linux.bootstrap-blocker-inventory...
derivation evaluated to /nix/store/3116vmhg4xrh849wxigcb0a2xmzlnng8-bootstrap-blocker-inventory.drv
checking derivation checks.x86_64-linux.nickel-export-core-pin...
derivation evaluated to /nix/store/2p6b6gqm8pszxvsyvdfj7753y8vd2ynx-mantle-nickel-export-core-pin.drv
checking derivation checks.x86_64-linux.content-bound-requirement-source-closure...
derivation evaluated to /nix/store/ym1lsqmshlhr990m5hfl20876vh6laan-mantle-content-bound-requirement-source-closure.drv
checking derivation checks.x86_64-linux.content-bound-requirement-evidence...
derivation evaluated to /nix/store/wqvfzhbfhs3ar0bxs7aspg8lnxkkavfi-mantle-content-bound-requirement-evidence.drv
checking derivation checks.x86_64-linux.store-retention-policy...
derivation evaluated to /nix/store/2ni2g9pyxslcsar1i3yc577zcp2xs39q-mantle-store-retention-policy.drv
checking derivation checks.x86_64-linux.store-overlay-policy...
derivation evaluated to /nix/store/hws0f3znky9mxy4nl2hh3024c3979yk5-mantle-store-overlay-policy.drv
checking derivation checks.x86_64-linux.release-determinism-quality...
derivation evaluated to /nix/store/x7iavbgg222d3vikabcqjfywj4ljkpdq-crunch-release-determinism-quality-nextest-0.1.0.drv
checking derivation checks.x86_64-linux.artifact-auth-radicle-cutover...
derivation evaluated to /nix/store/b6jmg0bhxinw6kh0grj9qpzjfg6y433d-mantle-artifact-auth-radicle-cutover.drv
checking derivation checks.x86_64-linux.durable-file-publication-adoption...
derivation evaluated to /nix/store/x9nrac9jg5sb9q5z2w8a1wrb5c1dlx9s-mantle-durable-file-publication-adoption.drv
checking derivation checks.x86_64-linux.mantle-build-contract...
derivation evaluated to /nix/store/siykhsm8j04byi7204r3a2cc2gg09d3y-mantle-test-0.1.0.drv
checking derivation checks.x86_64-linux.mantle-build-contract-wasm...
derivation evaluated to /nix/store/4gl8ch0f562vwn53a45vna6jsn2pl7kx-mantle-build-0.1.0.drv
checking derivation checks.x86_64-linux.mantle-build-contract-nickel...
derivation evaluated to /nix/store/l2kf600k229294lcz8vii3byi2rddqmk-mantle-build-contract-nickel.drv
checking derivation checks.x86_64-linux.nextest...
derivation evaluated to /nix/store/6h6yny7xagzpvsb4a3ndnfvk57a87hna-mantle-nextest-0.1.0.drv
checking derivation checks.x86_64-linux.clippy...
derivation evaluated to /nix/store/nds4h62ak5jbhh5wdx2rcnjnc10vbv93-mantle-clippy-0.1.0.drv
checking derivation checks.x86_64-linux.fmt...
derivation evaluated to /nix/store/qn50b7li2vqynj6wk2iiblxdpnv3v6lq-mantle-fmt-0.1.0.drv
checking derivation checks.x86_64-linux.spacewasm-reference-profile...
derivation evaluated to /nix/store/l7afrlfqdkbk2kr6cc4b3cz71mfvyqgr-spacewasm-reference-profile-export.drv
checking derivation checks.x86_64-linux.spacewasm-reference-host-library...
derivation evaluated to /nix/store/w4jrclscwbypndanjqk3q80n0ms9vmq7-spacewasm-e24cf09355a90497148eb5029fdb8e3400bd63e3-host-library.drv
checking derivation checks.x86_64-linux.spacewasm-reference-wasm-library...
derivation evaluated to /nix/store/55qq4aiiy3kl1vn7m0m6bhbwkrj8viin-spacewasm-e24cf09355a90497148eb5029fdb8e3400bd63e3-wasm-library.drv
checking derivation checks.x86_64-linux.spacewasm-reference-host-runner...
derivation evaluated to /nix/store/nhq1j51vr6f2c3hyizpym9gqv7kdlyhg-spacewasm-e24cf09355a90497148eb5029fdb8e3400bd63e3-diagnostic-runner.drv
checking derivation checks.x86_64-linux.spacewasm-reference-upstream-unit-tests...
derivation evaluated to /nix/store/d32qk66pm2qmpp0dbjqsyv9v0qcyrn63-spacewasm-e24cf09355a90497148eb5029fdb8e3400bd63e3-unit-tests.drv
checking derivation checks.x86_64-linux.spacewasm-reference-spectest-address...
derivation evaluated to /nix/store/idj54q1da8w21x0c59p8ay7vxnh2gin6-spacewasm-e24cf09355a90497148eb5029fdb8e3400bd63e3-spectest-address.drv
checking derivation checks.x86_64-linux.spacewasm-reference-fixtures...
derivation evaluated to /nix/store/1i1y5ni7ivf7bnhdb2z8i0kpsbkl0x2j-spacewasm-e24cf09355a90497148eb5029fdb8e3400bd63e3-fixture-report.drv
checking derivation checks.x86_64-linux.spacewasm-reference-negative...
derivation evaluated to /nix/store/6p0ana9vradxplf1as1rb12n67am2gdr-mantle-spacewasm-reference-negative-check.drv
checking flake output 'devShells'...
checking derivation devShells.x86_64-linux.default...
derivation evaluated to /nix/store/36ihw433z62fxfz0c70fwpabxspk9861-nix-shell.drv
running 14 flake checks...
building '/nix/store/sn50qmvxb7kz5yxgmlrdrqh27qm7hzli-mantle-deps-0.1.0.drv' on 'ssh-ng://root@aspen1.local'...
building '/nix/store/zm3qs97sh8zbyvaxarl3n3fwqk4zmk0j-tigerstyle-consumer-check.drv' on 'ssh-ng://root@aspen1.local'...
copying path '/nix/store/242dm8rbahrqbcpfqc5n763dsv9pcb6l-cargo-package-adler2-2.0.1' from 'https://devenv.cachix.org'...
copying path '/nix/store/18l7x2yn94nxxk70plc7cplj788qaafp-cargo-package-aho-corasick-1.1.4' from 'https://devenv.cachix.org'...
copying path '/nix/store/alms6v0aimbbwlnap92kws2mg8jz2wby-cargo-package-anstream-1.0.0' from 'https://devenv.cachix.org'...
copying path '/nix/store/13lvcxcw6w7ahqwz81cv0r6m4q5v82bv-cargo-package-anstyle-1.0.14' from 'https://devenv.cachix.org'...
copying path '/nix/store/1924788nzihrj2xiran9j98213qpjhdy-cargo-package-anstyle-parse-1.0.0' from 'https://devenv.cachix.org'...
copying path '/nix/store/xlkmhnygxwn784sfj96nz3jmrvarj5kg-cargo-package-anyhow-1.0.102' from 'https://devenv.cachix.org'...
copying path '/nix/store/9jjqny2j1dn2cgc28ygy8cxkh8sb3khi-cargo-package-anstyle-query-1.1.5' from 'https://devenv.cachix.org'...
copying path '/nix/store/pk23ilrx6kp65fpwcjgzq6zvva6hkwsl-cargo-package-anstyle-wincon-3.0.11' from 'https://devenv.cachix.org'...
copying path '/nix/store/fmk2r3p5w6g2za3lgp46q2s4mxxxzl83-cargo-package-arc-swap-1.9.1' from 'https://devenv.cachix.org'...
copying path '/nix/store/gvscqkfvcvhxg83d7bsb1pqq03gv974h-cargo-package-atomic-waker-1.1.2' from 'https://devenv.cachix.org'...
copying path '/nix/store/ascaxb8r3l8x63z5qzr65x8r02x5wpib-cargo-package-async-channel-2.5.0' from 'https://devenv.cachix.org'...
copying path '/nix/store/nzb2vl12ps3lr7ivj2miiyydnhvnj5ma-cargo-package-autocfg-1.5.0' from 'https://devenv.cachix.org'...
copying path '/nix/store/bks9kn28zkd1apyk3hyxh6wb34n8yyqi-cargo-package-axum-core-0.5.6' from 'https://devenv.cachix.org'...
copying path '/nix/store/30ba0bh9sixdm7d8mzccb77v0a2d2w5w-cargo-package-arrayvec-0.7.6' from 'https://devenv.cachix.org'...
copying path '/nix/store/pa4y39cbihdf6z3w5p7lzh1w2sd3w7k0-cargo-package-bincode-1.3.3' from 'https://devenv.cachix.org'...
copying path '/nix/store/69fnsvfxy7d35h63x39gyh95ynsk1xgp-cargo-package-base64-0.22.1' from 'https://devenv.cachix.org'...
copying path '/nix/store/0qqxgy5si6h9rjd5vjdwvgmpdj96yfv7-cargo-package-num-traits-0.2.19' from 'https://devenv.cachix.org'...
copying path '/nix/store/00sxbikyixf5h8cxwdnmj4j8w7v9bflz-cargo-package-unicode-width-0.2.2' from 'https://devenv.cachix.org'...
copying path '/nix/store/0yc36rsgybrzfajrqlcbzbrmcyrk8asx-cargo-package-futures-macro-0.3.32' from 'https://devenv.cachix.org'...
copying path '/nix/store/17j1ckbcpblq7q0qp520ai2acbqqxajx-cargo-package-num-conv-0.2.1' from 'https://devenv.cachix.org'...
copying path '/nix/store/19ivfcyg1kfhzxj4rd1qmm1bfs1gplq9-cargo-package-derive_more-2.1.1' from 'https://devenv.cachix.org'...
copying path '/nix/store/1b7iy3lwqkh5kf0i42xlnjnq3s73nfa1-cargo-package-cpufeatures-0.3.0' from 'https://devenv.cachix.org'...
copying path '/nix/store/1bap41wa20qzm6jmy1n6aqr3ahl4imb0-cargo-package-libm-0.2.16' from 'https://devenv.cachix.org'...
copying path '/nix/store/1bklnw9rzyfxyi70mqd6rcqgy38d581d-cargo-package-proc-macro-crate-3.5.0' from 'https://devenv.cachix.org'...
copying path '/nix/store/1gh1r8lbzp5c12zcmc3pizrc0q5g7fgs-cargo-package-memchr-2.8.0' from 'https://devenv.cachix.org'...
copying path '/nix/store/1ijffkh58syxgwgwi4bgkcgxz1vjaw73-cargo-package-derive_more-impl-2.1.1' from 'https://devenv.cachix.org'...
copying path '/nix/store/1lr65r08brwlapbz4j20c4yhamsgrpgb-cargo-package-dashmap-6.1.0' from 'https://devenv.cachix.org'...
copying path '/nix/store/1xr0l1q78v3xq5738q71phca1i0ygqg7-cargo-package-precomputed-hash-0.1.1' from 'https://devenv.cachix.org'...
copying path '/nix/store/20l406bgm6p500bdqawpaf13hc5csmpd-cargo-package-dunce-1.0.5' from 'https://devenv.cachix.org'...
copying path '/nix/store/25b54zqk7ysdf2pjlijcq4b4f4qqfffj-cargo-package-half-2.7.1' from 'https://devenv.cachix.org'...
copying path '/nix/store/2gycq3j9vcw7anm7ahk1mcbgk51q9p5a-cargo-package-pin-project-internal-1.1.11' from 'https://devenv.cachix.org'...
copying path '/nix/store/2hyn93krlp2jq6zgkrvgfhhw40yn9bmv-cargo-package-powerfmt-0.2.0' from 'https://devenv.cachix.org'...
copying path '/nix/store/2lghy1iby2mp7hhqixjp8k7mhi85pww4-cargo-package-toml_datetime-1.1.1+spec-1.1.0' from 'https://devenv.cachix.org'...
copying path '/nix/store/2rirh2mxpz2l6ijmpa9da4pisd1h3i6a-cargo-package-getrandom-0.3.4' from 'https://devenv.cachix.org'...
copying path '/nix/store/2y01i91vh65a55sr8hvrlmbi8nrifsf0-cargo-package-num_enum-0.7.6' from 'https://devenv.cachix.org'...
copying path '/nix/store/2zbiwdlamlil7va3ri9mqk3flf9xnzkp-cargo-package-slab-0.4.12' from 'https://devenv.cachix.org'...
copying path '/nix/store/33na361j2h7wgcna1l7ip7n4by1lgh8f-cargo-package-bytes-1.11.1' from 'https://devenv.cachix.org'...
copying path '/nix/store/33p5fvgscdadq1sfvsj0p0xysz5i9mdz-cargo-package-walkdir-2.5.0' from 'https://nix-community.cachix.org'...
copying path '/nix/store/34ffv2mswldjk1mrbw7w0bp70n799mcn-cargo-package-time-0.3.47' from 'https://devenv.cachix.org'...
copying path '/nix/store/3c34gb6fz3mnq2vk1vj9246ci5d1z9iy-cargo-package-icu_provider-2.2.0' from 'https://devenv.cachix.org'...
copying path '/nix/store/3clplizilh9z5l900ihk8d91i1ymnvgy-cargo-package-deranged-0.5.8' from 'https://devenv.cachix.org'...
copying path '/nix/store/3dsmk15pd1q8fbmxyxx86pqpa8l1i3x6-cargo-package-ciborium-ll-0.2.2' from 'https://devenv.cachix.org'...
copying path '/nix/store/3ff4g2k0dv69ldf31zp1jdb0sw8gw8qj-cargo-package-fixedbitset-0.5.7' from 'https://devenv.cachix.org'...
copying path '/nix/store/3p15r62r5vlxjw5cgpip32f5i025yafr-cargo-package-getrandom-0.2.17' from 'https://devenv.cachix.org'...
copying path '/nix/store/491fnia0rv86p29k7x1k5j24r9yfckr3-cargo-package-tinystr-0.8.3' from 'https://devenv.cachix.org'...
copying path '/nix/store/4kd9cxq1s5czd9illyd8sb5c24bay5jb-cargo-package-thiserror-impl-1.0.69' from 'https://devenv.cachix.org'...
copying path '/nix/store/4m6q9b556bjwqkz3kfc52gby69wpwpml-cargo-package-num_cpus-1.17.0' from 'https://devenv.cachix.org'...
copying path '/nix/store/4m9walqj51vl13yx6hfc9i44m1gmgskz-cargo-package-linux-raw-sys-0.12.1' from 'https://devenv.cachix.org'...
copying path '/nix/store/4p6ncvf4md38zn71d470a8nba0p38if6-cargo-package-tower-layer-0.3.3' from 'https://devenv.cachix.org'...
copying path '/nix/store/4z969g89hf5zyq4h3sh545ndr3lc2f71-cargo-package-rustix-1.1.4' from 'https://devenv.cachix.org'...
copying path '/nix/store/4zxb38hvsx9nqsnn8570gs85c8m9c1vb-cargo-package-proc-macro2-diagnostics-0.10.1' from 'https://devenv.cachix.org'...
copying path '/nix/store/57hrx29z8xgr21avicw9mid14zyqirar-cargo-package-futures-core-0.3.32' from 'https://devenv.cachix.org'...
copying path '/nix/store/5h68vx3rhh99b01wmriinw6amcix3j0x-cargo-package-find-msvc-tools-0.1.9' from 'https://devenv.cachix.org'...
copying path '/nix/store/5jiwv8ha6g9d4db131xklkqss9ihkz4w-cargo-package-thiserror-impl-2.0.18' from 'https://devenv.cachix.org'...
copying path '/nix/store/5lig6f6x33x2acy7xjn1d0z81nx4n9gz-cargo-package-rand-0.8.6' from 'https://devenv.cachix.org'...
copying path '/nix/store/5v3m4kdq2f8390cdwz3iz2rp8sxbi987-cargo-package-clap_derive-4.6.0' from 'https://devenv.cachix.org'...
copying path '/nix/store/609pwc8618lgxrn8jz529hqprjagh4qr-cargo-package-wasip3-0.4.0+wasi-0.3.0-rc-2026-01-06' from 'https://devenv.cachix.org'...
copying path '/nix/store/6589gj1hijfwqzkkab64lql0z9h8kqdn-cargo-package-futures-io-0.3.32' from 'https://devenv.cachix.org'...
copying path '/nix/store/67griwbj0vgg81y3kz68zs5zk73jjm69-cargo-package-miniz_oxide-0.8.9' from 'https://devenv.cachix.org'...
copying path '/nix/store/6bkybn5f5sin70sq70kpq7gb9flhgdgg-cargo-package-num_enum_derive-0.7.6' from 'https://devenv.cachix.org'...
copying path '/nix/store/6cwbmhs9yxmpqqi89c78zjfgza8fsrr4-cargo-package-httparse-1.10.1' from 'https://devenv.cachix.org'...
copying path '/nix/store/6l7j8wvz5w2crm8dhy9djjw5ncfjc0jp-cargo-package-matchit-0.8.4' from 'https://devenv.cachix.org'...
copying path '/nix/store/6n2nla77ib4javvm158apsi0iz9mkkmm-cargo-package-once_cell_polyfill-1.70.2' from 'https://devenv.cachix.org'...
copying path '/nix/store/6rzq8fslk2m6yxb1ljnqip7m915p3lhj-cargo-package-fastrand-2.4.1' from 'https://devenv.cachix.org'...
copying path '/nix/store/6va02kj7ca41dqjk4v2vbzr63h64aq6q-cargo-package-predicates-core-1.0.10' from 'https://nix-community.cachix.org'...
copying path '/nix/store/6y6g2x88rdb1ygjqs1hdwqs1k9f74y21-cargo-package-crypto-common-0.1.7' from 'https://devenv.cachix.org'...
copying path '/nix/store/71ln6w7w0hcbxk4yrc7b31xwykzawby4-cargo-package-lazy_static-1.5.0' from 'https://devenv.cachix.org'...
copying path '/nix/store/724dh3hxlwn49miyzqavj26hhkw08m92-cargo-package-litemap-0.8.2' from 'https://devenv.cachix.org'...
copying path '/nix/store/75957k6l8f2ggij2xx3p027y1x29rv00-cargo-package-itertools-0.14.0' from 'https://devenv.cachix.org'...
copying path '/nix/store/7ci36czamc4q893zccq0vim35s4f0lrl-cargo-package-winapi-util-0.1.11' from 'https://nix-community.cachix.org'...
copying path '/nix/store/7ddjfv2gcc15qvf6gm32kvpsdhksylb9-cargo-package-winnow-1.0.1' from 'https://devenv.cachix.org'...
copying path '/nix/store/7gd8gwhsyfxv981sgiscvzmdw6m3jipk-cargo-package-scopeguard-1.2.0' from 'https://devenv.cachix.org'...
copying path '/nix/store/7jbq555bpk5x5771gqnqflpfsk9gmhn2-cargo-package-tokio-util-0.7.18' from 'https://devenv.cachix.org'...
copying path '/nix/store/7ldg1r7yxwmafl8jrbgckmvviww25haa-cargo-package-ryu-1.0.23' from 'https://devenv.cachix.org'...
copying path '/nix/store/7qqqwhwv06h405lhkbb92nvpii4qfl9j-cargo-package-httpdate-1.0.3' from 'https://devenv.cachix.org'...
copying path '/nix/store/7qvjazxhdsjz62wxlg319zxpasqzmnjq-cargo-package-zerovec-0.11.6' from 'https://devenv.cachix.org'...
copying path '/nix/store/86mw1nahzq67sgwidllfzq4iwc1a9mcy-cargo-package-futures-executor-0.3.32' from 'https://devenv.cachix.org'...
copying path '/nix/store/8857w0a9nzpnkvj3cn1scb24iy6vzrxd-cargo-package-tracing-0.1.44' from 'https://devenv.cachix.org'...
copying path '/nix/store/8clzvjpimri9a8qf0f5yy1b7mzp0d9hp-cargo-package-simd-adler32-0.3.9' from 'https://devenv.cachix.org'...
copying path '/nix/store/8nyngkzlqv50hf11wqpyna49xhgl76b2-cargo-package-signal-hook-registry-1.4.8' from 'https://devenv.cachix.org'...
copying path '/nix/store/8w8w04sg4fjivi8m27apx049mrlvhppr-cargo-package-futures-task-0.3.32' from 'https://devenv.cachix.org'...
copying path '/nix/store/8x2mznhaa4a4ri28xnmwr7vxsmzqzp7f-cargo-package-cfg-if-1.0.4' from 'https://devenv.cachix.org'...
copying path '/nix/store/9355r99syfvck6q3h59c8j2ny77v8d2d-cargo-package-wit-bindgen-core-0.51.0' from 'https://devenv.cachix.org'...
copying path '/nix/store/96yfhdfknjl8p7m7s5j7l7g1ic51kvrb-cargo-package-thiserror-1.0.69' from 'https://devenv.cachix.org'...
copying path '/nix/store/978r3y14h2g1r8wbzgh3gzh7hrjsrhj7-cargo-package-parking-2.2.1' from 'https://devenv.cachix.org'...
copying path '/nix/store/9fk8lcz5zsd0igp0ixm9fx58igs3i74g-cargo-package-pin-project-lite-0.2.17' from 'https://devenv.cachix.org'...
copying path '/nix/store/9g7rv2cvvsn3a927il2xj7n3mjbavls2-cargo-package-yoke-0.8.2' from 'https://devenv.cachix.org'...
copying path '/nix/store/9jhkxxxahkhdlyffzlv3xjhhkn4q6h6h-cargo-package-chrono-0.4.44' from 'https://nix-community.cachix.org'...
copying path '/nix/store/9li2lfc0hp0ajqhh0ga9zb88k6794vsg-cargo-package-hyper-util-0.1.20' from 'https://devenv.cachix.org'...
copying path '/nix/store/9xfhlb6d9mx72d46nbm9di0vxdka3h77-cargo-package-once_cell-1.21.4' from 'https://devenv.cachix.org'...
copying path '/nix/store/9qi5x0sw0gxjzsp0dsr2y364mnr7djc7-cargo-package-wit-bindgen-rust-macro-0.51.0' from 'https://devenv.cachix.org'...
copying path '/nix/store/a4a6w5bwhvyjq5zcz080i6fjay181ywk-cargo-package-windows-interface-0.59.3' from 'https://devenv.cachix.org'...
copying path '/nix/store/ad4pgw838r41lafn40gg9jyxgj1ix7p1-cargo-package-bumpalo-3.20.2' from 'https://devenv.cachix.org'...
copying path '/nix/store/af5zwimprkgj7gsqigny2ll2visw02h2-cargo-package-socket2-0.6.3' from 'https://devenv.cachix.org'...
copying path '/nix/store/aiwrg0vkkzky1ibx736d8lfag6d2zz44-cargo-package-unicode-linebreak-0.1.5' from 'https://devenv.cachix.org'...
copying path '/nix/store/amiknhq40wqvr282520fsg3d0v1y1g1m-cargo-package-new_debug_unreachable-1.0.6' from 'https://devenv.cachix.org'...
copying path '/nix/store/awcj6kc545ncl7wq9df3z9p4qhjsybi2-cargo-package-hashbrown-0.16.1' from 'https://devenv.cachix.org'...
copying path '/nix/store/b7ibzkwx5pq4agkql06riassiqrsnj3n-cargo-package-wit-parser-0.244.0' from 'https://devenv.cachix.org'...
copying path '/nix/store/bik0ik2bh4pzivj4dnjpmrjzhqq07873-cargo-package-portable-atomic-util-0.2.6' from 'https://devenv.cachix.org'...
copying path '/nix/store/bk4bapn64id6m98hzbym00qakdw35qnn-cargo-package-futures-channel-0.3.32' from 'https://devenv.cachix.org'...
copying path '/nix/store/bm58vz74ncxfwh9wcdccx99zzn67my4c-cargo-package-cobs-0.3.0' from 'https://devenv.cachix.org'...
copying path '/nix/store/bmlnl60d4v97dsrkd5a563kwvasshn77-cargo-package-windows-link-0.2.1' from 'https://devenv.cachix.org'...
copying path '/nix/store/bzx4bn0sz84sdnws9ibsx10cxkig8w68-cargo-package-itoa-1.0.18' from 'https://devenv.cachix.org'...
copying path '/nix/store/cd5nz097irkk32nfh57jxz3nw2h20fdp-cargo-package-chacha20-0.10.0' from 'https://devenv.cachix.org'...
copying path '/nix/store/cg49ckfi0fcx0nxciimmry0nhrz0ny45-cargo-package-jiff-static-0.2.23' from 'https://devenv.cachix.org'...
copying path '/nix/store/cil63zzykhjr6gbw75cl71vh686r26xp-cargo-package-foldhash-0.2.0' from 'https://devenv.cachix.org'...
copying path '/nix/store/cj7ksxcg88dsb2cr5kqkmyqrg50bpwji-cargo-package-plain-0.2.3' from 'https://nix-community.cachix.org'...
copying path '/nix/store/ck155v0r7mls28q7wzl6bsvnjh4xlzdz-cargo-package-toml_datetime-0.7.5+spec-1.1.0' from 'https://devenv.cachix.org'...
copying path '/nix/store/ck1blx8wxqwjp2lz6v9jb285nhf9bhp5-cargo-package-potential_utf-0.1.5' from 'https://devenv.cachix.org'...
copying path '/nix/store/cs8iz41g6wdvxs8xjkhq71fa3w8qvl3k-cargo-package-log-0.4.29' from 'https://devenv.cachix.org'...
copying path '/nix/store/cvfyw4qa3dc0xzw67yngsi2qxpp0c5si-cargo-package-bstr-1.12.1' from 'https://nix-community.cachix.org'...
copying path '/nix/store/d0bzm8b9w129br0hi35y2lf54ldncj76-cargo-package-ciborium-io-0.2.2' from 'https://devenv.cachix.org'...
copying path '/nix/store/d0mwrxqlsv1jhx7ifad9z20qkg35xjby-cargo-package-predicates-tree-1.0.13' from 'https://nix-community.cachix.org'...
copying path '/nix/store/d1vjz39hir77a054njmhqswrbq5l47b6-cargo-package-ref-cast-1.0.25' from 'https://devenv.cachix.org'...
copying path '/nix/store/d70zcshwdzg64g07nf42l0pz8knagg6h-cargo-package-iana-time-zone-0.1.65' from 'https://nix-community.cachix.org'...
copying path '/nix/store/dam27iccv7ac6n6jrq577qkigi80gdmc-cargo-package-synstructure-0.13.2' from 'https://devenv.cachix.org'...
copying path '/nix/store/db575rfci3rzp78ndlj21lizfai00snz-cargo-package-futures-util-0.3.32' from 'https://devenv.cachix.org'...
copying path '/nix/store/db8zalym4vqngnf5i7298wf09hdkch6i-cargo-package-indoc-2.0.7' from 'https://devenv.cachix.org'...
copying path '/nix/store/dkxqs4c2a8rylggcyklz82j5hxfb8y7i-cargo-package-unicode-segmentation-1.13.2' from 'https://devenv.cachix.org'...
copying path '/nix/store/dl9rps74ppdl3nq16vmix9jh6815i4ja-cargo-package-winnow-0.7.15' from 'https://devenv.cachix.org'...
copying path '/nix/store/dq0vvrnyrg69csy59g8af4g5mv2kix1k-cargo-package-is-terminal-0.4.17' from 'https://devenv.cachix.org'...
copying path '/nix/store/dvsw95vcwk2rsngalmvph72ijr28400b-cargo-package-unicase-2.9.0' from 'https://devenv.cachix.org'...
copying path '/nix/store/f1mb0in9vixpqf5sjwjw1yy45zpzl7qx-cargo-package-percent-encoding-2.3.2' from 'https://devenv.cachix.org'...
copying path '/nix/store/f5jpki6iis9bxcsscmy0qxa1lvcwmbd0-cargo-package-tower-service-0.3.3' from 'https://devenv.cachix.org'...
copying path '/nix/store/f8bgm9nxzj7dwnx8zby3aanmc23bm51c-cargo-package-try-lock-0.2.5' from 'https://devenv.cachix.org'...
copying path '/nix/store/fk2jn8imsysnc9ksryx38b835pj9gf2x-cargo-package-sha1-0.10.6' from 'https://devenv.cachix.org'...
copying path '/nix/store/frn37ga4g03kjg6ynlp77j1m4cndcvfs-cargo-package-toml_writer-1.1.1+spec-1.1.0' from 'https://devenv.cachix.org'...
copying path '/nix/store/fxs0l7m9m4mp53w2qsprpv0sp41s9vgp-cargo-package-zerofrom-0.1.7' from 'https://devenv.cachix.org'...
copying path '/nix/store/g7sl9z2vnpyrd3y0za63b9v3zgjiw63d-cargo-package-crossbeam-utils-0.8.21' from 'https://devenv.cachix.org'...
copying path '/nix/store/gb3zmznznzq8rzzzx1mv33miyf1024ii-cargo-package-tower-http-0.6.8' from 'https://devenv.cachix.org'...
copying path '/nix/store/gb89g2wwwca93j8zx4cmk5hpd4awx0rr-cargo-package-form_urlencoded-1.2.2' from 'https://devenv.cachix.org'...
copying path '/nix/store/gbjwjr706v2sx7lxkh22ymfcdn88a7y2-cargo-package-crunchy-0.2.4' from 'https://devenv.cachix.org'...
copying path '/nix/store/gcgfhqsfd4xqvpiwh8kvpdfb09isqssl-cargo-package-redox_syscall-0.5.18' from 'https://devenv.cachix.org'...
copying path '/nix/store/gf6yqmgcll71yzp92xr82h8hszs7f0wa-cargo-package-predicates-3.1.4' from 'https://nix-community.cachix.org'...
copying path '/nix/store/ghryx9p8kh9y7m43grpag6l0svp2nbc5-cargo-package-windows-implement-0.60.2' from 'https://devenv.cachix.org'...
copying path '/nix/store/gmz0qqkfzvhbar5rg8hi2k21p95kzlqm-cargo-package-same-file-1.0.6' from 'https://nix-community.cachix.org'...
copying path '/nix/store/gp2cck910vm9gynhsnmlj9y0w8q8pf1q-cargo-package-yoke-derive-0.8.2' from 'https://devenv.cachix.org'...
copying path '/nix/store/hd7jb2a1r3a6723l33c7n2k25c3n1gpq-cargo-package-is_ci-1.2.0' from 'https://devenv.cachix.org'...
copying path '/nix/store/hdpmln5x1czhr45zbmwjkz8517qwr4lm-cargo-package-clap_lex-1.1.0' from 'https://devenv.cachix.org'...
copying path '/nix/store/hhv2paw8in0yj72h45gv45lyrf74d41i-cargo-package-owo-colors-4.3.0' from 'https://devenv.cachix.org'...
copying path '/nix/store/hkgam9mkpasa6avp27wdi5gnf5vzjjkk-cargo-package-wasmparser-0.244.0' from 'https://devenv.cachix.org'...
copying path '/nix/store/hmscda565l5rjk4q2kcbwwgphhc6hb02-cargo-package-hermit-abi-0.5.2' from 'https://devenv.cachix.org'...
copying path '/nix/store/hr4wg5cc545dzra6yz41992dpc8hjq4z-cargo-package-tower-0.5.3' from 'https://devenv.cachix.org'...
copying path '/nix/store/i2rlyh0n695k8l5mi4vz1yf6nljmdbmq-cargo-package-fnv-1.0.7' from 'https://devenv.cachix.org'...
copying path '/nix/store/i3c6zv5vpn3dh2csh2iv2mvss9qspv3i-cargo-package-zerocopy-derive-0.8.48' from 'https://devenv.cachix.org'...
copying path '/nix/store/ikbfn11bqalmhm6gkj73mxk40pamcn3i-cargo-package-windows-result-0.4.1' from 'https://devenv.cachix.org'...
copying path '/nix/store/ivnmg49bx7dsc79jk2xrx44mhrcxabx7-cargo-package-mio-1.2.0' from 'https://devenv.cachix.org'...
copying path '/nix/store/j0q7zw4wn0xj2ng503dnnalynjafj4d4-cargo-package-clap-4.6.0' from 'https://devenv.cachix.org'...
copying path '/nix/store/j36awhsc032pmp9940zch0hl4pqcbdq5-cargo-package-shell-words-1.1.1' from 'https://devenv.cachix.org'...
copying path '/nix/store/j4bcr8pz8khqdlnl8lfhqanphj4rmhq4-cargo-package-prettyplease-0.2.37' from 'https://devenv.cachix.org'...
copying path '/nix/store/j9y354c7zj801m1xdgixldaarskky61b-cargo-package-encode_unicode-1.0.0' from 'https://devenv.cachix.org'...
copying path '/nix/store/jdcppwcwpw6cnqdkds8cvwj7i44n3g75-cargo-package-regex-syntax-0.8.10' from 'https://devenv.cachix.org'...
copying path '/nix/store/jfvrbmwdfp367000yxmxpy2h9i15m7nw-cargo-package-tracing-core-0.1.36' from 'https://devenv.cachix.org'...
copying path '/nix/store/jjcdiz2yi3ys5dzvs4dqsfd3f6976m38-cargo-package-thiserror-2.0.18' from 'https://devenv.cachix.org'...
copying path '/nix/store/jky05a18mj4zyd7m628qklp7qaqsv58c-cargo-package-want-0.3.1' from 'https://devenv.cachix.org'...
copying path '/nix/store/jqplg30cxq8rrz6hx8pfki9cwghalgjs-cargo-package-rand_core-0.9.5' from 'https://devenv.cachix.org'...
copying path '/nix/store/kf2x7sbhhw25k74kgd4h021lfpfcn8f8-cargo-package-windows-registry-0.6.1' from 'https://devenv.cachix.org'...
copying path '/nix/store/kl616vdzd1gdisl11h97yf4v3dfbyx4m-cargo-package-proc-macro2-1.0.106' from 'https://devenv.cachix.org'...
copying path '/nix/store/klcg9ip16izsnknyk7kmd5qw1wq6ql8f-cargo-package-r-efi-6.0.0' from 'https://devenv.cachix.org'...
copying path '/nix/store/kqwmkrr00dwi1b913df1c81jakix855x-cargo-package-futures-lite-2.6.1' from 'https://devenv.cachix.org'...
copying path '/nix/store/kr166vakxjjlz4mnmnjq8ffscqyqm8kz-cargo-package-icu_locale_core-2.2.0' from 'https://devenv.cachix.org'...
copying path '/nix/store/kv6hg003cqxfpxixy1qpl13r7fk8zak0-cargo-package-static_assertions-1.1.0' from 'https://devenv.cachix.org'...
copying path '/nix/store/l1zfql96if5aal9qy5v6sxj7khi74sd6-cargo-package-rustversion-1.0.22' from 'https://devenv.cachix.org'...
copying path '/nix/store/larm6g3md2vb9c14x4m1m6c9x4r58qyr-cargo-package-bytemuck-1.25.0' from 'https://devenv.cachix.org'...
copying path '/nix/store/lfc2s39fc6iq2vl5dvn6jxwi8zfi5c0s-cargo-package-mime-0.3.17' from 'https://devenv.cachix.org'...
copying path '/nix/store/lh8bi5jg7ck3ka4f6pgcw5i4kyzy4wgd-cargo-package-zmij-1.0.21' from 'https://devenv.cachix.org'...
copying path '/nix/store/lhrsx57p5rhgrbgrfi2rrk5lm1rx8faw-cargo-package-tokio-macros-2.7.0' from 'https://devenv.cachix.org'...
copying path '/nix/store/lsg1jkldhvhn3x9gimlw3gjn98sagk9x-cargo-package-wasm-encoder-0.244.0' from 'https://devenv.cachix.org'...
copying path '/nix/store/m332y5zalq7wwnh6xmycr0lc5127vw3m-cargo-package-futures-0.3.32' from 'https://devenv.cachix.org'...
copying path '/nix/store/m3fq4a78kcnz15ysd20drraa1vv2ixwp-cargo-package-serde_spanned-1.1.1' from 'https://devenv.cachix.org'...
copying path '/nix/store/mcxsl85f7lkdfv0iqk60b87xj8jhwqvi-cargo-package-reqwest-0.13.2' from 'https://devenv.cachix.org'...
copying path '/nix/store/mdzf16fj9k74gwzjn0p2gvhrk8na3kw4-cargo-package-concurrent-queue-2.5.0' from 'https://devenv.cachix.org'...
copying path '/nix/store/mldfjm8j84j5izya0xqf1v3hmyah535b-cargo-package-wasm-metadata-0.244.0' from 'https://devenv.cachix.org'...
copying path '/nix/store/mm0zv6msxxcy918160vxz2pl314vbk7z-cargo-package-ciborium-0.2.2' from 'https://devenv.cachix.org'...
copying path '/nix/store/mpv5qjhfnkr69gaqi3i5q6r6l6g11x84-cargo-package-zerofrom-derive-0.1.7' from 'https://devenv.cachix.org'...
copying path '/nix/store/mq10d2wc9a665gdh0gc4k02cn4rgv6h6-cargo-package-writeable-0.6.3' from 'https://devenv.cachix.org'...
copying path '/nix/store/mskrprnx6r1pwjn6vrlppvyp5s90zz7r-cargo-package-windows-strings-0.5.1' from 'https://devenv.cachix.org'...
copying path '/nix/store/mx2l94g4n7mvnz9v0622c5dzwy2jj871-cargo-package-stable_deref_trait-1.2.1' from 'https://devenv.cachix.org'...
copying path '/nix/store/n0c25b706lgzwawq4zablxp21a6yj2ip-cargo-package-errno-0.3.14' from 'https://devenv.cachix.org'...
copying path '/nix/store/n0pgr46l4vpjql6lc2wjhzchgynkrnh7-cargo-package-termtree-0.5.1' from 'https://nix-community.cachix.org'...
copying path '/nix/store/n4l1qzcfg2d4hdxlnpz4m27rscz5g8cb-cargo-package-wit-component-0.244.0' from 'https://devenv.cachix.org'...
copying path '/nix/store/n4lbshz124sa70nbw3fdn74dg26rpc5c-cargo-package-wait-timeout-0.2.1' from 'https://nix-community.cachix.org'...
copying path '/nix/store/nhh1l67lahvwlca4y9a7cd3hpazg3c8w-cargo-package-http-body-util-0.1.3' from 'https://devenv.cachix.org'...
copying path '/nix/store/p7mz5d5sfsgr05lca5nps4hd2a6qgxxb-cargo-package-portable-atomic-1.13.1' from 'https://devenv.cachix.org'...
copying path '/nix/store/pbn0232fp0x0l0zx0jx1fialr1sbi3f6-cargo-package-textwrap-0.16.2' from 'https://devenv.cachix.org'...
copying path '/nix/store/pfxx1jkhdslafv65x0z8inxr38qg5j8r-cargo-package-url-2.5.8' from 'https://devenv.cachix.org'...
copying path '/nix/store/pgc6nmr2g51k05b6mlxdil994n3s20rd-cargo-package-thread_local-1.1.9' from 'https://nix-community.cachix.org'...
copying path '/nix/store/pkkmdya4xylfyz1f4kk6d7a2xhkzj1lp-cargo-package-regex-1.12.3' from 'https://devenv.cachix.org'...
copying path '/nix/store/py2yshmizyibzab9gxsb0mpv59jks19z-cargo-package-time-core-0.1.8' from 'https://devenv.cachix.org'...
copying path '/nix/store/pydbfl8zr3havrsgxmbbc5vyc537vgr2-cargo-package-idna-1.1.0' from 'https://devenv.cachix.org'...
copying path '/nix/store/pym15rr8qa48mf53b3vv33ig2ihi8xay-cargo-package-windows-core-0.62.2' from 'https://devenv.cachix.org'...
copying path '/nix/store/q2fqcbq5a2ya5g1v6jjpqnrrwgyaaz0n-cargo-package-serde_json-1.0.149' from 'https://devenv.cachix.org'...
copying path '/nix/store/q84805c8p9xz2zlhwcp3pxfqlrvp2cmz-cargo-package-toml_parser-1.1.2+spec-1.1.0' from 'https://devenv.cachix.org'...
copying path '/nix/store/q8dwmafwk1yc37dn6frnkfv0qdwgrfcm-cargo-package-num-integer-0.1.46' from 'https://devenv.cachix.org'...
copying path '/nix/store/qqjg2l2k0m4735qfnvwbqidwz0rpary3-cargo-package-hyper-1.9.0' from 'https://devenv.cachix.org'...
copying path '/nix/store/qsc4vj1dil9qb2mr7wdqm6clhdwbk0a5-cargo-package-toml-0.9.12+spec-1.1.0' from 'https://devenv.cachix.org'...
copying path '/nix/store/qw3dnbvsdgj4kzxdy7abpr47406hs2q7-cargo-package-wasip2-1.0.2+wasi-0.2.9' from 'https://devenv.cachix.org'...
copying path '/nix/store/r15kahnqagflk2b55j2slyhyw6wlmr0b-cargo-package-idna_adapter-1.2.1' from 'https://devenv.cachix.org'...
copying path '/nix/store/r90zxs406fqhh327q0dqfi8zllfsi2yd-cargo-package-tempfile-3.27.0' from 'https://devenv.cachix.org'...
copying path '/nix/store/rjk1hhv124bc163z7al9rnyc5aspv88h-cargo-package-unicode-ident-1.0.24' from 'https://devenv.cachix.org'...
copying path '/nix/store/rlg45g001sp4h0m6aabzrqhbbikdlj3f-cargo-package-zerovec-derive-0.11.3' from 'https://devenv.cachix.org'...
copying path '/nix/store/rps6l45nk70l7bw0r9qnr4xhmsk4bcm9-cargo-package-difflib-0.4.0' from 'https://nix-community.cachix.org'...
copying path '/nix/store/rz56sbxf9m4m3lji7nqpxqcvivcsl74p-cargo-package-iri-string-0.7.12' from 'https://devenv.cachix.org'...
copying path '/nix/store/s2zvf1y3xmlp0656zvbnrq2cvh9b5w5f-cargo-package-pin-project-1.1.11' from 'https://devenv.cachix.org'...
copying path '/nix/store/sd68js7z4zhssycgjix84mha4bw9nn22-cargo-package-sync_wrapper-1.0.2' from 'https://devenv.cachix.org'...
copying path '/nix/store/sfyhzi3ijx45s470wn60ndpbbpqm2h1y-cargo-package-wit-bindgen-rust-0.51.0' from 'https://devenv.cachix.org'...
copying path '/nix/store/sia9bw2nyfzz0r5zc9ixh2kbi70k69mb-cargo-package-tracing-attributes-0.1.31' from 'https://devenv.cachix.org'...
copying path '/nix/store/sik4ijq58kqxijfi0h22gwl8cq6911zr-cargo-package-regex-automata-0.4.14' from 'https://devenv.cachix.org'...
copying path '/nix/store/skbh9jsvx8kjx24w9yxiihx4hv3ahyzr-cargo-package-equivalent-1.0.2' from 'https://devenv.cachix.org'...
copying path '/nix/store/sqhdsqrasj7h7xh5cjg4b161v52wak3i-cargo-package-siphasher-1.0.2' from 'https://devenv.cachix.org'...
copying path '/nix/store/sw80kzz1swz8i587jwsjziz9raixbjim-cargo-package-event-listener-strategy-0.5.4' from 'https://devenv.cachix.org'...
copying path '/nix/store/v0pzm73d0c0dhg51x41wvd16pzlcmqbg-cargo-package-is_terminal_polyfill-1.70.2' from 'https://devenv.cachix.org'...
copying path '/nix/store/v90l2alzfb69n1psmf51cqjd7y18whxh-cargo-package-ppv-lite86-0.2.21' from 'https://devenv.cachix.org'...
copying path '/nix/store/vahkwhv9xsrk87y2a5a9fsv7vzlmkznf-cargo-package-cfg_aliases-0.2.1' from 'https://nix-community.cachix.org'...
copying path '/nix/store/vblddz583fycy89mhsybc2k9v90ci84l-cargo-package-syn-2.0.117' from 'https://devenv.cachix.org'...
copying path '/nix/store/vdsn7r9xzpy6wzw580mzqnnj0zah3n1a-cargo-package-supports-color-3.0.2' from 'https://devenv.cachix.org'...
copying path '/nix/store/vfl5x2xk1cnc7savc4ibxkvk88als607-cargo-package-windows-sys-0.61.2' from 'https://devenv.cachix.org'...
copying path '/nix/store/w28q60vqiysh068jwmlkd5pcgfdqnqhp-cargo-package-zerocopy-0.8.48' from 'https://devenv.cachix.org'...
copying path '/nix/store/w2dl2dq4vlmbhrizkc6g7m97wrqii8pa-cargo-package-smallvec-1.15.1' from 'https://devenv.cachix.org'...
copying path '/nix/store/w6850wwz2nwm2dfnnd8kp3acmkqldv1h-cargo-package-rustc-hash-2.1.2' from 'https://devenv.cachix.org'...
copying path '/nix/store/wfc71l9fsdlgdd0hw7ilbp4dj71i41r4-cargo-package-bitflags-1.3.2' from 'https://devenv.cachix.org'...
copying path '/nix/store/wif0qx17kl5c8a67wpj98vb1ldi89jif-cargo-package-ref-cast-impl-1.0.25' from 'https://devenv.cachix.org'...
copying path '/nix/store/wm250607d6pdfm2bjgdm93m1rs24lw6g-cargo-package-ipnet-2.12.0' from 'https://devenv.cachix.org'...
copying path '/nix/store/wpyaxp65idd883p9gc96a0nw0mxwdx93-cargo-package-http-1.4.0' from 'https://devenv.cachix.org'...
copying path '/nix/store/wrp52iq4lkp5vnhr7d9sl1sa0aci7sp7-cargo-package-http-body-1.0.1' from 'https://devenv.cachix.org'...
copying path '/nix/store/ws4xf3r7gbvbbprbs2cg6pg4i8dbz9p1-cargo-package-futures-sink-0.3.32' from 'https://devenv.cachix.org'...
copying path '/nix/store/wxkwrdxhsmcazh9a99p6lpxgpzahf9z7-cargo-package-flate2-1.1.9' from 'https://devenv.cachix.org'...
copying path '/nix/store/wyc363w93c3cby1v6rqbqz141lff38iq-cargo-package-quote-1.0.45' from 'https://devenv.cachix.org'...
copying path '/nix/store/x033qzdzvbcgc7wqbwz3k5h8q40wzxr7-cargo-package-rustc_version-0.4.1' from 'https://devenv.cachix.org'...
copying path '/nix/store/x1hvigqzni5lljddv0fvkmsajxcci45k-cargo-package-hashbrown-0.15.5' from 'https://devenv.cachix.org'...
copying path '/nix/store/x6jjffzk6pinz9lh7z8grz4diyrfpi3w-cargo-package-id-arena-2.3.0' from 'https://devenv.cachix.org'...
copying path '/nix/store/x84a0jf5kn1vk1hdlsbgjjcv0vhf85vj-cargo-package-data-encoding-2.10.0' from 'https://devenv.cachix.org'...
copying path '/nix/store/xc8zyhys6slbshw61alnbagfzlicldwv-cargo-package-serde_path_to_error-0.1.20' from 'https://devenv.cachix.org'...
copying path '/nix/store/xrjia7g04xcnkyyll2rv2lhndh5wg0yn-cargo-package-semver-1.0.28' from 'https://devenv.cachix.org'...
copying path '/nix/store/xrmxp2a0w9g11fla0jhxjizizpijl11l-cargo-package-colorchoice-1.0.5' from 'https://devenv.cachix.org'...
copying path '/nix/store/y30029m9vnymaliaq2x1sxvj3i5x69zs-cargo-package-getrandom-0.4.2' from 'https://devenv.cachix.org'...
copying path '/nix/store/y5bz7dr7l4n4jz320x8y152f05mmwr4g-cargo-package-wit-bindgen-0.51.0' from 'https://devenv.cachix.org'...
copying path '/nix/store/y5y4k85n3s76za04hrzr2ql5nc8rnwlw-cargo-package-zerotrie-0.2.4' from 'https://devenv.cachix.org'...
copying path '/nix/store/y8al7bs7cx1gzwq3k8rw0jcx3v98yafb-cargo-package-postcard-1.1.3' from 'https://devenv.cachix.org'...
copying path '/nix/store/y8s9hg9ykmh35jjdb1kv0hx49c87fjrj-cargo-package-wasi-0.11.1+wasi-snapshot-preview1' from 'https://devenv.cachix.org'...
copying path '/nix/store/ydwdiljxafk1c68rvl4szdygrjlc65g2-cargo-package-event-listener-5.4.1' from 'https://devenv.cachix.org'...
copying path '/nix/store/yivyfaqj3lwfqp3zd55k8y982y4lr540-cargo-package-clap_builder-4.6.0' from 'https://devenv.cachix.org'...
copying path '/nix/store/ylsqi1hanp3n96hlbvrk4ixbjmd6ks65-cargo-package-console-0.16.3' from 'https://devenv.cachix.org'...
copying path '/nix/store/ylvy172x98xcny6k38pznsc4mg3z57gw-cargo-package-float-cmp-0.10.0' from 'https://devenv.cachix.org'...
copying path '/nix/store/ymqwv4hn50rhb633mhilfv9x76vfs45y-cargo-package-crc32fast-1.5.0' from 'https://devenv.cachix.org'...
copying path '/nix/store/ysg1rq88acjk5vxz33ammycbf6cbgzr0-cargo-package-crossbeam-channel-0.5.15' from 'https://devenv.cachix.org'...
copying path '/nix/store/z088s9nv4b9hqd7f5ndn3ls4imxak6w6-cargo-package-parking_lot_core-0.9.12' from 'https://devenv.cachix.org'...
copying path '/nix/store/z0dza24d293a909cf6m2ngk2gcv10akm-cargo-package-rand-0.10.1' from 'https://devenv.cachix.org'...
copying path '/nix/store/z95k1f8baml4p78kfsbhsl110l652zcn-cargo-package-serde_urlencoded-0.7.1' from 'https://devenv.cachix.org'...
copying path '/nix/store/zb1nk6iamxii6rld9n5nh2rvarxqs8ld-cargo-package-parking_lot-0.12.5' from 'https://devenv.cachix.org'...
copying path '/nix/store/zgbzkhjza6zynicrwam9113r5dpyb312-cargo-package-jiff-0.2.23' from 'https://devenv.cachix.org'...
copying path '/nix/store/zh2hzjjn171dnm70jjiljnwdxr5psval-cargo-package-lock_api-0.4.14' from 'https://devenv.cachix.org'...
copying path '/nix/store/zng4pg8s27abbbyc7957y08q6a6vnknv-cargo-package-tokio-stream-0.1.18' from 'https://devenv.cachix.org'...
copying path '/nix/store/zpnb04a78a6nvl2bijl6jqxqc7n04j4m-cargo-package-r-efi-5.3.0' from 'https://devenv.cachix.org'...
copying path '/nix/store/zvmlzckmdhyrk9d1ydl04ckm45idljvq-cargo-package-time-macros-0.2.27' from 'https://devenv.cachix.org'...
copying 524 paths...
copying path '/nix/store/01wmq751bfj911rxiah0jp14qz1d63x2-cargo-package-n0-future-0.3.2' to 'ssh-ng://root@aspen1.local'...
copying path '/nix/store/02aglqjzbvm5mjci2irra48bnmkp4w61-cargo-package-bit-set-0.8.0' to 'ssh-ng://root@aspen1.local'...
copying path '/nix/store/05n3gfvg69kpah9i1w1i17m97mjnrc7d-cargo-package-prost-build-0.14.3' to 'ssh-ng://root@aspen1.local'...
copying path '/nix/store/05y4bcw46l2a97xz1kalw6cl915iazfv-cargo-package-mockall_derive-0.13.1' to 'ssh-ng://root@aspen1.local'...
copying path '/nix/store/06970xcd9rdzhbqvx7k7vw6258yykdzb-cargo-package-prost-derive-0.13.5' to 'ssh-ng://root@aspen1.local'...
copying path '/nix/store/069hl8wplg036yq5jw9n3wrz37z7dy39-cargo-package-unarray-0.1.4' to 'ssh-ng://root@aspen1.local'...
copying path '/nix/store/0896zmm883qmrq30gcl0sv9q0x01r7vy-cargo-package-supports-hyperlinks-3.2.0' to 'ssh-ng://root@aspen1.local'...
copying path '/nix/store/0bm6gwq76ascd44zbb0nywlihc2jjjzq-cargo-package-signature-2.2.0' to 'ssh-ng://root@aspen1.local'...
copying path '/nix/store/0fq7pjnn3biih4cmqqpnw2my6psi94hh-cargo-package-opentelemetry_sdk-0.30.0' to 'ssh-ng://root@aspen1.local'...
copying path '/nix/store/0g61xyf3xkw3ikxa8jiv7q9jnxqc0ah8-cargo-package-tonic-build-0.14.5' to 'ssh-ng://root@aspen1.local'...
copying path '/nix/store/0gpdx3rvpw0lcw5x8mcwklvg9qgxvd2v-cargo-package-cmake-0.1.58' to 'ssh-ng://root@aspen1.local'...
copying path '/nix/store/0k7svzm8bd09nrd257my5dbf89gbvblb-cargo-package-hyper-timeout-0.5.2' to 'ssh-ng://root@aspen1.local'...
copying path '/nix/store/0la47m0ay2pfsnl6a0ar1yxjcyy4n7v3-cargo-package-crypto-common-0.2.2' to 'ssh-ng://root@aspen1.local'...
copying path '/nix/store/0pphrahsk7zbml7pas2grn7fyz8g4yry-cargo-package-humantime-2.3.0' to 'ssh-ng://root@aspen1.local'...
copying path '/nix/store/0vn3zaszxspfs8xsk64vhcpwcny0qja5-cargo-package-icu_collections-2.2.0' to 'ssh-ng://root@aspen1.local'...
copying path '/nix/store/0z9p9rnv0mjg3ldj9h6gv8sjf4znbyfn-cargo-package-combine-4.6.7' to 'ssh-ng://root@aspen1.local'...
copying path '/nix/store/108jhygxf3c28fvawppy53i2d06f75vd-cargo-package-crossterm_winapi-0.9.1' to 'ssh-ng://root@aspen1.local'...
copying path '/nix/store/12xybpps66v28xlv1q71pifbw7svj52h-cargo-package-pem-rfc7468-0.7.0' to 'ssh-ng://root@aspen1.local'...
copying path '/nix/store/12ymslir8wv9a4pi63gzcwypqbl1w1l4-cargo-package-hashlink-0.10.0' to 'ssh-ng://root@aspen1.local'...
copying path '/nix/store/13lsml68hkxp4kch995m030gcqmnwnvb-cargo-package-imbl-sized-chunks-0.1.3' to 'ssh-ng://root@aspen1.local'...
copying path '/nix/store/16sk77qs4fdhdijxjarzhza0skqpdqmv-cargo-package-prost-wkt-types-0.7.1' to 'ssh-ng://root@aspen1.local'...
copying path '/nix/store/1ap3phkvsii2hc1qgdx6x9nkfjzp8yby-cargo-package-openssl-probe-0.2.1' to 'ssh-ng://root@aspen1.local'...
copying path '/nix/store/1cvm8k3iifksq6gfyx7q6xbl9vxfjqbm-cargo-package-bigtable_rs-0.2.21' to 'ssh-ng://root@aspen1.local'...
copying path '/nix/store/1fahjf5vsrv49k804pm5wjvda9gs4ljb-cargo-package-prodash-31.0.0' to 'ssh-ng://root@aspen1.local'...
copying path '/nix/store/blbq8ip2kdj67fyjzbbhdg6q3ghp8ac9-rust-docs-1.96.0-nightly-2026-04-08-x86_64-unknown-linux-gnu' to 'ssh-ng://root@aspen1.local'...
copying path '/nix/store/brai493169i3dadrb2ymr6x8wibjbdfm-rust-std-1.96.0-nightly-2026-04-08-x86_64-apple-darwin' to 'ssh-ng://root@aspen1.local'...
copying path '/nix/store/cw8flsxv0r5179brmlzpva2fdky92xgy-rustc-1.96.0-nightly-2026-04-08-x86_64-unknown-linux-gnu' to 'ssh-ng://root@aspen1.local'...
copying path '/nix/store/jmkhifs8rwv7iwp29zrjprvrfw8a6973-rust-src-1.96.0-nightly-2026-04-08-x86_64-unknown-linux-gnu' to 'ssh-ng://root@aspen1.local'...
copying path '/nix/store/k34nnmlf0hnvdyvmf6aqh5j4m9zzh0nc-rustfmt-preview-1.96.0-nightly-2026-04-08-x86_64-unknown-linux-gnu' to 'ssh-ng://root@aspen1.local'...
copying path '/nix/store/xvlxga16lg6kyc0yfav8kz488mnnj5vp-clippy-preview-1.96.0-nightly-2026-04-08-x86_64-unknown-linux-gnu' to 'ssh-ng://root@aspen1.local'...
copying path '/nix/store/yszhq4kdrwh5w8rpzg3apzf522jpk10r-cargo-1.96.0-nightly-2026-04-08-x86_64-unknown-linux-gnu' to 'ssh-ng://root@aspen1.local'...
copying path '/nix/store/1hz41jg6cc3py3szsn6cxw3m5p42r4fj-rust-default-1.96.0-nightly-2026-04-08' to 'ssh-ng://root@aspen1.local'...
copying path '/nix/store/1kh19w1xyipj1pqybd4v0400mxdkjgbm-cargo-package-wasm-bindgen-macro-support-0.2.117' to 'ssh-ng://root@aspen1.local'...
copying path '/nix/store/1q1jgaky4d6j0al4zljpk9rjw7pl3vk6-cargo-package-object_store-0.14.0' to 'ssh-ng://root@aspen1.local'...
copying path '/nix/store/1qw1lgg6f43qw56hicn58j2x55qwgd4n-cargo-package-gix-protocol-0.59.0' to 'ssh-ng://root@aspen1.local'...
copying path '/nix/store/1vw72d86ks3nwipg89xji0hc6crxhcdk-cargo-package-indexmap-2.13.1' to 'ssh-ng://root@aspen1.local'...
copying path '/nix/store/1yz9na9qxfhj8gr6r4p2bm3r4zk3k38a-cargo-package-darling_core-0.21.3' to 'ssh-ng://root@aspen1.local'...
copying path '/nix/store/1z44s55yhxaqkbzkqf1m71b0nzy7cpfk-cargo-package-block-buffer-0.12.1' to 'ssh-ng://root@aspen1.local'...
copying path '/nix/store/21kbzpmfwpm8z500nhmqw5mnxcb4ym2y-cargo-git-https-github.com-tvlfyi-wu-manber.git-0d5b22bea136659f7de60b102a7030e0daaa503d' to 'ssh-ng://root@aspen1.local'...
copying path '/nix/store/23kpgb38mmgj203ylpnj8vh47a9b8qn7-cargo-package-twox-hash-2.1.2' to 'ssh-ng://root@aspen1.local'...
copying path '/nix/store/24xri8qa2l2slivyhq252r8xrb9pcbnl-cargo-package-cordyceps-0.3.4' to 'ssh-ng://root@aspen1.local'...
copying path '/nix/store/25ka27paawsy1gnxlq6c5fdvwmd6gn01-cargo-package-convert_case-0.10.0' to 'ssh-ng://root@aspen1.local'...
copying path '/nix/store/2avvx58izih2gnvd9h2hcbwhbq6wypcp-cargo-package-scoped-tls-1.0.1' to 'ssh-ng://root@aspen1.local'...
copying path '/nix/store/2awhmfnn1fmncp81hklj9rcwzp00xghw-cargo-package-gix-lock-21.0.2' to 'ssh-ng://root@aspen1.local'...
copying path '/nix/store/2bvcgy0p6qlydm80rjhqs0g660kc93cp-cargo-package-malachite-q-0.6.1' to 'ssh-ng://root@aspen1.local'...
copying path '/nix/store/2lcbaqm99wmvqpmwybc1jrcq0mhn2n6r-cargo-package-inquire-0.9.4' to 'ssh-ng://root@aspen1.local'...
copying path '/nix/store/2nmg9b9adb451036iqvvsyczhzxr5di2-cargo-package-io-lifetimes-3.0.1' to 'ssh-ng://root@aspen1.local'...
copying path '/nix/store/2r3jk1s86qs34d40jnxy5d7l7gx5wv0z-cargo-package-darling_macro-0.21.3' to 'ssh-ng://root@aspen1.local'...
copying path '/nix/store/2vfg2w10m2bxqnvm4sas5y9flk6wk508-cargo-package-nix-0.29.0' to 'ssh-ng://root@aspen1.local'...
copying path '/nix/store/2vq1zf09xz9l3xifvvv9c9a3mcv96z6n-cargo-package-gix-attributes-0.31.0' to 'ssh-ng://root@aspen1.local'...
copying path '/nix/store/3342dkpy1fai9i4d1vnk55gg8yg0n6y7-cargo-package-bit-vec-0.8.0' to 'ssh-ng://root@aspen1.local'...
copying path '/nix/store/341nxiw3b9ld7bqzlpm6czwxvc7i65ww-cargo-package-crc-fast-1.10.0' to 'ssh-ng://root@aspen1.local'...
copying path '/nix/store/39gz4ja5k9ncj9jnnp5i8h9gp9a9dssr-cargo-package-xattr-1.6.1' to 'ssh-ng://root@aspen1.local'...
copying path '/nix/store/3ap4xnhbgzz9bxil2nnma0cqwg6q13yv-cargo-package-gix-url-0.35.2' to 'ssh-ng://root@aspen1.local'...
copying path '/nix/store/3dy440f2rzkdlya1ysnilp1h7zmq1pjj-cargo-package-valuable-0.1.1' to 'ssh-ng://root@aspen1.local'...
copying path '/nix/store/3fsjan2harc6hpfzlccgs6ki042j8lid-cargo-package-tracing-tracy-0.11.4' to 'ssh-ng://root@aspen1.local'...
copying path '/nix/store/3hpsj69pp504i7qdhabm2kvw4aibw8ff-cargo-package-serde_tagged-0.3.0' to 'ssh-ng://root@aspen1.local'...
copying path '/nix/store/3nbbwpk2jmg8n3nvbdflbpv6y8mf3zcb-cargo-package-pico-args-0.5.0' to 'ssh-ng://root@aspen1.local'...
copying path '/nix/store/3vq5khx3nl4xckcg7ssbjrv3cayjv1pa-cargo-package-gix-status-0.28.0' to 'ssh-ng://root@aspen1.local'...
copying path '/nix/store/3ylfsxbbk3kj0yrnhwbyxpk4cg4n5a14-cargo-package-dbs-snapshot-1.5.2' to 'ssh-ng://root@aspen1.local'...
copying path '/nix/store/3zfj9l5w0adh0ym35h67wmq8wxkkn72b-cargo-package-libredox-0.1.15' to 'ssh-ng://root@aspen1.local'...
copying path '/nix/store/41z6m0qbmcnccwfgc1v3hh1c9g2pr36g-cargo-package-gix-worktree-stream-0.30.0' to 'ssh-ng://root@aspen1.local'...
copying path '/nix/store/42pal6xrww9hq6rjab2q50wk37xw3ph8-cargo-package-backtrace-0.3.76' to 'ssh-ng://root@aspen1.local'...
copying path '/nix/store/42va1av517jk93fcbkj52sy7r1p10pnr-cargo-package-tracing-indicatif-0.3.14' to 'ssh-ng://root@aspen1.local'...
copying path '/nix/store/43hj085v1ddpxs1k6bzgsi171qihvn2l-cargo-package-astral-tokio-tar-0.6.3' to 'ssh-ng://root@aspen1.local'...
copying path '/nix/store/44m50r4y2j1sy0dhwh5ysg23p820bdd5-cargo-package-base64ct-1.8.3' to 'ssh-ng://root@aspen1.local'...
copying path '/nix/store/45liz5c5clhwkm8ds16lrc7619wr7hmz-cargo-package-sha1-checked-0.10.0' to 'ssh-ng://root@aspen1.local'...
copying path '/nix/store/47ry0hydnw36hnqcn7yjqls4fws8qkzm-cargo-package-windows-sys-0.45.0' to 'ssh-ng://root@aspen1.local'...
copying path '/nix/store/49x220cd87yr9m5j1i6raqxw3smiqwrc-cargo-package-crc-catalog-2.4.0' to 'ssh-ng://root@aspen1.local'...
copying path '/nix/store/4c6v5jb7spqcgqgf0bsip4a17zx76391-cargo-package-nickel-lang-vector-0.1.0' to 'ssh-ng://root@aspen1.local'...
copying path '/nix/store/4d2kqmbhsglq5cfafh4zap2l1ma1ps1p-cargo-package-cesu8-1.1.0' to 'ssh-ng://root@aspen1.local'...
copying path '/nix/store/4dyylyvp39ryq66i675am8w45idv3gm1-cargo-package-mimalloc-0.1.48' to 'ssh-ng://root@aspen1.local'...
copying path '/nix/store/4hxkjbwxijsqyvcxmwfmfyi7bxkwypjr-cargo-package-jiff-tzdb-platform-0.1.3' to 'ssh-ng://root@aspen1.local'...
copying path '/nix/store/4j6qz5myx126hba9jclapaxgsj7xfqv4-cargo-package-gix-filter-0.28.0' to 'ssh-ng://root@aspen1.local'...
copying path '/nix/store/4jl9ac509smdzjr1lqyn2r0r9s0n7gwj-cargo-package-tracing-subscriber-0.3.23' to 'ssh-ng://root@aspen1.local'...
copying path '/nix/store/4lm74khzj3pbdl6rw1yamvwnzp8fwn6a-cargo-package-zlib-rs-0.6.3' to 'ssh-ng://root@aspen1.local'...
copying path '/nix/store/4n1qsnlvxpj0xr4f3samqhr0p8v9jshj-cargo-package-pulldown-cmark-to-cmark-22.0.0' to 'ssh-ng://root@aspen1.local'...
copying path '/nix/store/4n8598bzw5f8481jn9x2zqrg4pnm6apv-cargo-package-n0-error-macros-0.1.3' to 'ssh-ng://root@aspen1.local'...
copying path '/nix/store/4sv2ngmxw3425gkax3mx4m0c89zxlr3m-cargo-package-cranelift-module-0.116.1' to 'ssh-ng://root@aspen1.local'...
copying path '/nix/store/4sw3gahl4k0dq8phcagwr7frxbh1dxrm-cargo-package-bzip2-rs-0.1.2' to 'ssh-ng://root@aspen1.local'...
copying path '/nix/store/4xxlq17g1887zdsfxmn6yg1d22lqlbc6-cargo-package-rustls-platform-verifier-android-0.1.1' to 'ssh-ng://root@aspen1.local'...
copying path '/nix/store/55ryfkqaifdlsdccmdj96aijlgwmihsk-cargo-package-zstd-sys-2.0.16+zstd.1.5.7' to 'ssh-ng://root@aspen1.local'...
copying path '/nix/store/5882fw0q9axmvjxk548bm64a62sdd7iz-cargo-package-tinytemplate-1.2.1' to 'ssh-ng://root@aspen1.local'...
copying path '/nix/store/58za7gx2cn6llbcw1zw7ilrs6lmdz8ci-cargo-package-libmimalloc-sys-0.1.44' to 'ssh-ng://root@aspen1.local'...
copying path '/nix/store/5dxcxqflxdfx4wfr7qhkkrhcrmlsfkfc-cargo-package-ouroboros-0.18.5' to 'ssh-ng://root@aspen1.local'...
copying path '/nix/store/5hmk9qiynx8mwibdlv9ziw5zbjwrjyng-cargo-package-typetag-impl-0.2.21' to 'ssh-ng://root@aspen1.local'...
copying path '/nix/store/5k3pwbjx0y3y3i3jmdydnxh01mxj5xa5-cargo-package-heapless-0.8.0' to 'ssh-ng://root@aspen1.local'...
copying path '/nix/store/5kbj15n91dcm8mi6i2azan9ib4bci25d-cargo-package-security-framework-sys-2.17.0' to 'ssh-ng://root@aspen1.local'...
copying path '/nix/store/5kw7v8v3zcjx86kkm7hdvsdg37a11sf7-cargo-package-rstest_reuse-0.7.0' to 'ssh-ng://root@aspen1.local'...
copying path '/nix/store/5m2xfjcy0n4ilx9fn6a4dinfjxcmbfzv-cargo-package-mach2-0.4.3' to 'ssh-ng://root@aspen1.local'...
copying path '/nix/store/5mlznvh4fwrzs7az72f66yyaljzqfflk-cargo-package-assert_cmd-2.2.0' to 'ssh-ng://root@aspen1.local'...
copying path '/nix/store/5q4hrl0kj7s89zdn5618mwb3fr7i21vx-cargo-package-gix-packetline-0.21.2' to 'ssh-ng://root@aspen1.local'...
copying path '/nix/store/5rq7irzrn2frziwvj56cgdn10z9gji65-cargo-package-gix-prompt-0.14.1' to 'ssh-ng://root@aspen1.local'...
copying path '/nix/store/5v3sarqpx8r144ka9v9cil4clhadw28c-cargo-package-relative-path-1.9.3' to 'ssh-ng://root@aspen1.local'...
copying path '/nix/store/5z0089jdnlq1s7039n6q8dcchqzvzk91-cargo-package-yansi-1.0.1' to 'ssh-ng://root@aspen1.local'...
copying path '/nix/store/62fah5fs44sabfv34fs3ka2gdn1ka7z7-cargo-package-tonic-0.14.5' to 'ssh-ng://root@aspen1.local'...
copying path '/nix/store/66ss0icgnq7k78a1vdiclgacbxcghszi-cargo-package-secrecy-0.10.3' to 'ssh-ng://root@aspen1.local'...
copying path '/nix/store/6fqq9giczkdwd9vkf3cg1vbrxb88ppp9-cargo-package-system-configuration-0.7.0' to 'ssh-ng://root@aspen1.local'...
copying path '/nix/store/6h4mhyq8l9abk5jfd48lc8gbz8xzs169-cargo-package-cranelift-codegen-shared-0.116.1' to 'ssh-ng://root@aspen1.local'...
copying path '/nix/store/6jvn20943hcz4nphy7nvlayzjr0f8n6i-cargo-package-plotters-svg-0.3.7' to 'ssh-ng://root@aspen1.local'...
copying path '/nix/store/6l5wdpzm5zyq9b9syd3bjcif0kjhmsif-cargo-package-tokio-test-0.4.5' to 'ssh-ng://root@aspen1.local'...
copying path '/nix/store/6mk7734i73wi9a1y52z7lwjbzafplml8-cargo-package-cap-std-4.0.2' to 'ssh-ng://root@aspen1.local'...
copying path '/nix/store/6nlcabrdnwnck2hnsrsa5im7mgqpdmrc-cargo-package-webpki-root-certs-1.0.6' to 'ssh-ng://root@aspen1.local'...
copying path '/nix/store/6pmjmf29j1gsf4cwpvjv61ii6570w971-cargo-package-wasm-bindgen-macro-0.2.117' to 'ssh-ng://root@aspen1.local'...
copying path '/nix/store/6pzr6d2fdvhdrhkaxd208mxhsbw5nral-cargo-package-malachite-0.6.1' to 'ssh-ng://root@aspen1.local'...
copying path '/nix/store/6r90z381pd317566wn5c57yp69zfd7q5-cargo-package-json_scanner-0.1.0' to 'ssh-ng://root@aspen1.local'...
copying path '/nix/store/6ryhbsm162qy3y8ypgxkvq0k0ivgvl86-cargo-package-pkcs1-0.7.5' to 'ssh-ng://root@aspen1.local'...
copying path '/nix/store/6sszkdn873frj4pf9mry4dr3iy6j9z8i-cargo-package-typed-arena-2.0.2' to 'ssh-ng://root@aspen1.local'...
copying path '/nix/store/6wi3c7vda8yvi3xj7ssqij41g0ayjdrx-cargo-package-codespan-0.13.1' to 'ssh-ng://root@aspen1.local'...
copying path '/nix/store/6xkjvi04w6w50j0qzlc0glzwrqcjp98j-cargo-package-tinyvec_macros-0.1.1' to 'ssh-ng://root@aspen1.local'...
copying path '/nix/store/717sp3d1xk7zxgv0gmra71gcp2zgl4gb-cargo-package-inventory-0.3.24' to 'ssh-ng://root@aspen1.local'...
copying path '/nix/store/7503wamv6hb3h2nxw0baa4p4wc72q5ib-cargo-package-linux-raw-sys-0.4.15' to 'ssh-ng://root@aspen1.local'...
copying path '/nix/store/7a3wq4vqn7a0zmqgv8cm62zc43ayb8kn-cargo-package-cranelift-bforest-0.116.1' to 'ssh-ng://root@aspen1.local'...
copying path '/nix/store/7b0v16j2wb58ywawbl8xhpdqm3vd04wc-cargo-package-libbz2-rs-sys-0.2.3' to 'ssh-ng://root@aspen1.local'...
copying path '/nix/store/7b4hhis3f5728mv7jhp3hv6x6k0dz8f0-cargo-package-kstring-2.0.2' to 'ssh-ng://root@aspen1.local'...
copying path '/nix/store/7frrpnricfiq1v2j7gk3h51aiaap0c01-cargo-package-beef-0.5.2' to 'ssh-ng://root@aspen1.local'...
copying path '/nix/store/7gr5812bclwwlvz9n8brj74vjz6agxqi-cargo-package-imara-diff-0.2.0' to 'ssh-ng://root@aspen1.local'...
copying path '/nix/store/7ilrndckdc9mfg2i6jqbqgq9p15l5mca-cargo-package-typeid-1.0.3' to 'ssh-ng://root@aspen1.local'...
copying path '/nix/store/7jh7gpjay6blnfb7hhc9ib89nk4nvn3n-cargo-package-count-write-0.1.0' to 'ssh-ng://root@aspen1.local'...
copying path '/nix/store/7li0s8jx7zi3vfkhf17m2zkz15z1v1mj-cargo-package-gix-mailmap-0.32.0' to 'ssh-ng://root@aspen1.local'...
copying path '/nix/store/7lnmhpmky09i66k55cjq5cqi4ywl2wjs-cargo-package-windows_i686_msvc-0.48.5' to 'ssh-ng://root@aspen1.local'...
copying path '/nix/store/7p99l591vlwywbcsm3s5k4k4maj58gkg-cargo-package-prost-types-0.14.3' to 'ssh-ng://root@aspen1.local'...
copying path '/nix/store/7rki15idd50inc3m9p4pc87aaw74dax1-cargo-package-tracy-client-sys-0.28.0' to 'ssh-ng://root@aspen1.local'...
copying path '/nix/store/7vlh7gc9ky1q5bfb4bzg0wmyr1sl4kw9-cargo-package-wasmtime-jit-icache-coherence-29.0.1' to 'ssh-ng://root@aspen1.local'...
copying path '/nix/store/7xiz63faqz75hw09wv4c6p9rf16zbvxy-cargo-package-strum-0.26.3' to 'ssh-ng://root@aspen1.local'...
copying path '/nix/store/7ymwn9y9gk2nhmlai2d1pmq1gl7mhamq-cargo-package-piper-0.2.5' to 'ssh-ng://root@aspen1.local'...
copying path '/nix/store/7z3yyqh1w1qrq01ixdhmh4ni3d80kjn2-cargo-package-rustls-platform-verifier-0.6.2' to 'ssh-ng://root@aspen1.local'...
copying path '/nix/store/7zw2jgs1kqsddra3v47vpdhh6za9b2rw-cargo-package-fiat-crypto-0.2.9' to 'ssh-ng://root@aspen1.local'...
copying path '/nix/store/877w1vllx904syk62yarlxnjlzj2h1pj-cargo-package-detect-coding-agent-0.1.0' to 'ssh-ng://root@aspen1.local'...
copying path '/nix/store/89zc5jhwwsvnac0rm0qgbilaz3z4s080-cargo-package-smol_str-0.2.2' to 'ssh-ng://root@aspen1.local'...
copying path '/nix/store/8aczkps9hmsp4z4qi4z77h2whyp6yhbs-cargo-package-supports-unicode-3.0.0' to 'ssh-ng://root@aspen1.local'...
copying path '/nix/store/8gkmfphkzzc1kq4z1hj1vk53vh0hvmid-cargo-package-rustc-demangle-0.1.28' to 'ssh-ng://root@aspen1.local'...
copying path '/nix/store/8hfq2w5vmcqh5w7k4c6dalixi6b2kmzi-cargo-package-rustls-pki-types-1.14.0' to 'ssh-ng://root@aspen1.local'...
copying path '/nix/store/8hlr14yxcfyym57aa2mwm1nbr24hay4j-cargo-package-criterion-0.5.1' to 'ssh-ng://root@aspen1.local'...
copying path '/nix/store/8jjlkyd0cr45z5pz5r58nd9gfixna6mr-cargo-package-serde_bytes-0.11.19' to 'ssh-ng://root@aspen1.local'...
copying path '/nix/store/8qldxxf3s9n6p7l54rhdrnlm6vvclx3i-cargo-package-gix-submodule-0.28.0' to 'ssh-ng://root@aspen1.local'...
copying path '/nix/store/8rqliqbxh6lk1iv07x8qph85wnxb1hsw-cargo-package-aliasable-0.1.3' to 'ssh-ng://root@aspen1.local'...
copying path '/nix/store/8s1480qji48ysqhcmipky30ni2q901m4-cargo-package-icu_properties-2.2.0' to 'ssh-ng://root@aspen1.local'...
copying path '/nix/store/8vhlk6x67lv74dvp7p89xhxq3jqh04hr-cargo-package-prost-wkt-0.7.1' to 'ssh-ng://root@aspen1.local'...
copying path '/nix/store/8wlwzr671280vc3ck3j7hfrisq20fdai-cargo-package-cast-0.3.0' to 'ssh-ng://root@aspen1.local'...
copying path '/nix/store/8z7z0jxhk5rhjl43g5wcvj3sjd1bkb2n-cargo-package-tracy-client-0.18.4' to 'ssh-ng://root@aspen1.local'...
copying path '/nix/store/8zy7lnyihvs7z8f3h67dfl27p05cmv33-cargo-package-windows_i686_gnu-0.42.2' to 'ssh-ng://root@aspen1.local'...
copying path '/nix/store/90rhji0ip8w1d59k77w85dnyfnfy9m0w-cargo-package-lalrpop-util-0.22.2' to 'ssh-ng://root@aspen1.local'...
copying path '/nix/store/93k0hna0kd08xvx26rqqkmhdbga80cf8-cargo-package-reqwest-tracing-0.6.0' to 'ssh-ng://root@aspen1.local'...
copying path '/nix/store/9758si6zjhvjcid0prlbxyisqag2d295-cargo-package-async-signal-0.2.13' to 'ssh-ng://root@aspen1.local'...
copying path '/nix/store/97v3hr39fwnazfm9li06ji9yscffcfap-cargo-package-jiff-tzdb-0.1.6' to 'ssh-ng://root@aspen1.local'...
copying path '/nix/store/98m8gk4h1fvfzz9aagm7aqw0wj0xh636-cargo-package-gix-worktree-0.50.0' to 'ssh-ng://root@aspen1.local'...
copying path '/nix/store/9a5kiqway76zwp5df1p1iiham4yrdz46-cargo-package-zeroize-1.8.2' to 'ssh-ng://root@aspen1.local'...
copying path '/nix/store/9d05rygmqd4mwsx044ib9vk5a13npj4d-cargo-package-region-3.0.2' to 'ssh-ng://root@aspen1.local'...
copying path '/nix/store/9g2r5s0ivmzh5ln2zn7490rxjdpdlidq-cargo-package-term-1.2.1' to 'ssh-ng://root@aspen1.local'...
copying path '/nix/store/9hkqh49rn6xwv2q6yzd1jbj9986s3xa9-cargo-package-nickel-lang-2.0.0' to 'ssh-ng://root@aspen1.local'...
copying path '/nix/store/9qbv91yv82f39rwl6kw2jxy1wf71v125-cargo-package-windows_aarch64_gnullvm-0.42.2' to 'ssh-ng://root@aspen1.local'...
copying path '/nix/store/9r6kp246kvw2myvi3hbwvdpb3zmwqiam-cargo-package-prost-derive-0.14.3' to 'ssh-ng://root@aspen1.local'...
copying path '/nix/store/9sazw8fwblc3aw5zwhbg001918hsnj36-cargo-package-wasm-streams-0.5.0' to 'ssh-ng://root@aspen1.local'...
copying path '/nix/store/9wl2z89cvinr3i86c3zd5kkx8fakfjnc-cargo-package-curve25519-dalek-derive-0.1.1' to 'ssh-ng://root@aspen1.local'...
copying path '/nix/store/9xpn9acs0bpfh7jjc6pa17f23s5m5ycb-cargo-package-h2-0.4.13' to 'ssh-ng://root@aspen1.local'...
copying path '/nix/store/a0y21nkqhcdd1krwhjypyzisxf28x7c2-cargo-package-hyper-rustls-0.27.7' to 'ssh-ng://root@aspen1.local'...
copying path '/nix/store/a31kwgipb5d4vl1q6sr717finfapihd9-cargo-package-opentelemetry-semantic-conventions-0.30.0' to 'ssh-ng://root@aspen1.local'...
copying path '/nix/store/a5gr6jljmwbdv4l9yq02bf992pnj04hl-cargo-package-sha-1-0.10.1' to 'ssh-ng://root@aspen1.local'...
copying path '/nix/store/a5p3xsy8wgmq6fgw2qwcp1y0vhszr533-cargo-package-vte-0.15.0' to 'ssh-ng://root@aspen1.local'...
copying path '/nix/store/a9yy2314jbrj04vk0lzwr8045pfx5mhv-cargo-package-crc64-2.0.0' to 'ssh-ng://root@aspen1.local'...
copying path '/nix/store/a9yzapvf2f7c0zi6w6ha2fmbi9nb4izh-cargo-package-litrs-1.0.0' to 'ssh-ng://root@aspen1.local'...
copying path '/nix/store/ackxsbphwzkihz9c7wssbfzdy8a3zxd4-cargo-package-itertools-0.10.5' to 'ssh-ng://root@aspen1.local'...
copying path '/nix/store/addbl7glkdzawypzplz0ly0dcg2x5f7f-cargo-package-der-0.7.10' to 'ssh-ng://root@aspen1.local'...
copying path '/nix/store/ahq8zzvylbc1i50alaxycni262bkryjp-cargo-package-logos-0.15.1' to 'ssh-ng://root@aspen1.local'...
copying path '/nix/store/ajkkr7f0hy9n6qrzqzad6kx8s92c436m-cargo-package-gcp_auth-0.12.6' to 'ssh-ng://root@aspen1.local'...
copying path '/nix/store/amd5np4vka1gbysayyr8w12crbkn4xmw-cargo-package-spin-0.10.0' to 'ssh-ng://root@aspen1.local'...
copying path '/nix/store/ar6xi23q7gikmjpfi0xkb8609cfzpara-cargo-package-linkme-0.3.37' to 'ssh-ng://root@aspen1.local'...
copying path '/nix/store/arg02qxx9i428hgj0n6bmmyfzivf2rwf-cargo-package-nix-derivation-0.1.0' to 'ssh-ng://root@aspen1.local'...
copying path '/nix/store/asdw5n0kb5g0yw5ab5adl1qyhx653sr8-cargo-package-bzip2-0.5.2' to 'ssh-ng://root@aspen1.local'...
copying path '/nix/store/av0zh3qnzhl0danvfssr7i9rd1863sk1-cargo-package-rstest_macros-0.26.1' to 'ssh-ng://root@aspen1.local'...
copying path '/nix/store/av4ij77yn1ri0qbxxa2a3xqixaxdrigk-cargo-package-system-configuration-sys-0.6.0' to 'ssh-ng://root@aspen1.local'...
copying path '/nix/store/av65fxv1mcmrcrr44j0ixycp9ix18c6j-cargo-package-ed25519-dalek-2.2.0' to 'ssh-ng://root@aspen1.local'...
copying path '/nix/store/axrxzr6hql8van02insbgz05g07jhlar-cargo-package-petgraph-0.8.3' to 'ssh-ng://root@aspen1.local'...
copying path '/nix/store/b194m30kzsdkxpph3j746lwa0d2ih63h-cargo-package-gix-quote-0.7.0' to 'ssh-ng://root@aspen1.local'...
copying path '/nix/store/bbp7xbhw7d492q2k8f0q5iqvxxxvsv5x-cargo-package-arraydeque-0.5.1' to 'ssh-ng://root@aspen1.local'...
copying path '/nix/store/bbrh4ws752a081g175wnblrmx05whrx1-cargo-package-versionize_derive-0.1.6' to 'ssh-ng://root@aspen1.local'...
copying path '/nix/store/bdbhmzc419282dzfi0abma1ah1b3h3h0-cargo-package-gix-utils-0.3.1' to 'ssh-ng://root@aspen1.local'...
copying path '/nix/store/bkkbil3z647wywwh3kx3l6md3w4mcdqz-cargo-package-tonic-prost-build-0.14.5' to 'ssh-ng://root@aspen1.local'...
copying path '/nix/store/bkvgrhajbw75h88hdbxk38fh0dwpaykm-cargo-package-core-foundation-0.10.1' to 'ssh-ng://root@aspen1.local'...
copying path '/nix/store/bnx0xiry4iy5kb2nl3c0ah9ph0a9m9wk-cargo-package-saphyr-parser-0.0.6' to 'ssh-ng://root@aspen1.local'...
copying path '/nix/store/bpg38n6y6q557nnkwzy50yfidda4zsfc-cargo-package-wasm-bindgen-shared-0.2.117' to 'ssh-ng://root@aspen1.local'...
copying path '/nix/store/bpnpmshxk21y53c2y5vyax4fz4wdg3fb-cargo-package-serde_with-3.18.0' to 'ssh-ng://root@aspen1.local'...
copying path '/nix/store/bpv70b2d9sqfrwf0qmz9b2inv1vm0y0d-cargo-package-quick-xml-0.40.1' to 'ssh-ng://root@aspen1.local'...
copying path '/nix/store/bqp1k1c946mz4rn7x3gg7qk9gkbpa9dc-cargo-package-rayon-1.11.0' to 'ssh-ng://root@aspen1.local'...
copying path '/nix/store/bsz536s8vhp92lzijm7m37md1fgw3cf9-cargo-package-signal-hook-0.3.18' to 'ssh-ng://root@aspen1.local'...
copying path '/nix/store/bzwqfqy0khfz6i1appxvz95l0db6x3xb-cargo-package-typenum-1.20.1' to 'ssh-ng://root@aspen1.local'...
copying path '/nix/store/c3bhz0z9nympw7b6m6k25cxmi88aqy5x-cargo-package-nonempty-0.12.0' to 'ssh-ng://root@aspen1.local'...
copying path '/nix/store/c3g6cap93v95k77363g8l1i9p794q2xp-cargo-package-threadpool-1.8.1' to 'ssh-ng://root@aspen1.local'...
copying path '/nix/store/c45k5n1k7mc38ish8nf7rksknyl8d01y-cargo-package-windows_x86_64_gnullvm-0.42.2' to 'ssh-ng://root@aspen1.local'...
copying path '/nix/store/c4krjkcd3l0d7c50n1mc7gzijpk74fpk-cargo-package-pretty-0.12.5' to 'ssh-ng://root@aspen1.local'...
copying path '/nix/store/c7mwv2qha8zvx6qz75bsl6hqynpd2619-cargo-package-petgraph-0.7.1' to 'ssh-ng://root@aspen1.local'...
copying path '/nix/store/ccz52426yb0n98nnsz9k1h2ab2dmmcvx-cargo-package-cranelift-frontend-0.116.1' to 'ssh-ng://root@aspen1.local'...
copying path '/nix/store/cdfcqw8bxl0bkm0a5b5g56skaql6vd4h-cargo-package-windows_x86_64_gnu-0.42.2' to 'ssh-ng://root@aspen1.local'...
copying path '/nix/store/chf1gdxyhjmp53x3h36swk6clcahsk9j-cargo-package-cap-fs-ext-4.0.2' to 'ssh-ng://root@aspen1.local'...
copying path '/nix/store/ciqn9qjii2drydz8hdhp5mqwqjfc0sag-cargo-package-getset-0.1.6' to 'ssh-ng://root@aspen1.local'...
copying path '/nix/store/cl5pgqwb65xa90d8mcr1k2m077ns2wy7-cargo-package-vhost-0.6.1' to 'ssh-ng://root@aspen1.local'...
copying path '/nix/store/clgsvgwa9bg5pz3dp0wryidns7ynvxc5-cargo-package-prost-0.13.5' to 'ssh-ng://root@aspen1.local'...
copying path '/nix/store/cljf4gaha0w50ha8psqr0jrg3k0fsgg6-cargo-package-unit-prefix-0.5.2' to 'ssh-ng://root@aspen1.local'...
copying path '/nix/store/cm0kgqvfklqqhvqsrp7xlnpd1j53lhxp-cargo-package-gix-glob-0.24.0' to 'ssh-ng://root@aspen1.local'...
copying path '/nix/store/cmfdjq4xrg8dghwr0h62x0gnb48hai3b-cargo-package-gix-date-0.15.1' to 'ssh-ng://root@aspen1.local'...
copying path '/nix/store/cqvabks99z7b21r8zv6sa78cjr3k0bha-cargo-package-windows_i686_gnu-0.48.5' to 'ssh-ng://root@aspen1.local'...
copying path '/nix/store/cz7bg43986lx4a640pqh5xlj222ps9cb-cargo-package-nu-ansi-term-0.50.3' to 'ssh-ng://root@aspen1.local'...
copying path '/nix/store/czkjnlk8qqnbnb4jchlq5ky771cp4bqn-cargo-package-keccak-0.1.6' to 'ssh-ng://root@aspen1.local'...
copying path '/nix/store/d15l07qphs8jh4a9sy17gmi8n7m0xb7q-cargo-package-ena-0.14.4' to 'ssh-ng://root@aspen1.local'...
copying path '/nix/store/d1vzq5jgxl0ly6q6qyklkyccdwml6g07-cargo-package-opentelemetry-0.30.0' to 'ssh-ng://root@aspen1.local'...
copying path '/nix/store/d2j7zazr911krv8kc4g0778d4hbqfxvs-cargo-package-oorandom-11.1.5' to 'ssh-ng://root@aspen1.local'...
copying path '/nix/store/d8p2ak5jpfb2cyq3b8kblycx83sz4z8y-cargo-package-tar-0.4.45' to 'ssh-ng://root@aspen1.local'...
copying path '/nix/store/d99fym9y1f7s05psmzxc6myyvhxykgxv-cargo-package-ruzstd-0.8.2' to 'ssh-ng://root@aspen1.local'...
copying path '/nix/store/dc3sanfxsxn3hzx8j60x7dpalnxcasha-cargo-package-ascii-canvas-4.0.0' to 'ssh-ng://root@aspen1.local'...
copying path '/nix/store/dc5zpf6ayk6f4rw4k1asbbah0pprl91q-cargo-package-vm-memory-0.10.0' to 'ssh-ng://root@aspen1.local'...
copying path '/nix/store/dg2y43d240d3m1ni2ybxklcc7h7zslrk-cargo-package-ureq-3.3.0' to 'ssh-ng://root@aspen1.local'...
copying path '/nix/store/dknxq10y4nsb1lx12yispcc0lxk80vs5-cargo-package-clap-verbosity-flag-3.0.4' to 'ssh-ng://root@aspen1.local'...
copying path '/nix/store/dm2ck3bsr8qds4y4cv43gpmdd2qc5iwc-cargo-package-rustls-webpki-0.103.13' to 'ssh-ng://root@aspen1.local'...
copying path '/nix/store/dmqbskd12c1p82y2c7h5rcnvb4jmspb5-cargo-package-bitmaps-3.2.1' to 'ssh-ng://root@aspen1.local'...
copying path '/nix/store/dsvydzy0s9px9x8g8f88r57mjhbq0nw3-cargo-package-serde_qs-0.12.0' to 'ssh-ng://root@aspen1.local'...
copying path '/nix/store/dy0c9lgn0qizmdcfcdyzqn3bkfksicds-cargo-package-rustls-native-certs-0.8.3' to 'ssh-ng://root@aspen1.local'...
copying path '/nix/store/dzfzi5a2hqgb2jbg15ywdl9cf8kbpiyy-cargo-package-windows_aarch64_gnullvm-0.48.5' to 'ssh-ng://root@aspen1.local'...
copying path '/nix/store/f07dxvmbqli9dfxnxn1nx3gvvpilypvw-cargo-package-num-bigint-dig-0.8.6' to 'ssh-ng://root@aspen1.local'...
copying path '/nix/store/f2g062g8ifqa8q954lbg3cpvlbjvzhl9-cargo-package-curve25519-dalek-4.1.3' to 'ssh-ng://root@aspen1.local'...
copying path '/nix/store/f3jd24xg2ydm705p77q7ha7bz2abp94r-cargo-package-object-0.37.3' to 'ssh-ng://root@aspen1.local'...
copying path '/nix/store/f59wqf9lqcvfbgllpd9cc3rmgdwn0na3-cargo-package-nix-archive-0.1.0' to 'ssh-ng://root@aspen1.local'...
copying path '/nix/store/f8z7jsa21a09kc6vxyd0nlg9x5ypqxaa-cargo-package-gethostname-0.5.0' to 'ssh-ng://root@aspen1.local'...
copying path '/nix/store/fa2yff6i7cmhp8a9mxbxm64lqs3vp55a-cargo-package-vmm-sys-util-0.11.2' to 'ssh-ng://root@aspen1.local'...
copying path '/nix/store/fabccdifdsq8xfg5yjc7farnd39li20s-cargo-package-num-iter-0.1.46' to 'ssh-ng://root@aspen1.local'...
copying path '/nix/store/faxwiar8kqhrw10564nwlyhnmwwlh3b0-cargo-package-utf8-zero-0.8.1' to 'ssh-ng://root@aspen1.local'...
copying path '/nix/store/fbnzafwxywjhbg24wr3d9c43psvgg28w-cargo-package-schemars-0.9.0' to 'ssh-ng://root@aspen1.local'...
copying path '/nix/store/fg7caz0qv2r6bivbf37k11mc2mknjknc-cargo-package-virtio-bindings-0.2.6' to 'ssh-ng://root@aspen1.local'...
copying path '/nix/store/fg9dwsjqw78avi53spg0dr5q0hc397zp-cargo-package-signal-hook-0.4.4' to 'ssh-ng://root@aspen1.local'...
copying path '/nix/store/fiskwphw6vhv9phhczagx4fgv7y3xg2n-cargo-package-tinyvec-1.11.0' to 'ssh-ng://root@aspen1.local'...
copying path '/nix/store/fm2g779slkg8s3wrd389qdmnvnnlxfqq-cargo-package-endian-type-0.1.2' to 'ssh-ng://root@aspen1.local'...
copying path '/nix/store/fm6xiwxr25pc0zpwh1k5nv6mnpv75w2x-cargo-package-gimli-0.31.1' to 'ssh-ng://root@aspen1.local'...
copying path '/nix/store/fm75yzzg7i4gmcf2b9kw0npab2wq50ra-cargo-package-typed-builder-0.22.0' to 'ssh-ng://root@aspen1.local'...
copying path '/nix/store/fmpivvnh1my547gig7m7ks4f5z2rhjcw-cargo-package-n0-error-0.1.3' to 'ssh-ng://root@aspen1.local'...
copying path '/nix/store/fmrnxi0kcvv45h2zm3897nsyccma3222-cargo-package-tracing-opentelemetry-0.31.0' to 'ssh-ng://root@aspen1.local'...
copying path '/nix/store/fnllw5llp2za33zcsminh9q3mfvdyq69-cargo-package-core-foundation-0.9.4' to 'ssh-ng://root@aspen1.local'...
copying path '/nix/store/frr4kddsa9fhpmnk5cq6kcjl61wg2d5b-cargo-package-lalrpop-0.22.2' to 'ssh-ng://root@aspen1.local'...
copying path '/nix/store/fsr536r786zqvifr7fr4z44m922ihsm1-cargo-package-windows-targets-0.42.2' to 'ssh-ng://root@aspen1.local'...
copying path '/nix/store/fy3a747gm8ffyzyskfqy83812jgcwiyg-cargo-package-async-stream-impl-0.3.6' to 'ssh-ng://root@aspen1.local'...
copying path '/nix/store/fy9i25fgd7fzgz5sgc4ag0ka8v5s86k9-cargo-package-hex-literal-0.4.1' to 'ssh-ng://root@aspen1.local'...
copying path '/nix/store/fyzcpn06g4fy51g8d154z4bpc5mf9glr-cargo-package-vhost-user-backend-0.8.0' to 'ssh-ng://root@aspen1.local'...
copying path '/nix/store/g310gz27jdazkbpzzdy9xikxh29awzd7-cargo-package-cranelift-0.116.1' to 'ssh-ng://root@aspen1.local'...
copying path '/nix/store/g6g4yzrw8016skrkv6gzwplaz7q6smks-cargo-package-tracing-chrome-0.7.2' to 'ssh-ng://root@aspen1.local'...
copying path '/nix/store/g7byn7sr4hlfcjmzhhr3h24m0nypfnma-cargo-package-tokio-rustls-0.26.4' to 'ssh-ng://root@aspen1.local'...
copying path '/nix/store/g7lp5fg585qyyccpjirc3c8i3nba3m15-cargo-package-regalloc2-0.11.2' to 'ssh-ng://root@aspen1.local'...
copying path '/nix/store/g8qjsnks7i1h9j55bfc3icwqkkbks8j1-cargo-package-indicatif-0.18.4' to 'ssh-ng://root@aspen1.local'...
copying path '/nix/store/g8zp3b20wnvkzzpvqa63r5gwm453hk8j-cargo-package-spki-0.7.3' to 'ssh-ng://root@aspen1.local'...
copying path '/nix/store/gdmnmkx4zm0h66pwicmmwipqc24v5nwb-cargo-package-safe_arch-0.7.4' to 'ssh-ng://root@aspen1.local'...
copying path '/nix/store/gg3w0gid1mc2b3kf3xqvwkwnz842fhkm-cargo-package-lru-slab-0.1.2' to 'ssh-ng://root@aspen1.local'...
copying path '/nix/store/gry7m64w389mxn7wgmnjia276mhqga1d-cargo-package-secretspec-0.17.0' to 'ssh-ng://root@aspen1.local'...
copying path '/nix/store/gydqyqm9z4r2kcpwb40fj0wmfkqsh5zc-cargo-package-bzip2-0.6.1' to 'ssh-ng://root@aspen1.local'...
copying path '/nix/store/gz3cdjp1983cq1rka338ci37m7k7nca4-cargo-package-reqwest-0.12.28' to 'ssh-ng://root@aspen1.local'...
copying path '/nix/store/h3kvbghkgacl3lj59mrgqaf09av3xx0i-cargo-package-versionize-0.1.10' to 'ssh-ng://root@aspen1.local'...
copying path '/nix/store/h4idsa994vrh5x5biz8kwgncpn8zksrg-cargo-package-lzma-rs-0.3.0' to 'ssh-ng://root@aspen1.local'...
copying path '/nix/store/h66ias27zsd9g0c70vs5apflmpaa7kca-cargo-package-spin-0.9.9' to 'ssh-ng://root@aspen1.local'...
copying path '/nix/store/h7hpwkclfxbh091xb06lyhpznn3f81j4-cargo-package-nom-8.0.0' to 'ssh-ng://root@aspen1.local'...
copying path '/nix/store/h7p9xsab9yn6hn215wr9ppibk10ys9nl-cargo-package-codespan-reporting-0.13.1' to 'ssh-ng://root@aspen1.local'...
copying path '/nix/store/h8ajszfyh8ks4i6rc5gnq1p9w4xlwq4c-cargo-package-gix-dir-0.23.0' to 'ssh-ng://root@aspen1.local'...
copying path '/nix/store/h8g5mbj4m6fncjc3kh10x04axyfqgxa0-cargo-package-memmap2-0.9.10' to 'ssh-ng://root@aspen1.local'...
copying path '/nix/store/h93zrglskcshnidn3s4glwnw5k5x6nfi-cargo-package-windows_x86_64_msvc-0.48.5' to 'ssh-ng://root@aspen1.local'...
copying path '/nix/store/hbrg5xlc7cz81w74rnv1vwqmm9dqirps-cargo-package-windows_i686_msvc-0.42.2' to 'ssh-ng://root@aspen1.local'...
copying path '/nix/store/hdlkixb22jp3lyhwqacp9zf83f7hknyx-cargo-package-quinn-udp-0.5.14' to 'ssh-ng://root@aspen1.local'...
copying path '/nix/store/hdwfp4qd84wrs6lm7xka3hsaflnr4gvd-cargo-package-target-lexicon-0.13.5' to 'ssh-ng://root@aspen1.local'...
copying path '/nix/store/hfhdnjzx33sv8kvj1kwsfpqgbq0qyi6z-cargo-package-sha2-0.10.9' to 'ssh-ng://root@aspen1.local'...
copying path '/nix/store/hfirc4zhg37g456r21jczvbwrp50143x-cargo-package-unicode-normalization-0.1.25' to 'ssh-ng://root@aspen1.local'...
copying path '/nix/store/hglhnxrlqnkk6plnkcfca95sdx2wpxjk-cargo-package-gix-worktree-state-0.28.0' to 'ssh-ng://root@aspen1.local'...
copying path '/nix/store/hjg872kbx2y1v76nq3ydyj8n9z3i075l-cargo-package-darling-0.20.11' to 'ssh-ng://root@aspen1.local'...
copying path '/nix/store/hkj1056sc5wh2bzicn51lxsj2pdypvzi-cargo-package-gix-object-0.58.0' to 'ssh-ng://root@aspen1.local'...
copying path '/nix/store/hmgg46kwwmfkskvwpw7sdqlybmjcyxcr-cargo-package-futures-buffered-0.2.13' to 'ssh-ng://root@aspen1.local'...
copying path '/nix/store/hsj7lalwzzpj1rl1dxapxzyzbz2n2n2j-cargo-package-gix-config-value-0.17.1' to 'ssh-ng://root@aspen1.local'...
copying path '/nix/store/hvqq2h3wkjlicypgk34x5hj8f8y3sq0q-cargo-package-colored-3.1.1' to 'ssh-ng://root@aspen1.local'...
copying path '/nix/store/hyjafv0f4ifbxxj997n5xmz9i6rka1ii-cargo-package-schemars-1.2.1' to 'ssh-ng://root@aspen1.local'...
copying path '/nix/store/hyyyd5s59kh6xq1zpxi0h28szhqvmbz1-cargo-package-gix-error-0.2.1' to 'ssh-ng://root@aspen1.local'...
copying path '/nix/store/i1r4ncadnx1hb8xb18vn8pdpp48pl8rj-cargo-package-anes-0.1.6' to 'ssh-ng://root@aspen1.local'...
copying path '/nix/store/i6w3rmbdz7z91hdhm6w3x46245597hw2-cargo-package-uuid-1.23.0' to 'ssh-ng://root@aspen1.local'...
copying path '/nix/store/i80y2z97x768l72hp91psslm3xwim5xc-cargo-package-nix-0.31.3' to 'ssh-ng://root@aspen1.local'...
copying path '/nix/store/ic83qg8g1x8wab7ca2nizzqskcm1k2j4-cargo-package-jni-sys-0.4.1' to 'ssh-ng://root@aspen1.local'...
copying path '/nix/store/idvn4c2pfj1w7a5iv6yh5nnv975bqmcc-cargo-package-cranelift-codegen-meta-0.116.1' to 'ssh-ng://root@aspen1.local'...
copying path '/nix/store/igp1yvzhz66bphz2zg01n1axavbbnqqs-cargo-package-mockall-0.13.1' to 'ssh-ng://root@aspen1.local'...
copying path '/nix/store/ih0rmr47rrppdzqc10kn4ch90j2wdyid-cargo-package-redox_syscall-0.7.3' to 'ssh-ng://root@aspen1.local'...
copying path '/nix/store/ijca6151kh5rkcjz9y1s4l3m651mm7bv-cargo-package-sha3-0.10.8' to 'ssh-ng://root@aspen1.local'...
copying path '/nix/store/immhn7vk382dwa29mkqk1b2l45jdk5ar-cargo-package-async-compression-0.4.19' to 'ssh-ng://root@aspen1.local'...
copying path '/nix/store/irp56y8fc01s379ar0lkshf0z2q9dawj-cargo-package-criterion-plot-0.5.0' to 'ssh-ng://root@aspen1.local'...
copying path '/nix/store/j0fhchkwm6m59ig1ircvqlimjlakfnvp-cargo-package-miette-derive-7.6.0' to 'ssh-ng://root@aspen1.local'...
copying path '/nix/store/j30cmiigxs9f8sp7rmyifrbs6gvgrkxh-cargo-package-phf_shared-0.11.3' to 'ssh-ng://root@aspen1.local'...
copying path '/nix/store/j38mkjn9fr3s50vzib3kxf9bv11c10bk-cargo-package-gix-pathspec-0.16.1' to 'ssh-ng://root@aspen1.local'...
copying path '/nix/store/jc1hzy7g35wb3y5pm2lnzzqw157vfy4z-cargo-package-pretty_assertions-1.4.1' to 'ssh-ng://root@aspen1.local'...
copying path '/nix/store/jfnwwhy5fw5xvpdmiapq9f02rm8r44pk-cargo-package-proptest-1.11.0' to 'ssh-ng://root@aspen1.local'...
copying path '/nix/store/jib40fkfkjlrq1l95hik9s5fds2fg4m0-cargo-package-gix-negotiate-0.29.0' to 'ssh-ng://root@aspen1.local'...
copying path '/nix/store/jl011ap98kngl21vj58c17f3356xkiiy-cargo-package-nibble_vec-0.1.0' to 'ssh-ng://root@aspen1.local'...
copying path '/nix/store/jm39ybbgvfrvhmql2r37rv459f6lsajb-cargo-package-spez-0.1.2' to 'ssh-ng://root@aspen1.local'...
copying path '/nix/store/jp51s3ad8pz3cmgmzbbzcs0qjz7lnmq1-cargo-package-schannel-0.1.29' to 'ssh-ng://root@aspen1.local'...
copying path '/nix/store/jpj2ycpnmg8sfi0znf096zwc0z38kxdb-cargo-package-gix-blame-0.11.0' to 'ssh-ng://root@aspen1.local'...
copying path '/nix/store/jpkirwsx01v627hlfmi92x322y7a257x-cargo-package-syn-3.0.3' to 'ssh-ng://root@aspen1.local'...
copying path '/nix/store/jr71m14y92dvf2ywpj177rg75z712j0w-cargo-package-ident_case-1.0.1' to 'ssh-ng://root@aspen1.local'...
copying path '/nix/store/jv596wnj5l4qygs4zw7r32pax8xjyfq7-cargo-package-hash32-0.3.1' to 'ssh-ng://root@aspen1.local'...
copying path '/nix/store/jvzw4zs5bmcpclbhh391qxgxday5rfhf-cargo-package-toml_edit-0.23.10+spec-1.0.0' to 'ssh-ng://root@aspen1.local'...
copying path '/nix/store/jwpf2a3cha2z59n7z6mj8fvxlmi08aga-cargo-package-normalize-line-endings-0.3.0' to 'ssh-ng://root@aspen1.local'...
copying path '/nix/store/jy0i0nhmc9znv9sv8k38m9d68j43a1fp-cargo-package-versionize-0.2.0' to 'ssh-ng://root@aspen1.local'...
copying path '/nix/store/jywsw71n3044an1fv4wf37hy4w08djs4-cargo-package-dyn-clone-1.0.20' to 'ssh-ng://root@aspen1.local'...
copying path '/nix/store/k2b3g650lh92qlmahvadd5gimh2m657n-cargo-package-rand-0.9.3' to 'ssh-ng://root@aspen1.local'...
copying path '/nix/store/k50k07yhm2cigndbl6mzs6vlglsqxy1c-cargo-package-opentelemetry-proto-0.30.0' to 'ssh-ng://root@aspen1.local'...
copying path '/nix/store/k6k9w27n6a000glddaipdpgyql49cmwy-cargo-package-nix-0.24.3' to 'ssh-ng://root@aspen1.local'...
copying path '/nix/store/k75ydnqhym18zqax509k5k5v10g7schk-cargo-package-md-5-0.10.6' to 'ssh-ng://root@aspen1.local'...
copying path '/nix/store/k80rqk666mknjbq9pp55ikbq4psy5pqq-cargo-package-etcetera-0.11.0' to 'ssh-ng://root@aspen1.local'...
copying path '/nix/store/k893qbwgl6l2afbhvfccbawlb0srkj7k-cargo-package-darling_macro-0.20.11' to 'ssh-ng://root@aspen1.local'...
copying path '/nix/store/k9081cy15s4755cwv0n04wr7b7f20mf2-cargo-package-untrusted-0.9.0' to 'ssh-ng://root@aspen1.local'...
copying path '/nix/store/kaf3ql3pv9z7k161ddv4czqksi5s0s6r-cargo-package-miette-7.6.0' to 'ssh-ng://root@aspen1.local'...
copying path '/nix/store/kccnq4zg60dgsfhs7zrggijqppfjbacg-cargo-package-darling_macro-0.23.0' to 'ssh-ng://root@aspen1.local'...
copying path '/nix/store/kj5f6kzy90ih6zx6xj8vk3yym62wdnfg-cargo-package-string_cache-0.8.9' to 'ssh-ng://root@aspen1.local'...
copying path '/nix/store/kk13vfhvwvm2p5sjimx6mw0hpi93a899-cargo-package-fastcdc-3.2.1' to 'ssh-ng://root@aspen1.local'...
copying path '/nix/store/kkqvmgl5zi4cka0k40rg31yci2qvmifj-cargo-package-fragile-2.1.0' to 'ssh-ng://root@aspen1.local'...
copying path '/nix/store/knc1g19m6qbvgdp3id3yimvdmfy8fsrz-cargo-package-async-lock-3.4.2' to 'ssh-ng://root@aspen1.local'...
copying path '/nix/store/kwv493qnr4jab1rgj7262cn7dcimpad5-cargo-package-windows_x86_64_gnullvm-0.48.5' to 'ssh-ng://root@aspen1.local'...
copying path '/nix/store/kxbnhb298b9cgsppiqbr1al5zms1j93v-cargo-package-quinn-proto-0.11.14' to 'ssh-ng://root@aspen1.local'...
copying path '/nix/store/kznv6swgqj0gqphq6nk7c02602aij8yr-cargo-package-vmm-sys-util-0.12.1' to 'ssh-ng://root@aspen1.local'...
copying path '/nix/store/l0547plm67sgc2n9471lz38x6ipcnd8j-cargo-package-gix-discover-0.49.0' to 'ssh-ng://root@aspen1.local'...
copying path '/nix/store/l2k3ip7xl9z67m73y3q1bjn4chlcsdly-cargo-package-gix-pack-0.68.0' to 'ssh-ng://root@aspen1.local'...
copying path '/nix/store/l33vdb4akhajk8c8557bg0jhqqkjw9dd-cargo-package-windows_aarch64_msvc-0.48.5' to 'ssh-ng://root@aspen1.local'...
copying path '/nix/store/l4ksm4cpjz28njrg6sqi8h5z35g2w5ba-cargo-package-ureq-proto-0.6.0' to 'ssh-ng://root@aspen1.local'...
copying path '/nix/store/l4m0vbjyaydxw3hhhmany5j9zh61h18r-cargo-package-arbitrary-1.4.2' to 'ssh-ng://root@aspen1.local'...
copying path '/nix/store/l6n3i29gslx6w5ydr41ljn1wkg0yf8ln-cargo-package-gix-transport-0.55.1' to 'ssh-ng://root@aspen1.local'...
copying path '/nix/store/ldiy3x5whlr1kjvkpv3yr0rinh2nw1gl-cargo-package-rustls-0.23.37' to 'ssh-ng://root@aspen1.local'...
copying path '/nix/store/ldwnwv11i26nrbwgj433ysn2pds3nrwj-cargo-package-windows_x86_64_gnu-0.48.5' to 'ssh-ng://root@aspen1.local'...
copying path '/nix/store/lf3sf2c8vwvnwydac26a5bi25iwz5xd6-cargo-package-tokio-uring-0.4.0' to 'ssh-ng://root@aspen1.local'...
copying path '/nix/store/lfd24h2psxsr88vnkkyhcrg89qsmda1f-cargo-package-virtio-queue-0.7.1' to 'ssh-ng://root@aspen1.local'...
copying path '/nix/store/lggyi52x53np1dfsgr039c684vkxyr2h-cargo-package-nickel-lang-parser-0.1.1' to 'ssh-ng://root@aspen1.local'...
copying path '/nix/store/lisbpvdiwzy910cszyq508w7h085ic0n-cargo-package-socket2-0.4.10' to 'ssh-ng://root@aspen1.local'...
copying path '/nix/store/ll1a6mqm08vbz24fs0xfx9g04yz2jkdf-cargo-package-web-time-1.1.0' to 'ssh-ng://root@aspen1.local'...
copying path '/nix/store/ln174w5kcvmfsa74vgvn46asn6fp671d-cargo-package-multimap-0.10.1' to 'ssh-ng://root@aspen1.local'...
copying path '/nix/store/ln65ylx7vqyil08kl0x6v4s1r3rlz7ck-cargo-package-rusty-fork-0.3.1' to 'ssh-ng://root@aspen1.local'...
copying path '/nix/store/lp08la3gy98if522x07s9c6jgwpjn0ja-cargo-package-jni-0.21.1' to 'ssh-ng://root@aspen1.local'...
copying path '/nix/store/lqix9b0w5rl0lxg20yz939kxkrnplzq6-cargo-package-bzip2-sys-0.1.13+1.0.8' to 'ssh-ng://root@aspen1.local'...
copying path '/nix/store/lqwx9ijddkaz4sas5vyfgflkl1ccnx0g-cargo-package-io-close-0.3.7' to 'ssh-ng://root@aspen1.local'...
copying path '/nix/store/lyzmjzl4hgm1chxcs61r27jfdq4q08hq-cargo-package-sharded-slab-0.1.7' to 'ssh-ng://root@aspen1.local'...
copying path '/nix/store/m03rwk8fwr8icglyh9zzfgfsrrilcvxr-cargo-package-faster-hex-0.10.0' to 'ssh-ng://root@aspen1.local'...
copying path '/nix/store/m2q4c3fxbjrg5xdnvjs2rf56agdpzh96-cargo-package-cranelift-control-0.116.1' to 'ssh-ng://root@aspen1.local'...
copying path '/nix/store/m51kijq2viighg1c7lhliabvwx05xwx3-cargo-package-gix-fs-0.19.2' to 'ssh-ng://root@aspen1.local'...
copying path '/nix/store/m5myx036jwhc6wiy5w7ncpwiblq98wsz-cargo-package-cranelift-jit-0.116.1' to 'ssh-ng://root@aspen1.local'...
copying path '/nix/store/m63hnil7mq6223iacfyhfajjfijzsppd-cargo-package-async-trait-0.1.89' to 'ssh-ng://root@aspen1.local'...
copying path '/nix/store/mcd0hpj7s8qpxwyspj02v751pm68h2m2-cargo-package-prost-wkt-build-0.7.1' to 'ssh-ng://root@aspen1.local'...
copying path '/nix/store/mcliwrmgq3fq49fabni7gnqc9gfjdzib-cargo-package-opentelemetry-otlp-0.30.0' to 'ssh-ng://root@aspen1.local'...
copying path '/nix/store/mpnn6q5mlkp599gpxcfa0rpbn1jichnd-cargo-package-fs2-0.4.3' to 'ssh-ng://root@aspen1.local'...
copying path '/nix/store/mzm5dxpxzcmy1hxg5zrm0p89gcs8pdxx-cargo-package-opentelemetry-http-0.30.0' to 'ssh-ng://root@aspen1.local'...
copying path '/nix/store/n1gllvqdc5gphvfxmli8ddn9v7rwxdpc-cargo-package-cc-1.2.59' to 'ssh-ng://root@aspen1.local'...
copying path '/nix/store/n2v947zyadvqc3a8mmxrsyizdh9rmxby-cargo-package-human_format-1.2.1' to 'ssh-ng://root@aspen1.local'...
copying path '/nix/store/n498sl672ibvphp16rdvy182xs1aj4d0-cargo-package-cranelift-isle-0.116.1' to 'ssh-ng://root@aspen1.local'...
copying path '/nix/store/n5jvzhqq9f8jfpz9lhgri7mxwkxchc07-cargo-package-crossbeam-epoch-0.9.20' to 'ssh-ng://root@aspen1.local'...
copying path '/nix/store/n6k9l25w25pkkc6wn5rm5r16dy4zw7q3-cargo-package-tonic-0.13.1' to 'ssh-ng://root@aspen1.local'...
copying path '/nix/store/n7k9ahh7vlbrbh3s17rxnzhrryviii8a-cargo-package-io-uring-0.5.13' to 'ssh-ng://root@aspen1.local'...
copying path '/nix/store/n80yn0dxhnm3mf52yvnzi0lkf33ildji-cargo-package-maybe-async-0.2.10' to 'ssh-ng://root@aspen1.local'...
copying path '/nix/store/n98vyli1jbzddadlrc19amhkqpfs0na3-cargo-package-async-process-2.5.0' to 'ssh-ng://root@aspen1.local'...
copying path '/nix/store/na1m09lzb853ik1klp9119vw0jr3nwz7-cargo-package-gix-traverse-0.55.0' to 'ssh-ng://root@aspen1.local'...
copying path '/nix/store/nbd448hx85w7k82kbk7186r7wcjfkx8f-cargo-package-backtrace-ext-0.2.1' to 'ssh-ng://root@aspen1.local'...
copying path '/nix/store/nc7hj877nqsd6alfvcjighhxpg1fdnzq-cargo-package-gix-sec-0.13.2' to 'ssh-ng://root@aspen1.local'...
copying path '/nix/store/nd77c94ns81sg1fq5jwqbqcq2rkzh39b-cargo-package-irpc-derive-0.10.0' to 'ssh-ng://root@aspen1.local'...
copying path '/nix/store/ngjazpnsdnfa6dcyfafjvdchadm81251-cargo-package-tracing-log-0.2.0' to 'ssh-ng://root@aspen1.local'...
copying path '/nix/store/nir782a9rc92rwapazrriw388qxxjzi9-cargo-package-crc64-1.0.0' to 'ssh-ng://root@aspen1.local'...
copying path '/nix/store/nj2hkijaj39170ch2mmmczafcv1g2fkw-cargo-package-derive_builder_core-0.20.2' to 'ssh-ng://root@aspen1.local'...
copying path '/nix/store/njwsc7hsn84w82rvdxfni1a4vdygcvjh-cargo-package-tracing-futures-0.2.5' to 'ssh-ng://root@aspen1.local'...
copying path '/nix/store/nk3sir6cgz21x7dsdgdmzqnycjra4hdp-cargo-package-simple-counter-0.1.0' to 'ssh-ng://root@aspen1.local'...
copying path '/nix/store/nmxjj0pmxgy9qdpi8l7plavn4krz4ggi-cargo-package-derive_builder-0.20.2' to 'ssh-ng://root@aspen1.local'...
copying path '/nix/store/npfyix3pgd6y9a68d0a4psd3v6hg7ixf-cargo-package-derive_builder_macro-0.20.2' to 'ssh-ng://root@aspen1.local'...
copying path '/nix/store/nr5mqnkpqzdj14z6gb5q31578hnl7pfk-cargo-package-ed25519-2.2.3' to 'ssh-ng://root@aspen1.local'...
copying path '/nix/store/nr8khwfx2mkqi5ygjp4vb5dnhyw1kqr5-cargo-package-async-task-4.7.1' to 'ssh-ng://root@aspen1.local'...
copying path '/nix/store/nrm25n4j1p2n4zbchlnmj9lbblzhpspn-cargo-package-reqwest-middleware-0.5.1' to 'ssh-ng://root@aspen1.local'...
copying path '/nix/store/p143hfa673ly1h0mm27bf7s8bigbn4pd-cargo-package-async-stream-0.3.6' to 'ssh-ng://root@aspen1.local'...
copying path '/nix/store/p2vagv22j7s3wa846gyk6q5cp61nqmfz-cargo-package-diatomic-waker-0.2.3' to 'ssh-ng://root@aspen1.local'...
copying path '/nix/store/p32h1fsj202ny5986lpjfdc6v4i9s6nx-cargo-package-jni-sys-0.3.1' to 'ssh-ng://root@aspen1.local'...
copying path '/nix/store/p5vbhk3hkx06ajk0ahnx0abcjk475g2b-cargo-package-fs_extra-1.3.0' to 'ssh-ng://root@aspen1.local'...
copying path '/nix/store/pasaf3a684l106plan7633f8mz9m9wd5-cargo-package-gix-bitmap-0.3.0' to 'ssh-ng://root@aspen1.local'...
copying path '/nix/store/pbhgy6j4hz60qfz7b08lj4z4lf2ha979-cargo-package-itertools-0.15.0' to 'ssh-ng://root@aspen1.local'...
copying path '/nix/store/pdpf38i8vyn6aq92k4m3r1ny8p2il3ac-cargo-package-malachite-nz-0.6.1' to 'ssh-ng://root@aspen1.local'...
copying path '/nix/store/pfln80mn1fh2accgs8hgdpj9jdzknl5b-cargo-package-cranelift-native-0.116.1' to 'ssh-ng://root@aspen1.local'...
copying path '/nix/store/pfrbdxyk3d5brch22l1g71a2w5glhh2x-cargo-package-bytesize-2.3.1' to 'ssh-ng://root@aspen1.local'...
copying path '/nix/store/pi97g1pllrldql803l4iw0yyjrhq88p7-cargo-package-loom-0.7.2' to 'ssh-ng://root@aspen1.local'...
copying path '/nix/store/pkdd2m60gb5lrvyllh757svsmxdqp1nr-cargo-package-subtle-2.6.1' to 'ssh-ng://root@aspen1.local'...
copying path '/nix/store/pmgirl972x1nkqxn0fsn06jp7akn16lj-cargo-package-terminal_size-0.4.4' to 'ssh-ng://root@aspen1.local'...
copying path '/nix/store/pmk3kgg8w61hxm8p7wq8f40vfn1c8jpn-cargo-package-gix-0.81.0' to 'ssh-ng://root@aspen1.local'...
copying path '/nix/store/pmyl2ii45c11ccc3zwswx4kfhzzr5rlb-cargo-package-hybrid-array-0.4.13' to 'ssh-ng://root@aspen1.local'...
copying path '/nix/store/ppcxxd4gf4dgacwx2n1j23lgcci91iag-cargo-package-gix-ignore-0.19.1' to 'ssh-ng://root@aspen1.local'...
copying path '/nix/store/ppznafkzpidjsdfpwgqdq1i134m68160-cargo-package-gix-credentials-0.37.1' to 'ssh-ng://root@aspen1.local'...
copying path '/nix/store/psaril8liq99vh618v5cq3c1nz5ggakj-cargo-package-gix-validate-0.11.0' to 'ssh-ng://root@aspen1.local'...
copying path '/nix/store/pwi6rh615h8fazv6r2sj51kfxfmzvs0d-cargo-package-erased-serde-0.4.10' to 'ssh-ng://root@aspen1.local'...
copying path '/nix/store/pwsp4sz75xi5jdxx7fg6y97wih2iajdl-cargo-package-prost-0.14.3' to 'ssh-ng://root@aspen1.local'...
copying path '/nix/store/q066fcs3xr7xs93ci8n19z8f55j7k8vp-cargo-package-mio-0.8.11' to 'ssh-ng://root@aspen1.local'...
copying path '/nix/store/q15piqa3awm5j87b984qv2liz3hvh1ll-cargo-package-gix-commitgraph-0.35.0' to 'ssh-ng://root@aspen1.local'...
copying path '/nix/store/q17x5bfvwzi57dvdb84yacc2x08lc3yw-cargo-package-malachite-float-0.6.1' to 'ssh-ng://root@aspen1.local'...
copying path '/nix/store/q2q0imnlh6dic9rddxvjc8l7gydpf55f-cargo-package-rsa-0.9.10' to 'ssh-ng://root@aspen1.local'...
copying path '/nix/store/q4v55zqsia0a1j32isdiyg2mypvlz0fw-cargo-package-jni-sys-macros-0.4.1' to 'ssh-ng://root@aspen1.local'...
copying path '/nix/store/q5fardg2w30ciq2q8yzb6gi6haw8fcqy-cargo-package-chapter-tgz-0.1.0' to 'ssh-ng://root@aspen1.local'...
copying path '/nix/store/q5pfj7xz7vdypdyaras29kc4s8gazn2s-cargo-package-io-extras-0.19.0' to 'ssh-ng://root@aspen1.local'...
copying path '/nix/store/q8f5i1a7344ry5zx39n3gss4gydy5niv-cargo-package-ouroboros_macro-0.18.5' to 'ssh-ng://root@aspen1.local'...
copying path '/nix/store/qb8fsm715m4qkf4lmf4glcaxw8wkkfmy-cargo-package-gix-chunk-0.7.0' to 'ssh-ng://root@aspen1.local'...
copying path '/nix/store/qciw4hjgaak020yk6xl42gsg3g84nkyr-cargo-package-web-sys-0.3.94' to 'ssh-ng://root@aspen1.local'...
copying path '/nix/store/qdrhg8pc0nj8jwdzbbwvy7psp38caz9x-cargo-package-arrayvec-0.5.2' to 'ssh-ng://root@aspen1.local'...
copying path '/nix/store/qg8zj4r5ypcrc77vynks1i56r72xhji8-cargo-package-typetag-0.2.21' to 'ssh-ng://root@aspen1.local'...
copying path '/nix/store/qimx4pgy2dar1f6fgi865cywybiy381r-cargo-package-gix-hashtable-0.13.0' to 'ssh-ng://root@aspen1.local'...
copying path '/nix/store/qq9ldk71060hbv35p8a2g3ibgv5pixay-cargo-package-gix-ref-0.61.0' to 'ssh-ng://root@aspen1.local'...
copying path '/nix/store/qrz1dmh44aw7nif1yr95if2q5rnn4r38-cargo-package-cranelift-codegen-0.116.1' to 'ssh-ng://root@aspen1.local'...
copying path '/nix/store/qvylbbn2h5khxasxs503klxap73w0c6g-cargo-package-strum_macros-0.26.4' to 'ssh-ng://root@aspen1.local'...
copying path '/nix/store/qwa3rnc7c0jb2sffcfvrvqxms9cp2h5r-cargo-package-ring-0.17.14' to 'ssh-ng://root@aspen1.local'...
copying path '/nix/store/r7r6jb16n4ay8zyqmbbayn7kx8pnv8iw-cargo-package-malachite-base-0.6.1' to 'ssh-ng://root@aspen1.local'...
copying path '/nix/store/r8dh5kf2khswg5vbr3zqh0ywghvpvyh6-cargo-package-aws-lc-sys-0.39.1' to 'ssh-ng://root@aspen1.local'...
copying path '/nix/store/rab1xcwak2k1zc66bsv54p4nz4zmh9d4-cargo-package-signal-hook-mio-0.2.5' to 'ssh-ng://root@aspen1.local'...
copying path '/nix/store/rb1vj9v01zl9i4b1lpsdqb9dpqdkb657-cargo-package-polling-3.11.0' to 'ssh-ng://root@aspen1.local'...
copying path '/nix/store/rc2s8vdalz9rdyhqn2s0z9rznyznk2ha-cargo-package-vt100-0.16.2' to 'ssh-ng://root@aspen1.local'...
copying path '/nix/store/rfkscdqjrwkx8yqfqbvp6rqmxdnj3d5s-cargo-package-darling-0.23.0' to 'ssh-ng://root@aspen1.local'...
copying path '/nix/store/rg9gzyaxmk1pgi1x0shchhv23al9gfjk-cargo-package-strip-ansi-escapes-0.2.1' to 'ssh-ng://root@aspen1.local'...
copying path '/nix/store/rgpq0457128j0lwzsvaj296j0jhrxacx-cargo-package-gix-trace-0.1.18' to 'ssh-ng://root@aspen1.local'...
copying path '/nix/store/rhnga603nhnqm3ir8sk5igpsvz9wjpkq-cargo-package-crossterm-0.29.0' to 'ssh-ng://root@aspen1.local'...
copying path '/nix/store/rhzri2s63d34mmr44j0q7a1m3c0drfi0-cargo-package-security-framework-3.7.0' to 'ssh-ng://root@aspen1.local'...
copying path '/nix/store/rjpvq08njvbm3xyr4h5178bgw1qhy6gd-cargo-package-const-oid-0.9.6' to 'ssh-ng://root@aspen1.local'...
copying path '/nix/store/rmnsbcfxm33977wif8a8dlzbl0bls9jr-cargo-package-async-io-2.6.0' to 'ssh-ng://root@aspen1.local'...
copying path '/nix/store/rp0xl2dqnsaadn0hkx0bl981rmkhqz9l-cargo-package-gix-index-0.49.0' to 'ssh-ng://root@aspen1.local'...
copying path '/nix/store/rp82zwrv8l50zpylbqzv0a7hqnmzxlvx-cargo-package-pulldown-cmark-0.13.3' to 'ssh-ng://root@aspen1.local'...
copying path '/nix/store/rvgkj9wjz76nbl0n8iz9hg5mqpwr0dlv-cargo-package-gix-archive-0.30.0' to 'ssh-ng://root@aspen1.local'...
copying path '/nix/store/s096v5kacl65p1l1d4fnxrh38hrfcwpw-cargo-package-auto_impl-1.3.0' to 'ssh-ng://root@aspen1.local'...
copying path '/nix/store/s11h0kwh2h9qd9riq05kckgpx73g80si-cargo-package-icu_normalizer-2.2.0' to 'ssh-ng://root@aspen1.local'...
copying path '/nix/store/s4vfwcksjkrs7bjjwyanl18nzrlxr872-cargo-package-webpki-roots-1.0.6' to 'ssh-ng://root@aspen1.local'...
copying path '/nix/store/s6d0jp6989690m625sggcx4zkfkqj6g0-cargo-package-icu_properties_data-2.2.0' to 'ssh-ng://root@aspen1.local'...
copying path '/nix/store/s77n7hwqjpjs6hklwrfrmys4iswn56qx-cargo-package-lru-0.16.4' to 'ssh-ng://root@aspen1.local'...
copying path '/nix/store/sac3kzi8jgn5a4afgw1j8z55q6bghj26-cargo-package-gix-actor-0.40.0' to 'ssh-ng://root@aspen1.local'...
copying path '/nix/store/sawb36p2hpsk81zi81lnlk39ckvzhlxy-cargo-package-constant_time_eq-0.3.1' to 'ssh-ng://root@aspen1.local'...
copying path '/nix/store/sazj4ayrbci8kq46kgi77d78snpfz5bk-cargo-package-unicode-bom-2.0.3' to 'ssh-ng://root@aspen1.local'...
copying path '/nix/store/sbavijssj14gan14b6sxg9baxzij7zwi-cargo-package-typed-builder-macro-0.22.0' to 'ssh-ng://root@aspen1.local'...
copying path '/nix/store/sgfyvjqwklsghsv7zxf3qyqlq1l8x4fn-cargo-package-darling-0.21.3' to 'ssh-ng://root@aspen1.local'...
copying path '/nix/store/sswl38x19f9r05cpbs1bsnq71p6iif2v-cargo-package-proc-macro-error-attr2-2.0.0' to 'ssh-ng://root@aspen1.local'...
copying path '/nix/store/swy1nxfdnx12b60k9b8nnfp6dys30hfk-cargo-package-aws-lc-rs-1.16.2' to 'ssh-ng://root@aspen1.local'...
copying path '/nix/store/syza1f0hq5rmayh86gjvik9cwxvqjzlw-cargo-package-downcast-0.11.0' to 'ssh-ng://root@aspen1.local'...
copying path '/nix/store/v08zs1mgwif1dc04027k81kf0gi8dd5x-cargo-package-clru-0.6.3' to 'ssh-ng://root@aspen1.local'...
copying path '/nix/store/v1r0z0sxb9ghjbfpjf4cm8r80s8y7nmi-cargo-package-caps-0.5.6' to 'ssh-ng://root@aspen1.local'...
copying path '/nix/store/v5rpylkxdcpwhf2icx15b9i15md0vn9q-cargo-package-logos-codegen-0.15.1' to 'ssh-ng://root@aspen1.local'...
copying path '/nix/store/v5vq7zw33745bx0wqvwz77pmyqsqywzg-cargo-package-addr2line-0.25.1' to 'ssh-ng://root@aspen1.local'...
copying path '/nix/store/v9kxfw603dy9bkyx6rabd577bh9k3pvb-cargo-package-redb-3.1.3' to 'ssh-ng://root@aspen1.local'...
copying path '/nix/store/vb61734wp42sh6la2037xjn2j41jllfr-cargo-package-crc-3.4.0' to 'ssh-ng://root@aspen1.local'...
copying path '/nix/store/vbqw6nq5zph5aj82nfll9kqx5hnz77r4-cargo-package-libc-0.2.186' to 'ssh-ng://root@aspen1.local'...
copying path '/nix/store/vgq0lf9lhpcgf3ddy0dgnvsdm0ih5s28-cargo-package-js-sys-0.3.94' to 'ssh-ng://root@aspen1.local'...
copying path '/nix/store/vhplsbxr0ma5lkkzq35ah409fiqxwk3h-cargo-package-darling_core-0.23.0' to 'ssh-ng://root@aspen1.local'...
copying path '/nix/store/vl3x7hh00y9gznhpwzj1lwx0jh7h07vn-cargo-package-blake3-1.8.2' to 'ssh-ng://root@aspen1.local'...
copying path '/nix/store/vl4wmx5nw2qlv5zwhrzgh4sk62jnb8h7-cargo-package-logos-derive-0.15.1' to 'ssh-ng://root@aspen1.local'...
copying path '/nix/store/vllg4j0m6lb2m6zzrn0h8znxhq4xh375-cargo-package-blocking-1.6.2' to 'ssh-ng://root@aspen1.local'...
copying path '/nix/store/vn8id10j8v5b5940mbad4qg5r98qisf3-cargo-package-gix-diff-0.61.0' to 'ssh-ng://root@aspen1.local'...
copying path '/nix/store/vp6lvi296nhv9hhbr4j36v2v0c038dcq-cargo-package-gimli-0.32.3' to 'ssh-ng://root@aspen1.local'...
copying path '/nix/store/vqh5p0a0c54mkxi3lri16vjqrfxpvd80-cargo-package-md-5-0.11.0' to 'ssh-ng://root@aspen1.local'...
copying path '/nix/store/vqmpkxdq5yi5wh40kiiqyyn74bcnq8yh-cargo-package-windows_aarch64_msvc-0.42.2' to 'ssh-ng://root@aspen1.local'...
copying path '/nix/store/vr3hwl1gq19r7r594z4zxvxrqm5jn802-cargo-package-axum-0.8.8' to 'ssh-ng://root@aspen1.local'...
copying path '/nix/store/w2plkrlgpx8qq629dm5xpy43f8qfhkbr-cargo-package-diff-0.1.13' to 'ssh-ng://root@aspen1.local'...
copying path '/nix/store/w4h33sgjvvbz7yajjcd5q3s59m3zynkl-cargo-package-quick-error-1.2.3' to 'ssh-ng://root@aspen1.local'...
copying path '/nix/store/w6hd0m4gwx7pig5jkcb7v0hrzpliiv6l-cargo-package-dotenvy-0.15.7' to 'ssh-ng://root@aspen1.local'...
copying path '/nix/store/w7aqapqv634bidijw6x2aliz9d8s16cw-cargo-package-memoffset-0.6.5' to 'ssh-ng://root@aspen1.local'...
copying path '/nix/store/w9lv8q4p9xjk9l79jgq9k3yk96kki3ip-cargo-package-tonic-prost-0.14.5' to 'ssh-ng://root@aspen1.local'...
copying path '/nix/store/wfby3i709mj0g9gv3h2qxnn5p72h6myg-cargo-package-gix-hash-0.23.0' to 'ssh-ng://root@aspen1.local'...
copying path '/nix/store/wgij53y22yb112p2y7yk4bqvlp42v5ay-cargo-package-gix-command-0.8.0' to 'ssh-ng://root@aspen1.local'...
copying path '/nix/store/wlzffahvdvhrnzi55j7nal2dxvniin10-cargo-package-tokio-1.51.0' to 'ssh-ng://root@aspen1.local'...
copying path '/nix/store/wnpqnn0ppqrh6zivq1g6qwnvqd16ipqg-cargo-package-icu_normalizer_data-2.2.0' to 'ssh-ng://root@aspen1.local'...
copying path '/nix/store/wqgqma5wws0dh1jj2ac7wiqvlnvc4vvg-cargo-package-send_wrapper-0.6.0' to 'ssh-ng://root@aspen1.local'...
copying path '/nix/store/wrifxg39kvlnrvkbdfqj6wbyxq8m3mlz-cargo-package-glob-0.3.3' to 'ssh-ng://root@aspen1.local'...
copying path '/nix/store/wvf6b3j3hdqi0r7z0idjv85nzaq2wk6k-cargo-package-plotters-backend-0.3.7' to 'ssh-ng://root@aspen1.local'...
copying path '/nix/store/wyybnc6zgx7rrrcvilw8q3dn9cf0m670-cargo-package-filetime-0.2.27' to 'ssh-ng://root@aspen1.local'...
copying path '/nix/store/x2sm69cvl9sxi5qd4lyaxra9mipmankx-cargo-package-wide-0.7.33' to 'ssh-ng://root@aspen1.local'...
copying path '/nix/store/x30izlvqkwwxsjarg1b9x2c2623nrd4k-cargo-package-gix-refspec-0.39.0' to 'ssh-ng://root@aspen1.local'...
copying path '/nix/store/x407d5mra7lpn8lhvxdk4fjivrdq8jb6-cargo-package-gix-merge-0.14.0' to 'ssh-ng://root@aspen1.local'...
copying path '/nix/store/x7qqv2hm23jj20mnb9imp9gdbvbdrfn2-cargo-package-rand_core-0.10.0' to 'ssh-ng://root@aspen1.local'...
copying path '/nix/store/xbqjrimzhvfznwrkr0pal0awbg5ri6gm-cargo-package-radix_trie-0.2.1' to 'ssh-ng://root@aspen1.local'...
copying path '/nix/store/xc4ba894w85zlp30ji7wqr9ysncdjnqi-cargo-package-windows-sys-0.48.0' to 'ssh-ng://root@aspen1.local'...
copying path '/nix/store/xf3qs07206i4573w09asj2rw7prjrnir-cargo-package-windows_x86_64_msvc-0.42.2' to 'ssh-ng://root@aspen1.local'...
copying path '/nix/store/xgrjk56x1xkq0i93bjbxay1m2q6hb1a2-cargo-package-cranelift-entity-0.116.1' to 'ssh-ng://root@aspen1.local'...
copying path '/nix/store/xim8rd176v64qzjy2mamkbswb7x2pz32-cargo-package-document-features-0.2.12' to 'ssh-ng://root@aspen1.local'...
copying path '/nix/store/xjxwwnpk8q4q67smihlxvc68kz9fqyy1-cargo-package-gix-config-0.54.0' to 'ssh-ng://root@aspen1.local'...
copying path '/nix/store/xjz60a0w11615mrlgp0lvcx7yzkbsvkc-cargo-package-pkcs8-0.10.2' to 'ssh-ng://root@aspen1.local'...
copying path '/nix/store/xmjvq4s8lrcsqs9i3fcdbzqpx2jaakv4-cargo-package-cranelift-bitset-0.116.1' to 'ssh-ng://root@aspen1.local'...
copying path '/nix/store/xp05h4zk0bqlnq4wnlh8q9ci7q7ifzf0-cargo-package-darling_core-0.20.11' to 'ssh-ng://root@aspen1.local'...
copying path '/nix/store/xplmg43fcd8padin4ca75habbijd16n7-cargo-package-digest-0.11.3' to 'ssh-ng://root@aspen1.local'...
copying path '/nix/store/xvxw61s3pmzcqgg85pjn4zqyb9qxfwk7-cargo-package-rayon-core-1.13.0' to 'ssh-ng://root@aspen1.local'...
copying path '/nix/store/y3kfh1ipvwd1d1ms25bgjpa5mcxywdwd-cargo-package-gix-features-0.46.2' to 'ssh-ng://root@aspen1.local'...
copying path '/nix/store/y5701ihfxxafjkn8fl637g79pzd4kkqr-cargo-package-imara-diff-0.1.8' to 'ssh-ng://root@aspen1.local'...
copying path '/nix/store/yack0pvsp11aiv34ad5qmbxfkhj0g2x5-cargo-package-rand_xorshift-0.4.0' to 'ssh-ng://root@aspen1.local'...
copying path '/nix/store/yai2w0lfj62fc61anay05fpw8db53nzj-cargo-package-quinn-0.11.9' to 'ssh-ng://root@aspen1.local'...
copying path '/nix/store/yb68gjrns71hxgk051iq0kx1rgas44kd-cargo-package-uluru-3.1.0' to 'ssh-ng://root@aspen1.local'...
copying path '/nix/store/yh2198kd8impr1vak54awafb84bz8534-cargo-package-fuzzy-matcher-0.3.7' to 'ssh-ng://root@aspen1.local'...
copying path '/nix/store/yk4adfm00y2n8dmfy6yjbb677flvcg6s-cargo-package-gix-tempfile-21.0.2' to 'ssh-ng://root@aspen1.local'...
copying path '/nix/store/yklgvhrivsbrjdc0506k2jr1xprc2c5y-cargo-package-hex-0.4.3' to 'ssh-ng://root@aspen1.local'...
copying path '/nix/store/yml5n968zl7bnk50cdqv6yxc8qvfa3n8-cargo-package-cap-primitives-4.0.2' to 'ssh-ng://root@aspen1.local'...
copying path '/nix/store/yn5mkqwrk83rdjkqqvxnbscy0x43fiqg-cargo-package-lzma-sys-0.1.20' to 'ssh-ng://root@aspen1.local'...
copying path '/nix/store/ypbz6izpp8r0dh16xhi57cddlq8c9jdw-cargo-package-gix-odb-0.78.0' to 'ssh-ng://root@aspen1.local'...
copying path '/nix/store/ysbpspxmz81r78r45xfiaphr4chy6qdc-cargo-package-gix-path-0.11.2' to 'ssh-ng://root@aspen1.local'...
copying path '/nix/store/ywrffnrpx8b254mlc3lfxajd974vys5b-cargo-package-nickel-lang-core-0.16.1' to 'ssh-ng://root@aspen1.local'...
copying path '/nix/store/yx4j6rf6kzzkvgckrjpy1zf8vg67229b-cargo-package-gix-revision-0.43.0' to 'ssh-ng://root@aspen1.local'...
copying path '/nix/store/yxr0f6y8dgf0j48q0603vpbph60yljjp-cargo-package-gix-shallow-0.10.0' to 'ssh-ng://root@aspen1.local'...
copying path '/nix/store/yy3dyffvpvh64gxxg5l62mnczm3576h5-cargo-package-rstest-0.26.1' to 'ssh-ng://root@aspen1.local'...
copying path '/nix/store/z16x9pw168ig507qsmvm980swpxs8ch8-cargo-package-enumset_derive-0.14.0' to 'ssh-ng://root@aspen1.local'...
copying path '/nix/store/z2vl6d51y2g5vbqb0m2wibrkzwx866mk-cargo-package-linkme-impl-0.3.37' to 'ssh-ng://root@aspen1.local'...
copying path '/nix/store/z3ykf8ijn8bd716qhsg1h0fcwgkcqwyi-cargo-package-xz2-0.1.7' to 'ssh-ng://root@aspen1.local'...
copying path '/nix/store/z5m7nsd2zwn0lj0zf7dpmmgs1y1zds8i-cargo-package-windows-targets-0.48.5' to 'ssh-ng://root@aspen1.local'...
copying path '/nix/store/z6x6jv8hd4p6sq0cfrnpw6c96azsxf1a-cargo-package-virtio-bindings-0.1.0' to 'ssh-ng://root@aspen1.local'...
copying path '/nix/store/z937b27zbyiw17alhvl75jx5vfimacgf-cargo-package-generator-0.8.8' to 'ssh-ng://root@aspen1.local'...
copying path '/nix/store/za3q7gripnf3n2jqjazmv588jmj3klad-cargo-package-plotters-0.3.7' to 'ssh-ng://root@aspen1.local'...
copying path '/nix/store/zaw52k8axr2c29ss02khw6bpzxh4nm3c-cargo-package-enumset-1.1.10' to 'ssh-ng://root@aspen1.local'...
copying path '/nix/store/zb3lwlyv98mg5r4gdc5c9v5m5fbpwb35-cargo-package-proc-macro-error2-2.0.1' to 'ssh-ng://root@aspen1.local'...
copying path '/nix/store/zbm48rfwqvg89snsl7x3lpfk00zxjkw6-cargo-package-oci-spec-0.7.1' to 'ssh-ng://root@aspen1.local'...
copying path '/nix/store/zgyqqm6db94jxplnxy5bps6fjpgdv0w9-cargo-package-tokio-retry-0.3.0' to 'ssh-ng://root@aspen1.local'...
copying path '/nix/store/zhazb2p9a6bqmzyjnl1szrmc05sm8mwf-cargo-package-toml_edit-0.25.10+spec-1.1.0' to 'ssh-ng://root@aspen1.local'...
copying path '/nix/store/zk1gdqismfhrg7cmzlcjql73zdgmv93w-cargo-package-vte-0.14.1' to 'ssh-ng://root@aspen1.local'...
copying path '/nix/store/zk7a5k616r7i4kffw0lklmnmhzp9i6dv-cargo-package-wasm-bindgen-futures-0.4.67' to 'ssh-ng://root@aspen1.local'...
copying path '/nix/store/zlm4hci4gsa7s1wj48z8agcqgycndz77-cargo-package-matchers-0.2.0' to 'ssh-ng://root@aspen1.local'...
copying path '/nix/store/znapsh5bm9772kj0cgfzbn7khx4jdp7b-cargo-package-serde_with_macros-3.18.0' to 'ssh-ng://root@aspen1.local'...
copying path '/nix/store/zx2hc4mabv6dk133xiji5jcklalm5pr2-cargo-package-wasm-bindgen-0.2.117' to 'ssh-ng://root@aspen1.local'...
copying path '/nix/store/zxb847n03scrg29gmpl25fk6mnnb1ijq-cargo-package-gix-revwalk-0.29.0' to 'ssh-ng://root@aspen1.local'...
copying path '/nix/store/zyqpj1rj3aaw9g1wd2fpyms7bnrmcys0-cargo-package-irpc-0.13.0' to 'ssh-ng://root@aspen1.local'...
copying path '/nix/store/28a0vljmncywc8mg6qrqkcwixim25pz8-vendor-registry' to 'ssh-ng://root@aspen1.local'...
copying path '/nix/store/5by154c4p5lfynv2sx0dvjx7r692nav2-cargo-git-ssh-git-github.com-OnixResearch-onix-artifact.git-c932138d880ddf4c2967f4c024b489b5c0022bf1' to 'ssh-ng://root@aspen1.local'...
copying path '/nix/store/5d1ay52f9n2gi2yv62cgfaq1w9w9gkgy-cargo-git-https-git.onix.computer-z3tAR4For7qw8ZirkJzoDw1VNDDLM.git-951c27f59003cea9bfdb40ed4d89653d50fada1f' to 'ssh-ng://root@aspen1.local'...
copying path '/nix/store/a3p83yz6zc9bgc9ywyn9x8ay6vbvzwsp-cargo-git-https-github.com-OnixResearch-nickel-export-257fafc1c746f1faf156207043a4c826bfb16d49' to 'ssh-ng://root@aspen1.local'...
copying path '/nix/store/6giyhw3vrn402xb2na8r06g3j8y0yvaa-linkLockedDeps' to 'ssh-ng://root@aspen1.local'...
copying path '/nix/store/9n063b64ajap7lchpbfn55hg66gfwjdb-linkLockedDeps' to 'ssh-ng://root@aspen1.local'...
copying path '/nix/store/9w93dryz0mm1gq8hw8ch91saxwzv137y-source' to 'ssh-ng://root@aspen1.local'...
copying path '/nix/store/ahglgz3pr49sl5y3nqd5k7x3xgw4zhmg-linkLockedDeps' to 'ssh-ng://root@aspen1.local'...
copying path '/nix/store/ccl5yljx8aczhgjgd0xhqnq04nqgap97-cargo-git-https-seed.radicle.garden-zqhtZvsteJhxCJE96dMAZSZ9y1PX.git-b0fd0103bc9eed2c1b6d852045959462d105d8f1' to 'ssh-ng://root@aspen1.local'...
copying path '/nix/store/fdx2adms72wlh1sii53kb1knv6gn0k7s-linkLockedDeps' to 'ssh-ng://root@aspen1.local'...
copying path '/nix/store/sq742wgmnx3kzwrhg4zyx5bgqlqj0x8g-cargo-git-https-seed.radicle.garden-z4Tky6zvC8w4Y6c4YBzNxVbq5n752.git-606489b5f40298181214bb76bc3457b607f225d9' to 'ssh-ng://root@aspen1.local'...
copying path '/nix/store/w90hk2wmq5ckqgsp0w1z9pbh6rkfx1gg-linkLockedDeps' to 'ssh-ng://root@aspen1.local'...
copying path '/nix/store/yn78a3a1rr69d0p15cwvc6hvpnbyzpvj-linkLockedDeps' to 'ssh-ng://root@aspen1.local'...
copying path '/nix/store/bwpb9h9679vkjx0pff5nq1rr36niq82d-vendor-cargo-deps' to 'ssh-ng://root@aspen1.local'...
building '/nix/store/sn50qmvxb7kz5yxgmlrdrqh27qm7hzli-mantle-deps-0.1.0.drv'...
mantle-deps> cargoArtifacts not set, will not reuse any cargo artifacts
mantle-deps> Running phase: unpackPhase
mantle-deps> unpacking source archive /nix/store/9w93dryz0mm1gq8hw8ch91saxwzv137y-source
mantle-deps> source root is source
mantle-deps> Running phase: patchPhase
mantle-deps> Executing configureCargoCommonVars
mantle-deps> Running phase: updateAutotoolsGnuConfigScriptsPhase
mantle-deps> Running phase: configurePhase
mantle-deps> will append /build/source/.cargo-home/config.toml with contents of /nix/store/bwpb9h9679vkjx0pff5nq1rr36niq82d-vendor-cargo-deps/config.toml
mantle-deps> default configurePhase, nothing to do
mantle-deps> Running phase: buildPhase
mantle-deps> +++ command cargo --version
mantle-deps> cargo 1.96.0-nightly (a357df4c2 2026-04-03)
mantle-deps> +++ command cargo check --release --locked --all-targets
mantle-deps> warning: /build/source/Cargo.toml: file `/build/source/src/main.rs` found to be present in multiple build targets:
mantle-deps>   * `bin` target `crunch`
mantle-deps>   * `bin` target `mantle`
copying path '/nix/store/7s1mcz2lrnkcl6yjzaxjhqhgv174gbmb-cargo-package-icu_collections-2.1.1' from 'https://devenv.cachix.org'...
copying path '/nix/store/gr5zbn8a359bv938ss5v5lyl0p34vw1b-cargo-package-icu_normalizer_data-2.1.1' from 'https://devenv.cachix.org'...
copying path '/nix/store/2s1bdhgh80m97h5awjyg4mjd0fmgqbnq-cargo-package-icu_normalizer-2.1.1' from 'https://devenv.cachix.org'...
copying path '/nix/store/pr5wk2bby21pqrcglz5xrk1skyc949kb-cargo-package-icu_properties_data-2.1.2' from 'https://devenv.cachix.org'...
copying path '/nix/store/mxy1i86gmyv0wgz0ikba9ywjh8x7snbb-cargo-package-icu_properties-2.1.2' from 'https://devenv.cachix.org'...
copying 50 paths...
copying path '/nix/store/032882dxlkgjdlgz66b980zjf99yc16g-cargo-git-https-seed.radicle.garden-z4Tky6zvC8w4Y6c4YBzNxVbq5n752.git-606489b5f40298181214bb76bc3457b607f225d9' to 'ssh-ng://root@aspen1.local'...
copying path '/nix/store/1s0302vhy5xhmmfd30hvzzpk1jh6g5lq-awrd730bsmvh4bvh5pzh2v8aa0zy79mk-source' to 'ssh-ng://root@aspen1.local'...
mantle-deps>    Compiling proc-macro2 v1.0.106
mantle-deps>    Compiling quote v1.0.45
mantle-deps>    Compiling unicode-ident v1.0.24
mantle-deps>    Compiling serde_core v1.0.228
mantle-deps>     Checking cfg-if v1.0.4
mantle-deps>    Compiling serde v1.0.228
mantle-deps>    Compiling libc v0.2.186
mantle-deps>     Checking memchr v2.8.0
mantle-deps>    Compiling version_check v0.9.5
mantle-deps>     Checking smallvec v1.15.1
mantle-deps>    Compiling parking_lot_core v0.9.12
mantle-deps>     Checking subtle v2.6.1
mantle-deps>     Checking itoa v1.0.18
mantle-deps>     Checking const-oid v0.9.6
mantle-deps>     Checking typenum v1.20.1
mantle-deps>    Compiling find-msvc-tools v0.1.9
mantle-deps>    Compiling shlex v1.3.0
mantle-deps>    Compiling crossbeam-utils v0.8.21
mantle-deps>     Checking regex-syntax v0.8.10
mantle-deps>     Checking once_cell v1.21.4
mantle-deps>     Checking scopeguard v1.2.0
mantle-deps>     Checking bitflags v2.11.0
mantle-deps>     Checking equivalent v1.0.2
mantle-deps>     Checking allocator-api2 v0.2.21
mantle-deps>    Compiling thiserror v2.0.18
mantle-deps>     Checking stable_deref_trait v1.2.1
mantle-deps>     Checking foldhash v0.2.0
mantle-deps>     Checking fastrand v2.4.1
mantle-deps>    Compiling crc32fast v1.5.0
mantle-deps>    Compiling rustix v1.1.4
mantle-deps>     Checking cpufeatures v0.2.17
mantle-deps>     Checking linux-raw-sys v0.12.1
mantle-deps>     Checking lock_api v0.4.14
mantle-deps>     Checking log v0.4.29
mantle-deps>     Checking same-file v1.0.6
mantle-deps>    Compiling zmij v1.0.21
mantle-deps>     Checking tinyvec_macros v0.1.1
mantle-deps>     Checking arrayvec v0.7.6
mantle-deps>    Compiling serde_json v1.0.149
mantle-deps>     Checking gix-trace v0.1.18
mantle-deps>     Checking pin-project-lite v0.2.17
mantle-deps>     Checking tinyvec v1.11.0
mantle-deps>     Checking zeroize v1.8.2
mantle-deps>    Compiling crossbeam-epoch v0.9.20
mantle-deps>     Checking futures-core v0.3.32
mantle-deps>     Checking walkdir v2.5.0
mantle-deps>    Compiling rayon-core v1.13.0
mantle-deps>     Checking bytesize v2.3.1
mantle-deps>     Checking human_format v1.2.1
mantle-deps>     Checking zlib-rs v0.6.3
mantle-deps>     Checking arrayref v0.3.9
mantle-deps>     Checking constant_time_eq v0.3.1
mantle-deps>    Compiling generic-array v0.14.7
mantle-deps>     Checking byteorder v1.5.0
mantle-deps>    Compiling heapless v0.8.0
mantle-deps>    Compiling getrandom v0.4.2
mantle-deps>     Checking rand_core v0.10.0
mantle-deps>     Checking futures-sink v0.3.32
mantle-deps>     Checking futures-io v0.3.32
mantle-deps>    Compiling rustversion v1.0.22
mantle-deps>     Checking futures-channel v0.3.32
mantle-deps>     Checking slab v0.4.12
mantle-deps>     Checking futures-task v0.3.32
mantle-deps>     Checking hashbrown v0.16.1
mantle-deps>     Checking jiff v0.2.23
mantle-deps>    Compiling libm v0.2.16
mantle-deps>     Checking hash32 v0.3.1
mantle-deps>     Checking foldhash v0.1.5
mantle-deps>     Checking tracing-core v0.1.36
mantle-deps>    Compiling fs_extra v1.3.0
mantle-deps>     Checking unicode-normalization v0.1.25
mantle-deps>     Checking aho-corasick v1.1.4
mantle-deps>     Checking winnow v0.7.15
mantle-deps>    Compiling dunce v1.0.5
mantle-deps>     Checking fnv v1.0.7
mantle-deps>     Checking percent-encoding v2.3.2
mantle-deps>    Compiling autocfg v1.5.0
mantle-deps>     Checking hashbrown v0.15.5
mantle-deps>    Compiling aws-lc-rs v1.16.2
mantle-deps>    Compiling semver v1.0.28
mantle-deps>    Compiling unicode-xid v0.2.6
mantle-deps>     Checking rustls-pki-types v1.14.0
mantle-deps>     Checking base64 v0.22.1
mantle-deps>     Checking unicode-width v0.2.2
mantle-deps>     Checking litemap v0.8.2
mantle-deps>     Checking writeable v0.6.3
mantle-deps>     Checking encoding_rs v0.8.35
mantle-deps>    Compiling strsim v0.11.1
mantle-deps>    Compiling pkg-config v0.3.32
mantle-deps>    Compiling icu_normalizer_data v2.2.0
mantle-deps>     Checking utf8_iter v1.0.4
mantle-deps>    Compiling ident_case v1.0.1
mantle-deps>    Compiling rustc_version v0.4.1
mantle-deps>    Compiling httparse v1.10.1
mantle-deps>    Compiling icu_properties_data v2.2.0
mantle-deps>     Checking untrusted v0.9.0
mantle-deps>     Checking ipnet v2.12.0
mantle-deps>    Compiling rustls v0.23.37
mantle-deps>     Checking either v1.15.0
mantle-deps>    Compiling signal-hook v0.4.4
mantle-deps>    Compiling num-traits v0.2.19
mantle-deps>     Checking atomic-waker v1.1.2
mantle-deps>     Checking nonempty v0.12.0
mantle-deps>     Checking crossbeam-channel v0.5.15
mantle-deps>     Checking hashbrown v0.14.5
mantle-deps>     Checking ryu v1.0.23
mantle-deps>     Checking faster-hex v0.10.0
mantle-deps>     Checking static_assertions v1.1.0
mantle-deps>     Checking try-lock v0.2.5
mantle-deps>     Checking tower-service v0.3.3
mantle-deps>     Checking form_urlencoded v1.2.2
mantle-deps>    Compiling cfg_aliases v0.2.1
mantle-deps>     Checking sync_wrapper v1.0.2
mantle-deps>     Checking openssl-probe v0.2.1
mantle-deps>     Checking want v0.3.1
mantle-deps>     Checking tower-layer v0.3.3
mantle-deps>    Compiling syn v2.0.117
mantle-deps>     Checking colorchoice v1.0.5
mantle-deps>     Checking spin v0.9.9
mantle-deps>     Checking data-encoding v2.10.0
mantle-deps>     Checking iri-string v0.7.12
mantle-deps>     Checking adler2 v2.0.1
mantle-deps>     Checking mime v0.3.17
mantle-deps>     Checking rustls-native-certs v0.8.3
mantle-deps>     Checking crossbeam-deque v0.8.6
mantle-deps>    Compiling unicode-segmentation v1.13.2
mantle-deps>     Checking simd-adler32 v0.3.9
mantle-deps>     Checking lazy_static v1.5.0
mantle-deps>     Checking unicode-bom v2.0.3
mantle-deps>     Checking anstyle v1.0.14
mantle-deps>     Checking utf8parse v0.2.2
mantle-deps>    Compiling heck v0.5.0
mantle-deps>    Compiling indexmap v2.13.1
mantle-deps>     Checking kstring v2.0.2
mantle-deps>     Checking miniz_oxide v0.8.9
mantle-deps>     Checking anstyle-parse v1.0.0
mantle-deps>    Compiling curve25519-dalek v4.1.3
mantle-deps>     Checking thread_local v1.1.9
mantle-deps>    Compiling portable-atomic v1.13.1
mantle-deps>     Checking anstyle-query v1.1.5
mantle-deps>    Compiling winnow v1.0.1
mantle-deps>     Checking is_terminal_polyfill v1.70.2
mantle-deps>     Checking shell-words v1.1.1
mantle-deps>    Compiling toml_datetime v1.1.1+spec-1.1.0
mantle-deps>     Checking anstream v1.0.0
mantle-deps>    Compiling anyhow v1.0.102
mantle-deps>     Checking crypto-common v0.1.7
mantle-deps>     Checking block-buffer v0.10.4
mantle-deps>     Checking clap_lex v1.1.0
mantle-deps>    Compiling memoffset v0.6.5
mantle-deps>     Checking vte v0.15.0
mantle-deps>    Compiling siphasher v1.0.2
mantle-deps>    Compiling rustix v0.38.44
mantle-deps>     Checking digest v0.10.7
mantle-deps>    Compiling convert_case v0.10.0
mantle-deps>    Compiling jobserver v0.1.34
mantle-deps>    Compiling zstd-safe v7.2.4
mantle-deps>     Checking clap_builder v4.6.0
mantle-deps>    Compiling typeid v1.0.3
mantle-deps>     Checking vt100 v0.16.2
mantle-deps>    Compiling phf_shared v0.11.3
mantle-deps>     Checking sha1 v0.10.6
mantle-deps>     Checking sha2 v0.10.9
mantle-deps>     Checking arc-swap v1.9.1
mantle-deps>     Checking sharded-slab v0.1.7
mantle-deps>    Compiling nix v0.31.3
mantle-deps>    Compiling n0-future v0.3.2
mantle-deps>    Compiling cc v1.2.59
mantle-deps>    Compiling parking_lot v0.12.5
mantle-deps>     Checking tracing-log v0.2.0
mantle-deps>     Checking sha1-checked v0.10.0
mantle-deps>     Checking unit-prefix v0.5.2
mantle-deps>     Checking parking v2.2.1
mantle-deps>    Compiling term v1.2.1
mantle-deps>    Compiling fixedbitset v0.5.7
mantle-deps>    Compiling crunch-attestation-core v0.1.0 (/build/source/crates/crunch-attestation-core)
mantle-deps>     Checking linux-raw-sys v0.4.15
mantle-deps>     Checking cordyceps v0.3.4
mantle-deps>    Compiling nix-compat-derive v0.1.0 (/build/source/vendor/nix-compat-derive)
mantle-deps>     Checking diatomic-waker v0.2.3
mantle-deps>     Checking regex-automata v0.4.14
mantle-deps>     Checking nu-ansi-term v0.50.3
mantle-deps>     Checking bitflags v1.3.2
mantle-deps>    Compiling zerocopy v0.8.48
mantle-deps>     Checking spin v0.10.0
mantle-deps>     Checking cpufeatures v0.3.0
mantle-deps>    Compiling precomputed-hash v0.1.1
mantle-deps>    Compiling new_debug_unreachable v1.0.6
mantle-deps>    Compiling bit-vec v0.8.0
mantle-deps>    Compiling keccak v0.1.6
mantle-deps>    Compiling thiserror v1.0.69
mantle-deps>    Compiling erased-serde v0.4.10
mantle-deps>    Compiling ascii-canvas v4.0.0
mantle-deps>     Checking futures-buffered v0.2.13
mantle-deps>    Compiling ena v0.14.4
mantle-deps>    Compiling string_cache v0.8.9
mantle-deps>     Checking chacha20 v0.10.0
mantle-deps>    Compiling petgraph v0.7.1
mantle-deps>    Compiling bit-set v0.8.0
mantle-deps>    Compiling itertools v0.14.0
mantle-deps>     Checking futures-lite v2.6.1
mantle-deps>     Checking flate2 v1.1.9
mantle-deps>     Checking md-5 v0.10.6
mantle-deps>     Checking nibble_vec v0.1.0
mantle-deps>    Compiling nix-compat v0.1.0 (/build/source/vendor/nix-compat)
mantle-deps>     Checking bytemuck v1.25.0
mantle-deps>    Compiling pico-args v0.5.0
mantle-deps>    Compiling redb v3.1.3
mantle-deps>     Checking matchit v0.8.4
mantle-deps>    Compiling fuse-backend-rs v0.12.0 (/build/source/vendor/fuse-backend-rs)
mantle-deps>     Checking endian-type v0.1.2
mantle-deps>    Compiling snix-tracing v0.1.0 (/build/source/vendor/snix-tracing)
mantle-deps>     Checking iana-time-zone v0.1.65
mantle-deps>    Compiling proc-macro-error-attr2 v2.0.0
mantle-deps>     Checking radix_trie v0.2.1
mantle-deps>     Checking itertools v0.15.0
mantle-deps>     Checking nom v8.0.0
mantle-deps>    Compiling toml_parser v1.1.2+spec-1.1.0
mantle-deps>     Checking safe_arch v0.7.4
mantle-deps>     Checking humantime v2.3.0
mantle-deps>     Checking errno v0.3.14
mantle-deps>     Checking mio v1.2.0
mantle-deps>     Checking getrandom v0.2.17
mantle-deps>     Checking socket2 v0.6.3
mantle-deps>    Compiling cmake v0.1.58
mantle-deps>     Checking memmap2 v0.9.10
mantle-deps>     Checking filetime v0.2.27
mantle-deps>     Checking signal-hook-registry v1.4.8
mantle-deps>     Checking rand_core v0.6.4
mantle-deps>     Checking console v0.16.3
mantle-deps>     Checking gix-sec v0.13.2
mantle-deps>     Checking rand v0.10.1
mantle-deps>     Checking dashmap v6.1.0
mantle-deps>     Checking signature v2.2.0
mantle-deps>    Compiling toml_edit v0.25.10+spec-1.1.0
mantle-deps>     Checking mio v0.8.11
mantle-deps>     Checking caps v0.5.6
mantle-deps>     Checking nix v0.24.3
mantle-deps>     Checking vmm-sys-util v0.11.2
mantle-deps>    Compiling sha3 v0.10.8
mantle-deps>     Checking ed25519 v2.2.3
mantle-deps>     Checking prodash v31.0.0
mantle-deps>     Checking num_cpus v1.17.0
mantle-deps>     Checking vm-memory v0.10.0
mantle-deps>    Compiling malachite-nz v0.6.1
mantle-deps>     Checking indicatif v0.18.4
mantle-deps>    Compiling crunch-attestation v0.1.0 (/build/source/crates/crunch-attestation)
mantle-deps>    Compiling snix-castore v0.1.0 (/build/source/vendor/snix-castore)
mantle-deps>     Checking fixedbitset v0.4.2
mantle-deps>     Checking rustc-hash v2.1.2
mantle-deps>     Checking threadpool v1.8.1
mantle-deps>     Checking wide v0.7.33
mantle-deps>     Checking serde_bytes v0.11.19
mantle-deps>     Checking tempfile v3.27.0
mantle-deps>     Checking xattr v1.6.1
mantle-deps>    Compiling nix v0.29.0
mantle-deps>    Compiling logos-codegen v0.15.1
mantle-deps>    Compiling proc-macro2-diagnostics v0.10.1
mantle-deps>     Checking wu-manber v0.1.0 (https://github.com/tvlfyi/wu-manber.git#0d5b22be)
mantle-deps>    Compiling blake3 v1.8.2
mantle-deps>    Compiling aws-lc-sys v0.39.1
mantle-deps>    Compiling ring v0.17.14
mantle-deps>    Compiling zstd-sys v2.0.16+zstd.1.5.7
mantle-deps>    Compiling libmimalloc-sys v0.1.44
mantle-deps>    Compiling lzma-sys v0.1.20
mantle-deps>    Compiling bzip2-sys v0.1.13+1.0.8
mantle-deps>     Checking petgraph v0.6.5
mantle-deps>     Checking uuid v1.23.0
mantle-deps>     Checking toml_datetime v0.7.5+spec-1.1.0
mantle-deps>    Compiling proc-macro-crate v3.5.0
mantle-deps>    Compiling snix-build v0.1.0 (/build/source/vendor/snix-build)
mantle-deps>    Compiling beef v0.5.2
mantle-deps>    Compiling snix-store v0.1.0 (/build/source/vendor/snix-store)
mantle-deps>     Checking toml_writer v1.1.1+spec-1.1.0
mantle-deps>    Compiling crunch-overlay-core v0.1.0 (/build/source/crates/crunch-overlay-core)
mantle-deps>    Compiling crunch-composition-core v0.1.0 (/build/source/crates/crunch-composition-core)
mantle-deps>    Compiling yansi v1.0.1
mantle-deps>    Compiling crunch-action-result-core v0.1.0 (/build/source/crates/crunch-action-result-core)
mantle-deps>     Checking strum v0.26.3
mantle-deps>    Compiling crunch-nar v0.1.0 (/build/source/crates/crunch-nar)
mantle-deps>    Compiling crunch-repair-core v0.1.0 (/build/source/crates/crunch-repair-core)
mantle-deps>    Compiling crunch-gc-core v0.1.0 (/build/source/crates/crunch-gc-core)
mantle-deps>     Checking tar v0.4.45
mantle-deps>     Checking itertools v0.12.1
mantle-deps>     Checking malachite-base v0.6.1
mantle-deps>     Checking lru v0.16.4
mantle-deps>    Compiling io-lifetimes v2.0.4
mantle-deps>     Checking bitmaps v3.2.1
mantle-deps>     Checking termcolor v1.4.1
mantle-deps>    Compiling heck v0.4.1
mantle-deps>     Checking base64ct v1.8.3
mantle-deps>    Compiling io-lifetimes v3.0.1
mantle-deps>    Compiling crunch-store v0.1.0 (/build/source/crates/crunch-store)
mantle-deps>     Checking count-write v0.1.0
mantle-deps>     Checking serde_spanned v1.1.1
mantle-deps>     Checking fs2 v0.4.3
mantle-deps>     Checking hashlink v0.10.0
mantle-deps>     Checking imara-diff v0.2.0
mantle-deps>     Checking pem-rfc7468 v0.7.0
mantle-deps>     Checking imara-diff v0.1.8
mantle-deps>    Compiling object v0.37.3
mantle-deps>    Compiling io-extras v0.19.0
mantle-deps>     Checking arrayvec v0.5.2
mantle-deps>    Compiling getrandom v0.3.4
mantle-deps>    Compiling signal-hook v0.3.18
mantle-deps>    Compiling paste v1.0.15
mantle-deps>     Checking aliasable v0.1.3
mantle-deps>     Checking imbl-sized-chunks v0.1.3
mantle-deps>     Checking arraydeque v0.5.1
mantle-deps>     Checking typed-arena v2.0.2
mantle-deps>     Checking der v0.7.10
mantle-deps>     Checking toml v0.9.12+spec-1.1.0
mantle-deps>     Checking pretty v0.12.5
mantle-deps>     Checking toml_edit v0.23.10+spec-1.0.0
mantle-deps>     Checking clru v0.6.3
mantle-deps>     Checking vte v0.14.1
mantle-deps>     Checking uluru v3.1.0
mantle-deps>     Checking saphyr-parser v0.0.6
mantle-deps>     Checking bumpalo v3.20.2
mantle-deps>    Compiling cap-primitives v4.0.2
mantle-deps>     Checking gimli v0.32.3
mantle-deps>     Checking simple-counter v0.1.0
mantle-deps>     Checking unsafe-libyaml v0.2.11
mantle-deps>     Checking strip-ansi-escapes v0.2.1
mantle-deps>     Checking fs-set-times v0.20.3
mantle-deps>     Checking rustix-linux-procfs v0.1.1
mantle-deps>     Checking io-close v0.3.7
mantle-deps>     Checking num-integer v0.1.46
mantle-deps>     Checking sha-1 v0.10.1
mantle-deps>     Checking json_scanner v0.1.0
mantle-deps>     Checking maybe-owned v0.3.4
mantle-deps>     Checking crc-catalog v2.4.0
mantle-deps>     Checking regex v1.12.3
mantle-deps>     Checking matchers v0.2.0
mantle-deps>     Checking lalrpop-util v0.22.2
mantle-deps>    Compiling num-bigint-dig v0.8.6
mantle-deps>    Compiling cap-std v4.0.2
mantle-deps>    Compiling indoc v2.0.7
mantle-deps>    Compiling crunch-rust-cache-core v0.1.0 (/build/source/crates/crunch-rust-cache-core)
mantle-deps>    Compiling owo-colors v4.3.0
mantle-deps>     Checking rustc-demangle v0.1.28
mantle-deps>    Compiling litrs v1.0.0
mantle-deps>     Checking ambient-authority v0.0.2
mantle-deps>    Compiling synstructure v0.13.2
mantle-deps>    Compiling darling_core v0.23.0
mantle-deps>    Compiling darling_core v0.20.11
mantle-deps>    Compiling proc-macro-error2 v2.0.1
mantle-deps>    Compiling linkme-impl v0.3.37
mantle-deps>     Checking num-iter v0.1.46
mantle-deps>     Checking crc v3.4.0
mantle-deps>     Checking signal-hook-mio v0.2.5
mantle-deps>     Checking rand_core v0.9.5
mantle-deps>    Compiling syn v3.0.3
mantle-deps>     Checking webpki-roots v1.0.6
mantle-deps>    Compiling crunch-build v0.1.0 (/build/source/crates/crunch-build)
mantle-deps>    Compiling crunch-eval v0.1.0 (/build/source/crates/crunch-eval)
mantle-deps>    Compiling cap-fs-ext v4.0.2
mantle-deps>    Compiling crunch-evaluation-stream-core v0.1.0 (/build/source/crates/crunch-evaluation-stream-core)
mantle-deps>    Compiling crunch-rust-cache v0.1.0 (/build/source/crates/crunch-rust-cache)
mantle-deps>    Compiling crunch-glue v0.1.0 (/build/source/crates/crunch-glue)
mantle-deps>     Checking unicode-linebreak v0.1.5
mantle-deps>    Compiling crunch-shell-core v0.1.0 (/build/source/crates/crunch-shell-core)
mantle-deps>     Checking spki v0.7.3
mantle-deps>     Checking utf8-zero v0.8.1
mantle-deps>    Compiling document-features v0.2.12
mantle-deps>     Checking pkcs8 v0.10.2
mantle-deps>    Compiling crunch-wasm-component-core v0.1.0 (/build/source/crates/crunch-wasm-component-core)
mantle-deps>     Checking is_ci v1.2.0
mantle-deps>    Compiling linkme v0.3.37
mantle-deps>     Checking twox-hash v2.1.2
mantle-deps>    Compiling crunch-project-core v0.1.0 (/build/source/crates/crunch-project-core)
mantle-deps>     Checking toml_write v0.1.2
mantle-deps>    Compiling crunch-delta-core v0.1.0 (/build/source/crates/crunch-delta-core)
mantle-deps>     Checking pkcs1 v0.7.5
mantle-deps>     Checking ruzstd v0.8.2
mantle-deps>     Checking supports-color v3.0.2
mantle-deps>     Checking textwrap v0.16.2
mantle-deps>     Checking lzma-rs v0.3.0
mantle-deps>     Checking gethostname v0.5.0
mantle-deps>     Checking terminal_size v0.4.4
mantle-deps>     Checking fuzzy-matcher v0.3.7
mantle-deps>     Checking bzip2-rs v0.1.2
mantle-deps>     Checking supports-unicode v3.0.0
mantle-deps>     Checking bounded-tree-core v0.1.0 (https://seed.radicle.garden/zqhtZvsteJhxCJE96dMAZSZ9y1PX.git?rev=b0fd0103bc9eed2c1b6d852045959462d105d8f1#b0fd0103)
mantle-deps>    Compiling lalrpop v0.22.2
mantle-deps>    Compiling mantle-portable-client-core v0.1.0 (/build/source/crates/mantle-portable-client-core)
mantle-deps>     Checking dyn-clone v1.0.20
mantle-deps>    Compiling mantlepkgs-core v0.1.0 (/build/source/crates/mantlepkgs-core)
mantle-deps>    Compiling crunch-shell v0.1.0 (/build/source/crates/crunch-shell)
mantle-deps>     Checking unicode-width v0.1.14
mantle-deps>    Compiling crunch-eval-budget-core v0.1.0 (/build/source/crates/crunch-eval-budget-core)
mantle-deps>    Compiling crunch-delta v0.1.0 (/build/source/crates/crunch-delta)
mantle-deps>    Compiling crunch-project v0.1.0 (/build/source/crates/crunch-project)
mantle-deps>    Compiling crunch-bootstrap-core v0.1.0 (/build/source/crates/crunch-bootstrap-core)
mantle-deps>    Compiling crunch-wasm-component v0.1.0 (/build/source/crates/crunch-wasm-component)
mantle-deps>    Compiling crunch-pipeline v0.1.0 (/build/source/crates/crunch-pipeline)
mantle-deps>    Compiling crunch-release-core v0.1.0 (/build/source/crates/crunch-release-core)
mantle-deps>    Compiling crunch-rustc-wrapper v0.1.0 (/build/source/crates/crunch-rustc-wrapper)
mantle-deps>     Checking ppv-lite86 v0.2.21
mantle-deps>     Checking supports-hyperlinks v3.2.0
mantle-deps>     Checking etcetera v0.11.0
mantle-deps>     Checking colored v3.1.1
mantle-deps>     Checking dotenvy v0.15.7
mantle-deps>     Checking detect-coding-agent v0.1.0
mantle-deps>    Compiling mantle v0.1.0 (/build/source)
mantle-deps>     Checking bounded-tree-cap v0.1.0 (https://seed.radicle.garden/zqhtZvsteJhxCJE96dMAZSZ9y1PX.git?rev=b0fd0103bc9eed2c1b6d852045959462d105d8f1#b0fd0103)
mantle-deps>     Checking chapter-tgz v0.1.0
mantle-deps>     Checking durable-file-publication v0.1.0 (https://git.onix.computer/z3tAR4For7qw8ZirkJzoDw1VNDDLM.git?rev=951c27f59003cea9bfdb40ed4d89653d50fada1f#951c27f5)
mantle-deps>    Compiling crunch-hardware-simulation-core v0.1.0 (/build/source/crates/crunch-hardware-simulation-core)
mantle-deps>     Checking predicates-core v1.0.10
mantle-deps>     Checking float-cmp v0.10.0
mantle-deps>     Checking termtree v0.5.1
mantle-deps>    Compiling crunch-hardware-simulation v0.1.0 (/build/source/crates/crunch-hardware-simulation)
mantle-deps>    Compiling crunch-kernelscript-core v0.1.0 (/build/source/crates/crunch-kernelscript-core)
mantle-deps>     Checking normalize-line-endings v0.3.0
mantle-deps>     Checking difflib v0.4.0
mantle-deps>    Compiling assert_cmd v2.2.0
mantle-deps>     Checking wait-timeout v0.2.1
mantle-deps>     Checking diff v0.1.13
mantle-deps>     Checking predicates-tree v1.0.13
mantle-deps>     Checking transactional-reconciliation-core v0.1.0 (https://seed.radicle.garden/z4Tky6zvC8w4Y6c4YBzNxVbq5n752.git?rev=606489b5f40298181214bb76bc3457b607f225d9#606489b5)
mantle-deps>     Checking rand_chacha v0.3.1
mantle-deps>     Checking rand_chacha v0.9.0
mantle-deps>    Compiling serde_derive v1.0.228
mantle-deps>    Compiling thiserror-impl v2.0.18
mantle-deps>    Compiling tokio-macros v2.7.0
mantle-deps>    Compiling zerofrom-derive v0.1.7
mantle-deps>    Compiling futures-macro v0.3.32
mantle-deps>    Compiling yoke-derive v0.8.2
mantle-deps>    Compiling zerovec-derive v0.11.3
mantle-deps>    Compiling displaydoc v0.2.5
mantle-deps>    Compiling tracing-attributes v0.1.31
mantle-deps>    Compiling derive_more-impl v2.1.1
mantle-deps>    Compiling curve25519-dalek-derive v0.1.1
mantle-deps>    Compiling clap_derive v4.6.0
mantle-deps>    Compiling async-trait v0.1.89
mantle-deps>    Compiling pin-project-internal v1.1.11
mantle-deps>    Compiling spez v0.1.2
mantle-deps>    Compiling async-stream-impl v0.3.6
mantle-deps>    Compiling n0-error-macros v0.1.3
mantle-deps>    Compiling num_enum_derive v0.7.6
mantle-deps>    Compiling thiserror-impl v1.0.69
mantle-deps>    Compiling irpc-derive v0.10.0
mantle-deps>     Checking async-stream v0.3.6
mantle-deps>    Compiling auto_impl v1.3.0
mantle-deps>    Compiling getset v0.1.6
mantle-deps>    Compiling strum_macros v0.26.4
mantle-deps>    Compiling typed-builder-macro v0.22.0
mantle-deps>     Checking futures-util v0.3.32
mantle-deps>    Compiling logos-derive v0.15.1
mantle-deps>     Checking n0-error v0.1.3
mantle-deps>    Compiling ouroboros_macro v0.18.5
mantle-deps>     Checking num_enum v0.7.6
mantle-deps>     Checking rand v0.8.6
mantle-deps>     Checking addr2line v0.25.1
mantle-deps>    Compiling maybe-async v0.2.10
mantle-deps>     Checking pin-project v1.1.11
mantle-deps>     Checking zerofrom v0.1.7
mantle-deps>    Compiling miette-derive v7.6.0
mantle-deps>     Checking rand v0.9.3
mantle-deps>     Checking yoke v0.8.2
mantle-deps>     Checking tracing v0.1.44
mantle-deps>    Compiling darling_macro v0.20.11
mantle-deps>     Checking cobs v0.3.0
mantle-deps>     Checking nix-archive v0.1.0
mantle-deps>     Checking logos v0.15.1
mantle-deps>     Checking zerovec v0.11.6
mantle-deps>     Checking zerotrie v0.2.4
mantle-deps>     Checking nix-derivation v0.1.0
mantle-deps>     Checking predicates v3.1.4
mantle-deps>     Checking tracing-subscriber v0.3.23
mantle-deps>    Compiling darling_macro v0.23.0
mantle-deps>     Checking pretty_assertions v1.4.1
mantle-deps>    Compiling darling v0.20.11
mantle-deps>    Compiling derive_builder_core v0.20.2
mantle-deps>     Checking tinystr v0.8.3
mantle-deps>     Checking potential_utf v0.1.5
mantle-deps>     Checking mimalloc v0.1.48
mantle-deps>    Compiling darling v0.23.0
mantle-deps>    Compiling serde_with_macros v3.18.0
mantle-deps>     Checking derive_more v2.1.1
mantle-deps>     Checking ed25519-dalek v2.2.0
mantle-deps>     Checking icu_collections v2.2.0
mantle-deps>     Checking backtrace v0.3.76
mantle-deps>     Checking clap v4.6.0
mantle-deps>     Checking icu_locale_core v2.2.0
mantle-deps>     Checking crossterm v0.29.0
mantle-deps>     Checking clap-verbosity-flag v3.0.4
mantle-deps>     Checking typed-builder v0.22.0
mantle-deps>     Checking ouroboros v0.18.5
mantle-deps>     Checking backtrace-ext v0.2.1
mantle-deps>     Checking miette v7.6.0
mantle-deps>    Compiling derive_builder_macro v0.20.2
mantle-deps>     Checking inquire v0.9.4
mantle-deps>     Checking serde_with v3.18.0
mantle-deps>     Checking tracing-indicatif v0.3.14
mantle-deps>     Checking derive_builder v0.20.2
mantle-deps>     Checking rsa v0.9.10
mantle-deps>     Checking icu_provider v2.2.0
mantle-deps>     Checking icu_normalizer v2.2.0
mantle-deps>     Checking icu_properties v2.2.0
mantle-deps>     Checking bzip2 v0.5.2
mantle-deps>     Checking bytes v1.11.1
mantle-deps>     Checking bstr v1.12.1
mantle-deps>     Checking quick-xml v0.40.1
mantle-deps>     Checking chrono v0.4.44
mantle-deps>     Checking serde_urlencoded v0.7.1
mantle-deps>     Checking serde_qs v0.12.0
mantle-deps>     Checking postcard v1.1.3
mantle-deps>     Checking serde_tagged v0.3.0
mantle-deps>     Checking futures-executor v0.3.32
mantle-deps>     Checking futures v0.3.32
mantle-deps>     Checking artifact-auth-core v0.1.0 (ssh://git@github.com/OnixResearch/onix-artifact.git?rev=c932138d880ddf4c2967f4c024b489b5c0022bf1#c932138d)
mantle-deps>     Checking oci-spec v0.7.1
mantle-deps>     Checking tokio v1.51.0
mantle-deps>     Checking gix-validate v0.11.0
mantle-deps>     Checking gix-path v0.11.2
mantle-deps>     Checking gix-utils v0.3.1
mantle-deps>     Checking gix-error v0.2.1
mantle-deps>     Checking http v1.4.0
mantle-deps>     Checking gix-features v0.46.2
mantle-deps>     Checking idna_adapter v1.2.1
mantle-deps>     Checking gix-config-value v0.17.1
mantle-deps>     Checking gix-packetline v0.21.2
mantle-deps>     Checking gix-date v0.15.1
mantle-deps>     Checking gix-chunk v0.7.0
mantle-deps>     Checking gix-quote v0.7.0
mantle-deps>     Checking idna v1.1.0
mantle-deps>     Checking gix-command v0.8.0
mantle-deps>     Checking xz2 v0.1.7
mantle-deps>     Checking gix-bitmap v0.3.0
mantle-deps>     Checking gix-hash v0.23.0
mantle-deps>     Checking gix-actor v0.40.0
mantle-deps>     Checking gix-fs v0.19.2
mantle-deps>     Checking gix-glob v0.24.0
mantle-deps>     Checking gix-url v0.35.2
mantle-deps>     Checking gix-prompt v0.14.1
mantle-deps>     Checking codespan-reporting v0.13.1
mantle-deps>     Checking url v2.5.8
mantle-deps>     Checking nickel-lang-vector v0.1.0
mantle-deps>     Checking serde_yaml v0.9.34+deprecated
mantle-deps>     Checking gix-hashtable v0.13.0
mantle-deps>     Checking gix-commitgraph v0.35.0
mantle-deps>     Checking gix-tempfile v21.0.2
mantle-deps>     Checking gix-object v0.58.0
mantle-deps>     Checking gix-mailmap v0.32.0
mantle-deps>     Checking gix-attributes v0.31.0
mantle-deps>     Checking gix-ignore v0.19.1
mantle-deps>     Checking gix-credentials v0.37.1
mantle-deps>     Checking http-body v1.0.1
mantle-deps>     Checking gix-lock v21.0.2
mantle-deps>     Checking ureq-proto v0.6.0
mantle-deps>     Checking serde_spanned v0.6.9
mantle-deps>     Checking toml_datetime v0.6.11
mantle-deps>     Checking http-body-util v0.1.3
mantle-deps>     Checking gix-shallow v0.10.0
mantle-deps>     Checking artifact-auth-ed25519 v0.1.0 (ssh://git@github.com/OnixResearch/onix-artifact.git?rev=c932138d880ddf4c2967f4c024b489b5c0022bf1#c932138d)
mantle-deps>     Checking codespan v0.13.1
mantle-deps>     Checking toml_edit v0.22.27
mantle-deps>     Checking gix-pathspec v0.16.1
mantle-deps>     Checking secrecy v0.10.3
mantle-deps>     Checking nickel-export-core v0.1.0 (https://github.com/OnixResearch/nickel-export?rev=257fafc1c746f1faf156207043a4c826bfb16d49#257fafc1)
mantle-deps>     Checking gix-revwalk v0.29.0
mantle-deps>     Checking gix-filter v0.28.0
mantle-deps>     Checking gix-ref v0.61.0
mantle-deps>     Checking gix-pack v0.68.0
mantle-deps>     Checking gix-traverse v0.55.0
mantle-deps>     Checking gix-revision v0.43.0
mantle-deps>     Checking gix-negotiate v0.29.0
mantle-deps>     Checking gix-index v0.49.0
mantle-deps>     Checking gix-worktree-stream v0.30.0
mantle-deps>     Checking gix-refspec v0.39.0
mantle-deps>     Checking gix-archive v0.30.0
mantle-deps>     Checking toml v0.8.23
mantle-deps>     Checking gix-discover v0.49.0
mantle-deps>     Checking gix-config v0.54.0
mantle-deps>     Checking gix-odb v0.78.0
mantle-deps>    Compiling nickel-lang-core v0.16.1
mantle-deps>    Compiling nickel-lang-parser v0.1.1
mantle-deps>     Checking gix-worktree v0.50.0
mantle-deps>     Checking gix-diff v0.61.0
mantle-deps>     Checking gix-dir v0.23.0
mantle-deps>     Checking gix-worktree-state v0.28.0
mantle-deps>     Checking gix-submodule v0.28.0
mantle-deps>     Checking gix-blame v0.11.0
mantle-deps>     Checking gix-status v0.28.0
mantle-deps>     Checking tokio-util v0.7.18
mantle-deps>     Checking tower v0.5.3
mantle-deps>     Checking tokio-stream v0.1.18
mantle-deps>     Checking secretspec v0.17.0
mantle-deps>     Checking astral-tokio-tar v0.6.3
mantle-deps>     Checking tower-http v0.6.8
mantle-deps>     Checking fastcdc v3.2.1
mantle-deps>     Checking h2 v0.4.13
mantle-deps>     Checking irpc v0.13.0
mantle-deps>     Checking malachite-q v0.6.1
mantle-deps>     Checking malachite-float v0.6.1
mantle-deps>     Checking hyper v1.9.0
mantle-deps>     Checking malachite v0.6.1
mantle-deps>     Checking hyper-util v0.1.20
mantle-deps>     Checking zstd v0.13.3
mantle-deps>     Checking async-compression v0.4.19
mantle-deps>     Checking rustls-webpki v0.103.13
copying path '/nix/store/2l61hir7klwdbpgj4djyp0qcshbjh288-cargo-package-tinystr-0.8.2' to 'ssh-ng://root@aspen1.local'...
copying path '/nix/store/38d653gxni6pwygalzwvj22zx8wjryjb-cargo-package-vcpkg-0.2.15' to 'ssh-ng://root@aspen1.local'...
mantle-deps>     Checking tokio-rustls v0.26.4
mantle-deps>     Checking rustls-platform-verifier v0.6.2
mantle-deps>     Checking ureq v3.3.0
mantle-deps>     Checking hyper-rustls v0.27.7
mantle-deps>     Checking reqwest v0.13.2
mantle-deps>     Checking reqwest-middleware v0.5.1
mantle-deps>     Checking object_store v0.14.0
mantle-deps>     Checking gix-transport v0.55.1
mantle-deps>     Checking reqwest-tracing v0.6.0
mantle-deps>     Checking gix-protocol v0.59.0
mantle-deps>     Checking gix v0.81.0
copying path '/nix/store/g15dy630509lc6nd5rfsi7l6fkf5kcr2-tigerstyle-0.1.0' to 'ssh-ng://root@aspen1.local'...
copying path '/nix/store/4wjh154p2sdmipn8qgj88a6wiv6h6kmj-tigerstyle-dylint-lib' to 'ssh-ng://root@aspen1.local'...
copying path '/nix/store/6n2my46jcc8pr3hc74gir5h83gy4671g-cargo-package-camino-1.2.2' to 'ssh-ng://root@aspen1.local'...
copying path '/nix/store/lgxy9nax35pnvsqn9nvnwf55fxmxair4-rust-docs-1.96.0-nightly-2026-03-21-x86_64-unknown-linux-gnu' to 'ssh-ng://root@aspen1.local'...
mantle-deps>     Checking nickel-lang v2.0.0
mantle-deps>     Finished `release` profile [optimized] target(s) in 31.23s
mantle-deps> +++ command cargo build --release --locked
mantle-deps> warning: /build/source/Cargo.toml: file `/build/source/src/main.rs` found to be present in multiple build targets:
mantle-deps>   * `bin` target `crunch`
mantle-deps>   * `bin` target `mantle`
mantle-deps>    Compiling cfg-if v1.0.4
mantle-deps>    Compiling memchr v2.8.0
mantle-deps>    Compiling smallvec v1.15.1
mantle-deps>    Compiling subtle v2.6.1
mantle-deps>    Compiling const-oid v0.9.6
mantle-deps>    Compiling itoa v1.0.18
mantle-deps>    Compiling typenum v1.20.1
mantle-deps>    Compiling once_cell v1.21.4
mantle-deps>    Compiling regex-syntax v0.8.10
mantle-deps>    Compiling scopeguard v1.2.0
mantle-deps>    Compiling bitflags v2.11.0
mantle-deps>    Compiling allocator-api2 v0.2.21
mantle-deps>    Compiling equivalent v1.0.2
mantle-deps>    Compiling stable_deref_trait v1.2.1
mantle-deps>    Compiling foldhash v0.2.0
mantle-deps>    Compiling fastrand v2.4.1
mantle-deps>    Compiling cpufeatures v0.2.17
mantle-deps>    Compiling linux-raw-sys v0.12.1
mantle-deps>    Compiling log v0.4.29
mantle-deps>    Compiling same-file v1.0.6
mantle-deps>    Compiling tinyvec_macros v0.1.1
mantle-deps>    Compiling serde_core v1.0.228
mantle-deps>    Compiling libc v0.2.186
mantle-deps>    Compiling crossbeam-utils v0.8.21
mantle-deps>    Compiling crc32fast v1.5.0
mantle-deps>    Compiling gix-trace v0.1.18
mantle-deps>    Compiling pin-project-lite v0.2.17
mantle-deps>    Compiling arrayvec v0.7.6
mantle-deps>    Compiling lock_api v0.4.14
mantle-deps>    Compiling tinyvec v1.11.0
mantle-deps>    Compiling zeroize v1.8.2
mantle-deps>    Compiling futures-core v0.3.32
mantle-deps>    Compiling human_format v1.2.1
mantle-deps>    Compiling bytesize v2.3.1
mantle-deps>    Compiling zmij v1.0.21
mantle-deps>    Compiling thiserror v2.0.18
mantle-deps>    Compiling walkdir v2.5.0
mantle-deps>    Compiling zlib-rs v0.6.3
mantle-deps>    Compiling byteorder v1.5.0
mantle-deps>    Compiling rand_core v0.10.0
mantle-deps>    Compiling arrayref v0.3.9
mantle-deps>    Compiling constant_time_eq v0.3.1
mantle-deps>    Compiling futures-io v0.3.32
mantle-deps>    Compiling futures-sink v0.3.32
mantle-deps>    Compiling futures-task v0.3.32
mantle-deps>    Compiling slab v0.4.12
mantle-deps>    Compiling jiff v0.2.23
mantle-deps>    Compiling zerofrom v0.1.7
mantle-deps>    Compiling foldhash v0.1.5
mantle-deps>    Compiling tracing-core v0.1.36
mantle-deps>    Compiling percent-encoding v2.3.2
mantle-deps>    Compiling futures-channel v0.3.32
mantle-deps>    Compiling fnv v1.0.7
mantle-deps>    Compiling libm v0.2.16
mantle-deps>    Compiling rustls-pki-types v1.14.0
mantle-deps>    Compiling unicode-width v0.2.2
mantle-deps>    Compiling writeable v0.6.3
mantle-deps>    Compiling litemap v0.8.2
mantle-deps>    Compiling yoke v0.8.2
mantle-deps>    Compiling base64 v0.22.1
mantle-deps>    Compiling aws-lc-sys v0.39.1
mantle-deps>    Compiling encoding_rs v0.8.35
mantle-deps>    Compiling utf8_iter v1.0.4
mantle-deps>    Compiling hash32 v0.3.1
mantle-deps>    Compiling untrusted v0.9.0
mantle-deps>    Compiling ipnet v2.12.0
mantle-deps>    Compiling hashbrown v0.16.1
mantle-deps>    Compiling hashbrown v0.15.5
mantle-deps>    Compiling icu_properties_data v2.2.0
mantle-deps>    Compiling httparse v1.10.1
mantle-deps>    Compiling rustix v1.1.4
mantle-deps>    Compiling icu_normalizer_data v2.2.0
mantle-deps>    Compiling heapless v0.8.0
mantle-deps>    Compiling zerovec v0.11.6
mantle-deps>    Compiling zerotrie v0.2.4
mantle-deps>    Compiling either v1.15.0
mantle-deps>    Compiling try-lock v0.2.5
mantle-deps>    Compiling static_assertions v1.1.0
mantle-deps>    Compiling atomic-waker v1.1.2
mantle-deps>    Compiling hashbrown v0.14.5
mantle-deps>    Compiling tower-service v0.3.3
mantle-deps>    Compiling aho-corasick v1.1.4
mantle-deps>    Compiling unicode-normalization v0.1.25
mantle-deps>    Compiling winnow v0.7.15
mantle-deps>    Compiling futures-util v0.3.32
mantle-deps>    Compiling nonempty v0.12.0
mantle-deps>    Compiling crossbeam-channel v0.5.15
mantle-deps>    Compiling crossbeam-epoch v0.9.20
mantle-deps>    Compiling tracing v0.1.44
mantle-deps>    Compiling ryu v1.0.23
mantle-deps>    Compiling want v0.3.1
mantle-deps>    Compiling form_urlencoded v1.2.2
mantle-deps>    Compiling sync_wrapper v1.0.2
mantle-deps>    Compiling tower-layer v0.3.3
mantle-deps>    Compiling generic-array v0.14.7
mantle-deps>    Compiling crossbeam-deque v0.8.6
mantle-deps>    Compiling openssl-probe v0.2.1
mantle-deps>    Compiling faster-hex v0.10.0
mantle-deps>    Compiling colorchoice v1.0.5
mantle-deps>    Compiling data-encoding v2.10.0
mantle-deps>    Compiling rustls-native-certs v0.8.3
mantle-deps>    Compiling spin v0.9.9
mantle-deps>    Compiling iri-string v0.7.12
mantle-deps>    Compiling strsim v0.11.1
mantle-deps>    Compiling tinystr v0.8.3
mantle-deps>    Compiling rayon-core v1.13.0
mantle-deps>    Compiling potential_utf v0.1.5
mantle-deps>    Compiling aws-lc-rs v1.16.2
mantle-deps>    Compiling adler2 v2.0.1
mantle-deps>    Compiling lazy_static v1.5.0
mantle-deps>    Compiling mime v0.3.17
mantle-deps>    Compiling simd-adler32 v0.3.9
mantle-deps>    Compiling unicode-bom v2.0.3
mantle-deps>    Compiling utf8parse v0.2.2
mantle-deps>    Compiling icu_collections v2.2.0
mantle-deps>    Compiling kstring v2.0.2
mantle-deps>    Compiling anstyle-parse v1.0.0
mantle-deps>    Compiling icu_locale_core v2.2.0
mantle-deps>    Compiling thread_local v1.1.9
mantle-deps>    Compiling num-traits v0.2.19
mantle-deps>    Compiling shell-words v1.1.1
mantle-deps>    Compiling anstyle v1.0.14
mantle-deps>    Compiling anstyle-query v1.1.5
mantle-deps>    Compiling miniz_oxide v0.8.9
mantle-deps>    Compiling is_terminal_polyfill v1.70.2
mantle-deps>    Compiling derive_more v2.1.1
mantle-deps>    Compiling clap_lex v1.1.0
mantle-deps>    Compiling portable-atomic v1.13.1
mantle-deps>    Compiling vte v0.15.0
mantle-deps>    Compiling anstream v1.0.0
mantle-deps>    Compiling anyhow v1.0.102
mantle-deps>    Compiling zstd-sys v2.0.16+zstd.1.5.7
mantle-deps>    Compiling sharded-slab v0.1.7
mantle-deps>    Compiling block-buffer v0.10.4
mantle-deps>    Compiling crypto-common v0.1.7
mantle-deps>    Compiling vt100 v0.16.2
mantle-deps>    Compiling tracing-log v0.2.0
mantle-deps>    Compiling digest v0.10.7
mantle-deps>    Compiling arc-swap v1.9.1
mantle-deps>    Compiling linux-raw-sys v0.4.15
mantle-deps>    Compiling cordyceps v0.3.4
mantle-deps>    Compiling parking_lot_core v0.9.12
mantle-deps>    Compiling errno v0.3.14
mantle-deps>    Compiling mio v1.2.0
mantle-deps>    Compiling getrandom v0.2.17
mantle-deps>    Compiling sha1 v0.10.6
mantle-deps>    Compiling socket2 v0.6.3
mantle-deps>    Compiling signal-hook-registry v1.4.8
mantle-deps>    Compiling blake3 v1.8.2
mantle-deps>    Compiling parking_lot v0.12.5
mantle-deps>    Compiling getrandom v0.4.2
mantle-deps>    Compiling memmap2 v0.9.10
mantle-deps>    Compiling dashmap v6.1.0
mantle-deps>    Compiling regex-automata v0.4.14
mantle-deps>    Compiling sha1-checked v0.10.0
mantle-deps>    Compiling ring v0.17.14
mantle-deps>    Compiling signal-hook v0.4.4
mantle-deps>    Compiling prodash v31.0.0
mantle-deps>    Compiling rand_core v0.6.4
mantle-deps>    Compiling sha2 v0.10.9
mantle-deps>    Compiling icu_provider v2.2.0
mantle-deps>    Compiling filetime v0.2.27
mantle-deps>    Compiling curve25519-dalek v4.1.3
mantle-deps>    Compiling signature v2.2.0
mantle-deps>    Compiling clap_builder v4.6.0
mantle-deps>    Compiling console v0.16.3
mantle-deps>    Compiling serde v1.0.228
mantle-deps>    Compiling serde_json v1.0.149
mantle-deps>    Compiling indexmap v2.13.1
mantle-deps>    Compiling icu_properties v2.2.0
mantle-deps>    Compiling icu_normalizer v2.2.0
mantle-deps>    Compiling ed25519 v2.2.3
mantle-deps>    Compiling serde_with v3.18.0
mantle-deps>    Compiling libmimalloc-sys v0.1.44
mantle-deps>    Compiling spin v0.10.0
mantle-deps>    Compiling bitflags v1.3.2
mantle-deps>    Compiling unit-prefix v0.5.2
mantle-deps>    Compiling cpufeatures v0.3.0
mantle-deps>    Compiling nu-ansi-term v0.50.3
mantle-deps>    Compiling diatomic-waker v0.2.3
mantle-deps>    Compiling parking v2.2.1
mantle-deps>    Compiling chacha20 v0.10.0
mantle-deps>    Compiling indicatif v0.18.4
mantle-deps>    Compiling mimalloc v0.1.48
mantle-deps>    Compiling bytes v1.11.1
mantle-deps>    Compiling futures-lite v2.6.1
mantle-deps>    Compiling futures-buffered v0.2.13
mantle-deps>    Compiling rustix v0.38.44
mantle-deps>    Compiling md-5 v0.10.6
mantle-deps>    Compiling flate2 v1.1.9
mantle-deps>    Compiling tempfile v3.27.0
mantle-deps>    Compiling xattr v1.6.1
mantle-deps>    Compiling gix-sec v0.13.2
mantle-deps>    Compiling ed25519-dalek v2.2.0
mantle-deps>    Compiling lzma-sys v0.1.20
mantle-deps>    Compiling futures-executor v0.3.32
mantle-deps>    Compiling tokio v1.51.0
mantle-deps>    Compiling http v1.4.0
mantle-deps>    Compiling rustls-webpki v0.103.13
mantle-deps>    Compiling idna_adapter v1.2.1
mantle-deps>    Compiling futures v0.3.32
mantle-deps>    Compiling pin-project v1.1.11
mantle-deps>    Compiling zstd-safe v7.2.4
mantle-deps>    Compiling memoffset v0.6.5
mantle-deps>    Compiling bzip2-sys v0.1.13+1.0.8
mantle-deps>    Compiling idna v1.1.0
mantle-deps>    Compiling typeid v1.0.3
mantle-deps>    Compiling nibble_vec v0.1.0
mantle-deps>    Compiling iana-time-zone v0.1.65
mantle-deps>    Compiling bytemuck v1.25.0
mantle-deps>    Compiling endian-type v0.1.2
mantle-deps>    Compiling matchit v0.8.4
mantle-deps>    Compiling erased-serde v0.4.10
mantle-deps>    Compiling n0-error v0.1.3
mantle-deps>    Compiling radix_trie v0.2.1
mantle-deps>    Compiling zstd v0.13.3
mantle-deps>    Compiling chrono v0.4.44
mantle-deps>    Compiling safe_arch v0.7.4
mantle-deps>    Compiling thiserror v1.0.69
mantle-deps>    Compiling async-stream v0.3.6
mantle-deps>    Compiling bzip2 v0.5.2
mantle-deps>    Compiling nix v0.24.3
mantle-deps>    Compiling num_enum v0.7.6
mantle-deps>    Compiling nix v0.31.3
mantle-deps>    Compiling xz2 v0.1.7
mantle-deps>    Compiling crunch-attestation-core v0.1.0 (/build/source/crates/crunch-attestation-core)
mantle-deps>    Compiling rand v0.10.1
mantle-deps>    Compiling rustls v0.23.37
mantle-deps>    Compiling url v2.5.8
mantle-deps>    Compiling quick-xml v0.40.1
mantle-deps>    Compiling serde_urlencoded v0.7.1
mantle-deps>    Compiling zerocopy v0.8.48
mantle-deps>    Compiling vmm-sys-util v0.11.2
mantle-deps>    Compiling mio v0.8.11
mantle-deps>    Compiling caps v0.5.6
mantle-deps>    Compiling num_cpus v1.17.0
mantle-deps>    Compiling vm-memory v0.10.0
mantle-deps>    Compiling itertools v0.14.0
mantle-deps>    Compiling clap v4.6.0
mantle-deps>    Compiling itertools v0.15.0
mantle-deps>    Compiling http-body v1.0.1
mantle-deps>    Compiling clap-verbosity-flag v3.0.4
mantle-deps>    Compiling http-body-util v0.1.3
mantle-deps>    Compiling nom v8.0.0
mantle-deps>    Compiling cobs v0.3.0
mantle-deps>    Compiling fixedbitset v0.4.2
mantle-deps>    Compiling rustc-hash v2.1.2
mantle-deps>    Compiling humantime v2.3.0
mantle-deps>    Compiling postcard v1.1.3
mantle-deps>    Compiling threadpool v1.8.1
mantle-deps>    Compiling wide v0.7.33
mantle-deps>    Compiling petgraph v0.6.5
mantle-deps>    Compiling serde_tagged v0.3.0
mantle-deps>    Compiling serde_qs v0.12.0
mantle-deps>    Compiling redb v3.1.3
mantle-deps>    Compiling serde_bytes v0.11.19
mantle-deps>    Compiling winnow v1.0.1
mantle-deps>    Compiling wu-manber v0.1.0 (https://github.com/tvlfyi/wu-manber.git#0d5b22be)
mantle-deps>    Compiling derive_builder v0.20.2
mantle-deps>    Compiling bstr v1.12.1
mantle-deps>    Compiling regex v1.12.3
mantle-deps>    Compiling matchers v0.2.0
mantle-deps>    Compiling crunch-attestation v0.1.0 (/build/source/crates/crunch-attestation)
mantle-deps>    Compiling tracing-subscriber v0.3.23
mantle-deps>    Compiling artifact-auth-core v0.1.0 (ssh://git@github.com/OnixResearch/onix-artifact.git?rev=c932138d880ddf4c2967f4c024b489b5c0022bf1#c932138d)
mantle-deps>    Compiling uuid v1.23.0
mantle-deps>    Compiling toml_parser v1.1.2+spec-1.1.0
mantle-deps>    Compiling toml_datetime v0.7.5+spec-1.1.0
mantle-deps>    Compiling strum v0.26.3
mantle-deps>    Compiling malachite-base v0.6.1
mantle-deps>    Compiling toml_writer v1.1.1+spec-1.1.0
mantle-deps>    Compiling oci-spec v0.7.1
mantle-deps>    Compiling gix-validate v0.11.0
mantle-deps>    Compiling gix-utils v0.3.1
mantle-deps>    Compiling gix-error v0.2.1
mantle-deps>    Compiling gix-packetline v0.21.2
mantle-deps>    Compiling gix-path v0.11.2
mantle-deps>    Compiling typed-builder v0.22.0
mantle-deps>    Compiling nix v0.29.0
mantle-deps>    Compiling gix-date v0.15.1
mantle-deps>    Compiling gix-chunk v0.7.0
mantle-deps>    Compiling gix-features v0.46.2
mantle-deps>    Compiling gix-quote v0.7.0
mantle-deps>    Compiling gix-config-value v0.17.1
mantle-deps>    Compiling gix-bitmap v0.3.0
mantle-deps>    Compiling gix-url v0.35.2
mantle-deps>    Compiling gix-actor v0.40.0
mantle-deps>    Compiling gix-command v0.8.0
mantle-deps>    Compiling tar v0.4.45
mantle-deps>    Compiling nix-archive v0.1.0
mantle-deps>    Compiling lru v0.16.4
mantle-deps>    Compiling itertools v0.12.1
mantle-deps>    Compiling gix-hash v0.23.0
mantle-deps>    Compiling gix-fs v0.19.2
mantle-deps>    Compiling gix-glob v0.24.0
mantle-deps>    Compiling bitmaps v3.2.1
mantle-deps>    Compiling count-write v0.1.0
mantle-deps>    Compiling tracing-indicatif v0.3.14
mantle-deps>    Compiling base64ct v1.8.3
mantle-deps>    Compiling fuse-backend-rs v0.12.0 (/build/source/vendor/fuse-backend-rs)
mantle-deps>    Compiling termcolor v1.4.1
mantle-deps>    Compiling gix-hashtable v0.13.0
mantle-deps>    Compiling gix-tempfile v21.0.2
mantle-deps>    Compiling gix-commitgraph v0.35.0
mantle-deps>    Compiling gix-object v0.58.0
mantle-deps>    Compiling gix-attributes v0.31.0
mantle-deps>    Compiling gix-ignore v0.19.1
mantle-deps>    Compiling gix-lock v21.0.2
mantle-deps>    Compiling imbl-sized-chunks v0.1.3
mantle-deps>    Compiling codespan-reporting v0.13.1
mantle-deps>    Compiling pem-rfc7468 v0.7.0
mantle-deps>    Compiling gix-prompt v0.14.1
mantle-deps>    Compiling crunch-gc-core v0.1.0 (/build/source/crates/crunch-gc-core)
mantle-deps>    Compiling crunch-composition-core v0.1.0 (/build/source/crates/crunch-composition-core)
mantle-deps>    Compiling crunch-overlay-core v0.1.0 (/build/source/crates/crunch-overlay-core)
mantle-deps>    Compiling crunch-action-result-core v0.1.0 (/build/source/crates/crunch-action-result-core)
mantle-deps>    Compiling crunch-repair-core v0.1.0 (/build/source/crates/crunch-repair-core)
mantle-deps>    Compiling serde_spanned v1.1.1
mantle-deps>    Compiling fs2 v0.4.3
mantle-deps>    Compiling hashlink v0.10.0
mantle-deps>    Compiling imara-diff v0.2.0
mantle-deps>    Compiling imara-diff v0.1.8
mantle-deps>    Compiling unicode-segmentation v1.13.2
mantle-deps>    Compiling gix-pathspec v0.16.1
mantle-deps>    Compiling typed-arena v2.0.2
mantle-deps>    Compiling arraydeque v0.5.1
mantle-deps>    Compiling aliasable v0.1.3
mantle-deps>    Compiling ppv-lite86 v0.2.21
mantle-deps>    Compiling arrayvec v0.5.2
mantle-deps>    Compiling ouroboros v0.18.5
mantle-deps>    Compiling toml v0.9.12+spec-1.1.0
mantle-deps>    Compiling nickel-lang-vector v0.1.0
mantle-deps>    Compiling logos v0.15.1
mantle-deps>    Compiling saphyr-parser v0.0.6
mantle-deps>    Compiling gix-credentials v0.37.1
mantle-deps>    Compiling der v0.7.10
mantle-deps>    Compiling io-lifetimes v3.0.1
mantle-deps>    Compiling codespan v0.13.1
mantle-deps>    Compiling io-lifetimes v2.0.4
mantle-deps>    Compiling toml_edit v0.23.10+spec-1.0.0
mantle-deps>    Compiling pretty v0.12.5
mantle-deps>    Compiling lalrpop-util v0.22.2
mantle-deps>    Compiling rand_chacha v0.3.1
mantle-deps>    Compiling clru v0.6.3
mantle-deps>    Compiling vte v0.14.1
mantle-deps>    Compiling uluru v3.1.0
mantle-deps>    Compiling gimli v0.32.3
mantle-deps>    Compiling bumpalo v3.20.2
mantle-deps>    Compiling simple-counter v0.1.0
mantle-deps>    Compiling unsafe-libyaml v0.2.11
mantle-deps>    Compiling strip-ansi-escapes v0.2.1
mantle-deps>    Compiling rand v0.8.6
mantle-deps>    Compiling fs-set-times v0.20.3
mantle-deps>    Compiling io-extras v0.19.0
mantle-deps>    Compiling signal-hook v0.3.18
mantle-deps>    Compiling getrandom v0.3.4
mantle-deps>    Compiling object v0.37.3
mantle-deps>    Compiling gix-shallow v0.10.0
mantle-deps>    Compiling rustix-linux-procfs v0.1.1
mantle-deps>    Compiling gix-revwalk v0.29.0
mantle-deps>    Compiling tokio-util v0.7.18
mantle-deps>    Compiling tower v0.5.3
mantle-deps>    Compiling tokio-stream v0.1.18
mantle-deps>    Compiling nix-compat v0.1.0 (/build/source/vendor/nix-compat)
mantle-deps>    Compiling tokio-rustls v0.26.4
mantle-deps>    Compiling rustls-platform-verifier v0.6.2
mantle-deps>    Compiling gix-traverse v0.55.0
mantle-deps>    Compiling async-compression v0.4.19
mantle-deps>    Compiling gix-ref v0.61.0
mantle-deps>    Compiling gix-filter v0.28.0
mantle-deps>    Compiling gix-revision v0.43.0
mantle-deps>    Compiling crunch-nar v0.1.0 (/build/source/crates/crunch-nar)
mantle-deps>    Compiling serde_yaml v0.9.34+deprecated
mantle-deps>    Compiling gix-negotiate v0.29.0
mantle-deps>    Compiling tower-http v0.6.8
mantle-deps>    Compiling fastcdc v3.2.1
mantle-deps>    Compiling astral-tokio-tar v0.6.3
mantle-deps>    Compiling gix-index v0.49.0
mantle-deps>    Compiling spki v0.7.3
mantle-deps>    Compiling gix-pack v0.68.0
mantle-deps>    Compiling gix-refspec v0.39.0
mantle-deps>    Compiling h2 v0.4.13
mantle-deps>    Compiling n0-future v0.3.2
mantle-deps>    Compiling gix-worktree-stream v0.30.0
mantle-deps>    Compiling num-integer v0.1.46
mantle-deps>    Compiling sha-1 v0.10.1
mantle-deps>    Compiling io-close v0.3.7
mantle-deps>    Compiling json_scanner v0.1.0
mantle-deps>    Compiling crc-catalog v2.4.0
mantle-deps>    Compiling ambient-authority v0.0.2
mantle-deps>    Compiling maybe-owned v0.3.4
copying path '/nix/store/ni52pbxjhcgzx4qmw5b7riw9c07rf1gq-rustc-dev-1.96.0-nightly-2026-03-21-x86_64-unknown-linux-gnu' to 'ssh-ng://root@aspen1.local'...
mantle-deps>    Compiling rustc-demangle v0.1.28
mantle-deps>    Compiling crc v3.4.0
mantle-deps>    Compiling gix-archive v0.30.0
mantle-deps>    Compiling cap-primitives v4.0.2
mantle-deps>    Compiling num-iter v0.1.46
mantle-deps>    Compiling pkcs8 v0.10.2
mantle-deps>    Compiling rand_core v0.9.5
mantle-deps>    Compiling signal-hook-mio v0.2.5
mantle-deps>    Compiling gix-mailmap v0.32.0
mantle-deps>    Compiling gix-worktree v0.50.0
mantle-deps>    Compiling gix-discover v0.49.0
mantle-deps>    Compiling gix-diff v0.61.0
mantle-deps>    Compiling addr2line v0.25.1
mantle-deps>    Compiling gix-config v0.54.0
mantle-deps>    Compiling gix-odb v0.78.0
mantle-deps>    Compiling malachite-nz v0.6.1
mantle-deps>    Compiling gix-dir v0.23.0
mantle-deps>    Compiling gix-worktree-state v0.28.0
mantle-deps>    Compiling ureq-proto v0.6.0
mantle-deps>    Compiling serde_spanned v0.6.9
mantle-deps>    Compiling toml_datetime v0.6.11
mantle-deps>    Compiling webpki-roots v1.0.6
mantle-deps>    Compiling twox-hash v2.1.2
mantle-deps>    Compiling is_ci v1.2.0
mantle-deps>    Compiling unicode-linebreak v0.1.5
mantle-deps>    Compiling toml_write v0.1.2
mantle-deps>    Compiling utf8-zero v0.8.1
mantle-deps>    Compiling supports-color v3.0.2
mantle-deps>    Compiling ruzstd v0.8.2
mantle-deps>    Compiling toml_edit v0.22.27
mantle-deps>    Compiling ureq v3.3.0
mantle-deps>    Compiling textwrap v0.16.2
mantle-deps>    Compiling cap-std v4.0.2
mantle-deps>    Compiling rand_chacha v0.9.0
mantle-deps>    Compiling pkcs1 v0.7.5
mantle-deps>    Compiling crossterm v0.29.0
mantle-deps>    Compiling gix-blame v0.11.0
mantle-deps>    Compiling gix-status v0.28.0
mantle-deps>    Compiling backtrace v0.3.76
mantle-deps>    Compiling num-bigint-dig v0.8.6
mantle-deps>    Compiling lzma-rs v0.3.0
mantle-deps>    Compiling owo-colors v4.3.0
mantle-deps>    Compiling gix-submodule v0.28.0
mantle-deps>    Compiling crunch-rust-cache-core v0.1.0 (/build/source/crates/crunch-rust-cache-core)
mantle-deps>    Compiling artifact-auth-ed25519 v0.1.0 (ssh://git@github.com/OnixResearch/onix-artifact.git?rev=c932138d880ddf4c2967f4c024b489b5c0022bf1#c932138d)
mantle-deps>    Compiling hyper v1.9.0
mantle-deps>    Compiling backtrace-ext v0.2.1
mantle-deps>    Compiling gethostname v0.5.0
mantle-deps>    Compiling terminal_size v0.4.4
mantle-deps>    Compiling fuzzy-matcher v0.3.7
mantle-deps>    Compiling bzip2-rs v0.1.2
mantle-deps>    Compiling bounded-tree-core v0.1.0 (https://seed.radicle.garden/zqhtZvsteJhxCJE96dMAZSZ9y1PX.git?rev=b0fd0103bc9eed2c1b6d852045959462d105d8f1#b0fd0103)
mantle-deps>    Compiling supports-unicode v3.0.0
mantle-deps>    Compiling unicode-width v0.1.14
mantle-deps>    Compiling supports-hyperlinks v3.2.0
mantle-deps>    Compiling dyn-clone v1.0.20
mantle-deps>    Compiling miette v7.6.0
mantle-deps>    Compiling inquire v0.9.4
mantle-deps>    Compiling cap-fs-ext v4.0.2
mantle-deps>    Compiling rand v0.9.3
mantle-deps>    Compiling linkme v0.3.37
mantle-deps>    Compiling crunch-project-core v0.1.0 (/build/source/crates/crunch-project-core)
mantle-deps>    Compiling rsa v0.9.10
mantle-deps>    Compiling crunch-wasm-component-core v0.1.0 (/build/source/crates/crunch-wasm-component-core)
mantle-deps>    Compiling crunch-glue v0.1.0 (/build/source/crates/crunch-glue)
mantle-deps>    Compiling crunch-delta-core v0.1.0 (/build/source/crates/crunch-delta-core)
mantle-deps>    Compiling crunch-shell-core v0.1.0 (/build/source/crates/crunch-shell-core)
mantle-deps>    Compiling crunch-evaluation-stream-core v0.1.0 (/build/source/crates/crunch-evaluation-stream-core)
mantle-deps>    Compiling secrecy v0.10.3
mantle-deps>    Compiling etcetera v0.11.0
mantle-deps>    Compiling detect-coding-agent v0.1.0
mantle-deps>    Compiling colored v3.1.1
mantle-deps>    Compiling dotenvy v0.15.7
mantle-deps>    Compiling toml v0.8.23
mantle-deps>    Compiling crunch-shell v0.1.0 (/build/source/crates/crunch-shell)
mantle-deps>    Compiling crunch-project v0.1.0 (/build/source/crates/crunch-project)
mantle-deps>    Compiling bounded-tree-cap v0.1.0 (https://seed.radicle.garden/zqhtZvsteJhxCJE96dMAZSZ9y1PX.git?rev=b0fd0103bc9eed2c1b6d852045959462d105d8f1#b0fd0103)
mantle-deps>    Compiling crunch-eval-budget-core v0.1.0 (/build/source/crates/crunch-eval-budget-core)
mantle-deps>    Compiling crunch-release-core v0.1.0 (/build/source/crates/crunch-release-core)
mantle-deps>    Compiling mantlepkgs-core v0.1.0 (/build/source/crates/mantlepkgs-core)
mantle-deps>    Compiling mantle-portable-client-core v0.1.0 (/build/source/crates/mantle-portable-client-core)
mantle-deps>    Compiling crunch-bootstrap-core v0.1.0 (/build/source/crates/crunch-bootstrap-core)
mantle-deps>    Compiling chapter-tgz v0.1.0
mantle-deps>    Compiling nix-derivation v0.1.0
mantle-deps>    Compiling nickel-export-core v0.1.0 (https://github.com/OnixResearch/nickel-export?rev=257fafc1c746f1faf156207043a4c826bfb16d49#257fafc1)
mantle-deps>    Compiling durable-file-publication v0.1.0 (https://git.onix.computer/z3tAR4For7qw8ZirkJzoDw1VNDDLM.git?rev=951c27f59003cea9bfdb40ed4d89653d50fada1f#951c27f5)
mantle-deps>    Compiling secretspec v0.17.0
mantle-deps>    Compiling hyper-util v0.1.20
mantle-deps>    Compiling crunch-wasm-component v0.1.0 (/build/source/crates/crunch-wasm-component)
mantle-deps>    Compiling irpc v0.13.0
mantle-deps>    Compiling hyper-rustls v0.27.7
mantle-deps>    Compiling reqwest v0.13.2
mantle-deps>    Compiling reqwest-middleware v0.5.1
mantle-deps>    Compiling object_store v0.14.0
mantle-deps>    Compiling gix-transport v0.55.1
mantle-deps>    Compiling malachite-q v0.6.1
mantle-deps>    Compiling reqwest-tracing v0.6.0
mantle-deps>    Compiling gix-protocol v0.59.0
mantle-deps>    Compiling snix-tracing v0.1.0 (/build/source/vendor/snix-tracing)
mantle-deps>    Compiling malachite-float v0.6.1
mantle-deps>    Compiling gix v0.81.0
mantle-deps>    Compiling malachite v0.6.1
mantle-deps>    Compiling nickel-lang-parser v0.1.1
mantle-deps>    Compiling snix-castore v0.1.0 (/build/source/vendor/snix-castore)
mantle-deps>    Compiling snix-build v0.1.0 (/build/source/vendor/snix-build)
mantle-deps>    Compiling snix-store v0.1.0 (/build/source/vendor/snix-store)
mantle-deps>    Compiling crunch-store v0.1.0 (/build/source/crates/crunch-store)
mantle-deps>    Compiling crunch-rust-cache v0.1.0 (/build/source/crates/crunch-rust-cache)
mantle-deps>    Compiling crunch-delta v0.1.0 (/build/source/crates/crunch-delta)
mantle-deps>    Compiling crunch-rustc-wrapper v0.1.0 (/build/source/crates/crunch-rustc-wrapper)
mantle-deps>    Compiling crunch-build v0.1.0 (/build/source/crates/crunch-build)
copying path '/nix/store/qj6axjz3pf83m2nv9bnjym5071alsnq1-cargo-1.96.0-nightly-2026-03-21-x86_64-unknown-linux-gnu' to 'ssh-ng://root@aspen1.local'...
copying path '/nix/store/w9w5i1bf15ar1mcaxh0798pns8d9yr69-rustfmt-preview-1.96.0-nightly-2026-03-21-x86_64-unknown-linux-gnu' to 'ssh-ng://root@aspen1.local'...
copying path '/nix/store/78fnw6l80ca2pkh0fprkaidcbp8nzsyx-rust-default-1.96.0-nightly-2026-03-21' to 'ssh-ng://root@aspen1.local'...
mantle-deps>    Compiling nickel-lang-core v0.16.1
copying path '/nix/store/7agbng8f2xrm6i5g9gn12zz8w6nszr3m-tigerstyle-ui-library' to 'ssh-ng://root@aspen1.local'...
copying path '/nix/store/a35lk41lyzxkv27ly0ilzbq8rshyd2h1-cargo-package-windows-targets-0.53.5' to 'ssh-ng://root@aspen1.local'...
copying path '/nix/store/djrwarj3pqisql6m92ingrglhkfyii2h-cargo' to 'ssh-ng://root@aspen1.local'...
copying path '/nix/store/drmdxs3v1jigga9pd77nc23g36hlngav-cargo-package-windows_x86_64_gnullvm-0.53.1' to 'ssh-ng://root@aspen1.local'...
copying path '/nix/store/f4qmxvxln6jlqfrhr3qiyvrwvqyv14sd-cargo-package-cargo-platform-0.3.2' to 'ssh-ng://root@aspen1.local'...
copying path '/nix/store/f90p5vdl7amrgh4vj2hpf9pnmml4p259-cargo-package-windows-sys-0.60.2' to 'ssh-ng://root@aspen1.local'...
copying path '/nix/store/h08lfyknby8bnbvfwzlj968qm4jvy096-cargo-package-toml_datetime-1.0.0+spec-1.1.0' to 'ssh-ng://root@aspen1.local'...
copying path '/nix/store/h2k5q50by2hkapkjmrjf3nn7js3pjjr5-cargo-package-socket2-0.6.2' to 'ssh-ng://root@aspen1.local'...
copying path '/nix/store/h3v6iz3l7svhksr9gxg6xvgklwgdw20q-cargo-package-cc-1.2.57' to 'ssh-ng://root@aspen1.local'...
copying path '/nix/store/hw0f6vggd6dgfw9hmw8g3cpl5kpcjbkq-cargo-package-toml-1.0.6+spec-1.1.0' to 'ssh-ng://root@aspen1.local'...
copying path '/nix/store/ifj8hw7bx9fnmqc0vkgnriwdm0gkwz8i-cargo-package-openssl-sys-0.9.111' to 'ssh-ng://root@aspen1.local'...
copying path '/nix/store/k92ymlrg29la2chqwbqddmz7rlxcwr1g-cargo-package-yoke-0.8.1' to 'ssh-ng://root@aspen1.local'...
copying path '/nix/store/ljjb880s9jwxwvd10n896208r57iabk6-cargo-package-toml_writer-1.0.6+spec-1.1.0' to 'ssh-ng://root@aspen1.local'...
copying path '/nix/store/ng6klmdvvk3w6hm9zya3mk4g803glmv1-cargo-package-zerotrie-0.2.3' to 'ssh-ng://root@aspen1.local'...
copying path '/nix/store/ny81mfg37qxgmdgm7via4c0jfwkkz42a-cargo-package-writeable-0.6.2' to 'ssh-ng://root@aspen1.local'...
copying path '/nix/store/q9y0zwqnwvnv10j6blwn87z3i11y4x8a-cargo-package-zerovec-0.11.5' to 'ssh-ng://root@aspen1.local'...
copying path '/nix/store/s3cx3fn5z0z9bs93lxf59x5wnkzn9alp-cargo-package-zmij-1.0.16' to 'ssh-ng://root@aspen1.local'...
copying path '/nix/store/vxhp735zl0qgbgpy6ii3c25r9vlvqy8l-cargo-package-winnow-0.7.14' to 'ssh-ng://root@aspen1.local'...
copying path '/nix/store/x6kq486qd000qjljcvcpkxdidbys8d96-cargo-package-cargo_metadata-0.23.1' to 'ssh-ng://root@aspen1.local'...
copying path '/nix/store/xhim7mhlq66wkx33bkqs1mbs6qr06vgq-cargo-package-windows_x86_64_gnu-0.53.1' to 'ssh-ng://root@aspen1.local'...
copying path '/nix/store/qd8qwfh2aia329s693d1cn4z22ypbggz-vendor-registry' to 'ssh-ng://root@aspen1.local'...
copying path '/nix/store/ddx6ykm2ck49bwk661s94c44i16lshbk-vendor-cargo-deps' to 'ssh-ng://root@aspen1.local'...
copying path '/nix/store/fj873kpi3x9l5grc0cj99iragi0rn367-dylint-driver-5.0.0' to 'ssh-ng://root@aspen1.local'...
copying path '/nix/store/kksyibw2q75aspww7gis6mk8s13zyfb2-rustup' to 'ssh-ng://root@aspen1.local'...
copying path '/nix/store/vxbi0hirw38lr3cwnb3n3y88ijpjl72k-cargo-tigerstyle-0.1.0' to 'ssh-ng://root@aspen1.local'...
copying path '/nix/store/bj6ym3l2a1xdx4f252649q8n6xv1jls9-cargo-tigerstyle-0.1.0' to 'ssh-ng://root@aspen1.local'...
copying path '/nix/store/pjr5k3g4jfmwf273zg34mr04pv0sycpy-cargo-git-https-github.com-tvlfyi-wu-manber.git-0d5b22bea136659f7de60b102a7030e0daaa503d' to 'ssh-ng://root@aspen1.local'...
copying path '/nix/store/d99lzr1r4vzb3bd9q8x15lfxr33cr06d-linkLockedDeps' to 'ssh-ng://root@aspen1.local'...
copying path '/nix/store/lp6h5c2d1yzs5czwha4ic2iskq6n3kaj-cargo-git-https-seed.radicle.garden-zqhtZvsteJhxCJE96dMAZSZ9y1PX.git-b0fd0103bc9eed2c1b6d852045959462d105d8f1' to 'ssh-ng://root@aspen1.local'...
copying path '/nix/store/l0hk2i4pin0zh7rjbq0h3kz9gn0jgnqj-linkLockedDeps' to 'ssh-ng://root@aspen1.local'...
copying path '/nix/store/yy49jprab5sq7qylw0mkji0w5jyp2r6m-cargo-git-ssh-git-github.com-OnixResearch-onix-artifact.git-c932138d880ddf4c2967f4c024b489b5c0022bf1' to 'ssh-ng://root@aspen1.local'...
copying path '/nix/store/l6hy4v2arm52bbigkifiw24770s7s734-linkLockedDeps' to 'ssh-ng://root@aspen1.local'...
copying path '/nix/store/lba00j362bcscq2vwjr2v0lyc27jl2mn-cargo-git-https-github.com-OnixResearch-nickel-export-257fafc1c746f1faf156207043a4c826bfb16d49' to 'ssh-ng://root@aspen1.local'...
copying path '/nix/store/qbqc550r31y0rq89ml2bjvcb14fk51x9-linkLockedDeps' to 'ssh-ng://root@aspen1.local'...
copying path '/nix/store/s28njipafkmwb0mvkmjrzxxll36w365a-linkLockedDeps' to 'ssh-ng://root@aspen1.local'...
copying path '/nix/store/sl37986003b7m4h724ymnasn9c73p7dq-cargo-git-https-git.onix.computer-z3tAR4For7qw8ZirkJzoDw1VNDDLM.git-951c27f59003cea9bfdb40ed4d89653d50fada1f' to 'ssh-ng://root@aspen1.local'...
copying path '/nix/store/sh306kgsh80ckwda6xz4lwqirjwfj559-linkLockedDeps' to 'ssh-ng://root@aspen1.local'...
copying path '/nix/store/q687m8nd7qz4gx4n5rqxhkswhcdzz2ah-vendor-cargo-deps' to 'ssh-ng://root@aspen1.local'...
building '/nix/store/zm3qs97sh8zbyvaxarl3n3fwqk4zmk0j-tigerstyle-consumer-check.drv'...
tigerstyle-consumer-check> warning: /build/source/Cargo.toml: file `/build/source/src/main.rs` found to be present in multiple build targets:
tigerstyle-consumer-check>   * `bin` target `crunch`
tigerstyle-consumer-check>   * `bin` target `mantle`
tigerstyle-consumer-check>    Compiling proc-macro2 v1.0.106
tigerstyle-consumer-check>    Compiling quote v1.0.45
tigerstyle-consumer-check>    Compiling unicode-ident v1.0.24
tigerstyle-consumer-check>     Checking cfg-if v1.0.4
tigerstyle-consumer-check>    Compiling serde_core v1.0.228
tigerstyle-consumer-check>    Compiling serde v1.0.228
tigerstyle-consumer-check>    Compiling libc v0.2.186
tigerstyle-consumer-check>     Checking memchr v2.8.0
tigerstyle-consumer-check>    Compiling version_check v0.9.5
tigerstyle-consumer-check>     Checking subtle v2.6.1
tigerstyle-consumer-check>     Checking smallvec v1.15.1
tigerstyle-consumer-check>    Compiling parking_lot_core v0.9.12
tigerstyle-consumer-check>     Checking const-oid v0.9.6
tigerstyle-consumer-check>     Checking itoa v1.0.18
tigerstyle-consumer-check>     Checking typenum v1.20.1
tigerstyle-consumer-check>    Compiling find-msvc-tools v0.1.9
tigerstyle-consumer-check>    Compiling shlex v1.3.0
tigerstyle-consumer-check>    Compiling crossbeam-utils v0.8.21
tigerstyle-consumer-check>     Checking once_cell v1.21.4
tigerstyle-consumer-check>     Checking scopeguard v1.2.0
tigerstyle-consumer-check>     Checking regex-syntax v0.8.10
tigerstyle-consumer-check>     Checking bitflags v2.11.0
tigerstyle-consumer-check>     Checking allocator-api2 v0.2.21
tigerstyle-consumer-check>     Checking equivalent v1.0.2
tigerstyle-consumer-check>    Compiling thiserror v2.0.18
tigerstyle-consumer-check>     Checking stable_deref_trait v1.2.1
tigerstyle-consumer-check>     Checking foldhash v0.2.0
tigerstyle-consumer-check>     Checking fastrand v2.4.1
tigerstyle-consumer-check>     Checking cpufeatures v0.2.17
tigerstyle-consumer-check>    Compiling rustix v1.1.4
tigerstyle-consumer-check>    Compiling crc32fast v1.5.0
tigerstyle-consumer-check>     Checking linux-raw-sys v0.12.1
tigerstyle-consumer-check>     Checking lock_api v0.4.14
tigerstyle-consumer-check>     Checking arrayvec v0.7.6
tigerstyle-consumer-check>    Compiling zmij v1.0.21
tigerstyle-consumer-check>     Checking log v0.4.29
tigerstyle-consumer-check>    Compiling serde_json v1.0.149
tigerstyle-consumer-check>     Checking same-file v1.0.6
tigerstyle-consumer-check>     Checking tinyvec_macros v0.1.1
tigerstyle-consumer-check>     Checking gix-trace v0.1.18
tigerstyle-consumer-check>    Compiling crossbeam-epoch v0.9.20
tigerstyle-consumer-check>     Checking pin-project-lite v0.2.17
tigerstyle-consumer-check>    Compiling rayon-core v1.13.0
tigerstyle-consumer-check>     Checking futures-core v0.3.32
tigerstyle-consumer-check>     Checking tinyvec v1.11.0
tigerstyle-consumer-check>     Checking arrayref v0.3.9
tigerstyle-consumer-check>     Checking zeroize v1.8.2
tigerstyle-consumer-check>     Checking walkdir v2.5.0
tigerstyle-consumer-check>     Checking constant_time_eq v0.3.1
tigerstyle-consumer-check>     Checking bytesize v2.3.1
tigerstyle-consumer-check>     Checking human_format v1.2.1
tigerstyle-consumer-check>     Checking zlib-rs v0.6.3
tigerstyle-consumer-check>     Checking byteorder v1.5.0
tigerstyle-consumer-check>     Checking rand_core v0.10.0
tigerstyle-consumer-check>    Compiling heapless v0.8.0
tigerstyle-consumer-check>    Compiling getrandom v0.4.2
tigerstyle-consumer-check>     Checking futures-sink v0.3.32
tigerstyle-consumer-check>    Compiling generic-array v0.14.7
tigerstyle-consumer-check>     Checking futures-io v0.3.32
tigerstyle-consumer-check>     Checking futures-task v0.3.32
tigerstyle-consumer-check>     Checking futures-channel v0.3.32
tigerstyle-consumer-check>    Compiling rustversion v1.0.22
tigerstyle-consumer-check>     Checking slab v0.4.12
tigerstyle-consumer-check>     Checking jiff v0.2.23
tigerstyle-consumer-check>     Checking foldhash v0.1.5
tigerstyle-consumer-check>     Checking tracing-core v0.1.36
tigerstyle-consumer-check>    Compiling fs_extra v1.3.0
tigerstyle-consumer-check>    Compiling dunce v1.0.5
tigerstyle-consumer-check>     Checking percent-encoding v2.3.2
tigerstyle-consumer-check>    Compiling libm v0.2.16
tigerstyle-consumer-check>     Checking hashbrown v0.16.1
tigerstyle-consumer-check>     Checking fnv v1.0.7
tigerstyle-consumer-check>     Checking hashbrown v0.15.5
tigerstyle-consumer-check>    Compiling aws-lc-rs v1.16.2
tigerstyle-consumer-check>    Compiling semver v1.0.28
tigerstyle-consumer-check>     Checking rustls-pki-types v1.14.0
tigerstyle-consumer-check>     Checking hash32 v0.3.1
tigerstyle-consumer-check>     Checking aho-corasick v1.1.4
tigerstyle-consumer-check>     Checking winnow v0.7.15
tigerstyle-consumer-check>     Checking litemap v0.8.2
tigerstyle-consumer-check>     Checking base64 v0.22.1
tigerstyle-consumer-check>    Compiling unicode-xid v0.2.6
tigerstyle-consumer-check>     Checking unicode-width v0.2.2
tigerstyle-consumer-check>     Checking writeable v0.6.3
tigerstyle-consumer-check>     Checking encoding_rs v0.8.35
tigerstyle-consumer-check>    Compiling ident_case v1.0.1
tigerstyle-consumer-check>     Checking unicode-normalization v0.1.25
tigerstyle-consumer-check>     Checking untrusted v0.9.0
tigerstyle-consumer-check>    Compiling strsim v0.11.1
tigerstyle-consumer-check>    Compiling icu_normalizer_data v2.2.0
tigerstyle-consumer-check>    Compiling httparse v1.10.1
tigerstyle-consumer-check>    Compiling icu_properties_data v2.2.0
tigerstyle-consumer-check>    Compiling pkg-config v0.3.32
tigerstyle-consumer-check>     Checking utf8_iter v1.0.4
tigerstyle-consumer-check>    Compiling rustc_version v0.4.1
tigerstyle-consumer-check>    Compiling autocfg v1.5.0
tigerstyle-consumer-check>     Checking ipnet v2.12.0
tigerstyle-consumer-check>    Compiling rustls v0.23.37
tigerstyle-consumer-check>    Compiling signal-hook v0.4.4
tigerstyle-consumer-check>     Checking either v1.15.0
tigerstyle-consumer-check>     Checking hashbrown v0.14.5
tigerstyle-consumer-check>     Checking crossbeam-channel v0.5.15
tigerstyle-consumer-check>     Checking static_assertions v1.1.0
tigerstyle-consumer-check>     Checking try-lock v0.2.5
tigerstyle-consumer-check>     Checking ryu v1.0.23
tigerstyle-consumer-check>     Checking atomic-waker v1.1.2
tigerstyle-consumer-check>     Checking nonempty v0.12.0
tigerstyle-consumer-check>     Checking tower-service v0.3.3
tigerstyle-consumer-check>     Checking form_urlencoded v1.2.2
tigerstyle-consumer-check>     Checking crossbeam-deque v0.8.6
tigerstyle-consumer-check>    Compiling syn v2.0.117
tigerstyle-consumer-check>     Checking faster-hex v0.10.0
tigerstyle-consumer-check>     Checking want v0.3.1
tigerstyle-consumer-check>    Compiling cfg_aliases v0.2.1
tigerstyle-consumer-check>     Checking sync_wrapper v1.0.2
tigerstyle-consumer-check>     Checking openssl-probe v0.2.1
tigerstyle-consumer-check>     Checking tower-layer v0.3.3
tigerstyle-consumer-check>    Compiling num-traits v0.2.19
tigerstyle-consumer-check>     Checking data-encoding v2.10.0
tigerstyle-consumer-check>     Checking colorchoice v1.0.5
tigerstyle-consumer-check>     Checking spin v0.9.9
tigerstyle-consumer-check>     Checking iri-string v0.7.12
tigerstyle-consumer-check>     Checking simd-adler32 v0.3.9
tigerstyle-consumer-check>     Checking mime v0.3.17
tigerstyle-consumer-check>    Compiling unicode-segmentation v1.13.2
tigerstyle-consumer-check>     Checking rustls-native-certs v0.8.3
tigerstyle-consumer-check>     Checking adler2 v2.0.1
tigerstyle-consumer-check>    Compiling indexmap v2.13.1
tigerstyle-consumer-check>     Checking lazy_static v1.5.0
tigerstyle-consumer-check>     Checking unicode-bom v2.0.3
tigerstyle-consumer-check>    Compiling heck v0.5.0
tigerstyle-consumer-check>     Checking utf8parse v0.2.2
tigerstyle-consumer-check>     Checking kstring v2.0.2
tigerstyle-consumer-check>     Checking miniz_oxide v0.8.9
tigerstyle-consumer-check>    Compiling curve25519-dalek v4.1.3
tigerstyle-consumer-check>     Checking thread_local v1.1.9
tigerstyle-consumer-check>     Checking is_terminal_polyfill v1.70.2
tigerstyle-consumer-check>    Compiling winnow v1.0.1
tigerstyle-consumer-check>    Compiling portable-atomic v1.13.1
tigerstyle-consumer-check>     Checking anstyle-parse v1.0.0
tigerstyle-consumer-check>     Checking shell-words v1.1.1
tigerstyle-consumer-check>     Checking anstyle v1.0.14
tigerstyle-consumer-check>     Checking anstyle-query v1.1.5
tigerstyle-consumer-check>     Checking clap_lex v1.1.0
tigerstyle-consumer-check>    Compiling jobserver v0.1.34
tigerstyle-consumer-check>    Compiling anyhow v1.0.102
tigerstyle-consumer-check>    Compiling toml_datetime v1.1.1+spec-1.1.0
tigerstyle-consumer-check>    Compiling memoffset v0.6.5
tigerstyle-consumer-check>     Checking vte v0.15.0
tigerstyle-consumer-check>    Compiling rustix v0.38.44
tigerstyle-consumer-check>    Compiling zstd-safe v7.2.4
tigerstyle-consumer-check>     Checking anstream v1.0.0
tigerstyle-consumer-check>    Compiling typeid v1.0.3
tigerstyle-consumer-check>    Compiling convert_case v0.10.0
tigerstyle-consumer-check>     Checking crypto-common v0.1.7
tigerstyle-consumer-check>     Checking block-buffer v0.10.4
tigerstyle-consumer-check>    Compiling cc v1.2.59
tigerstyle-consumer-check>     Checking vt100 v0.16.2
tigerstyle-consumer-check>     Checking arc-swap v1.9.1
tigerstyle-consumer-check>     Checking digest v0.10.7
tigerstyle-consumer-check>     Checking sharded-slab v0.1.7
tigerstyle-consumer-check>    Compiling n0-future v0.3.2
tigerstyle-consumer-check>    Compiling nix v0.31.3
tigerstyle-consumer-check>     Checking tracing-log v0.2.0
tigerstyle-consumer-check>     Checking clap_builder v4.6.0
tigerstyle-consumer-check>     Checking diatomic-waker v0.2.3
tigerstyle-consumer-check>    Compiling siphasher v1.0.2
tigerstyle-consumer-check>     Checking bitflags v1.3.2
tigerstyle-consumer-check>     Checking spin v0.10.0
tigerstyle-consumer-check>     Checking sha1 v0.10.6
tigerstyle-consumer-check>     Checking sha2 v0.10.9
tigerstyle-consumer-check>     Checking cordyceps v0.3.4
tigerstyle-consumer-check>     Checking unit-prefix v0.5.2
tigerstyle-consumer-check>     Checking nu-ansi-term v0.50.3
tigerstyle-consumer-check>     Checking linux-raw-sys v0.4.15
tigerstyle-consumer-check>    Compiling erased-serde v0.4.10
tigerstyle-consumer-check>     Checking parking v2.2.1
tigerstyle-consumer-check>     Checking cpufeatures v0.3.0
tigerstyle-consumer-check>    Compiling thiserror v1.0.69
tigerstyle-consumer-check>    Compiling zerocopy v0.8.48
tigerstyle-consumer-check>     Checking chacha20 v0.10.0
tigerstyle-consumer-check>     Checking futures-lite v2.6.1
tigerstyle-consumer-check>     Checking sha1-checked v0.10.0
tigerstyle-consumer-check>    Compiling parking_lot v0.12.5
tigerstyle-consumer-check>    Compiling phf_shared v0.11.3
tigerstyle-consumer-check>     Checking md-5 v0.10.6
tigerstyle-consumer-check>     Checking regex-automata v0.4.14
tigerstyle-consumer-check>     Checking futures-buffered v0.2.13
tigerstyle-consumer-check>     Checking flate2 v1.1.9
tigerstyle-consumer-check>     Checking nibble_vec v0.1.0
tigerstyle-consumer-check>    Compiling nix-compat v0.1.0 (/build/source/vendor/nix-compat)
tigerstyle-consumer-check>    Compiling precomputed-hash v0.1.1
tigerstyle-consumer-check>     Checking matchit v0.8.4
tigerstyle-consumer-check>    Compiling new_debug_unreachable v1.0.6
tigerstyle-consumer-check>    Compiling bit-vec v0.8.0
tigerstyle-consumer-check>     Checking endian-type v0.1.2
tigerstyle-consumer-check>    Compiling keccak v0.1.6
tigerstyle-consumer-check>    Compiling redb v3.1.3
tigerstyle-consumer-check>     Checking bytemuck v1.25.0
tigerstyle-consumer-check>    Compiling fuse-backend-rs v0.12.0 (/build/source/vendor/fuse-backend-rs)
tigerstyle-consumer-check>     Checking iana-time-zone v0.1.65
tigerstyle-consumer-check>    Compiling fixedbitset v0.5.7
tigerstyle-consumer-check>    Compiling term v1.2.1
tigerstyle-consumer-check>     Checking radix_trie v0.2.1
tigerstyle-consumer-check>    Compiling ena v0.14.4
tigerstyle-consumer-check>    Compiling bit-set v0.8.0
tigerstyle-consumer-check>    Compiling string_cache v0.8.9
tigerstyle-consumer-check>    Compiling proc-macro-error-attr2 v2.0.0
tigerstyle-consumer-check>     Checking itertools v0.15.0
tigerstyle-consumer-check>     Checking safe_arch v0.7.4
tigerstyle-consumer-check>     Checking itertools v0.14.0
tigerstyle-consumer-check>     Checking nom v8.0.0
tigerstyle-consumer-check>     Checking errno v0.3.14
tigerstyle-consumer-check>     Checking mio v1.2.0
tigerstyle-consumer-check>     Checking getrandom v0.2.17
tigerstyle-consumer-check>     Checking socket2 v0.6.3
tigerstyle-consumer-check>     Checking memmap2 v0.9.10
tigerstyle-consumer-check>     Checking filetime v0.2.27
tigerstyle-consumer-check>     Checking signal-hook-registry v1.4.8
tigerstyle-consumer-check>     Checking console v0.16.3
tigerstyle-consumer-check>     Checking gix-sec v0.13.2
tigerstyle-consumer-check>     Checking rand_core v0.6.4
tigerstyle-consumer-check>    Compiling cmake v0.1.58
tigerstyle-consumer-check>     Checking dashmap v6.1.0
tigerstyle-consumer-check>    Compiling toml_parser v1.1.2+spec-1.1.0
tigerstyle-consumer-check>     Checking rand v0.10.1
tigerstyle-consumer-check>    Compiling ascii-canvas v4.0.0
tigerstyle-consumer-check>     Checking signature v2.2.0
tigerstyle-consumer-check>    Compiling petgraph v0.7.1
tigerstyle-consumer-check>     Checking vm-memory v0.10.0
tigerstyle-consumer-check>     Checking ed25519 v2.2.3
tigerstyle-consumer-check>     Checking nix v0.24.3
tigerstyle-consumer-check>     Checking prodash v31.0.0
tigerstyle-consumer-check>     Checking mio v0.8.11
tigerstyle-consumer-check>     Checking caps v0.5.6
tigerstyle-consumer-check>     Checking num_cpus v1.17.0
tigerstyle-consumer-check>     Checking vmm-sys-util v0.11.2
tigerstyle-consumer-check>     Checking indicatif v0.18.4
tigerstyle-consumer-check>    Compiling pico-args v0.5.0
tigerstyle-consumer-check>     Checking rustc-hash v2.1.2
tigerstyle-consumer-check>    Compiling malachite-nz v0.6.1
tigerstyle-consumer-check>     Checking fixedbitset v0.4.2
tigerstyle-consumer-check>    Compiling snix-castore v0.1.0 (/build/source/vendor/snix-castore)
tigerstyle-consumer-check>     Checking humantime v2.3.0
tigerstyle-consumer-check>     Checking threadpool v1.8.1
tigerstyle-consumer-check>    Compiling toml_edit v0.25.10+spec-1.1.0
tigerstyle-consumer-check>     Checking wide v0.7.33
tigerstyle-consumer-check>     Checking serde_bytes v0.11.19
tigerstyle-consumer-check>    Compiling nix v0.29.0
tigerstyle-consumer-check>    Compiling logos-codegen v0.15.1
tigerstyle-consumer-check>    Compiling proc-macro2-diagnostics v0.10.1
tigerstyle-consumer-check>     Checking wu-manber v0.1.0 (https://github.com/tvlfyi/wu-manber.git#0d5b22be)
tigerstyle-consumer-check>     Checking toml_datetime v0.7.5+spec-1.1.0
tigerstyle-consumer-check>     Checking uuid v1.23.0
tigerstyle-consumer-check>    Compiling beef v0.5.2
tigerstyle-consumer-check>    Compiling sha3 v0.10.8
tigerstyle-consumer-check>     Checking toml_writer v1.1.1+spec-1.1.0
tigerstyle-consumer-check>     Checking tempfile v3.27.0
tigerstyle-consumer-check>     Checking xattr v1.6.1
tigerstyle-consumer-check>     Checking strum v0.26.3
tigerstyle-consumer-check>    Compiling snix-store v0.1.0 (/build/source/vendor/snix-store)
tigerstyle-consumer-check>    Compiling blake3 v1.8.2
tigerstyle-consumer-check>    Compiling aws-lc-sys v0.39.1
tigerstyle-consumer-check>    Compiling ring v0.17.14
tigerstyle-consumer-check>    Compiling zstd-sys v2.0.16+zstd.1.5.7
tigerstyle-consumer-check>    Compiling libmimalloc-sys v0.1.44
tigerstyle-consumer-check>    Compiling lzma-sys v0.1.20
tigerstyle-consumer-check>    Compiling bzip2-sys v0.1.13+1.0.8
tigerstyle-consumer-check>     Checking petgraph v0.6.5
tigerstyle-consumer-check>    Compiling yansi v1.0.1
tigerstyle-consumer-check>    Compiling snix-build v0.1.0 (/build/source/vendor/snix-build)
tigerstyle-consumer-check>     Checking tar v0.4.45
tigerstyle-consumer-check>     Checking lru v0.16.4
tigerstyle-consumer-check>     Checking itertools v0.12.1
tigerstyle-consumer-check>     Checking malachite-base v0.6.1
tigerstyle-consumer-check>    Compiling io-lifetimes v3.0.1
tigerstyle-consumer-check>    Compiling io-lifetimes v2.0.4
tigerstyle-consumer-check>    Compiling heck v0.4.1
tigerstyle-consumer-check>    Compiling proc-macro-crate v3.5.0
tigerstyle-consumer-check>     Checking termcolor v1.4.1
tigerstyle-consumer-check>     Checking count-write v0.1.0
tigerstyle-consumer-check>     Checking base64ct v1.8.3
tigerstyle-consumer-check>     Checking bitmaps v3.2.1
tigerstyle-consumer-check>     Checking serde_spanned v1.1.1
tigerstyle-consumer-check>     Checking fs2 v0.4.3
tigerstyle-consumer-check>     Checking imara-diff v0.1.8
tigerstyle-consumer-check>     Checking imara-diff v0.2.0
tigerstyle-consumer-check>     Checking hashlink v0.10.0
tigerstyle-consumer-check>    Compiling getrandom v0.3.4
tigerstyle-consumer-check>     Checking arrayvec v0.5.2
tigerstyle-consumer-check>     Checking pem-rfc7468 v0.7.0
tigerstyle-consumer-check>    Compiling io-extras v0.19.0
tigerstyle-consumer-check>     Checking aliasable v0.1.3
tigerstyle-consumer-check>    Compiling object v0.37.3
tigerstyle-consumer-check>     Checking arraydeque v0.5.1
tigerstyle-consumer-check>    Compiling paste v1.0.15
tigerstyle-consumer-check>    Compiling signal-hook v0.3.18
tigerstyle-consumer-check>     Checking typed-arena v2.0.2
tigerstyle-consumer-check>     Checking der v0.7.10
tigerstyle-consumer-check>     Checking toml v0.9.12+spec-1.1.0
tigerstyle-consumer-check>     Checking crunch-overlay-core v0.1.0 (/build/source/crates/crunch-overlay-core)
tigerstyle-consumer-check>     Checking crunch-repair-core v0.1.0 (/build/source/crates/crunch-repair-core)
tigerstyle-consumer-check>     Checking crunch-gc-core v0.1.0 (/build/source/crates/crunch-gc-core)
tigerstyle-consumer-check>     Checking pretty v0.12.5
tigerstyle-consumer-check>     Checking saphyr-parser v0.0.6
tigerstyle-consumer-check>     Checking imbl-sized-chunks v0.1.3
tigerstyle-consumer-check>     Checking toml_edit v0.23.10+spec-1.0.0
tigerstyle-consumer-check>     Checking clru v0.6.3
tigerstyle-consumer-check>     Checking vte v0.14.1
tigerstyle-consumer-check>     Checking uluru v3.1.0
tigerstyle-consumer-check>     Checking simple-counter v0.1.0
tigerstyle-consumer-check>    Compiling cap-primitives v4.0.2
tigerstyle-consumer-check>     Checking unsafe-libyaml v0.2.11
tigerstyle-consumer-check>     Checking bumpalo v3.20.2
tigerstyle-consumer-check>     Checking gimli v0.32.3
tigerstyle-consumer-check>     Checking strip-ansi-escapes v0.2.1
tigerstyle-consumer-check>     Checking regex v1.12.3
tigerstyle-consumer-check>     Checking matchers v0.2.0
tigerstyle-consumer-check>     Checking lalrpop-util v0.22.2
tigerstyle-consumer-check>     Checking fs-set-times v0.20.3
tigerstyle-consumer-check>     Checking rustix-linux-procfs v0.1.1
tigerstyle-consumer-check>     Checking mimalloc v0.1.48
tigerstyle-consumer-check>     Checking num-integer v0.1.46
tigerstyle-consumer-check>     Checking io-close v0.3.7
tigerstyle-consumer-check>     Checking sha-1 v0.10.1
tigerstyle-consumer-check>     Checking json_scanner v0.1.0
tigerstyle-consumer-check>    Compiling indoc v2.0.7
tigerstyle-consumer-check>    Compiling num-bigint-dig v0.8.6
tigerstyle-consumer-check>    Compiling linkme-impl v0.3.37
tigerstyle-consumer-check>     Checking crc-catalog v2.4.0
tigerstyle-consumer-check>    Compiling litrs v1.0.0
tigerstyle-consumer-check>     Checking maybe-owned v0.3.4
tigerstyle-consumer-check>    Compiling owo-colors v4.3.0
tigerstyle-consumer-check>    Compiling cap-std v4.0.2
tigerstyle-consumer-check>     Checking ambient-authority v0.0.2
tigerstyle-consumer-check>     Checking rustc-demangle v0.1.28
tigerstyle-consumer-check>     Checking crc v3.4.0
tigerstyle-consumer-check>     Checking signal-hook-mio v0.2.5
tigerstyle-consumer-check>     Checking num-iter v0.1.46
tigerstyle-consumer-check>     Checking rand_core v0.9.5
tigerstyle-consumer-check>    Compiling syn v3.0.3
tigerstyle-consumer-check>     Checking webpki-roots v1.0.6
tigerstyle-consumer-check>     Checking twox-hash v2.1.2
tigerstyle-consumer-check>     Checking unicode-linebreak v0.1.5
tigerstyle-consumer-check>    Compiling cap-fs-ext v4.0.2
tigerstyle-consumer-check>    Compiling linkme v0.3.37
tigerstyle-consumer-check>     Checking utf8-zero v0.8.1
tigerstyle-consumer-check>     Checking toml_write v0.1.2
tigerstyle-consumer-check>     Checking is_ci v1.2.0
tigerstyle-consumer-check>     Checking bzip2 v0.5.2
tigerstyle-consumer-check>     Checking ruzstd v0.8.2
tigerstyle-consumer-check>     Checking lzma-rs v0.3.0
tigerstyle-consumer-check>     Checking supports-color v3.0.2
tigerstyle-consumer-check>     Checking gethostname v0.5.0
tigerstyle-consumer-check>     Checking terminal_size v0.4.4
tigerstyle-consumer-check>     Checking fuzzy-matcher v0.3.7
tigerstyle-consumer-check>     Checking textwrap v0.16.2
tigerstyle-consumer-check>     Checking bzip2-rs v0.1.2
tigerstyle-consumer-check>     Checking dyn-clone v1.0.20
tigerstyle-consumer-check>     Checking bounded-tree-core v0.1.0 (https://seed.radicle.garden/zqhtZvsteJhxCJE96dMAZSZ9y1PX.git?rev=b0fd0103bc9eed2c1b6d852045959462d105d8f1#b0fd0103)
tigerstyle-consumer-check>     Checking supports-hyperlinks v3.2.0
tigerstyle-consumer-check>     Checking unicode-width v0.1.14
tigerstyle-consumer-check>     Checking spki v0.7.3
tigerstyle-consumer-check>     Checking supports-unicode v3.0.0
tigerstyle-consumer-check>     Checking crunch-evaluation-stream-core v0.1.0 (/build/source/crates/crunch-evaluation-stream-core)
tigerstyle-consumer-check>     Checking etcetera v0.11.0
tigerstyle-consumer-check>     Checking colored v3.1.1
tigerstyle-consumer-check>     Checking dotenvy v0.15.7
tigerstyle-consumer-check>     Checking crunch-delta-core v0.1.0 (/build/source/crates/crunch-delta-core)
tigerstyle-consumer-check>     Checking detect-coding-agent v0.1.0
tigerstyle-consumer-check>     Checking pkcs8 v0.10.2
tigerstyle-consumer-check>     Checking chapter-tgz v0.1.0
tigerstyle-consumer-check>     Checking durable-file-publication v0.1.0 (https://git.onix.computer/z3tAR4For7qw8ZirkJzoDw1VNDDLM.git?rev=951c27f59003cea9bfdb40ed4d89653d50fada1f#951c27f5)
tigerstyle-consumer-check>    Compiling document-features v0.2.12
tigerstyle-consumer-check>    Compiling synstructure v0.13.2
tigerstyle-consumer-check>    Compiling darling_core v0.23.0
tigerstyle-consumer-check>    Compiling darling_core v0.20.11
tigerstyle-consumer-check>    Compiling proc-macro-error2 v2.0.1
tigerstyle-consumer-check>     Checking pkcs1 v0.7.5
tigerstyle-consumer-check>     Checking bounded-tree-cap v0.1.0 (https://seed.radicle.garden/zqhtZvsteJhxCJE96dMAZSZ9y1PX.git?rev=b0fd0103bc9eed2c1b6d852045959462d105d8f1#b0fd0103)
tigerstyle-consumer-check>    Compiling serde_derive v1.0.228
tigerstyle-consumer-check>    Compiling thiserror-impl v2.0.18
tigerstyle-consumer-check>    Compiling tokio-macros v2.7.0
tigerstyle-consumer-check>    Compiling zerofrom-derive v0.1.7
tigerstyle-consumer-check>    Compiling futures-macro v0.3.32
tigerstyle-consumer-check>    Compiling yoke-derive v0.8.2
tigerstyle-consumer-check>    Compiling zerovec-derive v0.11.3
tigerstyle-consumer-check>    Compiling displaydoc v0.2.5
tigerstyle-consumer-check>    Compiling tracing-attributes v0.1.31
tigerstyle-consumer-check>    Compiling derive_more-impl v2.1.1
tigerstyle-consumer-check>    Compiling curve25519-dalek-derive v0.1.1
tigerstyle-consumer-check>    Compiling clap_derive v4.6.0
tigerstyle-consumer-check>    Compiling async-trait v0.1.89
tigerstyle-consumer-check>    Compiling pin-project-internal v1.1.11
tigerstyle-consumer-check>    Compiling thiserror-impl v1.0.69
tigerstyle-consumer-check>    Compiling n0-error-macros v0.1.3
tigerstyle-consumer-check>    Compiling async-stream-impl v0.3.6
tigerstyle-consumer-check>    Compiling spez v0.1.2
tigerstyle-consumer-check>    Compiling num_enum_derive v0.7.6
tigerstyle-consumer-check>    Compiling irpc-derive v0.10.0
tigerstyle-consumer-check>     Checking async-stream v0.3.6
tigerstyle-consumer-check>    Compiling nix-compat-derive v0.1.0 (/build/source/vendor/nix-compat-derive)
tigerstyle-consumer-check>     Checking ppv-lite86 v0.2.21
tigerstyle-consumer-check>    Compiling lalrpop v0.22.2
tigerstyle-consumer-check>    Compiling auto_impl v1.3.0
tigerstyle-consumer-check>    Compiling typed-builder-macro v0.22.0
tigerstyle-consumer-check>     Checking futures-util v0.3.32
tigerstyle-consumer-check>    Compiling strum_macros v0.26.4
tigerstyle-consumer-check>     Checking num_enum v0.7.6
tigerstyle-consumer-check>    Compiling getset v0.1.6
tigerstyle-consumer-check>     Checking rand_chacha v0.3.1
tigerstyle-consumer-check>     Checking n0-error v0.1.3
tigerstyle-consumer-check>     Checking pin-project v1.1.11
tigerstyle-consumer-check>    Compiling logos-derive v0.15.1
tigerstyle-consumer-check>    Compiling ouroboros_macro v0.18.5
tigerstyle-consumer-check>     Checking addr2line v0.25.1
tigerstyle-consumer-check>     Checking cobs v0.3.0
tigerstyle-consumer-check>     Checking zerofrom v0.1.7
tigerstyle-consumer-check>     Checking nix-archive v0.1.0
tigerstyle-consumer-check>     Checking rand v0.8.6
tigerstyle-consumer-check>    Compiling maybe-async v0.2.10
tigerstyle-consumer-check>     Checking rand_chacha v0.9.0
tigerstyle-consumer-check>    Compiling miette-derive v7.6.0
tigerstyle-consumer-check>     Checking yoke v0.8.2
tigerstyle-consumer-check>     Checking tracing v0.1.44
tigerstyle-consumer-check>     Checking logos v0.15.1
tigerstyle-consumer-check>     Checking rand v0.9.3
tigerstyle-consumer-check>     Checking zerovec v0.11.6
tigerstyle-consumer-check>     Checking zerotrie v0.2.4
tigerstyle-consumer-check>     Checking nix-derivation v0.1.0
tigerstyle-consumer-check>     Checking tracing-subscriber v0.3.23
tigerstyle-consumer-check>    Compiling darling_macro v0.20.11
tigerstyle-consumer-check>     Checking derive_more v2.1.1
tigerstyle-consumer-check>     Checking ed25519-dalek v2.2.0
tigerstyle-consumer-check>     Checking tinystr v0.8.3
tigerstyle-consumer-check>     Checking potential_utf v0.1.5
tigerstyle-consumer-check>    Compiling darling_macro v0.23.0
tigerstyle-consumer-check>     Checking crossterm v0.29.0
tigerstyle-consumer-check>     Checking icu_collections v2.2.0
tigerstyle-consumer-check>     Checking clap v4.6.0
tigerstyle-consumer-check>     Checking clap-verbosity-flag v3.0.4
tigerstyle-consumer-check>     Checking typed-builder v0.22.0
tigerstyle-consumer-check>    Compiling darling v0.20.11
tigerstyle-consumer-check>     Checking icu_locale_core v2.2.0
tigerstyle-consumer-check>     Checking backtrace v0.3.76
tigerstyle-consumer-check>    Compiling derive_builder_core v0.20.2
tigerstyle-consumer-check>    Compiling darling v0.23.0
tigerstyle-consumer-check>    Compiling serde_with_macros v3.18.0
tigerstyle-consumer-check>     Checking ouroboros v0.18.5
tigerstyle-consumer-check>     Checking backtrace-ext v0.2.1
tigerstyle-consumer-check>     Checking inquire v0.9.4
tigerstyle-consumer-check>     Checking tracing-indicatif v0.3.14
tigerstyle-consumer-check>     Checking miette v7.6.0
tigerstyle-consumer-check>     Checking xz2 v0.1.7
tigerstyle-consumer-check>     Checking rsa v0.9.10
tigerstyle-consumer-check>     Checking icu_provider v2.2.0
tigerstyle-consumer-check>    Compiling derive_builder_macro v0.20.2
tigerstyle-consumer-check>     Checking icu_properties v2.2.0
tigerstyle-consumer-check>     Checking icu_normalizer v2.2.0
tigerstyle-consumer-check>     Checking serde_with v3.18.0
tigerstyle-consumer-check>     Checking derive_builder v0.20.2
tigerstyle-consumer-check>     Checking bytes v1.11.1
tigerstyle-consumer-check>     Checking bstr v1.12.1
tigerstyle-consumer-check>     Checking serde_urlencoded v0.7.1
tigerstyle-consumer-check>     Checking chrono v0.4.44
tigerstyle-consumer-check>     Checking crunch-attestation-core v0.1.0 (/build/source/crates/crunch-attestation-core)
tigerstyle-consumer-check>     Checking quick-xml v0.40.1
tigerstyle-consumer-check>     Checking serde_tagged v0.3.0
tigerstyle-consumer-check>     Checking serde_qs v0.12.0
tigerstyle-consumer-check>     Checking postcard v1.1.3
tigerstyle-consumer-check>     Checking artifact-auth-core v0.1.0 (ssh://git@github.com/OnixResearch/onix-artifact.git?rev=c932138d880ddf4c2967f4c024b489b5c0022bf1#c932138d)
tigerstyle-consumer-check>     Checking oci-spec v0.7.1
tigerstyle-consumer-check>     Checking crunch-composition-core v0.1.0 (/build/source/crates/crunch-composition-core)
tigerstyle-consumer-check>     Checking codespan-reporting v0.13.1
tigerstyle-consumer-check>     Checking nickel-lang-vector v0.1.0
tigerstyle-consumer-check>     Checking serde_yaml v0.9.34+deprecated
tigerstyle-consumer-check>     Checking serde_spanned v0.6.9
tigerstyle-consumer-check>     Checking toml_datetime v0.6.11
tigerstyle-consumer-check>     Checking crunch-rust-cache-core v0.1.0 (/build/source/crates/crunch-rust-cache-core)
tigerstyle-consumer-check>     Checking crunch-wasm-component-core v0.1.0 (/build/source/crates/crunch-wasm-component-core)
tigerstyle-consumer-check>     Checking secrecy v0.10.3
tigerstyle-consumer-check>     Checking crunch-shell-core v0.1.0 (/build/source/crates/crunch-shell-core)
tigerstyle-consumer-check>     Checking crunch-spacewasm-core v0.1.0 (/build/source/crates/crunch-spacewasm-core)
tigerstyle-consumer-check>     Checking crunch-bootstrap-core v0.1.0 (/build/source/crates/crunch-bootstrap-core)
tigerstyle-consumer-check>     Checking crunch-eval-budget-core v0.1.0 (/build/source/crates/crunch-eval-budget-core)
tigerstyle-consumer-check>     Checking crunch-hardware-simulation-core v0.1.0 (/build/source/crates/crunch-hardware-simulation-core)
tigerstyle-consumer-check>     Checking nickel-export-core v0.1.0 (https://github.com/OnixResearch/nickel-export?rev=257fafc1c746f1faf156207043a4c826bfb16d49#257fafc1)
tigerstyle-consumer-check>     Checking crunch-release-core v0.1.0 (/build/source/crates/crunch-release-core)
tigerstyle-consumer-check>     Checking toml_edit v0.22.27
tigerstyle-consumer-check>     Checking mantlepkgs-core v0.1.0 (/build/source/crates/mantlepkgs-core)
tigerstyle-consumer-check>     Checking crunch-kernelscript-core v0.1.0 (/build/source/crates/crunch-kernelscript-core)
tigerstyle-consumer-check>     Checking mantle-portable-client-core v0.1.0 (/build/source/crates/mantle-portable-client-core)
tigerstyle-consumer-check>     Checking gix-validate v0.11.0
tigerstyle-consumer-check>     Checking gix-utils v0.3.1
tigerstyle-consumer-check>     Checking gix-error v0.2.1
tigerstyle-consumer-check>     Checking tokio v1.51.0
tigerstyle-consumer-check>     Checking http v1.4.0
tigerstyle-consumer-check>     Checking futures-executor v0.3.32
tigerstyle-consumer-check>     Checking gix-packetline v0.21.2
tigerstyle-consumer-check>     Checking zstd v0.13.3
tigerstyle-consumer-check>     Checking crunch-action-result-core v0.1.0 (/build/source/crates/crunch-action-result-core)
tigerstyle-consumer-check>     Checking gix-path v0.11.2
tigerstyle-consumer-check>     Checking gix-date v0.15.1
tigerstyle-consumer-check>     Checking gix-chunk v0.7.0
tigerstyle-consumer-check>     Checking gix-quote v0.7.0
tigerstyle-consumer-check>     Checking idna_adapter v1.2.1
tigerstyle-consumer-check>     Checking futures v0.3.32
tigerstyle-consumer-check>     Checking gix-bitmap v0.3.0
tigerstyle-consumer-check>     Checking codespan v0.13.1
tigerstyle-consumer-check>     Checking artifact-auth-ed25519 v0.1.0 (ssh://git@github.com/OnixResearch/onix-artifact.git?rev=c932138d880ddf4c2967f4c024b489b5c0022bf1#c932138d)
tigerstyle-consumer-check>     Checking crunch-shell v0.1.0 (/build/source/crates/crunch-shell)
tigerstyle-consumer-check>     Checking gix-features v0.46.2
tigerstyle-consumer-check>     Checking gix-config-value v0.17.1
tigerstyle-consumer-check>     Checking idna v1.1.0
tigerstyle-consumer-check>     Checking gix-actor v0.40.0
tigerstyle-consumer-check>     Checking gix-command v0.8.0
tigerstyle-consumer-check>     Checking gix-url v0.35.2
tigerstyle-consumer-check>     Checking mantle-build-contract v0.1.0 (/build/source/crates/mantle-build-contract)
tigerstyle-consumer-check>     Checking gix-mailmap v0.32.0
tigerstyle-consumer-check>     Checking url v2.5.8
tigerstyle-consumer-check>     Checking gix-hash v0.23.0
tigerstyle-consumer-check>     Checking gix-fs v0.19.2
tigerstyle-consumer-check>     Checking gix-glob v0.24.0
tigerstyle-consumer-check>     Checking gix-prompt v0.14.1
tigerstyle-consumer-check>     Checking http-body v1.0.1
tigerstyle-consumer-check>     Checking ureq-proto v0.6.0
tigerstyle-consumer-check>     Checking gix-credentials v0.37.1
tigerstyle-consumer-check>     Checking http-body-util v0.1.3
tigerstyle-consumer-check>     Checking gix-tempfile v21.0.2
tigerstyle-consumer-check>     Checking gix-hashtable v0.13.0
tigerstyle-consumer-check>     Checking gix-commitgraph v0.35.0
tigerstyle-consumer-check>     Checking gix-attributes v0.31.0
tigerstyle-consumer-check>     Checking gix-ignore v0.19.1
tigerstyle-consumer-check>     Checking gix-object v0.58.0
tigerstyle-consumer-check>     Checking gix-lock v21.0.2
mantle-deps>    Compiling nickel-lang v2.0.0
tigerstyle-consumer-check>     Checking crunch-attestation v0.1.0 (/build/source/crates/crunch-attestation)
tigerstyle-consumer-check>     Checking crunch-project-core v0.1.0 (/build/source/crates/crunch-project-core)
tigerstyle-consumer-check>     Checking gix-shallow v0.10.0
tigerstyle-consumer-check>     Checking gix-pathspec v0.16.1
tigerstyle-consumer-check>     Checking toml v0.8.23
tigerstyle-consumer-check>     Checking crunch-spacewasm v0.1.0 (/build/source/crates/crunch-spacewasm)
tigerstyle-consumer-check>     Checking crunch-hardware-simulation v0.1.0 (/build/source/crates/crunch-hardware-simulation)
tigerstyle-consumer-check>     Checking gix-revwalk v0.29.0
tigerstyle-consumer-check>     Checking gix-ref v0.61.0
tigerstyle-consumer-check>     Checking gix-filter v0.28.0
tigerstyle-consumer-check>     Checking gix-pack v0.68.0
tigerstyle-consumer-check>     Checking gix-traverse v0.55.0
tigerstyle-consumer-check>     Checking gix-revision v0.43.0
tigerstyle-consumer-check>     Checking gix-negotiate v0.29.0
tigerstyle-consumer-check>     Checking gix-index v0.49.0
tigerstyle-consumer-check>     Checking gix-worktree-stream v0.30.0
tigerstyle-consumer-check>     Checking crunch-kernelscript-adapter v0.1.0 (/build/source/crates/crunch-kernelscript-adapter)
tigerstyle-consumer-check>     Checking gix-refspec v0.39.0
tigerstyle-consumer-check>     Checking gix-archive v0.30.0
tigerstyle-consumer-check>     Checking gix-discover v0.49.0
tigerstyle-consumer-check>     Checking gix-config v0.54.0
tigerstyle-consumer-check>     Checking gix-odb v0.78.0
tigerstyle-consumer-check>     Checking gix-worktree v0.50.0
tigerstyle-consumer-check>     Checking gix-diff v0.61.0
tigerstyle-consumer-check>     Checking gix-dir v0.23.0
tigerstyle-consumer-check>     Checking gix-worktree-state v0.28.0
tigerstyle-consumer-check>     Checking crunch-wasm-component v0.1.0 (/build/source/crates/crunch-wasm-component)
tigerstyle-consumer-check>     Checking gix-submodule v0.28.0
tigerstyle-consumer-check>     Checking gix-blame v0.11.0
tigerstyle-consumer-check>     Checking gix-status v0.28.0
tigerstyle-consumer-check>    Compiling nickel-lang-parser v0.1.1
tigerstyle-consumer-check>    Compiling nickel-lang-core v0.16.1
tigerstyle-consumer-check>     Checking tokio-util v0.7.18
tigerstyle-consumer-check>     Checking tower v0.5.3
tigerstyle-consumer-check>     Checking tokio-stream v0.1.18
tigerstyle-consumer-check>     Checking async-compression v0.4.19
tigerstyle-consumer-check>     Checking secretspec v0.17.0
tigerstyle-consumer-check>     Checking tower-http v0.6.8
tigerstyle-consumer-check>     Checking fastcdc v3.2.1
tigerstyle-consumer-check>     Checking astral-tokio-tar v0.6.3
tigerstyle-consumer-check>     Checking h2 v0.4.13
tigerstyle-consumer-check>     Checking irpc v0.13.0
tigerstyle-consumer-check>     Checking malachite-q v0.6.1
tigerstyle-consumer-check>     Checking crunch-project v0.1.0 (/build/source/crates/crunch-project)
tigerstyle-consumer-check>     Checking malachite-float v0.6.1
tigerstyle-consumer-check>     Checking malachite v0.6.1
tigerstyle-consumer-check>     Checking hyper v1.9.0
tigerstyle-consumer-check>     Checking crunch-nar v0.1.0 (/build/source/crates/crunch-nar)
tigerstyle-consumer-check>     Checking crunch-glue v0.1.0 (/build/source/crates/crunch-glue)
tigerstyle-consumer-check>     Checking rustls-webpki v0.103.13
mantle-deps>    Compiling crunch-eval v0.1.0 (/build/source/crates/crunch-eval)
mantle-deps>    Compiling crunch-pipeline v0.1.0 (/build/source/crates/crunch-pipeline)
mantle-deps>    Compiling mantle v0.1.0 (/build/source)
mantle-deps>     Finished `release` profile [optimized] target(s) in 1m 04s
tigerstyle-consumer-check>     Checking hyper-util v0.1.20
mantle-deps> buildPhase completed in 1 minutes 36 seconds
mantle-deps> Running phase: checkPhase
mantle-deps> +++ command cargo test --release --locked --no-run
mantle-deps> warning: /build/source/Cargo.toml: file `/build/source/src/main.rs` found to be present in multiple build targets:
mantle-deps>   * `bin` target `crunch`
mantle-deps>   * `bin` target `mantle`
mantle-deps>    Compiling predicates-core v1.0.10
mantle-deps>    Compiling float-cmp v0.10.0
mantle-deps>    Compiling termtree v0.5.1
mantle-deps>    Compiling normalize-line-endings v0.3.0
mantle-deps>    Compiling difflib v0.4.0
mantle-deps>    Compiling crunch-hardware-simulation-core v0.1.0 (/build/source/crates/crunch-hardware-simulation-core)
mantle-deps>    Compiling wait-timeout v0.2.1
mantle-deps>    Compiling yansi v1.0.1
mantle-deps>    Compiling diff v0.1.13
mantle-deps>    Compiling transactional-reconciliation-core v0.1.0 (https://seed.radicle.garden/z4Tky6zvC8w4Y6c4YBzNxVbq5n752.git?rev=606489b5f40298181214bb76bc3457b607f225d9#606489b5)
mantle-deps>    Compiling crunch-kernelscript-core v0.1.0 (/build/source/crates/crunch-kernelscript-core)
mantle-deps>    Compiling crunch-hardware-simulation v0.1.0 (/build/source/crates/crunch-hardware-simulation)
mantle-deps>    Compiling predicates-tree v1.0.13
mantle-deps>    Compiling predicates v3.1.4
mantle-deps>    Compiling pretty_assertions v1.4.1
mantle-deps>    Compiling assert_cmd v2.2.0
tigerstyle-consumer-check>     Checking tokio-rustls v0.26.4
tigerstyle-consumer-check>     Checking rustls-platform-verifier v0.6.2
tigerstyle-consumer-check>     Checking ureq v3.3.0
mantle-deps>    Compiling mantle v0.1.0 (/build/source)
tigerstyle-consumer-check>     Checking hyper-rustls v0.27.7
mantle-deps>     Finished `release` profile [optimized] target(s) in 1.49s
mantle-deps>   Executable unittests src/lib.rs (target/release/deps/mantle-5d8e10c19182cb61)
mantle-deps>   Executable unittests src/main.rs (target/release/deps/crunch-c1ca106aee9f00e6)
mantle-deps>   Executable unittests tools/generate_operator_command_contract.rs (target/release/deps/generate_operator_command_contract-f8e12e93af14185b)
mantle-deps>   Executable unittests tools/generate_portable_platform_profiles.rs (target/release/deps/generate_portable_platform_profiles-e7ece6a6a738be11)
mantle-deps>   Executable unittests src/main.rs (target/release/deps/mantle-69b36f9e346f7de6)
tigerstyle-consumer-check>     Checking reqwest v0.13.2
mantle-deps> Running phase: installPhase
mantle-deps> no previous artifacts found, compressing and installing full archive of target to /nix/store/1s2zqd32p6kphd7dxf7iqf919jd8gsfm-mantle-deps-0.1.0/target.tar.zst
tigerstyle-consumer-check>     Checking reqwest-middleware v0.5.1
tigerstyle-consumer-check>     Checking object_store v0.14.0
tigerstyle-consumer-check>     Checking gix-transport v0.55.1
tigerstyle-consumer-check>     Checking reqwest-tracing v0.6.0
tigerstyle-consumer-check>     Checking gix-protocol v0.59.0
tigerstyle-consumer-check>     Checking snix-tracing v0.1.0 (/build/source/vendor/snix-tracing)
tigerstyle-consumer-check>     Checking gix v0.81.0
mantle-deps> /*stdin*\            : 21.40%   (  2.01 GiB =>    439 MiB, /nix/store/1s2zqd32p6kphd7dxf7iqf919jd8gsfm-mantle-deps-0.1.0/target.tar.zst)
mantle-deps> Running phase: fixupPhase
mantle-deps> shrinking RPATHs of ELF executables and libraries in /nix/store/1s2zqd32p6kphd7dxf7iqf919jd8gsfm-mantle-deps-0.1.0
mantle-deps> checking for references to /build/ in /nix/store/1s2zqd32p6kphd7dxf7iqf919jd8gsfm-mantle-deps-0.1.0...
mantle-deps> patching script interpreter paths in /nix/store/1s2zqd32p6kphd7dxf7iqf919jd8gsfm-mantle-deps-0.1.0
copying 1 paths...
copying path '/nix/store/1s2zqd32p6kphd7dxf7iqf919jd8gsfm-mantle-deps-0.1.0' from 'ssh-ng://root@aspen1.local'...
tigerstyle-consumer-check>     Checking crunch-store v0.1.0 (/build/source/crates/crunch-store)
tigerstyle-consumer-check> error: function `load_root_snapshot` is 72 lines (limit: 70)
tigerstyle-consumer-check>    --> crates/crunch-store/src/composition.rs:78:34
tigerstyle-consumer-check>     |
tigerstyle-consumer-check>  78 |   ) -> Result<RootSnapshot, Error> {
tigerstyle-consumer-check>     |  __________________________________^
tigerstyle-consumer-check>  79 | |     let root_digest = parse_digest(&root.digest_blake3)?;
tigerstyle-consumer-check>  80 | |     let root_node = Node::Directory {
tigerstyle-consumer-check>  81 | |         digest: root_digest,
tigerstyle-consumer-check> ...   |
tigerstyle-consumer-check> 150 | |     })
tigerstyle-consumer-check> 151 | | }
tigerstyle-consumer-check>     | |_^
tigerstyle-consumer-check>     |
tigerstyle-consumer-check>     = help: Tiger Style (Function Length): split long functions into named helpers at invariant or phase boundaries
tigerstyle-consumer-check>     = note: see Tiger Style guide: Function Length
tigerstyle-consumer-check>     = note: `-D tigerstyle::function-length` implied by `-D function-length`
tigerstyle-consumer-check>     = help: to override `-D function-length` add `#[allow(tigerstyle::function_length)]`
tigerstyle-consumer-check> 
tigerstyle-consumer-check> error: function `load_root_snapshot` has 0 assertion(s) in 72 lines (need 2+)
tigerstyle-consumer-check>    --> crates/crunch-store/src/composition.rs:78:34
tigerstyle-consumer-check>     |
tigerstyle-consumer-check>  78 |   ) -> Result<RootSnapshot, Error> {
tigerstyle-consumer-check>     |  __________________________________^
tigerstyle-consumer-check>  79 | |     let root_digest = parse_digest(&root.digest_blake3)?;
tigerstyle-consumer-check>  80 | |     let root_node = Node::Directory {
tigerstyle-consumer-check>  81 | |         digest: root_digest,
tigerstyle-consumer-check> ...   |
tigerstyle-consumer-check> 150 | |     })
tigerstyle-consumer-check> 151 | | }
tigerstyle-consumer-check>     | |_^
tigerstyle-consumer-check>     |
tigerstyle-consumer-check>     = help: Tiger Style (Assertion Density): add enough assertions to make local invariants visible near the logic they defend
tigerstyle-consumer-check>     = note: see Tiger Style guide: Assertion Density
tigerstyle-consumer-check>     = note: `-D tigerstyle::assertion-density` implied by `-D assertion-density`
tigerstyle-consumer-check>     = help: to override `-D assertion-density` add `#[allow(tigerstyle::assertion_density)]`
tigerstyle-consumer-check> 
tigerstyle-consumer-check> error: `size` looks like a quantity but has no unit suffix
tigerstyle-consumer-check>    --> crates/crunch-store/src/composition.rs:227:21
tigerstyle-consumer-check>     |
tigerstyle-consumer-check> 227 |                 let size = directory.size();
tigerstyle-consumer-check>     |                     ^^^^
tigerstyle-consumer-check>     |
tigerstyle-consumer-check>     = help: Tiger Style (Unit Suffixes): put the unit in the name of numeric quantities Example: timeout_ms
tigerstyle-consumer-check>     = note: structured suggestion applicability: HasPlaceholders
tigerstyle-consumer-check>     = note: see Tiger Style guide: Unit Suffixes
tigerstyle-consumer-check>     = note: `-D tigerstyle::numeric-units` implied by `-D numeric-units`
tigerstyle-consumer-check>     = help: to override `-D numeric-units` add `#[allow(tigerstyle::numeric_units)]`
tigerstyle-consumer-check> help: rename with an explicit unit suffix like `_ms`, `_secs`, or `_bytes`
tigerstyle-consumer-check>     |
tigerstyle-consumer-check> 227 |                 let size_<unit> = directory.size();
tigerstyle-consumer-check>     |                         +++++++
tigerstyle-consumer-check> 
tigerstyle-consumer-check> error: function `run_gc` is 92 lines (limit: 70)
tigerstyle-consumer-check>    --> crates/crunch-store/src/gc.rs:208:30
tigerstyle-consumer-check>     |
tigerstyle-consumer-check> 208 |   ) -> Result<GcReport, Error> {
tigerstyle-consumer-check>     |  ______________________________^
tigerstyle-consumer-check> 209 | |     assert!(!ctx.store_dir.is_empty(), "store_dir must not be empty");
tigerstyle-consumer-check> 210 | |     assert!(ctx.store_dir.starts_with('/'), "store_dir must be absolute");
tigerstyle-consumer-check> 211 | |     if ctx.retained_castore_roots.len() > MAX_GC_RETAINED_CASTORE_ROOTS {
tigerstyle-consumer-check> ...   |
tigerstyle-consumer-check> 301 | |     Ok(gc_result)
tigerstyle-consumer-check> 302 | | }
tigerstyle-consumer-check>     | |_^
tigerstyle-consumer-check>     |
tigerstyle-consumer-check>     = help: Tiger Style (Function Length): split long functions into named helpers at invariant or phase boundaries
tigerstyle-consumer-check>     = note: see Tiger Style guide: Function Length
tigerstyle-consumer-check> 
tigerstyle-consumer-check> error: `_exported_outputs_succeeded` looks like a quantity but has no unit suffix
tigerstyle-consumer-check>    --> crates/crunch-store/src/gc.rs:269:9
tigerstyle-consumer-check>     |
tigerstyle-consumer-check> 269 |     let _exported_outputs_succeeded = record_gc_operation(
tigerstyle-consumer-check>     |         ^^^^^^^^^^^^^^^^^^^^^^^^^^^
tigerstyle-consumer-check>     |
tigerstyle-consumer-check>     = help: Tiger Style (Unit Suffixes): put the unit in the name of numeric quantities Example: timeout_ms
tigerstyle-consumer-check>     = note: structured suggestion applicability: HasPlaceholders
tigerstyle-consumer-check>     = note: see Tiger Style guide: Unit Suffixes
tigerstyle-consumer-check> help: rename with an explicit unit suffix like `_ms`, `_secs`, or `_bytes`
tigerstyle-consumer-check>     |
tigerstyle-consumer-check> 269 |     let _exported_outputs_succeeded_<unit> = record_gc_operation(
tigerstyle-consumer-check>     |                                    +++++++
tigerstyle-consumer-check> 
tigerstyle-consumer-check> error: function `build_plan` is 110 lines (limit: 70)
tigerstyle-consumer-check>    --> crates/crunch-store/src/gc.rs:305:97
tigerstyle-consumer-check>     |
tigerstyle-consumer-check> 305 |   async fn build_plan(ctx: &GcContext<'_>, is_execution_requested: bool) -> Result<GcPlan, Error> {
tigerstyle-consumer-check>     |  _________________________________________________________________________________________________^
tigerstyle-consumer-check> 306 | |     assert!(!ctx.store_dir.is_empty(), "build_plan: store_dir must not be empty");
tigerstyle-consumer-check> 307 | |     assert!(ctx.store_dir.starts_with('/'), "build_plan: store_dir must be absolute");
tigerstyle-consumer-check> ...   |
tigerstyle-consumer-check> 415 | |     })
tigerstyle-consumer-check> 416 | | }
tigerstyle-consumer-check>     | |_^
tigerstyle-consumer-check>     |
tigerstyle-consumer-check>     = help: Tiger Style (Function Length): split long functions into named helpers at invariant or phase boundaries
tigerstyle-consumer-check>     = note: see Tiger Style guide: Function Length
tigerstyle-consumer-check> 
tigerstyle-consumer-check> error: `explanation_link_limit` looks like a quantity but has no unit suffix
tigerstyle-consumer-check>    --> crates/crunch-store/src/gc.rs:350:9
tigerstyle-consumer-check>     |
tigerstyle-consumer-check> 350 |     let explanation_link_limit =
tigerstyle-consumer-check>     |         ^^^^^^^^^^^^^^^^^^^^^^
tigerstyle-consumer-check>     |
tigerstyle-consumer-check>     = help: Tiger Style (Unit Suffixes): put the unit in the name of numeric quantities Example: timeout_ms
tigerstyle-consumer-check>     = note: structured suggestion applicability: HasPlaceholders
tigerstyle-consumer-check>     = note: see Tiger Style guide: Unit Suffixes
tigerstyle-consumer-check> help: rename with an explicit unit suffix like `_ms`, `_secs`, or `_bytes`
tigerstyle-consumer-check>     |
tigerstyle-consumer-check> 350 |     let explanation_link_limit_<unit> =
tigerstyle-consumer-check>     |                               +++++++
tigerstyle-consumer-check> 
tigerstyle-consumer-check> error: function `build_retention_explanations` has 0 assertion(s) in 24 lines (need 2+)
tigerstyle-consumer-check>    --> crates/crunch-store/src/gc.rs:442:49
tigerstyle-consumer-check>     |
tigerstyle-consumer-check> 442 |   ) -> Result<Vec<GcRetentionExplanation>, Error> {
tigerstyle-consumer-check>     |  _________________________________________________^
tigerstyle-consumer-check> 443 | |     let roots_by_path = roots.iter().map(|root| (root.logical_path.as_str(), root)).collect::<BTreeMap<_, _>>();
tigerstyle-consumer-check> 444 | |     let mut explanations = Vec::with_capacity(decisions.len());
tigerstyle-consumer-check> 445 | |     for decision in decisions {
tigerstyle-consumer-check> ...   |
tigerstyle-consumer-check> 464 | |     Ok(explanations)
tigerstyle-consumer-check> 465 | | }
tigerstyle-consumer-check>     | |_^
tigerstyle-consumer-check>     |
tigerstyle-consumer-check>     = help: Tiger Style (Assertion Density): add enough assertions to make local invariants visible near the logic they defend
tigerstyle-consumer-check>     = note: see Tiger Style guide: Assertion Density
tigerstyle-consumer-check> 
tigerstyle-consumer-check> error: function `build_path_explanations` has 0 assertion(s) in 26 lines (need 2+)
tigerstyle-consumer-check>    --> crates/crunch-store/src/gc.rs:480:44
tigerstyle-consumer-check>     |
tigerstyle-consumer-check> 480 |   ) -> Result<Vec<GcPathExplanation>, Error> {
tigerstyle-consumer-check>     |  ____________________________________________^
tigerstyle-consumer-check> 481 | |     if retaining_root_limit == 0 {
tigerstyle-consumer-check> 482 | |         return Err(Error::Gc("retaining-root explanation limit must be positive".to_string()));
tigerstyle-consumer-check> ...   |
tigerstyle-consumer-check> 504 | |     Ok(explanations)
tigerstyle-consumer-check> 505 | | }
tigerstyle-consumer-check>     | |_^
tigerstyle-consumer-check>     |
tigerstyle-consumer-check>     = help: Tiger Style (Assertion Density): add enough assertions to make local invariants visible near the logic they defend
tigerstyle-consumer-check>     = note: see Tiger Style guide: Assertion Density
tigerstyle-consumer-check> 
tigerstyle-consumer-check> error: function `build_usage_report` has 0 assertion(s) in 39 lines (need 2+)
tigerstyle-consumer-check>    --> crates/crunch-store/src/gc.rs:513:35
tigerstyle-consumer-check>     |
tigerstyle-consumer-check> 513 |   ) -> Result<GcUsageReport, Error> {
tigerstyle-consumer-check>     |  ___________________________________^
tigerstyle-consumer-check> 514 | |     let roots_by_path = retaining_roots
tigerstyle-consumer-check> 515 | |         .iter()
tigerstyle-consumer-check> 516 | |         .map(|entry| (entry.path_id.as_str(), entry.root_ids.clone()))
tigerstyle-consumer-check> ...   |
tigerstyle-consumer-check> 550 | |     })
tigerstyle-consumer-check> 551 | | }
tigerstyle-consumer-check>     | |_^
tigerstyle-consumer-check>     |
tigerstyle-consumer-check>     = help: Tiger Style (Assertion Density): add enough assertions to make local invariants visible near the logic they defend
tigerstyle-consumer-check>     = note: see Tiger Style guide: Assertion Density
tigerstyle-consumer-check> 
tigerstyle-consumer-check> error: `report` looks like a quantity but has no unit suffix
tigerstyle-consumer-check>    --> crates/crunch-store/src/gc.rs:530:9
tigerstyle-consumer-check>     |
tigerstyle-consumer-check> 530 |     let report = aggregate_usage(decisions, observations)
tigerstyle-consumer-check>     |         ^^^^^^
tigerstyle-consumer-check>     |
tigerstyle-consumer-check>     = help: Tiger Style (Unit Suffixes): put the unit in the name of numeric quantities Example: timeout_ms
tigerstyle-consumer-check>     = note: structured suggestion applicability: HasPlaceholders
tigerstyle-consumer-check>     = note: see Tiger Style guide: Unit Suffixes
tigerstyle-consumer-check> help: rename with an explicit unit suffix like `_ms`, `_secs`, or `_bytes`
tigerstyle-consumer-check>     |
tigerstyle-consumer-check> 530 |     let report_<unit> = aggregate_usage(decisions, observations)
tigerstyle-consumer-check>     |               +++++++
tigerstyle-consumer-check> 
tigerstyle-consumer-check> error: function `execution_plan_id` has 0 assertion(s) in 49 lines (need 2+)
tigerstyle-consumer-check>    --> crates/crunch-store/src/gc.rs:561:71
tigerstyle-consumer-check>     |
tigerstyle-consumer-check> 561 |   fn execution_plan_id(input: ExecutionPlanIdentityInput<'_>) -> String {
tigerstyle-consumer-check>     |  _______________________________________________________________________^
tigerstyle-consumer-check> 562 | |     let mut hasher = blake3::Hasher::new();
tigerstyle-consumer-check> 563 | |     hasher.update(GC_EXECUTION_PLAN_DOMAIN);
tigerstyle-consumer-check> 564 | |     hasher.update(input.core_plan_id);
tigerstyle-consumer-check> ...   |
tigerstyle-consumer-check> 608 | |     encode_blake3_identity(hasher.finalize().as_bytes())
tigerstyle-consumer-check> 609 | | }
tigerstyle-consumer-check>     | |_^
tigerstyle-consumer-check>     |
tigerstyle-consumer-check>     = help: Tiger Style (Assertion Density): add enough assertions to make local invariants visible near the logic they defend
tigerstyle-consumer-check>     = note: see Tiger Style guide: Assertion Density
tigerstyle-consumer-check> 
tigerstyle-consumer-check> error: function `compose_gc_snapshot` is 71 lines (limit: 70)
tigerstyle-consumer-check>    --> crates/crunch-store/src/gc.rs:633:40
tigerstyle-consumer-check>     |
tigerstyle-consumer-check> 633 |   ) -> Result<ComposedGcSnapshot, Error> {
tigerstyle-consumer-check>     |  ________________________________________^
tigerstyle-consumer-check> 634 | |     let mut pathinfos_by_id = BTreeMap::new();
tigerstyle-consumer-check> 635 | |     let mut ownership = BTreeMap::new();
tigerstyle-consumer-check> 636 | |     let mut queue = Vec::new();
tigerstyle-consumer-check> ...   |
tigerstyle-consumer-check> 703 | |     })
tigerstyle-consumer-check> 704 | | }
tigerstyle-consumer-check>     | |_^
tigerstyle-consumer-check>     |
tigerstyle-consumer-check>     = help: Tiger Style (Function Length): split long functions into named helpers at invariant or phase boundaries
tigerstyle-consumer-check>     = note: see Tiger Style guide: Function Length
tigerstyle-consumer-check> 
tigerstyle-consumer-check> error: function `compose_gc_snapshot` has 0 assertion(s) in 71 lines (need 2+)
tigerstyle-consumer-check>    --> crates/crunch-store/src/gc.rs:633:40
tigerstyle-consumer-check>     |
tigerstyle-consumer-check> 633 |   ) -> Result<ComposedGcSnapshot, Error> {
tigerstyle-consumer-check>     |  ________________________________________^
tigerstyle-consumer-check> 634 | |     let mut pathinfos_by_id = BTreeMap::new();
tigerstyle-consumer-check> 635 | |     let mut ownership = BTreeMap::new();
tigerstyle-consumer-check> 636 | |     let mut queue = Vec::new();
tigerstyle-consumer-check> ...   |
tigerstyle-consumer-check> 703 | |     })
tigerstyle-consumer-check> 704 | | }
tigerstyle-consumer-check>     | |_^
tigerstyle-consumer-check>     |
tigerstyle-consumer-check>     = help: Tiger Style (Assertion Density): add enough assertions to make local invariants visible near the logic they defend
tigerstyle-consumer-check>     = note: see Tiger Style guide: Assertion Density
tigerstyle-consumer-check> 
tigerstyle-consumer-check> error: function `core_plan_request` has 0 assertion(s) in 47 lines (need 2+)
tigerstyle-consumer-check>    --> crates/crunch-store/src/gc.rs:728:35
tigerstyle-consumer-check>     |
tigerstyle-consumer-check> 728 |   ) -> Result<GcPlanRequest, Error> {
tigerstyle-consumer-check>     |  ___________________________________^
tigerstyle-consumer-check> 729 | |     if store_dir.is_empty() || !store_dir.starts_with('/') {
tigerstyle-consumer-check> 730 | |         return Err(Error::Gc(format!("core GC store directory is invalid: {store_dir:?}")));
tigerstyle-consumer-check> ...   |
tigerstyle-consumer-check> 773 | |     })
tigerstyle-consumer-check> 774 | | }
tigerstyle-consumer-check>     | |_^
tigerstyle-consumer-check>     |
tigerstyle-consumer-check>     = help: Tiger Style (Assertion Density): add enough assertions to make local invariants visible near the logic they defend
tigerstyle-consumer-check>     = note: see Tiger Style guide: Assertion Density
tigerstyle-consumer-check> 
tigerstyle-consumer-check> error: function `path_size_bytes` has 1 assertion(s) in 43 lines (need 2+)
tigerstyle-consumer-check>     --> crates/crunch-store/src/gc.rs:1205:81
tigerstyle-consumer-check>      |
tigerstyle-consumer-check> 1205 |   fn path_size_bytes(root: &Path) -> Result<PathSizeObservation, PathSizeBlocker> {
tigerstyle-consumer-check>      |  _________________________________________________________________________________^
tigerstyle-consumer-check> 1206 | |     assert!(root.is_absolute(), "path_size_bytes: root must be absolute");
tigerstyle-consumer-check> 1207 | |     let root_metadata = std::fs::symlink_metadata(root).map_err(|_| PathSizeBlocker::MetadataUnreadable)?;
tigerstyle-consumer-check> 1208 | |     let path_kind = if root_metadata.file_type().is_symlink() {
tigerstyle-consumer-check> ...    |
tigerstyle-consumer-check> 1249 | |     })
tigerstyle-consumer-check> 1250 | | }
tigerstyle-consumer-check>      | |_^
tigerstyle-consumer-check>      |
tigerstyle-consumer-check>      = help: Tiger Style (Assertion Density): add enough assertions to make local invariants visible near the logic they defend
tigerstyle-consumer-check>      = note: see Tiger Style guide: Assertion Density
tigerstyle-consumer-check> 
tigerstyle-consumer-check> error: `read_limit` looks like a quantity but has no unit suffix
tigerstyle-consumer-check>    --> crates/crunch-store/src/handle.rs:533:9
tigerstyle-consumer-check>     |
tigerstyle-consumer-check> 533 |     let read_limit = NonZeroUsize::new(OVERLAY_DIRECTORY_READ_LIMIT)
tigerstyle-consumer-check>     |         ^^^^^^^^^^
tigerstyle-consumer-check>     |
tigerstyle-consumer-check>     = help: Tiger Style (Unit Suffixes): put the unit in the name of numeric quantities Example: timeout_ms
tigerstyle-consumer-check>     = note: structured suggestion applicability: HasPlaceholders
tigerstyle-consumer-check>     = note: see Tiger Style guide: Unit Suffixes
tigerstyle-consumer-check> help: rename with an explicit unit suffix like `_ms`, `_secs`, or `_bytes`
tigerstyle-consumer-check>     |
tigerstyle-consumer-check> 533 |     let read_limit_<unit> = NonZeroUsize::new(OVERLAY_DIRECTORY_READ_LIMIT)
tigerstyle-consumer-check>     |                   +++++++
tigerstyle-consumer-check> 
tigerstyle-consumer-check> error: `report` looks like a quantity but has no unit suffix
tigerstyle-consumer-check>     --> crates/crunch-store/src/handle.rs:1332:13
tigerstyle-consumer-check>      |
tigerstyle-consumer-check> 1332 |         let report = gc::run_gc(&ctx, &mut self.ca_mappings, accepted_plan_id).await?;
tigerstyle-consumer-check>      |             ^^^^^^
tigerstyle-consumer-check>      |
tigerstyle-consumer-check>      = help: Tiger Style (Unit Suffixes): put the unit in the name of numeric quantities Example: timeout_ms
tigerstyle-consumer-check>      = note: structured suggestion applicability: HasPlaceholders
tigerstyle-consumer-check>      = note: see Tiger Style guide: Unit Suffixes
tigerstyle-consumer-check> help: rename with an explicit unit suffix like `_ms`, `_secs`, or `_bytes`
tigerstyle-consumer-check>      |
tigerstyle-consumer-check> 1332 |         let report_<unit> = gc::run_gc(&ctx, &mut self.ca_mappings, accepted_plan_id).await?;
tigerstyle-consumer-check>      |                   +++++++
tigerstyle-consumer-check> 
tigerstyle-consumer-check> error: function `list_nario_v2` has 0 assertion(s) in 45 lines (need 2+)
tigerstyle-consumer-check>    --> crates/crunch-store/src/nario.rs:342:109
tigerstyle-consumer-check>     |
tigerstyle-consumer-check> 342 |   pub async fn list_nario_v2<R: AsyncRead + Unpin + Send>(reader: &mut R) -> Result<NarioV2ListReport, Error> {
tigerstyle-consumer-check>     |  _____________________________________________________________________________________________________________^
tigerstyle-consumer-check> 343 | |     let limits = NarioV2Limits::default();
tigerstyle-consumer-check> 344 | |     let mut hashing_reader = ArchiveHashReader::new(reader);
tigerstyle-consumer-check> 345 | |     let mut wire = nix_compat::wire::de::NixReader::builder()
tigerstyle-consumer-check> ...   |
tigerstyle-consumer-check> 385 | |     Err(nario_error("nario-v2-record-limit"))
tigerstyle-consumer-check> 386 | | }
tigerstyle-consumer-check>     | |_^
tigerstyle-consumer-check>     |
tigerstyle-consumer-check>     = help: Tiger Style (Assertion Density): add enough assertions to make local invariants visible near the logic they defend
tigerstyle-consumer-check>     = note: see Tiger Style guide: Assertion Density
tigerstyle-consumer-check> 
tigerstyle-consumer-check> error: `limits` looks like a quantity but has no unit suffix
tigerstyle-consumer-check>    --> crates/crunch-store/src/nario.rs:343:9
tigerstyle-consumer-check>     |
tigerstyle-consumer-check> 343 |     let limits = NarioV2Limits::default();
tigerstyle-consumer-check>     |         ^^^^^^
tigerstyle-consumer-check>     |
tigerstyle-consumer-check>     = help: Tiger Style (Unit Suffixes): put the unit in the name of numeric quantities Example: timeout_ms
tigerstyle-consumer-check>     = note: structured suggestion applicability: HasPlaceholders
tigerstyle-consumer-check>     = note: see Tiger Style guide: Unit Suffixes
tigerstyle-consumer-check> help: rename with an explicit unit suffix like `_ms`, `_secs`, or `_bytes`
tigerstyle-consumer-check>     |
tigerstyle-consumer-check> 343 |     let limits_<unit> = NarioV2Limits::default();
tigerstyle-consumer-check>     |               +++++++
tigerstyle-consumer-check> 
tigerstyle-consumer-check> error: `imported_count` looks like a quantity but has no unit suffix
tigerstyle-consumer-check>    --> crates/crunch-store/src/nario.rs:413:9
tigerstyle-consumer-check>     |
tigerstyle-consumer-check> 413 |     let imported_count = checked_u32(path_infos.len(), "nario-v2 imported count")?;
tigerstyle-consumer-check>     |         ^^^^^^^^^^^^^^
tigerstyle-consumer-check>     |
tigerstyle-consumer-check>     = help: Tiger Style (Unit Suffixes): put the unit in the name of numeric quantities Example: timeout_ms
tigerstyle-consumer-check>     = note: structured suggestion applicability: HasPlaceholders
tigerstyle-consumer-check>     = note: see Tiger Style guide: Unit Suffixes
tigerstyle-consumer-check> help: rename with an explicit unit suffix like `_ms`, `_secs`, or `_bytes`
tigerstyle-consumer-check>     |
tigerstyle-consumer-check> 413 |     let imported_count_<unit> = checked_u32(path_infos.len(), "nario-v2 imported count")?;
tigerstyle-consumer-check>     |                       +++++++
tigerstyle-consumer-check> 
tigerstyle-consumer-check> error: function `import_nario_v2` is 85 lines (limit: 70)
tigerstyle-consumer-check>    --> crates/crunch-store/src/nario.rs:436:41
tigerstyle-consumer-check>     |
tigerstyle-consumer-check> 436 |   ) -> Result<NarioV2ImportReport, Error> {
tigerstyle-consumer-check>     |  _________________________________________^
tigerstyle-consumer-check> 437 | |     if handle.store_dir() != NARIO_V2_STORE_PREFIX {
tigerstyle-consumer-check> 438 | |         return Err(nario_error(format!(
tigerstyle-consumer-check> 439 | |             "nario-v2-store-prefix-mismatch: direct import requires {NARIO_V2_STORE_PREFIX}, configured {}",
tigerstyle-consumer-check> ...   |
tigerstyle-consumer-check> 519 | |     Err(nario_error("nario-v2-record-limit"))
tigerstyle-consumer-check> 520 | | }
tigerstyle-consumer-check>     | |_^
tigerstyle-consumer-check>     |
tigerstyle-consumer-check>     = help: Tiger Style (Function Length): split long functions into named helpers at invariant or phase boundaries
tigerstyle-consumer-check>     = note: see Tiger Style guide: Function Length
tigerstyle-consumer-check> 
tigerstyle-consumer-check> error: function `import_nario_v2` has 0 assertion(s) in 85 lines (need 2+)
tigerstyle-consumer-check>    --> crates/crunch-store/src/nario.rs:436:41
tigerstyle-consumer-check>     |
tigerstyle-consumer-check> 436 |   ) -> Result<NarioV2ImportReport, Error> {
tigerstyle-consumer-check>     |  _________________________________________^
tigerstyle-consumer-check> 437 | |     if handle.store_dir() != NARIO_V2_STORE_PREFIX {
tigerstyle-consumer-check> 438 | |         return Err(nario_error(format!(
tigerstyle-consumer-check> 439 | |             "nario-v2-store-prefix-mismatch: direct import requires {NARIO_V2_STORE_PREFIX}, configured {}",
tigerstyle-consumer-check> ...   |
tigerstyle-consumer-check> 519 | |     Err(nario_error("nario-v2-record-limit"))
tigerstyle-consumer-check> 520 | | }
tigerstyle-consumer-check>     | |_^
tigerstyle-consumer-check>     |
tigerstyle-consumer-check>     = help: Tiger Style (Assertion Density): add enough assertions to make local invariants visible near the logic they defend
tigerstyle-consumer-check>     = note: see Tiger Style guide: Assertion Density
tigerstyle-consumer-check> 
tigerstyle-consumer-check> error: `limits` looks like a quantity but has no unit suffix
tigerstyle-consumer-check>    --> crates/crunch-store/src/nario.rs:443:9
tigerstyle-consumer-check>     |
tigerstyle-consumer-check> 443 |     let limits = NarioV2Limits::default();
tigerstyle-consumer-check>     |         ^^^^^^
tigerstyle-consumer-check>     |
tigerstyle-consumer-check>     = help: Tiger Style (Unit Suffixes): put the unit in the name of numeric quantities Example: timeout_ms
tigerstyle-consumer-check>     = note: structured suggestion applicability: HasPlaceholders
tigerstyle-consumer-check>     = note: see Tiger Style guide: Unit Suffixes
tigerstyle-consumer-check> help: rename with an explicit unit suffix like `_ms`, `_secs`, or `_bytes`
tigerstyle-consumer-check>     |
tigerstyle-consumer-check> 443 |     let limits_<unit> = NarioV2Limits::default();
tigerstyle-consumer-check>     |               +++++++
tigerstyle-consumer-check> 
tigerstyle-consumer-check> error: `limited` looks like a quantity but has no unit suffix
tigerstyle-consumer-check>    --> crates/crunch-store/src/nario.rs:487:17
tigerstyle-consumer-check>     |
tigerstyle-consumer-check> 487 |         let mut limited = (&mut wire).take(metadata.nar_size);
tigerstyle-consumer-check>     |                 ^^^^^^^
tigerstyle-consumer-check>     |
tigerstyle-consumer-check>     = help: Tiger Style (Unit Suffixes): put the unit in the name of numeric quantities Example: timeout_ms
tigerstyle-consumer-check>     = note: structured suggestion applicability: HasPlaceholders
tigerstyle-consumer-check>     = note: see Tiger Style guide: Unit Suffixes
tigerstyle-consumer-check> help: rename with an explicit unit suffix like `_ms`, `_secs`, or `_bytes`
tigerstyle-consumer-check>     |
tigerstyle-consumer-check> 487 |         let mut limited_<unit> = (&mut wire).take(metadata.nar_size);
tigerstyle-consumer-check>     |                        +++++++
tigerstyle-consumer-check> 
tigerstyle-consumer-check> error: function `read_metadata` has 0 assertion(s) in 52 lines (need 2+)
tigerstyle-consumer-check>    --> crates/crunch-store/src/nario.rs:533:35
tigerstyle-consumer-check>     |
tigerstyle-consumer-check> 533 |   ) -> Result<NarioMetadata, Error> {
tigerstyle-consumer-check>     |  ___________________________________^
tigerstyle-consumer-check> 534 | |     let store_path = parse_store_path(read_string(reader, "path").await?, "path")?;
tigerstyle-consumer-check> 535 | |     let deriver_text = read_string(reader, "deriver").await?;
tigerstyle-consumer-check> 536 | |     let deriver = if deriver_text.is_empty() {
tigerstyle-consumer-check> ...   |
tigerstyle-consumer-check> 583 | |     Ok(metadata)
tigerstyle-consumer-check> 584 | | }
tigerstyle-consumer-check>     | |_^
tigerstyle-consumer-check>     |
tigerstyle-consumer-check>     = help: Tiger Style (Assertion Density): add enough assertions to make local invariants visible near the logic they defend
tigerstyle-consumer-check>     = note: see Tiger Style guide: Assertion Density
tigerstyle-consumer-check> 
tigerstyle-consumer-check> error: `nar_size` looks like a quantity but has no unit suffix
tigerstyle-consumer-check>    --> crates/crunch-store/src/nario.rs:549:9
tigerstyle-consumer-check>     |
tigerstyle-consumer-check> 549 |     let nar_size = reader.read_number().await.map_err(read_error("nario-v2-nar-size"))?;
tigerstyle-consumer-check>     |         ^^^^^^^^
tigerstyle-consumer-check>     |
tigerstyle-consumer-check>     = help: Tiger Style (Unit Suffixes): put the unit in the name of numeric quantities Example: timeout_ms
tigerstyle-consumer-check>     = note: structured suggestion applicability: HasPlaceholders
tigerstyle-consumer-check>     = note: see Tiger Style guide: Unit Suffixes
tigerstyle-consumer-check> help: rename with an explicit unit suffix like `_ms`, `_secs`, or `_bytes`
tigerstyle-consumer-check>     |
tigerstyle-consumer-check> 549 |     let nar_size_<unit> = reader.read_number().await.map_err(read_error("nario-v2-nar-size"))?;
tigerstyle-consumer-check>     |                 +++++++
tigerstyle-consumer-check> 
tigerstyle-consumer-check> error: function `require_trusted` has 0 assertion(s) in 26 lines (need 2+)
tigerstyle-consumer-check>    --> crates/crunch-store/src/nario.rs:621:99
tigerstyle-consumer-check>     |
tigerstyle-consumer-check> 621 |   fn require_trusted(metadata: &NarioMetadata, options: &NarioV2ImportOptions) -> Result<(), Error> {
tigerstyle-consumer-check>     |  ___________________________________________________________________________________________________^
tigerstyle-consumer-check> 622 | |     if options.trust_unsigned {
tigerstyle-consumer-check> 623 | |         return Ok(());
tigerstyle-consumer-check> ...   |
tigerstyle-consumer-check> 645 | |     Ok(())
tigerstyle-consumer-check> 646 | | }
tigerstyle-consumer-check>     | |_^
tigerstyle-consumer-check>     |
tigerstyle-consumer-check>     = help: Tiger Style (Assertion Density): add enough assertions to make local invariants visible near the logic they defend
tigerstyle-consumer-check>     = note: see Tiger Style guide: Assertion Density
tigerstyle-consumer-check> 
tigerstyle-consumer-check> error: function `standard_nix_ca_path` has 0 assertion(s) in 23 lines (need 2+)
tigerstyle-consumer-check>    --> crates/crunch-store/src/nario.rs:675:109
tigerstyle-consumer-check>     |
tigerstyle-consumer-check> 675 |   fn standard_nix_ca_path(name: &str, ca: &CAHash, references: &[String]) -> Result<StorePath<String>, Error> {
tigerstyle-consumer-check>     |  _____________________________________________________________________________________________________________^
tigerstyle-consumer-check> 676 | |     let (ty, inner_digest) = match ca {
tigerstyle-consumer-check> 677 | |         CAHash::Text(digest) => (reference_type("text", references), *digest),
tigerstyle-consumer-check> 678 | |         CAHash::Nar(NixHash::Sha256(digest)) => (reference_type("source", references), *digest),
tigerstyle-consumer-check> ...   |
tigerstyle-consumer-check> 696 | |         .map_err(|error| nario_error(format!("nario-v2-content-address-path: {error}")))
tigerstyle-consumer-check> 697 | | }
tigerstyle-consumer-check>     | |_^
tigerstyle-consumer-check>     |
tigerstyle-consumer-check>     = help: Tiger Style (Assertion Density): add enough assertions to make local invariants visible near the logic they defend
tigerstyle-consumer-check>     = note: see Tiger Style guide: Assertion Density
tigerstyle-consumer-check> 
tigerstyle-consumer-check> error: condition has 6 boolean operators
tigerstyle-consumer-check>    --> crates/crunch-store/src/nario.rs:714:8
tigerstyle-consumer-check>     |
tigerstyle-consumer-check> 714 |       if local.store_path != metadata.store_path
tigerstyle-consumer-check>     |  ________^
tigerstyle-consumer-check> 715 | |         || local.references != metadata.references
tigerstyle-consumer-check> 716 | |         || local.nar_size != metadata.nar_size
tigerstyle-consumer-check> 717 | |         || local.nar_sha256 != metadata.nar_sha256
tigerstyle-consumer-check> 718 | |         || local.signatures != metadata.signatures
tigerstyle-consumer-check> 719 | |         || local.deriver != metadata.deriver
tigerstyle-consumer-check> 720 | |         || local.ca != metadata.ca
tigerstyle-consumer-check>     | |__________________________________^
tigerstyle-consumer-check>     |
tigerstyle-consumer-check>     = help: Tiger Style (Condition Decomposition): break multi-part conditions into named predicates or nested guards Example: if is_leader { if has_quorum { ... } }
tigerstyle-consumer-check>     = note: see Tiger Style guide: Condition Decomposition
tigerstyle-consumer-check>     = note: `-D tigerstyle::compound-condition` implied by `-D compound-condition`
tigerstyle-consumer-check>     = help: to override `-D compound-condition` add `#[allow(tigerstyle::compound_condition)]`
tigerstyle-consumer-check> 
tigerstyle-consumer-check> error: function `drain_and_verify_nar` has 0 assertion(s) in 22 lines (need 2+)
tigerstyle-consumer-check>    --> crates/crunch-store/src/nario.rs:727:116
tigerstyle-consumer-check>     |
tigerstyle-consumer-check> 727 |   async fn drain_and_verify_nar<R: AsyncRead + Unpin>(reader: &mut R, metadata: &NarioMetadata) -> Result<(), Error> {
tigerstyle-consumer-check>     |  ____________________________________________________________________________________________________________________^
tigerstyle-consumer-check> 728 | |     let mut limited = reader.take(metadata.nar_size);
tigerstyle-consumer-check> 729 | |     let mut hasher = sha2::Sha256::new();
tigerstyle-consumer-check> 730 | |     let mut buffer = vec![0u8; IO_BUFFER_BYTES];
tigerstyle-consumer-check> ...   |
tigerstyle-consumer-check> 747 | |     Ok(())
tigerstyle-consumer-check> 748 | | }
tigerstyle-consumer-check>     | |_^
tigerstyle-consumer-check>     |
tigerstyle-consumer-check>     = help: Tiger Style (Assertion Density): add enough assertions to make local invariants visible near the logic they defend
tigerstyle-consumer-check>     = note: see Tiger Style guide: Assertion Density
tigerstyle-consumer-check> 
tigerstyle-consumer-check> error: `limited` looks like a quantity but has no unit suffix
tigerstyle-consumer-check>    --> crates/crunch-store/src/nario.rs:728:13
tigerstyle-consumer-check>     |
tigerstyle-consumer-check> 728 |     let mut limited = reader.take(metadata.nar_size);
tigerstyle-consumer-check>     |             ^^^^^^^
tigerstyle-consumer-check>     |
tigerstyle-consumer-check>     = help: Tiger Style (Unit Suffixes): put the unit in the name of numeric quantities Example: timeout_ms
tigerstyle-consumer-check>     = note: structured suggestion applicability: HasPlaceholders
tigerstyle-consumer-check>     = note: see Tiger Style guide: Unit Suffixes
tigerstyle-consumer-check> help: rename with an explicit unit suffix like `_ms`, `_secs`, or `_bytes`
tigerstyle-consumer-check>     |
tigerstyle-consumer-check> 728 |     let mut limited_<unit> = reader.take(metadata.nar_size);
tigerstyle-consumer-check>     |                    +++++++
tigerstyle-consumer-check> 
tigerstyle-consumer-check> error: function `ensure_store_identity` has 0 assertion(s) in 39 lines (need 2+)
tigerstyle-consumer-check>    --> crates/crunch-store/src/overlay.rs:144:98
tigerstyle-consumer-check>     |
tigerstyle-consumer-check> 144 |   pub(crate) fn ensure_store_identity(state_dir: &Path, logical_prefix: &str) -> Result<(), Error> {
tigerstyle-consumer-check>     |  __________________________________________________________________________________________________^
tigerstyle-consumer-check> 145 | |     let policy = store_overlay_runtime_policy()?;
tigerstyle-consumer-check> 146 | |     let expected = StoreIdentityRecord {
tigerstyle-consumer-check> 147 | |         schema: STORE_STATE_SCHEMA.to_string(),
tigerstyle-consumer-check> ...   |
tigerstyle-consumer-check> 181 | |     Ok(())
tigerstyle-consumer-check> 182 | | }
tigerstyle-consumer-check>     | |_^
tigerstyle-consumer-check>     |
tigerstyle-consumer-check>     = help: Tiger Style (Assertion Density): add enough assertions to make local invariants visible near the logic they defend
tigerstyle-consumer-check>     = note: see Tiger Style guide: Assertion Density
tigerstyle-consumer-check> 
tigerstyle-consumer-check> error: function `overlay_report` has 0 assertion(s) in 43 lines (need 2+)
tigerstyle-consumer-check>    --> crates/crunch-store/src/overlay.rs:205:94
tigerstyle-consumer-check>     |
tigerstyle-consumer-check> 205 |   pub(crate) fn overlay_report(state: &StoreOverlayState) -> Result<StoreOverlayReport, Error> {
tigerstyle-consumer-check>     |  ______________________________________________________________________________________________^
tigerstyle-consumer-check> 206 | |     let policy = store_overlay_runtime_policy()?;
tigerstyle-consumer-check> 207 | |     if state.plan.descriptors.len() != state.base_state_dirs.len() {
tigerstyle-consumer-check> 208 | |         return Err(Error::Store("overlay report descriptor and base counts differ".to_string()));
tigerstyle-consumer-check> ...   |
tigerstyle-consumer-check> 246 | |     })
tigerstyle-consumer-check> 247 | | }
tigerstyle-consumer-check>     | |_^
tigerstyle-consumer-check>     |
tigerstyle-consumer-check>     = help: Tiger Style (Assertion Density): add enough assertions to make local invariants visible near the logic they defend
tigerstyle-consumer-check>     = note: see Tiger Style guide: Assertion Density
tigerstyle-consumer-check> 
tigerstyle-consumer-check> error: function `load_layer_trust_keys` has 0 assertion(s) in 25 lines (need 2+)
tigerstyle-consumer-check>    --> crates/crunch-store/src/overlay.rs:279:91
tigerstyle-consumer-check>     |
tigerstyle-consumer-check> 279 |   pub(crate) fn load_layer_trust_keys(state_dir: &Path) -> Result<Vec<VerifyingKey>, Error> {
tigerstyle-consumer-check>     |  ___________________________________________________________________________________________^
tigerstyle-consumer-check> 280 | |     let policy = store_overlay_runtime_policy()?;
tigerstyle-consumer-check> 281 | |     let public_keys_path = state_dir.join(OVERLAY_TRUSTED_PUBLIC_KEYS_FILE_NAME);
tigerstyle-consumer-check> 282 | |     let mut keys = if public_keys_path.exists() {
tigerstyle-consumer-check> ...   |
tigerstyle-consumer-check> 302 | |     Ok(keys)
tigerstyle-consumer-check> 303 | | }
tigerstyle-consumer-check>     | |_^
tigerstyle-consumer-check>     |
tigerstyle-consumer-check>     = help: Tiger Style (Assertion Density): add enough assertions to make local invariants visible near the logic they defend
tigerstyle-consumer-check>     = note: see Tiger Style guide: Assertion Density
tigerstyle-consumer-check> 
tigerstyle-consumer-check> error: function `parse_public_keys` has 0 assertion(s) in 25 lines (need 2+)
tigerstyle-consumer-check>    --> crates/crunch-store/src/overlay.rs:305:91
tigerstyle-consumer-check>     |
tigerstyle-consumer-check> 305 |   fn parse_public_keys(path: &Path, maximum_bytes: u64) -> Result<Vec<VerifyingKey>, Error> {
tigerstyle-consumer-check>     |  ___________________________________________________________________________________________^
tigerstyle-consumer-check> 306 | |     let bytes = read_file_bounded(path, maximum_bytes)?;
tigerstyle-consumer-check> 307 | |     let text = std::str::from_utf8(&bytes)
tigerstyle-consumer-check> 308 | |         .map_err(|error| Error::Store(format!("parsing {} as UTF-8: {error}", path.display())))?;
tigerstyle-consumer-check> ...   |
tigerstyle-consumer-check> 328 | |     Ok(keys)
tigerstyle-consumer-check> 329 | | }
tigerstyle-consumer-check>     | |_^
tigerstyle-consumer-check>     |
tigerstyle-consumer-check>     = help: Tiger Style (Assertion Density): add enough assertions to make local invariants visible near the logic they defend
tigerstyle-consumer-check>     = note: see Tiger Style guide: Assertion Density
tigerstyle-consumer-check> 
tigerstyle-consumer-check> error: function `validate_runtime_policy` has 0 assertion(s) in 26 lines (need 2+)
tigerstyle-consumer-check>    --> crates/crunch-store/src/overlay.rs:379:85
tigerstyle-consumer-check>     |
tigerstyle-consumer-check> 379 |   fn validate_runtime_policy(policy: &StoreOverlayRuntimePolicy) -> Result<(), Error> {
tigerstyle-consumer-check>     |  _____________________________________________________________________________________^
tigerstyle-consumer-check> 380 | |     let valid = policy.schema == STORE_OVERLAY_POLICY_SCHEMA
tigerstyle-consumer-check> 381 | |         && policy.hash_algorithm == "BLAKE3"
tigerstyle-consumer-check> 382 | |         && !policy.policy_name.is_empty()
tigerstyle-consumer-check> ...   |
tigerstyle-consumer-check> 403 | |     Ok(())
tigerstyle-consumer-check> 404 | | }
tigerstyle-consumer-check>     | |_^
tigerstyle-consumer-check>     |
tigerstyle-consumer-check>     = help: Tiger Style (Assertion Density): add enough assertions to make local invariants visible near the logic they defend
tigerstyle-consumer-check>     = note: see Tiger Style guide: Assertion Density
tigerstyle-consumer-check> 
tigerstyle-consumer-check> error: function `core_policy` has 0 assertion(s) in 21 lines (need 2+)
tigerstyle-consumer-check>    --> crates/crunch-store/src/overlay.rs:406:84
tigerstyle-consumer-check>     |
tigerstyle-consumer-check> 406 |   fn core_policy(policy: &StoreOverlayRuntimePolicy) -> Result<OverlayPolicy, Error> {
tigerstyle-consumer-check>     |  ____________________________________________________________________________________^
tigerstyle-consumer-check> 407 | |     let max_descriptor_bytes = usize::try_from(policy.limits.max_descriptor_bytes)
tigerstyle-consumer-check> 408 | |         .map_err(|_| Error::Store("overlay descriptor byte limit does not fit usize".to_string()))?;
tigerstyle-consumer-check> 409 | |     if max_descriptor_bytes == 0 {
tigerstyle-consumer-check> ...   |
tigerstyle-consumer-check> 425 | |     })
tigerstyle-consumer-check> 426 | | }
tigerstyle-consumer-check>     | |_^
tigerstyle-consumer-check>     |
tigerstyle-consumer-check>     = help: Tiger Style (Assertion Density): add enough assertions to make local invariants visible near the logic they defend
tigerstyle-consumer-check>     = note: see Tiger Style guide: Assertion Density
tigerstyle-consumer-check> 
tigerstyle-consumer-check> error: function `observe_base` has 0 assertion(s) in 26 lines (need 2+)
tigerstyle-consumer-check>    --> crates/crunch-store/src/overlay.rs:450:37
tigerstyle-consumer-check>     |
tigerstyle-consumer-check> 450 |   ) -> Result<BaseObservation, Error> {
tigerstyle-consumer-check>     |  _____________________________________^
tigerstyle-consumer-check> 451 | |     let metadata = fs::symlink_metadata(base_state_dir)
tigerstyle-consumer-check> 452 | |         .map_err(|error| Error::Store(format!("opening overlay base {}: {error}", base_state_dir.display())))?;
tigerstyle-consumer-check> 453 | |     if metadata.file_type().is_symlink() || !metadata.is_dir() {
tigerstyle-consumer-check> ...   |
tigerstyle-consumer-check> 474 | |     })
tigerstyle-consumer-check> 475 | | }
tigerstyle-consumer-check>     | |_^
tigerstyle-consumer-check>     |
tigerstyle-consumer-check>     = help: Tiger Style (Assertion Density): add enough assertions to make local invariants visible near the logic they defend
tigerstyle-consumer-check>     = note: see Tiger Style guide: Assertion Density
tigerstyle-consumer-check> 
tigerstyle-consumer-check> error: function `observe_generation_members` is 72 lines (limit: 70)
tigerstyle-consumer-check>    --> crates/crunch-store/src/overlay.rs:487:43
tigerstyle-consumer-check>     |
tigerstyle-consumer-check> 487 |   ) -> Result<Vec<GenerationMember>, Error> {
tigerstyle-consumer-check>     |  ___________________________________________^
tigerstyle-consumer-check> 488 | |     let mut members = Vec::new();
tigerstyle-consumer-check> 489 | |     let mut stack = vec![root.to_path_buf()];
tigerstyle-consumer-check> 490 | |     let mut observed_bytes = 0_u64;
tigerstyle-consumer-check> ...   |
tigerstyle-consumer-check> 557 | |     Ok(members)
tigerstyle-consumer-check> 558 | | }
tigerstyle-consumer-check>     | |_^
tigerstyle-consumer-check>     |
tigerstyle-consumer-check>     = help: Tiger Style (Function Length): split long functions into named helpers at invariant or phase boundaries
tigerstyle-consumer-check>     = note: see Tiger Style guide: Function Length
tigerstyle-consumer-check> 
tigerstyle-consumer-check> error: function `observe_generation_members` has 0 assertion(s) in 72 lines (need 2+)
tigerstyle-consumer-check>    --> crates/crunch-store/src/overlay.rs:487:43
tigerstyle-consumer-check>     |
tigerstyle-consumer-check> 487 |   ) -> Result<Vec<GenerationMember>, Error> {
tigerstyle-consumer-check>     |  ___________________________________________^
tigerstyle-consumer-check> 488 | |     let mut members = Vec::new();
tigerstyle-consumer-check> 489 | |     let mut stack = vec![root.to_path_buf()];
tigerstyle-consumer-check> 490 | |     let mut observed_bytes = 0_u64;
tigerstyle-consumer-check> ...   |
tigerstyle-consumer-check> 557 | |     Ok(members)
tigerstyle-consumer-check> 558 | | }
tigerstyle-consumer-check>     | |_^
tigerstyle-consumer-check>     |
tigerstyle-consumer-check>     = help: Tiger Style (Assertion Density): add enough assertions to make local invariants visible near the logic they defend
tigerstyle-consumer-check>     = note: see Tiger Style guide: Assertion Density
tigerstyle-consumer-check> 
tigerstyle-consumer-check> error: function `ensure_read_only_member` has 0 assertion(s) in 21 lines (need 2+)
tigerstyle-consumer-check>    --> crates/crunch-store/src/overlay.rs:560:113
tigerstyle-consumer-check>     |
tigerstyle-consumer-check> 560 |   fn ensure_read_only_member(declaration_index: usize, path: &Path, metadata: &fs::Metadata) -> Result<(), Error> {
tigerstyle-consumer-check>     |  _________________________________________________________________________________________________________________^
tigerstyle-consumer-check> 561 | |     #[cfg(unix)]
tigerstyle-consumer-check> 562 | |     {
tigerstyle-consumer-check> 563 | |         use std::os::unix::fs::PermissionsExt;
tigerstyle-consumer-check> ...   |
tigerstyle-consumer-check> 580 | |     Ok(())
tigerstyle-consumer-check> 581 | | }
tigerstyle-consumer-check>     | |_^
tigerstyle-consumer-check>     |
tigerstyle-consumer-check>     = help: Tiger Style (Assertion Density): add enough assertions to make local invariants visible near the logic they defend
tigerstyle-consumer-check>     = note: see Tiger Style guide: Assertion Density
tigerstyle-consumer-check> 
tigerstyle-consumer-check> error: function `hash_file` has 0 assertion(s) in 26 lines (need 2+)
tigerstyle-consumer-check>    --> crates/crunch-store/src/overlay.rs:583:88
tigerstyle-consumer-check>     |
tigerstyle-consumer-check> 583 |   fn hash_file(path: &Path, expected_bytes: u64) -> Result<[u8; blake3::OUT_LEN], Error> {
tigerstyle-consumer-check>     |  ________________________________________________________________________________________^
tigerstyle-consumer-check> 584 | |     let mut file = File::open(path)
tigerstyle-consumer-check> 585 | |         .map_err(|error| Error::Store(format!("opening overlay generation member {}: {error}", path.display())))?;
tigerstyle-consumer-check> 586 | |     let mut hasher = blake3::Hasher::new();
tigerstyle-consumer-check> ...   |
tigerstyle-consumer-check> 607 | |     Ok(*hasher.finalize().as_bytes())
tigerstyle-consumer-check> 608 | | }
tigerstyle-consumer-check>     | |_^
tigerstyle-consumer-check>     |
tigerstyle-consumer-check>     = help: Tiger Style (Assertion Density): add enough assertions to make local invariants visible near the logic they defend
tigerstyle-consumer-check>     = note: see Tiger Style guide: Assertion Density
tigerstyle-consumer-check> 
tigerstyle-consumer-check> error: function `read_file_bounded` has 0 assertion(s) in 21 lines (need 2+)
tigerstyle-consumer-check>    --> crates/crunch-store/src/overlay.rs:610:81
tigerstyle-consumer-check>     |
tigerstyle-consumer-check> 610 |   fn read_file_bounded(path: &Path, maximum_bytes: u64) -> Result<Vec<u8>, Error> {
tigerstyle-consumer-check>     |  _________________________________________________________________________________^
tigerstyle-consumer-check> 611 | |     let metadata =
tigerstyle-consumer-check> 612 | |         fs::symlink_metadata(path).map_err(|error| Error::Store(format!("observing {}: {error}", path.display())))?;
tigerstyle-consumer-check> 613 | |     if metadata.file_type().is_symlink() || !metadata.is_file() {
tigerstyle-consumer-check> ...   |
tigerstyle-consumer-check> 629 | |     Ok(bytes)
tigerstyle-consumer-check> 630 | | }
tigerstyle-consumer-check>     | |_^
tigerstyle-consumer-check>     |
tigerstyle-consumer-check>     = help: Tiger Style (Assertion Density): add enough assertions to make local invariants visible near the logic they defend
tigerstyle-consumer-check>     = note: see Tiger Style guide: Assertion Density
tigerstyle-consumer-check> 
tigerstyle-consumer-check> error: `read_limit` looks like a quantity but has no unit suffix
tigerstyle-consumer-check>    --> crates/crunch-store/src/overlay.rs:616:9
tigerstyle-consumer-check>     |
tigerstyle-consumer-check> 616 |     let read_limit = maximum_bytes
tigerstyle-consumer-check>     |         ^^^^^^^^^^
tigerstyle-consumer-check>     |
tigerstyle-consumer-check>     = help: Tiger Style (Unit Suffixes): put the unit in the name of numeric quantities Example: timeout_ms
tigerstyle-consumer-check>     = note: structured suggestion applicability: HasPlaceholders
tigerstyle-consumer-check>     = note: see Tiger Style guide: Unit Suffixes
tigerstyle-consumer-check> help: rename with an explicit unit suffix like `_ms`, `_secs`, or `_bytes`
tigerstyle-consumer-check>     |
tigerstyle-consumer-check> 616 |     let read_limit_<unit> = maximum_bytes
tigerstyle-consumer-check>     |                   +++++++
tigerstyle-consumer-check> 
tigerstyle-consumer-check> error: function `validate_foreign_provenance_policy` has 0 assertion(s) in 42 lines (need 2+)
tigerstyle-consumer-check>    --> crates/crunch-store/src/provenance.rs:298:99
tigerstyle-consumer-check>     |
tigerstyle-consumer-check> 298 |   pub fn validate_foreign_provenance_policy(policy: &ForeignProvenancePolicy) -> Result<(), String> {
tigerstyle-consumer-check>     |  ___________________________________________________________________________________________________^
tigerstyle-consumer-check> 299 | |     if policy.schema != FOREIGN_PROVENANCE_POLICY_SCHEMA {
tigerstyle-consumer-check> 300 | |         return Err(format!("foreign provenance policy schema must be {FOREIGN_PROVENANCE_POLICY_SCHEMA}"));
tigerstyle-consumer-check> ...   |
tigerstyle-consumer-check> 338 | |     Ok(())
tigerstyle-consumer-check> 339 | | }
tigerstyle-consumer-check>     | |_^
tigerstyle-consumer-check>     |
tigerstyle-consumer-check>     = help: Tiger Style (Assertion Density): add enough assertions to make local invariants visible near the logic they defend
tigerstyle-consumer-check>     = note: see Tiger Style guide: Assertion Density
tigerstyle-consumer-check> 
tigerstyle-consumer-check> error: `limits` looks like a quantity but has no unit suffix
tigerstyle-consumer-check>    --> crates/crunch-store/src/provenance.rs:302:9
tigerstyle-consumer-check>     |
tigerstyle-consumer-check> 302 |     let limits = [
tigerstyle-consumer-check>     |         ^^^^^^
tigerstyle-consumer-check>     |
tigerstyle-consumer-check>     = help: Tiger Style (Unit Suffixes): put the unit in the name of numeric quantities Example: timeout_ms
tigerstyle-consumer-check>     = note: structured suggestion applicability: HasPlaceholders
tigerstyle-consumer-check>     = note: see Tiger Style guide: Unit Suffixes
tigerstyle-consumer-check> help: rename with an explicit unit suffix like `_ms`, `_secs`, or `_bytes`
tigerstyle-consumer-check>     |
tigerstyle-consumer-check> 302 |     let limits_<unit> = [
tigerstyle-consumer-check>     |               +++++++
tigerstyle-consumer-check> 
tigerstyle-consumer-check> error: function `scan_castore_provenance` has 0 assertion(s) in 27 lines (need 2+)
tigerstyle-consumer-check>    --> crates/crunch-store/src/provenance.rs:344:43
tigerstyle-consumer-check>     |
tigerstyle-consumer-check> 344 |   ) -> Result<CastoreProvenanceScan, Error> {
tigerstyle-consumer-check>     |  ___________________________________________^
tigerstyle-consumer-check> 345 | |     validate_foreign_provenance_policy(request.policy).map_err(Error::Store)?;
tigerstyle-consumer-check> 346 | |     if request.selected_root_paths.is_empty() {
tigerstyle-consumer-check> 347 | |         return Err(Error::Store("foreign provenance audit requires at least one selected root".to_string()));
tigerstyle-consumer-check> ...   |
tigerstyle-consumer-check> 369 | |     Ok(finalize_scan(true, traversal_complete, path_infos, preflight))
tigerstyle-consumer-check> 370 | | }
tigerstyle-consumer-check>     | |_^
tigerstyle-consumer-check>     |
tigerstyle-consumer-check>     = help: Tiger Style (Assertion Density): add enough assertions to make local invariants visible near the logic they defend
tigerstyle-consumer-check>     = note: see Tiger Style guide: Assertion Density
tigerstyle-consumer-check> 
tigerstyle-consumer-check> error: function `preflight_path_infos` is 116 lines (limit: 70)
tigerstyle-consumer-check>    --> crates/crunch-store/src/provenance.rs:376:96
tigerstyle-consumer-check>     |
tigerstyle-consumer-check> 376 |   ) -> Result<(Vec<LoadedPathInfo>, Vec<ProvenancePathInfoObservation>, ScanAccumulator), Error> {
tigerstyle-consumer-check>     |  ________________________________________________________________________________________________^
tigerstyle-consumer-check> 377 | |     let service = store.pathinfo_service();
tigerstyle-consumer-check> 378 | |     let mut pending = request.selected_root_paths.iter().cloned().collect::<BTreeSet<_>>();
tigerstyle-consumer-check> 379 | |     let mut seen = BTreeSet::new();
tigerstyle-consumer-check> ...   |
tigerstyle-consumer-check> 491 | |     Ok((loaded_path_infos, observations, state))
tigerstyle-consumer-check> 492 | | }
tigerstyle-consumer-check>     | |_^
tigerstyle-consumer-check>     |
tigerstyle-consumer-check>     = help: Tiger Style (Function Length): split long functions into named helpers at invariant or phase boundaries
tigerstyle-consumer-check>     = note: see Tiger Style guide: Function Length
tigerstyle-consumer-check> 
tigerstyle-consumer-check> error: function `preflight_path_infos` has 0 assertion(s) in 116 lines (need 2+)
tigerstyle-consumer-check>    --> crates/crunch-store/src/provenance.rs:376:96
tigerstyle-consumer-check>     |
tigerstyle-consumer-check> 376 |   ) -> Result<(Vec<LoadedPathInfo>, Vec<ProvenancePathInfoObservation>, ScanAccumulator), Error> {
tigerstyle-consumer-check>     |  ________________________________________________________________________________________________^
tigerstyle-consumer-check> 377 | |     let service = store.pathinfo_service();
tigerstyle-consumer-check> 378 | |     let mut pending = request.selected_root_paths.iter().cloned().collect::<BTreeSet<_>>();
tigerstyle-consumer-check> 379 | |     let mut seen = BTreeSet::new();
tigerstyle-consumer-check> ...   |
tigerstyle-consumer-check> 491 | |     Ok((loaded_path_infos, observations, state))
tigerstyle-consumer-check> 492 | | }
tigerstyle-consumer-check>     | |_^
tigerstyle-consumer-check>     |
tigerstyle-consumer-check>     = help: Tiger Style (Assertion Density): add enough assertions to make local invariants visible near the logic they defend
tigerstyle-consumer-check>     = note: see Tiger Style guide: Assertion Density
tigerstyle-consumer-check> 
tigerstyle-consumer-check> error: function `walk_castore_payloads` is 164 lines (limit: 70)
tigerstyle-consumer-check>    --> crates/crunch-store/src/provenance.rs:500:24
tigerstyle-consumer-check>     |
tigerstyle-consumer-check> 500 |   ) -> Result<(), Error> {
tigerstyle-consumer-check>     |  ________________________^
tigerstyle-consumer-check> 501 | |     let directory_service = store.directory_service();
tigerstyle-consumer-check> 502 | |     let blob_service = store.blob_service();
tigerstyle-consumer-check> 503 | |     let mut worklist = Vec::with_capacity(INITIAL_WORKLIST_CAPACITY);
tigerstyle-consumer-check> ...   |
tigerstyle-consumer-check> 664 | |     Ok(())
tigerstyle-consumer-check> 665 | | }
tigerstyle-consumer-check>     | |_^
tigerstyle-consumer-check>     |
tigerstyle-consumer-check>     = help: Tiger Style (Function Length): split long functions into named helpers at invariant or phase boundaries
tigerstyle-consumer-check>     = note: see Tiger Style guide: Function Length
tigerstyle-consumer-check> 
tigerstyle-consumer-check> error: function `walk_castore_payloads` has 0 assertion(s) in 164 lines (need 2+)
tigerstyle-consumer-check>    --> crates/crunch-store/src/provenance.rs:500:24
tigerstyle-consumer-check>     |
tigerstyle-consumer-check> 500 |   ) -> Result<(), Error> {
tigerstyle-consumer-check>     |  ________________________^
tigerstyle-consumer-check> 501 | |     let directory_service = store.directory_service();
tigerstyle-consumer-check> 502 | |     let blob_service = store.blob_service();
tigerstyle-consumer-check> 503 | |     let mut worklist = Vec::with_capacity(INITIAL_WORKLIST_CAPACITY);
tigerstyle-consumer-check> ...   |
tigerstyle-consumer-check> 664 | |     Ok(())
tigerstyle-consumer-check> 665 | | }
tigerstyle-consumer-check>     | |_^
tigerstyle-consumer-check>     |
tigerstyle-consumer-check>     = help: Tiger Style (Assertion Density): add enough assertions to make local invariants visible near the logic they defend
tigerstyle-consumer-check>     = note: see Tiger Style guide: Assertion Density
tigerstyle-consumer-check> 
tigerstyle-consumer-check> error: function `read_blob_exact` has 0 assertion(s) in 20 lines (need 2+)
tigerstyle-consumer-check>    --> crates/crunch-store/src/provenance.rs:671:30
tigerstyle-consumer-check>     |
tigerstyle-consumer-check> 671 |   ) -> Result<Vec<u8>, String> {
tigerstyle-consumer-check>     |  ______________________________^
tigerstyle-consumer-check> 672 | |     let Some(reader) = blob_service
tigerstyle-consumer-check> 673 | |         .open_read(digest)
tigerstyle-consumer-check> 674 | |         .await
tigerstyle-consumer-check> ...   |
tigerstyle-consumer-check> 689 | |     Ok(bytes)
tigerstyle-consumer-check> 690 | | }
tigerstyle-consumer-check>     | |_^
tigerstyle-consumer-check>     |
tigerstyle-consumer-check>     = help: Tiger Style (Assertion Density): add enough assertions to make local invariants visible near the logic they defend
tigerstyle-consumer-check>     = note: see Tiger Style guide: Assertion Density
tigerstyle-consumer-check> 
tigerstyle-consumer-check> error: `capacity` looks like a quantity but has no unit suffix
tigerstyle-consumer-check>    --> crates/crunch-store/src/provenance.rs:679:9
tigerstyle-consumer-check>     |
tigerstyle-consumer-check> 679 |     let capacity = usize::try_from(expected_size).unwrap_or(INITIAL_READ_CAPACITY);
tigerstyle-consumer-check>     |         ^^^^^^^^
tigerstyle-consumer-check>     |
tigerstyle-consumer-check>     = help: Tiger Style (Unit Suffixes): put the unit in the name of numeric quantities Example: timeout_ms
tigerstyle-consumer-check>     = note: structured suggestion applicability: HasPlaceholders
tigerstyle-consumer-check>     = note: see Tiger Style guide: Unit Suffixes
tigerstyle-consumer-check> help: rename with an explicit unit suffix like `_ms`, `_secs`, or `_bytes`
tigerstyle-consumer-check>     |
tigerstyle-consumer-check> 679 |     let capacity_<unit> = usize::try_from(expected_size).unwrap_or(INITIAL_READ_CAPACITY);
tigerstyle-consumer-check>     |                 +++++++
tigerstyle-consumer-check> 
tigerstyle-consumer-check> error: function `classify_payload` has 0 assertion(s) in 34 lines (need 2+)
tigerstyle-consumer-check>    --> crates/crunch-store/src/provenance.rs:692:95
tigerstyle-consumer-check>     |
tigerstyle-consumer-check> 692 |   pub fn classify_payload(executable: bool, path: &str, bytes: &[u8]) -> ProvenancePayloadClass {
tigerstyle-consumer-check>     |  _______________________________________________________________________________________________^
tigerstyle-consumer-check> 693 | |     if bytes.starts_with(GZIP_MAGIC) {
tigerstyle-consumer-check> 694 | |         return ProvenancePayloadClass::GzipStream;
tigerstyle-consumer-check> ...   |
tigerstyle-consumer-check> 725 | | }
tigerstyle-consumer-check>     | |_^
tigerstyle-consumer-check>     |
tigerstyle-consumer-check>     = help: Tiger Style (Assertion Density): add enough assertions to make local invariants visible near the logic they defend
tigerstyle-consumer-check>     = note: see Tiger Style guide: Assertion Density
tigerstyle-consumer-check> 
tigerstyle-consumer-check> error: function `inspect_payload` has 0 assertion(s) in 45 lines (need 2+)
tigerstyle-consumer-check>    --> crates/crunch-store/src/provenance.rs:733:3
tigerstyle-consumer-check>     |
tigerstyle-consumer-check> 733 |   ) {
tigerstyle-consumer-check>     |  ___^
tigerstyle-consumer-check> 734 | |     if state.halted {
tigerstyle-consumer-check> 735 | |         return;
tigerstyle-consumer-check> ...   |
tigerstyle-consumer-check> 777 | | }
tigerstyle-consumer-check>     | |_^
tigerstyle-consumer-check>     |
tigerstyle-consumer-check>     = help: Tiger Style (Assertion Density): add enough assertions to make local invariants visible near the logic they defend
tigerstyle-consumer-check>     = note: see Tiger Style guide: Assertion Density
tigerstyle-consumer-check> 
tigerstyle-consumer-check> error: function `is_libtool_archive` has 0 assertion(s) in 21 lines (need 2+)
tigerstyle-consumer-check>    --> crates/crunch-store/src/provenance.rs:779:57
tigerstyle-consumer-check>     |
tigerstyle-consumer-check> 779 |   fn is_libtool_archive(path: &str, bytes: &[u8]) -> bool {
tigerstyle-consumer-check>     |  _________________________________________________________^
tigerstyle-consumer-check> 780 | |     if !path.ends_with(".la") {
tigerstyle-consumer-check> 781 | |         return false;
tigerstyle-consumer-check> ...   |
tigerstyle-consumer-check> 798 | |     generated_by_libtool && has_dynamic_name && has_library_names && has_installation_state
tigerstyle-consumer-check> 799 | | }
tigerstyle-consumer-check>     | |_^
tigerstyle-consumer-check>     |
tigerstyle-consumer-check>     = help: Tiger Style (Assertion Density): add enough assertions to make local invariants visible near the logic they defend
tigerstyle-consumer-check>     = note: see Tiger Style guide: Assertion Density
tigerstyle-consumer-check> 
tigerstyle-consumer-check> error: function `inspect_shebang` has 0 assertion(s) in 48 lines (need 2+)
tigerstyle-consumer-check>    --> crates/crunch-store/src/provenance.rs:820:3
tigerstyle-consumer-check>     |
tigerstyle-consumer-check> 820 |   ) {
tigerstyle-consumer-check>     |  ___^
tigerstyle-consumer-check> 821 | |     let max = usize::try_from(policy.max_shebang_bytes).unwrap_or(usize::MAX);
tigerstyle-consumer-check> 822 | |     let line_end = input.bytes.iter().position(|byte| *byte == b'\n').unwrap_or(input.bytes.len());
tigerstyle-consumer-check> 823 | |     if line_end > max {
tigerstyle-consumer-check> ...   |
tigerstyle-consumer-check> 866 | |     );
tigerstyle-consumer-check> 867 | | }
tigerstyle-consumer-check>     | |_^
tigerstyle-consumer-check>     |
tigerstyle-consumer-check>     = help: Tiger Style (Assertion Density): add enough assertions to make local invariants visible near the logic they defend
tigerstyle-consumer-check>     = note: see Tiger Style guide: Assertion Density
tigerstyle-consumer-check> 
tigerstyle-consumer-check> error: function `scan_byte_references` has 0 assertion(s) in 36 lines (need 2+)
tigerstyle-consumer-check>    --> crates/crunch-store/src/provenance.rs:874:3
tigerstyle-consumer-check>     |
tigerstyle-consumer-check> 874 |   ) {
tigerstyle-consumer-check>     |  ___^
tigerstyle-consumer-check> 875 | |     let mut prefixes = context.foreign_store_prefixes.clone();
tigerstyle-consumer-check> 876 | |     prefixes.push(context.target_store_prefix.to_string());
tigerstyle-consumer-check> 877 | |     prefixes.sort();
tigerstyle-consumer-check> ...   |
tigerstyle-consumer-check> 909 | | }
tigerstyle-consumer-check>     | |_^
tigerstyle-consumer-check>     |
tigerstyle-consumer-check>     = help: Tiger Style (Assertion Density): add enough assertions to make local invariants visible near the logic they defend
tigerstyle-consumer-check>     = note: see Tiger Style guide: Assertion Density
tigerstyle-consumer-check> 
tigerstyle-consumer-check> error: function `resolve_observed_reference` has 0 assertion(s) in 34 lines (need 2+)
tigerstyle-consumer-check>    --> crates/crunch-store/src/provenance.rs:920:3
tigerstyle-consumer-check>     |
tigerstyle-consumer-check> 920 |   ) {
tigerstyle-consumer-check>     |  ___^
tigerstyle-consumer-check> 921 | |     let normalized_suffix = match normalize_store_suffix(suffix) {
tigerstyle-consumer-check> 922 | |         Ok(normalized) => normalized,
tigerstyle-consumer-check> 923 | |         Err(()) => {
tigerstyle-consumer-check> ...   |
tigerstyle-consumer-check> 952 | |     });
tigerstyle-consumer-check> 953 | | }
tigerstyle-consumer-check>     | |_^
tigerstyle-consumer-check>     |
tigerstyle-consumer-check>     = help: Tiger Style (Assertion Density): add enough assertions to make local invariants visible near the logic they defend
tigerstyle-consumer-check>     = note: see Tiger Style guide: Assertion Density
tigerstyle-consumer-check> 
tigerstyle-consumer-check> error: function `inspect_symlink` has 0 assertion(s) in 39 lines (need 2+)
tigerstyle-consumer-check>     --> crates/crunch-store/src/provenance.rs:963:3
tigerstyle-consumer-check>      |
tigerstyle-consumer-check>  963 |   ) {
tigerstyle-consumer-check>      |  ___^
tigerstyle-consumer-check>  964 | |     if target.starts_with(PATH_COMPONENT_SEPARATOR) {
tigerstyle-consumer-check>  965 | |         let prefix = if target.starts_with(&format!("{}/", context.target_store_prefix)) {
tigerstyle-consumer-check>  966 | |             context.target_store_prefix
tigerstyle-consumer-check> ...    |
tigerstyle-consumer-check> 1001 | | }
tigerstyle-consumer-check>      | |_^
tigerstyle-consumer-check>      |
tigerstyle-consumer-check>      = help: Tiger Style (Assertion Density): add enough assertions to make local invariants visible near the logic they defend
tigerstyle-consumer-check>      = note: see Tiger Style guide: Assertion Density
tigerstyle-consumer-check> 
tigerstyle-consumer-check> error: function `resolve_relative_path` has 0 assertion(s) in 24 lines (need 2+)
tigerstyle-consumer-check>     --> crates/crunch-store/src/provenance.rs:1003:90
tigerstyle-consumer-check>      |
tigerstyle-consumer-check> 1003 |   fn resolve_relative_path(path: &str, target: &str, root: &str) -> Result<String, String> {
tigerstyle-consumer-check>      |  __________________________________________________________________________________________^
tigerstyle-consumer-check> 1004 | |     let mut components = path
tigerstyle-consumer-check> 1005 | |         .rsplit_once(PATH_COMPONENT_SEPARATOR)
tigerstyle-consumer-check> 1006 | |         .map(|(parent, _)| parent)
tigerstyle-consumer-check> ...    |
tigerstyle-consumer-check> 1025 | |     Ok(format!("/{}", components.join("/")))
tigerstyle-consumer-check> 1026 | | }
tigerstyle-consumer-check>      | |_^
tigerstyle-consumer-check>      |
tigerstyle-consumer-check>      = help: Tiger Style (Assertion Density): add enough assertions to make local invariants visible near the logic they defend
tigerstyle-consumer-check>      = note: see Tiger Style guide: Assertion Density
tigerstyle-consumer-check> 
tigerstyle-consumer-check> error: function `inspect_tar` is 96 lines (limit: 70)
tigerstyle-consumer-check>     --> crates/crunch-store/src/provenance.rs:1054:3
tigerstyle-consumer-check>      |
tigerstyle-consumer-check> 1054 |   ) {
tigerstyle-consumer-check>      |  ___^
tigerstyle-consumer-check> 1055 | |     if container_depth >= policy.max_container_depth {
tigerstyle-consumer-check> 1056 | |         state.limit(policy, input.path, "container-depth");
tigerstyle-consumer-check> 1057 | |         return;
tigerstyle-consumer-check> ...    |
tigerstyle-consumer-check> 1148 | |     inspect_container_entries(input, parsed, container_depth, policy, context, state);
tigerstyle-consumer-check> 1149 | | }
tigerstyle-consumer-check>      | |_^
tigerstyle-consumer-check>      |
tigerstyle-consumer-check>      = help: Tiger Style (Function Length): split long functions into named helpers at invariant or phase boundaries
tigerstyle-consumer-check>      = note: see Tiger Style guide: Function Length
tigerstyle-consumer-check> 
tigerstyle-consumer-check> error: function `inspect_tar` has 0 assertion(s) in 96 lines (need 2+)
tigerstyle-consumer-check>     --> crates/crunch-store/src/provenance.rs:1054:3
tigerstyle-consumer-check>      |
tigerstyle-consumer-check> 1054 |   ) {
tigerstyle-consumer-check>      |  ___^
tigerstyle-consumer-check> 1055 | |     if container_depth >= policy.max_container_depth {
tigerstyle-consumer-check> 1056 | |         state.limit(policy, input.path, "container-depth");
tigerstyle-consumer-check> 1057 | |         return;
tigerstyle-consumer-check> ...    |
tigerstyle-consumer-check> 1148 | |     inspect_container_entries(input, parsed, container_depth, policy, context, state);
tigerstyle-consumer-check> 1149 | | }
tigerstyle-consumer-check>      | |_^
tigerstyle-consumer-check>      |
tigerstyle-consumer-check>      = help: Tiger Style (Assertion Density): add enough assertions to make local invariants visible near the logic they defend
tigerstyle-consumer-check>      = note: see Tiger Style guide: Assertion Density
tigerstyle-consumer-check> 
tigerstyle-consumer-check> error: function `parse_newc_entries` is 121 lines (limit: 70)
tigerstyle-consumer-check>     --> crates/crunch-store/src/provenance.rs:1245:34
tigerstyle-consumer-check>      |
tigerstyle-consumer-check> 1245 |   ) -> Option<Vec<ContainerEntry>> {
tigerstyle-consumer-check>      |  __________________________________^
tigerstyle-consumer-check> 1246 | |     let mut offset = 0usize;
tigerstyle-consumer-check> 1247 | |     let mut entries = Vec::new();
tigerstyle-consumer-check> 1248 | |     while offset < bytes.len() {
tigerstyle-consumer-check> ...    |
tigerstyle-consumer-check> 1364 | |     None
tigerstyle-consumer-check> 1365 | | }
tigerstyle-consumer-check>      | |_^
tigerstyle-consumer-check>      |
tigerstyle-consumer-check>      = help: Tiger Style (Function Length): split long functions into named helpers at invariant or phase boundaries
tigerstyle-consumer-check>      = note: see Tiger Style guide: Function Length
tigerstyle-consumer-check> 
tigerstyle-consumer-check> error: function `parse_newc_entries` has 0 assertion(s) in 121 lines (need 2+)
tigerstyle-consumer-check>     --> crates/crunch-store/src/provenance.rs:1245:34
tigerstyle-consumer-check>      |
tigerstyle-consumer-check> 1245 |   ) -> Option<Vec<ContainerEntry>> {
tigerstyle-consumer-check>      |  __________________________________^
tigerstyle-consumer-check> 1246 | |     let mut offset = 0usize;
tigerstyle-consumer-check> 1247 | |     let mut entries = Vec::new();
tigerstyle-consumer-check> 1248 | |     while offset < bytes.len() {
tigerstyle-consumer-check> ...    |
tigerstyle-consumer-check> 1364 | |     None
tigerstyle-consumer-check> 1365 | | }
tigerstyle-consumer-check>      | |_^
tigerstyle-consumer-check>      |
tigerstyle-consumer-check>      = help: Tiger Style (Assertion Density): add enough assertions to make local invariants visible near the logic they defend
tigerstyle-consumer-check>      = note: see Tiger Style guide: Assertion Density
tigerstyle-consumer-check> 
tigerstyle-consumer-check> error: `offset` looks like a quantity but has no unit suffix
tigerstyle-consumer-check>     --> crates/crunch-store/src/provenance.rs:1246:13
tigerstyle-consumer-check>      |
tigerstyle-consumer-check> 1246 |     let mut offset = 0usize;
tigerstyle-consumer-check>      |             ^^^^^^
tigerstyle-consumer-check>      |
tigerstyle-consumer-check>      = help: Tiger Style (Unit Suffixes): put the unit in the name of numeric quantities Example: timeout_ms
tigerstyle-consumer-check>      = note: structured suggestion applicability: HasPlaceholders
tigerstyle-consumer-check>      = note: see Tiger Style guide: Unit Suffixes
tigerstyle-consumer-check> help: rename with an explicit unit suffix like `_ms`, `_secs`, or `_bytes`
tigerstyle-consumer-check>      |
tigerstyle-consumer-check> 1246 |     let mut offset_<unit> = 0usize;
tigerstyle-consumer-check>      |                   +++++++
tigerstyle-consumer-check> 
tigerstyle-consumer-check> error: function `inspect_container_entries` has 0 assertion(s) in 42 lines (need 2+)
tigerstyle-consumer-check>     --> crates/crunch-store/src/provenance.rs:1374:3
tigerstyle-consumer-check>      |
tigerstyle-consumer-check> 1374 |   ) {
tigerstyle-consumer-check>      |  ___^
tigerstyle-consumer-check> 1375 | |     let entry_paths = entries.iter().map(|entry| entry.path.clone()).collect::<BTreeSet<_>>();
tigerstyle-consumer-check> 1376 | |     state.observed_paths.extend(entry_paths);
tigerstyle-consumer-check> 1377 | |     for entry in entries {
tigerstyle-consumer-check> ...    |
tigerstyle-consumer-check> 1415 | | }
tigerstyle-consumer-check>      | |_^
tigerstyle-consumer-check>      |
tigerstyle-consumer-check>      = help: Tiger Style (Assertion Density): add enough assertions to make local invariants visible near the logic they defend
tigerstyle-consumer-check>      = note: see Tiger Style guide: Assertion Density
tigerstyle-consumer-check> 
tigerstyle-consumer-check> error: function `normalize_store_suffix` has 0 assertion(s) in 23 lines (need 2+)
tigerstyle-consumer-check>     --> crates/crunch-store/src/provenance.rs:1556:63
tigerstyle-consumer-check>      |
tigerstyle-consumer-check> 1556 |   fn normalize_store_suffix(suffix: &str) -> Result<String, ()> {
tigerstyle-consumer-check>      |  _______________________________________________________________^
tigerstyle-consumer-check> 1557 | |     if suffix.is_empty() {
tigerstyle-consumer-check> 1558 | |         return Ok(String::new());
tigerstyle-consumer-check> ...    |
tigerstyle-consumer-check> 1578 | | }
tigerstyle-consumer-check>      | |_^
tigerstyle-consumer-check>      |
tigerstyle-consumer-check>      = help: Tiger Style (Assertion Density): add enough assertions to make local invariants visible near the logic they defend
tigerstyle-consumer-check>      = note: see Tiger Style guide: Assertion Density
tigerstyle-consumer-check> 
tigerstyle-consumer-check> error: `next_length` looks like a quantity but has no unit suffix
tigerstyle-consumer-check>    --> crates/crunch-store/src/pull.rs:329:13
tigerstyle-consumer-check>     |
tigerstyle-consumer-check> 329 |         let next_length = u64::try_from(bytes.len())
tigerstyle-consumer-check>     |             ^^^^^^^^^^^
tigerstyle-consumer-check>     |
tigerstyle-consumer-check>     = help: Tiger Style (Unit Suffixes): put the unit in the name of numeric quantities Example: timeout_ms
tigerstyle-consumer-check>     = note: structured suggestion applicability: HasPlaceholders
tigerstyle-consumer-check>     = note: see Tiger Style guide: Unit Suffixes
tigerstyle-consumer-check> help: rename with an explicit unit suffix like `_ms`, `_secs`, or `_bytes`
tigerstyle-consumer-check>     |
tigerstyle-consumer-check> 329 |         let next_length_<unit> = u64::try_from(bytes.len())
tigerstyle-consumer-check>     |                        +++++++
tigerstyle-consumer-check> 
tigerstyle-consumer-check> error: `report` looks like a quantity but has no unit suffix
tigerstyle-consumer-check>    --> crates/crunch-store/src/pull.rs:423:9
tigerstyle-consumer-check>     |
tigerstyle-consumer-check> 423 |     let report = import_discovered_http_closure(handle, &client, &normalized_cache_url, options, discovered).await?;
tigerstyle-consumer-check>     |         ^^^^^^
tigerstyle-consumer-check>     |
tigerstyle-consumer-check>     = help: Tiger Style (Unit Suffixes): put the unit in the name of numeric quantities Example: timeout_ms
tigerstyle-consumer-check>     = note: structured suggestion applicability: HasPlaceholders
tigerstyle-consumer-check>     = note: see Tiger Style guide: Unit Suffixes
tigerstyle-consumer-check> help: rename with an explicit unit suffix like `_ms`, `_secs`, or `_bytes`
tigerstyle-consumer-check>     |
tigerstyle-consumer-check> 423 |     let report_<unit> = import_discovered_http_closure(handle, &client, &normalized_cache_url, options, discovered).await?;
tigerstyle-consumer-check>     |               +++++++
tigerstyle-consumer-check> 
tigerstyle-consumer-check> error: condition has 4 boolean operators
tigerstyle-consumer-check>    --> crates/crunch-store/src/pull.rs:610:8
tigerstyle-consumer-check>     |
tigerstyle-consumer-check> 610 |       if path_info.store_path != discovered.path
tigerstyle-consumer-check>     |  ________^
tigerstyle-consumer-check> 611 | |         || path_info.store_path.to_string() != member.store_path
tigerstyle-consumer-check> 612 | |         || path_info.nar_size != member.nar_size
tigerstyle-consumer-check> 613 | |         || nar_sha256_hex != member.nar_sha256_hex
tigerstyle-consumer-check> 614 | |         || references != member.references
tigerstyle-consumer-check>     | |__________________________________________^
tigerstyle-consumer-check>     |
tigerstyle-consumer-check>     = help: Tiger Style (Condition Decomposition): break multi-part conditions into named predicates or nested guards Example: if is_leader { if has_quorum { ... } }
tigerstyle-consumer-check>     = note: see Tiger Style guide: Condition Decomposition
tigerstyle-consumer-check> 
tigerstyle-consumer-check> error: function `import_planned_http_member` has 0 assertion(s) in 31 lines (need 2+)
tigerstyle-consumer-check>    --> crates/crunch-store/src/pull.rs:670:24
tigerstyle-consumer-check>     |
tigerstyle-consumer-check> 670 |   ) -> Result<(), Error> {
tigerstyle-consumer-check>     |  ________________________^
tigerstyle-consumer-check> 671 | |     let narinfo = NarInfo::parse_with_store_dir(&discovered.text, context.handle.store_dir()).map_err(|error| {
tigerstyle-consumer-check> 672 | |         Error::Store(format!("http-closure-planned-narinfo-parse-failed: {}: {error}", member.store_path))
tigerstyle-consumer-check> 673 | |     })?;
tigerstyle-consumer-check> ...   |
tigerstyle-consumer-check> 699 | |     .await
tigerstyle-consumer-check> 700 | | }
tigerstyle-consumer-check>     | |_^
tigerstyle-consumer-check>     |
tigerstyle-consumer-check>     = help: Tiger Style (Assertion Density): add enough assertions to make local invariants visible near the logic they defend
tigerstyle-consumer-check>     = note: see Tiger Style guide: Assertion Density
tigerstyle-consumer-check> 
tigerstyle-consumer-check> error: condition has 4 boolean operators
tigerstyle-consumer-check>    --> crates/crunch-store/src/pull.rs:713:8
tigerstyle-consumer-check>     |
tigerstyle-consumer-check> 713 |       if narinfo.store_path.to_string() != member.store_path
tigerstyle-consumer-check>     |  ________^
tigerstyle-consumer-check> 714 | |         || narinfo.nar_size != member.nar_size
tigerstyle-consumer-check> 715 | |         || nar_hash_hex != member.nar_sha256_hex
tigerstyle-consumer-check> 716 | |         || references != member.references
tigerstyle-consumer-check> 717 | |         || narinfo_blake3 != member.narinfo_blake3
tigerstyle-consumer-check>     | |__________________________________________________^
tigerstyle-consumer-check>     |
tigerstyle-consumer-check>     = help: Tiger Style (Condition Decomposition): break multi-part conditions into named predicates or nested guards Example: if is_leader { if has_quorum { ... } }
tigerstyle-consumer-check>     = note: see Tiger Style guide: Condition Decomposition
tigerstyle-consumer-check> 
tigerstyle-consumer-check> error: `nar_read_limit` looks like a quantity but has no unit suffix
tigerstyle-consumer-check>    --> crates/crunch-store/src/pull.rs:953:9
tigerstyle-consumer-check>     |
tigerstyle-consumer-check> 953 |     let nar_read_limit = narinfo.nar_size.saturating_add(1);
tigerstyle-consumer-check>     |         ^^^^^^^^^^^^^^
tigerstyle-consumer-check>     |
tigerstyle-consumer-check>     = help: Tiger Style (Unit Suffixes): put the unit in the name of numeric quantities Example: timeout_ms
tigerstyle-consumer-check>     = note: structured suggestion applicability: HasPlaceholders
tigerstyle-consumer-check>     = note: see Tiger Style guide: Unit Suffixes
tigerstyle-consumer-check> help: rename with an explicit unit suffix like `_ms`, `_secs`, or `_bytes`
tigerstyle-consumer-check>     |
tigerstyle-consumer-check> 953 |     let nar_read_limit_<unit> = narinfo.nar_size.saturating_add(1);
tigerstyle-consumer-check>     |                       +++++++
tigerstyle-consumer-check> 
tigerstyle-consumer-check> error: function `record_to_core` has 0 assertion(s) in 28 lines (need 2+)
tigerstyle-consumer-check>    --> crates/crunch-store/src/retention.rs:191:96
tigerstyle-consumer-check>     |
tigerstyle-consumer-check> 191 |   fn record_to_core(record: &GcRootRecord, current_policy: &str) -> Result<RetentionRoot, Error> {
tigerstyle-consumer-check>     |  ________________________________________________________________________________________________^
tigerstyle-consumer-check> 192 | |     if record.policy_blake3 != current_policy {
tigerstyle-consumer-check> 193 | |         return Err(Error::RootRegistry(format!(
tigerstyle-consumer-check> 194 | |             "root policy identity is stale for {}: expected {current_policy}, observed {}",
tigerstyle-consumer-check> ...   |
tigerstyle-consumer-check> 217 | |     })
tigerstyle-consumer-check> 218 | | }
tigerstyle-consumer-check>     | |_^
tigerstyle-consumer-check>     |
tigerstyle-consumer-check>     = help: Tiger Style (Assertion Density): add enough assertions to make local invariants visible near the logic they defend
tigerstyle-consumer-check>     = note: see Tiger Style guide: Assertion Density
tigerstyle-consumer-check> 
tigerstyle-consumer-check> error: function `load_registry` has 0 assertion(s) in 21 lines (need 2+)
tigerstyle-consumer-check>    --> crates/crunch-store/src/roots.rs:235:96
tigerstyle-consumer-check>     |
tigerstyle-consumer-check> 235 |   pub(crate) fn load_registry(state_dir: &Path) -> Result<BTreeMap<String, GcRootRecord>, Error> {
tigerstyle-consumer-check>     |  ________________________________________________________________________________________________^
tigerstyle-consumer-check> 236 | |     let path = roots_path(state_dir);
tigerstyle-consumer-check> 237 | |     let bytes = match std::fs::read(&path) {
tigerstyle-consumer-check> 238 | |         Ok(bytes) => bytes,
tigerstyle-consumer-check> ...   |
tigerstyle-consumer-check> 254 | |     Ok(registry)
tigerstyle-consumer-check> 255 | | }
tigerstyle-consumer-check>     | |_^
tigerstyle-consumer-check>     |
tigerstyle-consumer-check>     = help: Tiger Style (Assertion Density): add enough assertions to make local invariants visible near the logic they defend
tigerstyle-consumer-check>     = note: see Tiger Style guide: Assertion Density
tigerstyle-consumer-check> 
tigerstyle-consumer-check> error: function `resolve_project_generation` has 0 assertion(s) in 41 lines (need 2+)
tigerstyle-consumer-check>    --> crates/crunch-store/src/roots.rs:278:38
tigerstyle-consumer-check>     |
tigerstyle-consumer-check> 278 |   ) -> Result<RootRegistration, Error> {
tigerstyle-consumer-check>     |  ______________________________________^
tigerstyle-consumer-check> 279 | |     if !matches!(registration.class, GcRootClass::ProjectOutputGeneration | GcRootClass::ProjectSourceGeneration)
tigerstyle-consumer-check> 280 | |         || registration.generation.is_some()
tigerstyle-consumer-check> ...   |
tigerstyle-consumer-check> 317 | |     Ok(registration)
tigerstyle-consumer-check> 318 | | }
tigerstyle-consumer-check>     | |_^
tigerstyle-consumer-check>     |
tigerstyle-consumer-check>     = help: Tiger Style (Assertion Density): add enough assertions to make local invariants visible near the logic they defend
tigerstyle-consumer-check>     = note: see Tiger Style guide: Assertion Density
tigerstyle-consumer-check> 
tigerstyle-consumer-check> error: function `resolve_shell_lease_renewal` has 0 assertion(s) in 32 lines (need 2+)
tigerstyle-consumer-check>    --> crates/crunch-store/src/roots.rs:324:38
tigerstyle-consumer-check>     |
tigerstyle-consumer-check> 324 |   ) -> Result<RootRegistration, Error> {
tigerstyle-consumer-check>     |  ______________________________________^
tigerstyle-consumer-check> 325 | |     if registration.class != GcRootClass::ActiveShellLease {
tigerstyle-consumer-check> 326 | |         return Ok(registration);
tigerstyle-consumer-check> ...   |
tigerstyle-consumer-check> 354 | |     Ok(registration)
tigerstyle-consumer-check> 355 | | }
tigerstyle-consumer-check>     | |_^
tigerstyle-consumer-check>     |
tigerstyle-consumer-check>     = help: Tiger Style (Assertion Density): add enough assertions to make local invariants visible near the logic they defend
tigerstyle-consumer-check>     = note: see Tiger Style guide: Assertion Density
tigerstyle-consumer-check> 
tigerstyle-consumer-check> error: condition has 3 boolean operators
tigerstyle-consumer-check>    --> crates/crunch-store/src/roots.rs:334:8
tigerstyle-consumer-check>     |
tigerstyle-consumer-check> 334 |       if existing.root_class != GcRootClass::ActiveShellLease
tigerstyle-consumer-check>     |  ________^
tigerstyle-consumer-check> 335 | |         || existing.project_identity != registration.project_identity
tigerstyle-consumer-check> 336 | |         || existing.selector != registration.selector
tigerstyle-consumer-check> 337 | |         || existing.owner_scope != registration.owner_scope
tigerstyle-consumer-check>     | |___________________________________________________________^
tigerstyle-consumer-check>     |
tigerstyle-consumer-check>     = help: Tiger Style (Condition Decomposition): break multi-part conditions into named predicates or nested guards Example: if is_leader { if has_quorum { ... } }
tigerstyle-consumer-check>     = note: see Tiger Style guide: Condition Decomposition
tigerstyle-consumer-check> 
tigerstyle-consumer-check> error: function `registration_transition_reason` has 0 assertion(s) in 32 lines (need 2+)
tigerstyle-consumer-check>    --> crates/crunch-store/src/roots.rs:361:19
tigerstyle-consumer-check>     |
tigerstyle-consumer-check> 361 |   ) -> &'static str {
tigerstyle-consumer-check>     |  ___________________^
tigerstyle-consumer-check> 362 | |     let Some(existing) = registry.get(logical_path) else {
tigerstyle-consumer-check> 363 | |         return match registration.class {
tigerstyle-consumer-check> 364 | |             GcRootClass::ProjectOutputGeneration => "project-output-generation-registered",
tigerstyle-consumer-check> ...   |
tigerstyle-consumer-check> 391 | |     "root-reclassified"
tigerstyle-consumer-check> 392 | | }
tigerstyle-consumer-check>     | |_^
tigerstyle-consumer-check>     |
tigerstyle-consumer-check>     = help: Tiger Style (Assertion Density): add enough assertions to make local invariants visible near the logic they defend
tigerstyle-consumer-check>     = note: see Tiger Style guide: Assertion Density
tigerstyle-consumer-check> 
tigerstyle-consumer-check> error: condition has 3 boolean operators
tigerstyle-consumer-check>    --> crates/crunch-store/src/roots.rs:374:8
tigerstyle-consumer-check>     |
tigerstyle-consumer-check> 374 |       if registration.class == GcRootClass::ActiveShellLease
tigerstyle-consumer-check>     |  ________^
tigerstyle-consumer-check> 375 | |         && existing.root_class == GcRootClass::ActiveShellLease
tigerstyle-consumer-check> 376 | |         && existing.project_identity == registration.project_identity
tigerstyle-consumer-check> 377 | |         && existing.selector == registration.selector
tigerstyle-consumer-check>     | |_____________________________________________________^
tigerstyle-consumer-check>     |
tigerstyle-consumer-check>     = help: Tiger Style (Condition Decomposition): break multi-part conditions into named predicates or nested guards Example: if is_leader { if has_quorum { ... } }
tigerstyle-consumer-check>     = note: see Tiger Style guide: Condition Decomposition
tigerstyle-consumer-check> 
tigerstyle-consumer-check> error: condition has 3 boolean operators
tigerstyle-consumer-check>    --> crates/crunch-store/src/roots.rs:381:8
tigerstyle-consumer-check>     |
tigerstyle-consumer-check> 381 |       if matches!(registration.class, GcRootClass::ProjectOutputGeneration | GcRootClass::ProjectSourceGeneration)
tigerstyle-consumer-check>     |  ________^
tigerstyle-consumer-check> 382 | |         && existing.root_class == registration.class
tigerstyle-consumer-check> 383 | |         && existing.project_identity == registration.project_identity
tigerstyle-consumer-check> 384 | |         && existing.selector == registration.selector
tigerstyle-consumer-check>     | |_____________________________________________________^
tigerstyle-consumer-check>     |
tigerstyle-consumer-check>     = help: Tiger Style (Condition Decomposition): break multi-part conditions into named predicates or nested guards Example: if is_leader { if has_quorum { ... } }
tigerstyle-consumer-check>     = note: see Tiger Style guide: Condition Decomposition
tigerstyle-consumer-check> 
tigerstyle-consumer-check> error: function `new_record` has 0 assertion(s) in 28 lines (need 2+)
tigerstyle-consumer-check>    --> crates/crunch-store/src/roots.rs:450:19
tigerstyle-consumer-check>     |
tigerstyle-consumer-check> 450 |   ) -> GcRootRecord {
tigerstyle-consumer-check>     |  ___________________^
tigerstyle-consumer-check> 451 | |     let policy_blake3 = store_retention_policy_blake3();
tigerstyle-consumer-check> 452 | |     let last_transition_id = transition_id(
tigerstyle-consumer-check> 453 | |         &logical_path,
tigerstyle-consumer-check> ...   |
tigerstyle-consumer-check> 477 | | }
tigerstyle-consumer-check>     | |_^
tigerstyle-consumer-check>     |
tigerstyle-consumer-check>     = help: Tiger Style (Assertion Density): add enough assertions to make local invariants visible near the logic they defend
tigerstyle-consumer-check>     = note: see Tiger Style guide: Assertion Density
tigerstyle-consumer-check> 
tigerstyle-consumer-check> error: function `normalize_raw_record` has 0 assertion(s) in 50 lines (need 2+)
tigerstyle-consumer-check>    --> crates/crunch-store/src/roots.rs:479:78
tigerstyle-consumer-check>     |
tigerstyle-consumer-check> 479 |   fn normalize_raw_record(raw: RawGcRootRecord) -> Result<GcRootRecord, Error> {
tigerstyle-consumer-check>     |  ______________________________________________________________________________^
tigerstyle-consumer-check> 480 | |     if raw.schema_version == 0 || raw.schema_version == 1 || raw.root_class.is_none() {
tigerstyle-consumer-check> 481 | |         return Ok(migrate_legacy_record(raw));
tigerstyle-consumer-check> ...   |
tigerstyle-consumer-check> 527 | |     Ok(record)
tigerstyle-consumer-check> 528 | | }
tigerstyle-consumer-check>     | |_^
tigerstyle-consumer-check>     |
tigerstyle-consumer-check>     = help: Tiger Style (Assertion Density): add enough assertions to make local invariants visible near the logic they defend
tigerstyle-consumer-check>     = note: see Tiger Style guide: Assertion Density
tigerstyle-consumer-check> 
tigerstyle-consumer-check> error: function `migrate_legacy_record` has 0 assertion(s) in 29 lines (need 2+)
tigerstyle-consumer-check>    --> crates/crunch-store/src/roots.rs:530:64
tigerstyle-consumer-check>     |
tigerstyle-consumer-check> 530 |   fn migrate_legacy_record(raw: RawGcRootRecord) -> GcRootRecord {
tigerstyle-consumer-check>     |  ________________________________________________________________^
tigerstyle-consumer-check> 531 | |     let policy_blake3 = store_retention_policy_blake3();
tigerstyle-consumer-check> 532 | |     let owner_scope = LEGACY_OWNER_SCOPE.to_string();
tigerstyle-consumer-check> 533 | |     let last_transition_id = transition_id(
tigerstyle-consumer-check> ...   |
tigerstyle-consumer-check> 558 | | }
tigerstyle-consumer-check>     | |_^
tigerstyle-consumer-check>     |
tigerstyle-consumer-check>     = help: Tiger Style (Assertion Density): add enough assertions to make local invariants visible near the logic they defend
tigerstyle-consumer-check>     = note: see Tiger Style guide: Assertion Density
tigerstyle-consumer-check> 
tigerstyle-consumer-check> error: function `validate_record` has 0 assertion(s) in 44 lines (need 2+)
tigerstyle-consumer-check>    --> crates/crunch-store/src/roots.rs:613:64
tigerstyle-consumer-check>     |
tigerstyle-consumer-check> 613 |   fn validate_record(record: &GcRootRecord) -> Result<(), Error> {
tigerstyle-consumer-check>     |  ________________________________________________________________^
tigerstyle-consumer-check> 614 | |     if record.schema_version != ROOT_RECORD_SCHEMA_VERSION {
tigerstyle-consumer-check> 615 | |         return Err(Error::RootRegistry(format!(
tigerstyle-consumer-check> 616 | |             "root record {} has unsupported schema {}",
tigerstyle-consumer-check> ...   |
tigerstyle-consumer-check> 655 | |     Ok(())
tigerstyle-consumer-check> 656 | | }
tigerstyle-consumer-check>     | |_^
tigerstyle-consumer-check>     |
tigerstyle-consumer-check>     = help: Tiger Style (Assertion Density): add enough assertions to make local invariants visible near the logic they defend
tigerstyle-consumer-check>     = note: see Tiger Style guide: Assertion Density
tigerstyle-consumer-check> 
building '/nix/store/ryp1m2a5x9sa6na4sh6khqxhqnbmg4hb-crunch-kernelscript-adapter-0.1.0.drv' on 'ssh-ng://root@aspen1.local'...
building '/nix/store/x7iavbgg222d3vikabcqjfywj4ljkpdq-crunch-release-determinism-quality-nextest-0.1.0.drv' on 'ssh-ng://root@aspen1.local'...
building '/nix/store/r0ks3j85hdb43jn876jj8gjcxikvrgxq-crunch-release-nix-witness-quality-nextest-0.1.0.drv' on 'ssh-ng://root@aspen1.local'...
building '/nix/store/xfcbgrpbcf4cdbkz6f9kzmziy800h6r9-mantle-0.1.0.drv' on 'ssh-ng://root@aspen1.local'...
building '/nix/store/4gl8ch0f562vwn53a45vna6jsn2pl7kx-mantle-build-0.1.0.drv' on 'ssh-ng://root@aspen1.local'...
building '/nix/store/nds4h62ak5jbhh5wdx2rcnjnc10vbv93-mantle-clippy-0.1.0.drv' on 'ssh-ng://root@aspen1.local'...
building '/nix/store/6h6yny7xagzpvsb4a3ndnfvk57a87hna-mantle-nextest-0.1.0.drv' on 'ssh-ng://root@aspen1.local'...
building '/nix/store/siykhsm8j04byi7204r3a2cc2gg09d3y-mantle-test-0.1.0.drv' on 'ssh-ng://root@aspen1.local'...
building '/nix/store/fxb6zv2j5xnaqrv1wkqc6l8ddz4bjh0y-mantle-transcript-quality-nextest-0.1.0.drv' on 'ssh-ng://root@aspen1.local'...
copying 1 paths...
copying path '/nix/store/x2aqy41ky145fiwsbfmdhik0sa1vjy60-source' to 'ssh-ng://root@aspen1.local'...
tigerstyle-consumer-check> error: collection grows in loop without a prior reservation or explicit local bound
tigerstyle-consumer-check>    --> crates/crunch-store/src/capability.rs:596:13
tigerstyle-consumer-check>     |
tigerstyle-consumer-check> 596 |             observations.push(crate::layer::LayerShadowObservation { layer, status });
tigerstyle-consumer-check>     |             ^^^^^^^^^^^^^^^^^^^^^^^^^^^^^^^^^^^^^^^^^^^^^^^^^^^^^^^^^^^^^^^^^^^^^^^^^
tigerstyle-consumer-check>     |
tigerstyle-consumer-check>     = help: Tiger Style (Bounded Resource Growth): reserve collection capacity or add an explicit local length bound before growing it in a loop Example: let mut items = Vec::with_capacity(limit);
tigerstyle-consumer-check>     = note: see Tiger Style guide: Bounded Resource Growth
tigerstyle-consumer-check>     = note: `-D tigerstyle::unbounded-collection-growth` implied by `-D unbounded-collection-growth`
tigerstyle-consumer-check>     = help: to override `-D unbounded-collection-growth` add `#[allow(tigerstyle::unbounded_collection_growth)]`
tigerstyle-consumer-check> 
tigerstyle-consumer-check> error: collection grows in loop without a prior reservation or explicit local bound
tigerstyle-consumer-check>    --> crates/crunch-store/src/composition.rs:143:9
tigerstyle-consumer-check>     |
tigerstyle-consumer-check> 143 |         directories.insert(digest, directory);
tigerstyle-consumer-check>     |         ^^^^^^^^^^^^^^^^^^^^^^^^^^^^^^^^^^^^^
tigerstyle-consumer-check>     |
tigerstyle-consumer-check>     = help: Tiger Style (Bounded Resource Growth): reserve collection capacity or add an explicit local length bound before growing it in a loop Example: let mut items = Vec::with_capacity(limit);
tigerstyle-consumer-check>     = note: see Tiger Style guide: Bounded Resource Growth
tigerstyle-consumer-check> 
tigerstyle-consumer-check> error: 2 consecutive `u32` parameters are easy to swap by accident
tigerstyle-consumer-check>    --> crates/crunch-store/src/composition.rs:153:1
tigerstyle-consumer-check>     |
tigerstyle-consumer-check> 153 | / fn snapshot_from_castore(
tigerstyle-consumer-check> 154 | |     node: &Node,
tigerstyle-consumer-check> 155 | |     directories: &HashMap<B3Digest, Directory>,
tigerstyle-consumer-check> 156 | |     depth: u32,
tigerstyle-consumer-check> ...   |
tigerstyle-consumer-check> 195 | | }
tigerstyle-consumer-check>     | |_^
tigerstyle-consumer-check>     |
tigerstyle-consumer-check>     = help: Tiger Style (Explicit Interfaces): replace same-type parameter clusters with named fields or an options struct Example: fn connect(opts: ConnectOptions) -> ...
tigerstyle-consumer-check>     = note: see Tiger Style guide: Explicit Interfaces
tigerstyle-consumer-check>     = note: `-D tigerstyle::ambiguous-params` implied by `-D ambiguous-params`
tigerstyle-consumer-check>     = help: to override `-D ambiguous-params` add `#[allow(tigerstyle::ambiguous_params)]`
tigerstyle-consumer-check> 
tigerstyle-consumer-check> error: function calls itself recursively
tigerstyle-consumer-check>    --> crates/crunch-store/src/composition.rs:189:27
tigerstyle-consumer-check>     |
tigerstyle-consumer-check> 189 |                     node: snapshot_from_castore(child, directories, child_depth, max_depth)?,
tigerstyle-consumer-check>     |                           ^^^^^^^^^^^^^^^^^^^^^^^^^^^^^^^^^^^^^^^^^^^^^^^^^^^^^^^^^^^^^^^^^
tigerstyle-consumer-check>     |
tigerstyle-consumer-check>     = help: Tiger Style (Simple Control Flow): prefer explicit iteration or work queues over self-recursive control flow Example: while let Some(item) = stack.pop() { ... }
tigerstyle-consumer-check>     = note: see Tiger Style guide: Simple Control Flow
tigerstyle-consumer-check>     = note: `-D tigerstyle::no-recursion` implied by `-D no-recursion`
tigerstyle-consumer-check>     = help: to override `-D no-recursion` add `#[allow(tigerstyle::no_recursion)]`
tigerstyle-consumer-check> 
tigerstyle-consumer-check> error: collection grows in loop without a prior reservation or explicit local bound
tigerstyle-consumer-check>    --> crates/crunch-store/src/gc.rs:648:9
tigerstyle-consumer-check>     |
tigerstyle-consumer-check> 648 |         queue.push(path_id);
tigerstyle-consumer-check>     |         ^^^^^^^^^^^^^^^^^^^
tigerstyle-consumer-check>     |
tigerstyle-consumer-check>     = help: Tiger Style (Bounded Resource Growth): reserve collection capacity or add an explicit local length bound before growing it in a loop Example: let mut items = Vec::with_capacity(limit);
tigerstyle-consumer-check>     = note: see Tiger Style guide: Bounded Resource Growth
tigerstyle-consumer-check> 
tigerstyle-consumer-check> error: collection grows in loop without a prior reservation or explicit local bound
tigerstyle-consumer-check>    --> crates/crunch-store/src/gc.rs:690:13
tigerstyle-consumer-check>     |
tigerstyle-consumer-check> 690 | /             ownership.insert(path_id.clone(), GcOwnership::Base {
tigerstyle-consumer-check> 691 | |                 layer_index: read.layer_index,
tigerstyle-consumer-check> 692 | |             });
tigerstyle-consumer-check>     | |______________^
tigerstyle-consumer-check>     |
tigerstyle-consumer-check>     = help: Tiger Style (Bounded Resource Growth): reserve collection capacity or add an explicit local length bound before growing it in a loop Example: let mut items = Vec::with_capacity(limit);
tigerstyle-consumer-check>     = note: see Tiger Style guide: Bounded Resource Growth
tigerstyle-consumer-check> 
tigerstyle-consumer-check> error: collection grows in loop without a prior reservation or explicit local bound
tigerstyle-consumer-check>    --> crates/crunch-store/src/gc.rs:698:9
tigerstyle-consumer-check>     |
tigerstyle-consumer-check> 698 |         queue.extend(path_info.references.iter().map(|reference| reference.to_absolute_path_with_prefix(store_dir)));
tigerstyle-consumer-check>     |         ^^^^^^^^^^^^^^^^^^^^^^^^^^^^^^^^^^^^^^^^^^^^^^^^^^^^^^^^^^^^^^^^^^^^^^^^^^^^^^^^^^^^^^^^^^^^^^^^^^^^^^^^^^^^
tigerstyle-consumer-check>     |
tigerstyle-consumer-check>     = help: Tiger Style (Bounded Resource Growth): reserve collection capacity or add an explicit local length bound before growing it in a loop Example: let mut items = Vec::with_capacity(limit);
tigerstyle-consumer-check>     = note: see Tiger Style guide: Bounded Resource Growth
tigerstyle-consumer-check> 
tigerstyle-consumer-check> error: collection grows in loop without a prior reservation or explicit local bound
tigerstyle-consumer-check>     --> crates/crunch-store/src/gc.rs:1256:13
tigerstyle-consumer-check>      |
tigerstyle-consumer-check> 1256 |             failures.push(error.to_string());
tigerstyle-consumer-check>      |             ^^^^^^^^^^^^^^^^^^^^^^^^^^^^^^^^
tigerstyle-consumer-check>      |
tigerstyle-consumer-check>      = help: Tiger Style (Bounded Resource Growth): reserve collection capacity or add an explicit local length bound before growing it in a loop Example: let mut items = Vec::with_capacity(limit);
tigerstyle-consumer-check>      = note: see Tiger Style guide: Bounded Resource Growth
tigerstyle-consumer-check> 
tigerstyle-consumer-check> error: collection grows in loop without a prior reservation or explicit local bound
tigerstyle-consumer-check>     --> crates/crunch-store/src/gc.rs:1272:27
tigerstyle-consumer-check>      |
tigerstyle-consumer-check> 1272 |             Err(error) => failures.push(format!("removing {}: {error}", path.display())),
tigerstyle-consumer-check>      |                           ^^^^^^^^^^^^^^^^^^^^^^^^^^^^^^^^^^^^^^^^^^^^^^^^^^^^^^^^^^^^^^
tigerstyle-consumer-check>      |
tigerstyle-consumer-check>      = help: Tiger Style (Bounded Resource Growth): reserve collection capacity or add an explicit local length bound before growing it in a loop Example: let mut items = Vec::with_capacity(limit);
tigerstyle-consumer-check>      = note: see Tiger Style guide: Bounded Resource Growth
tigerstyle-consumer-check> 
tigerstyle-consumer-check> error: collection grows in loop without a prior reservation or explicit local bound
tigerstyle-consumer-check>     --> crates/crunch-store/src/handle.rs:1102:13
tigerstyle-consumer-check>      |
tigerstyle-consumer-check> 1102 |             observations.push(crate::layer::LayerShadowObservation { layer, status });
tigerstyle-consumer-check>      |             ^^^^^^^^^^^^^^^^^^^^^^^^^^^^^^^^^^^^^^^^^^^^^^^^^^^^^^^^^^^^^^^^^^^^^^^^^
tigerstyle-consumer-check>      |
tigerstyle-consumer-check>      = help: Tiger Style (Bounded Resource Growth): reserve collection capacity or add an explicit local length bound before growing it in a loop Example: let mut items = Vec::with_capacity(limit);
tigerstyle-consumer-check>      = note: see Tiger Style guide: Bounded Resource Growth
tigerstyle-consumer-check> 
tigerstyle-consumer-check> error: loop without visible iteration bound
tigerstyle-consumer-check>     --> crates/crunch-store/src/handle.rs:1131:9
tigerstyle-consumer-check>      |
tigerstyle-consumer-check> 1131 | /         while let Some(read) = stream.next().await {
tigerstyle-consumer-check> 1132 | |             let read = read.map_err(|error| Error::Store(format!("listing composed PathInfos: {error}")))?;
tigerstyle-consumer-check> 1133 | |             if self.overlay_state.is_some() && read.layer_index == 0 {
tigerstyle-consumer-check> 1134 | |                 let trusted_keys = crate::overlay::load_layer_trust_keys(&self.state_dir)?;
tigerstyle-consumer-check> ...    |
tigerstyle-consumer-check> 1143 | |             pathinfos.push(layered);
tigerstyle-consumer-check> 1144 | |         }
tigerstyle-consumer-check>      | |_________^
tigerstyle-consumer-check>      |
tigerstyle-consumer-check>      = help: Tiger Style (Bounded Control Flow): bound long-running loops with an exit condition, timeout, or bounded input Example: while let Some(msg) = rx.recv().await { ... }
tigerstyle-consumer-check>      = note: see Tiger Style guide: Bounded Control Flow
tigerstyle-consumer-check>      = note: `-D tigerstyle::unbounded-loop` implied by `-D unbounded-loop`
tigerstyle-consumer-check>      = help: to override `-D unbounded-loop` add `#[allow(tigerstyle::unbounded_loop)]`
tigerstyle-consumer-check> 
tigerstyle-consumer-check> error: collection grows in loop without a prior reservation or explicit local bound
tigerstyle-consumer-check>     --> crates/crunch-store/src/handle.rs:1143:13
tigerstyle-consumer-check>      |
tigerstyle-consumer-check> 1143 |             pathinfos.push(layered);
tigerstyle-consumer-check>      |             ^^^^^^^^^^^^^^^^^^^^^^^
tigerstyle-consumer-check>      |
tigerstyle-consumer-check>      = help: Tiger Style (Bounded Resource Growth): reserve collection capacity or add an explicit local length bound before growing it in a loop Example: let mut items = Vec::with_capacity(limit);
tigerstyle-consumer-check>      = note: see Tiger Style guide: Bounded Resource Growth
tigerstyle-consumer-check> 
tigerstyle-consumer-check> error: implicit default on external type — construct with explicit values
tigerstyle-consumer-check>     --> crates/crunch-store/src/handle.rs:2821:45
tigerstyle-consumer-check>      |
tigerstyle-consumer-check> 2821 |         let preview_blob_service = Arc::new(MemoryBlobService::default()) as Arc<dyn BlobService>;
tigerstyle-consumer-check>      |                                             ^^^^^^^^^^^^^^^^^^^^^^^^^^^^
tigerstyle-consumer-check>      |
tigerstyle-consumer-check>      = help: Tiger Style (Explicit Defaults): construct foreign-crate values explicitly instead of relying on `Default` Example: let client = reqwest::ClientBuilder::new();
tigerstyle-consumer-check>      = note: see Tiger Style guide: Explicit Defaults
tigerstyle-consumer-check>      = note: `-D tigerstyle::explicit-defaults` implied by `-D explicit-defaults`
tigerstyle-consumer-check>      = help: to override `-D explicit-defaults` add `#[allow(tigerstyle::explicit_defaults)]`
tigerstyle-consumer-check> 
tigerstyle-consumer-check> error: implicit default on external type — construct with explicit values
tigerstyle-consumer-check>     --> crates/crunch-store/src/handle.rs:2825:17
tigerstyle-consumer-check>      |
tigerstyle-consumer-check> 2825 |                 RedbDirectoryServiceConfig::default(),
tigerstyle-consumer-check>      |                 ^^^^^^^^^^^^^^^^^^^^^^^^^^^^^^^^^^^^^
tigerstyle-consumer-check>      |
tigerstyle-consumer-check>      = help: Tiger Style (Explicit Defaults): construct foreign-crate values explicitly instead of relying on `Default` Example: let client = reqwest::ClientBuilder::new();
tigerstyle-consumer-check>      = note: see Tiger Style guide: Explicit Defaults
tigerstyle-consumer-check> 
tigerstyle-consumer-check> error: boolean binding `preserve_existing` should have a predicate prefix
tigerstyle-consumer-check>     --> crates/crunch-store/src/handle.rs:3028:13
tigerstyle-consumer-check>      |
tigerstyle-consumer-check> 3028 |         let preserve_existing = match provenance {
tigerstyle-consumer-check>      |             ^^^^^^^^^^^^^^^^^
tigerstyle-consumer-check>      |
tigerstyle-consumer-check>      = help: Tiger Style (Positive Predicates): name booleans as predicates so call sites read like questions Example: let is_ready = status == Ready;
tigerstyle-consumer-check>      = note: structured suggestion applicability: MaybeIncorrect
tigerstyle-consumer-check>      = note: see Tiger Style guide: Positive Predicates
tigerstyle-consumer-check>      = note: `-D tigerstyle::bool-naming` implied by `-D bool-naming`
tigerstyle-consumer-check>      = help: to override `-D bool-naming` add `#[allow(tigerstyle::bool_naming)]`
tigerstyle-consumer-check> help: rename binding to `is_preserve_existing`
tigerstyle-consumer-check>      |
tigerstyle-consumer-check> 3028 |         let is_preserve_existing = match provenance {
tigerstyle-consumer-check>      |             +++
tigerstyle-consumer-check> 
tigerstyle-consumer-check> error: collection grows in loop without a prior reservation or explicit local bound
tigerstyle-consumer-check>     --> crates/crunch-store/src/handle.rs:3184:13
tigerstyle-consumer-check>      |
tigerstyle-consumer-check> 3184 |             selected_layers.insert(path.to_absolute_path_with_prefix(&self.store_dir), layer);
tigerstyle-consumer-check>      |             ^^^^^^^^^^^^^^^^^^^^^^^^^^^^^^^^^^^^^^^^^^^^^^^^^^^^^^^^^^^^^^^^^^^^^^^^^^^^^^^^^
tigerstyle-consumer-check>      |
tigerstyle-consumer-check>      = help: Tiger Style (Bounded Resource Growth): reserve collection capacity or add an explicit local length bound before growing it in a loop Example: let mut items = Vec::with_capacity(limit);
tigerstyle-consumer-check>      = note: see Tiger Style guide: Bounded Resource Growth
tigerstyle-consumer-check> 
tigerstyle-consumer-check> error: function has 6 parameters (limit: 5) — consider an options struct
tigerstyle-consumer-check>     --> crates/crunch-store/src/handle.rs:3372:1
tigerstyle-consumer-check>      |
tigerstyle-consumer-check> 3372 | / fn signed_adoption_path_info(
tigerstyle-consumer-check> 3373 | |     store_path: StorePath<String>,
tigerstyle-consumer-check> 3374 | |     node: Node,
tigerstyle-consumer-check> 3375 | |     nar_size: u64,
tigerstyle-consumer-check> ...    |
tigerstyle-consumer-check> 3394 | |     path_info
tigerstyle-consumer-check> 3395 | | }
tigerstyle-consumer-check>      | |_^
tigerstyle-consumer-check>      |
tigerstyle-consumer-check>      = help: Tiger Style (Simple Interfaces): group many parameters into a named options struct instead of a long positional signature Example: fn connect(opts: ConnectOptions) -> ...
tigerstyle-consumer-check>      = note: see Tiger Style guide: Explicit Interfaces
tigerstyle-consumer-check>      = note: `-D tigerstyle::too-many-parameters` implied by `-D too-many-parameters`
tigerstyle-consumer-check>      = help: to override `-D too-many-parameters` add `#[allow(tigerstyle::too_many_parameters)]`
tigerstyle-consumer-check> 
tigerstyle-consumer-check> error: `.expect()` in production code will panic on failure
tigerstyle-consumer-check>    --> crates/crunch-store/src/http_closure.rs:216:23
tigerstyle-consumer-check>     |
tigerstyle-consumer-check> 216 |         let pending = self.pending_by_digest.get(&digest).expect("pending order and pending map must stay aligned");
tigerstyle-consumer-check>     |                       ^^^^^^^^^^^^^^^^^^^^^^^^^^^^^^^^^^^^^^^^^^^^^^^^^^^^^^^^^^^^^^^^^^^^^^^^^^^^^^^^^^^^^^^^^^^^^
tigerstyle-consumer-check>     |
tigerstyle-consumer-check>     = help: Tiger Style (Error Handling): propagate or handle absence explicitly instead of panicking with `unwrap` or `expect` Example: let value = maybe?;
tigerstyle-consumer-check>     = note: see Tiger Style guide: Error Handling
tigerstyle-consumer-check>     = note: `-D tigerstyle::no-unwrap` implied by `-D no-unwrap`
tigerstyle-consumer-check>     = help: to override `-D no-unwrap` add `#[allow(tigerstyle::no_unwrap)]`
tigerstyle-consumer-check> 
tigerstyle-consumer-check> error: `.expect()` in production code will panic on failure
tigerstyle-consumer-check>    --> crates/crunch-store/src/http_closure.rs:271:23
tigerstyle-consumer-check>     |
tigerstyle-consumer-check> 271 |           let pending = self
tigerstyle-consumer-check>     |  _______________________^
tigerstyle-consumer-check> 272 | |             .pending_by_digest
tigerstyle-consumer-check> 273 | |             .remove(&requested_digest)
tigerstyle-consumer-check> 274 | |             .expect("active request must remain in the pending map");
tigerstyle-consumer-check>     | |____________________________________________________________________^
tigerstyle-consumer-check>     |
tigerstyle-consumer-check>     = help: Tiger Style (Error Handling): propagate or handle absence explicitly instead of panicking with `unwrap` or `expect` Example: let value = maybe?;
tigerstyle-consumer-check>     = note: see Tiger Style guide: Error Handling
tigerstyle-consumer-check> 
tigerstyle-consumer-check> error: unprotected unsigned addition may overflow
tigerstyle-consumer-check>    --> crates/crunch-store/src/http_closure.rs:287:47
tigerstyle-consumer-check>     |
tigerstyle-consumer-check> 287 |         debug_assert_eq!(self.member_count(), self.pending_by_digest.len() + self.observed_by_digest.len());
tigerstyle-consumer-check>     |                                               ^^^^^^^^^^^^^^^^^^^^^^^^^^^^^^^^^^^^^^^^^^^^^^^^^^^^^^^^^^^^
tigerstyle-consumer-check>     |
tigerstyle-consumer-check>     = help: Tiger Style (Overflow Protection): use checked or saturating arithmetic when overflow would change behavior Example: let total = a.checked_add(b)?;
tigerstyle-consumer-check>     = note: structured suggestion applicability: MaybeIncorrect
tigerstyle-consumer-check>     = note: see Tiger Style guide: Overflow Protection
tigerstyle-consumer-check>     = note: `-D tigerstyle::raw-arithmetic-overflow` implied by `-D raw-arithmetic-overflow`
tigerstyle-consumer-check>     = help: to override `-D raw-arithmetic-overflow` add `#[allow(tigerstyle::raw_arithmetic_overflow)]`
tigerstyle-consumer-check> help: replace with saturating addition
tigerstyle-consumer-check>     |
tigerstyle-consumer-check> 287 -         debug_assert_eq!(self.member_count(), self.pending_by_digest.len() + self.observed_by_digest.len());
tigerstyle-consumer-check> 287 +         debug_assert_eq!(self.member_count(), (self.pending_by_digest.len()).saturating_add(self.observed_by_digest.len()));
tigerstyle-consumer-check>     |
tigerstyle-consumer-check> 
tigerstyle-consumer-check> error: extreme sentinel fallback masks absence or failure
tigerstyle-consumer-check>    --> crates/crunch-store/src/http_closure.rs:294:33
tigerstyle-consumer-check>     |
tigerstyle-consumer-check> 294 |             let pending_count = u32::try_from(self.pending_by_digest.len()).unwrap_or(u32::MAX);
tigerstyle-consumer-check>     |                                 ^^^^^^^^^^^^^^^^^^^^^^^^^^^^^^^^^^^^^^^^^^^^^^^^^^^^^^^^^^^^^^^
tigerstyle-consumer-check>     |
tigerstyle-consumer-check>     = help: Tiger Style (safety): branch explicitly, propagate the missing/error state, or emit tagged fallback text instead of <int>::MAX/<int>::MIN. Example: match u64::try_from(command_index) { Ok(i) => format!("recent_{i}"), Err(_) => "recent_missing_index".to_string() }
tigerstyle-consumer-check>     = note: see Tiger Style guide: make invalid state explicit
tigerstyle-consumer-check>     = note: `-D tigerstyle::sentinel-fallback` implied by `-D sentinel-fallback`
tigerstyle-consumer-check>     = help: to override `-D sentinel-fallback` add `#[allow(tigerstyle::sentinel_fallback)]`
tigerstyle-consumer-check> 
tigerstyle-consumer-check> error: `.expect()` in production code will panic on failure
tigerstyle-consumer-check>    --> crates/crunch-store/src/http_closure.rs:298:27
tigerstyle-consumer-check>     |
tigerstyle-consumer-check> 298 |         let root_member = self.observed_by_digest.get(&root_digest).expect("complete plan must contain its root");
tigerstyle-consumer-check>     |                           ^^^^^^^^^^^^^^^^^^^^^^^^^^^^^^^^^^^^^^^^^^^^^^^^^^^^^^^^^^^^^^^^^^^^^^^^^^^^^^^^^^^^^^^
tigerstyle-consumer-check>     |
tigerstyle-consumer-check>     = help: Tiger Style (Error Handling): propagate or handle absence explicitly instead of panicking with `unwrap` or `expect` Example: let value = maybe?;
tigerstyle-consumer-check>     = note: see Tiger Style guide: Error Handling
tigerstyle-consumer-check> 
tigerstyle-consumer-check> error: `as usize` from `u32` is platform-dependent
tigerstyle-consumer-check>    --> crates/crunch-store/src/http_closure.rs:354:46
tigerstyle-consumer-check>     |
tigerstyle-consumer-check> 354 |         debug_assert!(self.member_count() <= self.limits.max_members as usize);
tigerstyle-consumer-check>     |                                              ^^^^^^^^^^^^^^^^^^^^^^^^^^^^^^^^
tigerstyle-consumer-check>     |
tigerstyle-consumer-check>     = help: Tiger Style (Explicit Types): use explicit-width types at boundaries instead of `usize` or `isize` conversions Example: let len: u32 = value.try_into()?;
tigerstyle-consumer-check>     = note: structured suggestion applicability: MaybeIncorrect
tigerstyle-consumer-check>     = note: see Tiger Style guide: Explicit Types
tigerstyle-consumer-check>     = note: `-D tigerstyle::platform-dependent-cast` implied by `-D platform-dependent-cast`
tigerstyle-consumer-check>     = help: to override `-D platform-dependent-cast` add `#[allow(tigerstyle::platform_dependent_cast)]`
tigerstyle-consumer-check> help: replace with `usize::try_from(...)`
tigerstyle-consumer-check>     |
tigerstyle-consumer-check> 354 -         debug_assert!(self.member_count() <= self.limits.max_members as usize);
tigerstyle-consumer-check> 354 +         debug_assert!(self.member_count() <= usize::try_from(self.limits.max_members)?);
tigerstyle-consumer-check>     |
tigerstyle-consumer-check> 
tigerstyle-consumer-check> error: `as usize` from `u32` is platform-dependent
tigerstyle-consumer-check>    --> crates/crunch-store/src/http_closure.rs:363:25
tigerstyle-consumer-check>     |
tigerstyle-consumer-check> 363 |         if next_count > self.limits.max_members as usize {
tigerstyle-consumer-check>     |                         ^^^^^^^^^^^^^^^^^^^^^^^^^^^^^^^^
tigerstyle-consumer-check>     |
tigerstyle-consumer-check>     = help: Tiger Style (Explicit Types): use explicit-width types at boundaries instead of `usize` or `isize` conversions Example: let len: u32 = value.try_into()?;
tigerstyle-consumer-check>     = note: structured suggestion applicability: MaybeIncorrect
tigerstyle-consumer-check>     = note: see Tiger Style guide: Explicit Types
tigerstyle-consumer-check> help: replace with `usize::try_from(...)`
tigerstyle-consumer-check>     |
tigerstyle-consumer-check> 363 -         if next_count > self.limits.max_members as usize {
tigerstyle-consumer-check> 363 +         if next_count > usize::try_from(self.limits.max_members)? {
tigerstyle-consumer-check>     |
tigerstyle-consumer-check> 
tigerstyle-consumer-check> error: 2 consecutive `&str` parameters are easy to swap by accident
tigerstyle-consumer-check>    --> crates/crunch-store/src/http_closure.rs:388:1
tigerstyle-consumer-check>     |
tigerstyle-consumer-check> 388 | / fn validate_identity_field(value: &str, field: &'static str) -> Result<(), HttpClosurePlanError> {
tigerstyle-consumer-check> 389 | |     if value.is_empty() {
tigerstyle-consumer-check> 390 | |         return Err(HttpClosurePlanError::InvalidIdentity { field });
tigerstyle-consumer-check> ...   |
tigerstyle-consumer-check> 394 | |     Ok(())
tigerstyle-consumer-check> 395 | | }
tigerstyle-consumer-check>     | |_^
tigerstyle-consumer-check>     |
tigerstyle-consumer-check>     = help: Tiger Style (Explicit Interfaces): replace same-type parameter clusters with named fields or an options struct Example: fn connect(opts: ConnectOptions) -> ...
tigerstyle-consumer-check>     = note: see Tiger Style guide: Explicit Interfaces
tigerstyle-consumer-check> 
tigerstyle-consumer-check> error: `usize` in public API — use `u32` or `u64` for cross-platform consistency
tigerstyle-consumer-check>   --> crates/crunch-store/src/layer.rs:27:5
tigerstyle-consumer-check>    |
tigerstyle-consumer-check> 27 | /     pub fn from_service_index(index: usize) -> Result<Self, LayerIndexError> {
tigerstyle-consumer-check> 28 | |         if index == 0 {
tigerstyle-consumer-check> 29 | |             return Ok(Self::Overlay);
tigerstyle-consumer-check> ...  |
tigerstyle-consumer-check> 32 | |     }
tigerstyle-consumer-check>    | |_____^
tigerstyle-consumer-check>    |
tigerstyle-consumer-check>    = help: Tiger Style (Cross-Platform APIs): use fixed-width integers at API boundaries instead of `usize` or `isize` Example: pub fn get(index: u32) -> Option<&Item>
tigerstyle-consumer-check>    = note: see Tiger Style guide: Explicit Types
tigerstyle-consumer-check>    = note: `-D tigerstyle::usize-in-public-api` implied by `-D usize-in-public-api`
tigerstyle-consumer-check>    = help: to override `-D usize-in-public-api` add `#[allow(tigerstyle::usize_in_public_api)]`
tigerstyle-consumer-check> 
tigerstyle-consumer-check> error: `usize` in public API — use `u32` or `u64` for cross-platform consistency
tigerstyle-consumer-check>   --> crates/crunch-store/src/layer.rs:35:5
tigerstyle-consumer-check>    |
tigerstyle-consumer-check> 35 | /     pub const fn service_index(self) -> usize {
tigerstyle-consumer-check> 36 | |         match self {
tigerstyle-consumer-check> 37 | |             Self::Overlay => 0,
tigerstyle-consumer-check> 38 | |             Self::Base { index } => index,
tigerstyle-consumer-check> 39 | |         }
tigerstyle-consumer-check> 40 | |     }
tigerstyle-consumer-check>    | |_____^
tigerstyle-consumer-check>    |
tigerstyle-consumer-check>    = help: Tiger Style (Cross-Platform APIs): use fixed-width integers at API boundaries instead of `usize` or `isize` Example: pub fn get(index: u32) -> Option<&Item>
tigerstyle-consumer-check>    = note: see Tiger Style guide: Explicit Types
tigerstyle-consumer-check> 
tigerstyle-consumer-check> error: `usize` in public API — use `u32` or `u64` for cross-platform consistency
tigerstyle-consumer-check>    --> crates/crunch-store/src/layer.rs:130:5
tigerstyle-consumer-check>     |
tigerstyle-consumer-check> 130 | /     pub fn from_service_index(value: T, index: usize) -> Result<Self, LayerIndexError> {
tigerstyle-consumer-check> 131 | |         Ok(Self {
tigerstyle-consumer-check> 132 | |             value,
tigerstyle-consumer-check> 133 | |             layer: StoreLayer::from_service_index(index)?,
tigerstyle-consumer-check> 134 | |             shadows: Vec::new(),
tigerstyle-consumer-check> 135 | |         })
tigerstyle-consumer-check> 136 | |     }
tigerstyle-consumer-check>     | |_____^
tigerstyle-consumer-check>     |
tigerstyle-consumer-check>     = help: Tiger Style (Cross-Platform APIs): use fixed-width integers at API boundaries instead of `usize` or `isize` Example: pub fn get(index: u32) -> Option<&Item>
tigerstyle-consumer-check>     = note: see Tiger Style guide: Explicit Types
tigerstyle-consumer-check> 
tigerstyle-consumer-check> error: `usize` in public API — use `u32` or `u64` for cross-platform consistency
tigerstyle-consumer-check>    --> crates/crunch-store/src/nario.rs:277:1
tigerstyle-consumer-check>     |
tigerstyle-consumer-check> 277 | / pub fn validate_nario_record_state(
tigerstyle-consumer-check> 278 | |     marker: u64,
tigerstyle-consumer-check> 279 | |     record_index: usize,
tigerstyle-consumer-check> 280 | |     seen_paths: &BTreeSet<String>,
tigerstyle-consumer-check> ...   |
tigerstyle-consumer-check> 300 | | }
tigerstyle-consumer-check>     | |_^
tigerstyle-consumer-check>     |
tigerstyle-consumer-check>     = help: Tiger Style (Cross-Platform APIs): use fixed-width integers at API boundaries instead of `usize` or `isize` Example: pub fn get(index: u32) -> Option<&Item>
tigerstyle-consumer-check>     = note: see Tiger Style guide: Explicit Types
tigerstyle-consumer-check> 
tigerstyle-consumer-check> error: 2 consecutive `u64` parameters are easy to swap by accident
tigerstyle-consumer-check>    --> crates/crunch-store/src/nario.rs:334:1
tigerstyle-consumer-check>     |
tigerstyle-consumer-check> 334 | / fn checked_total(current: u64, next: u64, limits: &NarioV2Limits) -> Result<u64, Error> {
tigerstyle-consumer-check> 335 | |     let total = current.checked_add(next).ok_or_else(|| nario_error("nario-v2-total-size-overflow"))?;
tigerstyle-consumer-check> 336 | |     if total > limits.total_nar_bytes_max {
tigerstyle-consumer-check> 337 | |         return Err(nario_error(format!("nario-v2-total-limit: {total} exceeds {}", limits.total_nar_bytes_max)));
tigerstyle-consumer-check> 338 | |     }
tigerstyle-consumer-check> 339 | |     Ok(total)
tigerstyle-consumer-check> 340 | | }
tigerstyle-consumer-check>     | |_^
tigerstyle-consumer-check>     |
tigerstyle-consumer-check>     = help: Tiger Style (Explicit Interfaces): replace same-type parameter clusters with named fields or an options struct Example: fn connect(opts: ConnectOptions) -> ...
tigerstyle-consumer-check>     = note: see Tiger Style guide: Explicit Interfaces
tigerstyle-consumer-check> 
tigerstyle-consumer-check> error: collection grows in loop without a prior reservation or explicit local bound
tigerstyle-consumer-check>    --> crates/crunch-store/src/nario.rs:383:9
tigerstyle-consumer-check>     |
tigerstyle-consumer-check> 383 |         paths.push(listed_from_metadata(&metadata));
tigerstyle-consumer-check>     |         ^^^^^^^^^^^^^^^^^^^^^^^^^^^^^^^^^^^^^^^^^^^
tigerstyle-consumer-check>     |
tigerstyle-consumer-check>     = help: Tiger Style (Bounded Resource Growth): reserve collection capacity or add an explicit local length bound before growing it in a loop Example: let mut items = Vec::with_capacity(limit);
tigerstyle-consumer-check>     = note: see Tiger Style guide: Bounded Resource Growth
tigerstyle-consumer-check> 
tigerstyle-consumer-check> error: collection grows in loop without a prior reservation or explicit local bound
tigerstyle-consumer-check>    --> crates/crunch-store/src/nario.rs:479:13
tigerstyle-consumer-check>     |
tigerstyle-consumer-check> 479 | /             staged.push(StagedRecord {
tigerstyle-consumer-check> 480 | |                 listed,
tigerstyle-consumer-check> 481 | |                 path_info: None,
tigerstyle-consumer-check> 482 | |                 present: true,
tigerstyle-consumer-check> 483 | |             });
tigerstyle-consumer-check>     | |______________^
tigerstyle-consumer-check>     |
tigerstyle-consumer-check>     = help: Tiger Style (Bounded Resource Growth): reserve collection capacity or add an explicit local length bound before growing it in a loop Example: let mut items = Vec::with_capacity(limit);
tigerstyle-consumer-check>     = note: see Tiger Style guide: Bounded Resource Growth
tigerstyle-consumer-check> 
tigerstyle-consumer-check> error: boolean binding `ultimate` should have a predicate prefix
tigerstyle-consumer-check>    --> crates/crunch-store/src/nario.rs:551:9
tigerstyle-consumer-check>     |
tigerstyle-consumer-check> 551 |     let ultimate = match ultimate_raw {
tigerstyle-consumer-check>     |         ^^^^^^^^
tigerstyle-consumer-check>     |
tigerstyle-consumer-check>     = help: Tiger Style (Positive Predicates): name booleans as predicates so call sites read like questions Example: let is_ready = status == Ready;
tigerstyle-consumer-check>     = note: structured suggestion applicability: MaybeIncorrect
tigerstyle-consumer-check>     = note: see Tiger Style guide: Positive Predicates
tigerstyle-consumer-check> help: rename binding to `is_ultimate`
tigerstyle-consumer-check>     |
tigerstyle-consumer-check> 551 |     let is_ultimate = match ultimate_raw {
tigerstyle-consumer-check>     |         +++
tigerstyle-consumer-check> 
tigerstyle-consumer-check> error: boolean binding `trusted` should have a predicate prefix
tigerstyle-consumer-check>    --> crates/crunch-store/src/nario.rs:636:9
tigerstyle-consumer-check>     |
tigerstyle-consumer-check> 636 |     let trusted = metadata.signatures.iter().any(|signature| {
tigerstyle-consumer-check>     |         ^^^^^^^
tigerstyle-consumer-check>     |
tigerstyle-consumer-check>     = help: Tiger Style (Positive Predicates): name booleans as predicates so call sites read like questions Example: let is_ready = status == Ready;
tigerstyle-consumer-check>     = note: structured suggestion applicability: MaybeIncorrect
tigerstyle-consumer-check>     = note: see Tiger Style guide: Positive Predicates
tigerstyle-consumer-check> help: rename binding to `is_trusted`
tigerstyle-consumer-check>     |
tigerstyle-consumer-check> 636 |     let is_trusted = metadata.signatures.iter().any(|signature| {
tigerstyle-consumer-check>     |         +++
tigerstyle-consumer-check> 
tigerstyle-consumer-check> error: loop without visible iteration bound
tigerstyle-consumer-check>    --> crates/crunch-store/src/nario.rs:732:5
tigerstyle-consumer-check>     |
tigerstyle-consumer-check> 732 | /     loop {
tigerstyle-consumer-check> 733 | |         let count = limited.read(&mut buffer).await.map_err(read_error("nario-v2-nar-read"))?;
tigerstyle-consumer-check> 734 | |         if count == 0 {
tigerstyle-consumer-check> 735 | |             break;
tigerstyle-consumer-check> ...   |
tigerstyle-consumer-check> 738 | |         read_total = read_total.saturating_add(count as u64);
tigerstyle-consumer-check> 739 | |     }
tigerstyle-consumer-check>     | |_____^
tigerstyle-consumer-check>     |
tigerstyle-consumer-check>     = help: Tiger Style (Bounded Control Flow): bound long-running loops with an exit condition, timeout, or bounded input Example: while let Some(msg) = rx.recv().await { ... }
tigerstyle-consumer-check>     = note: see Tiger Style guide: Bounded Control Flow
tigerstyle-consumer-check> 
tigerstyle-consumer-check> error: boolean binding `valid` should have a predicate prefix
tigerstyle-consumer-check>    --> crates/crunch-store/src/overlay.rs:380:9
tigerstyle-consumer-check>     |
tigerstyle-consumer-check> 380 |     let valid = policy.schema == STORE_OVERLAY_POLICY_SCHEMA
tigerstyle-consumer-check>     |         ^^^^^
tigerstyle-consumer-check>     |
tigerstyle-consumer-check>     = help: Tiger Style (Positive Predicates): name booleans as predicates so call sites read like questions Example: let is_ready = status == Ready;
tigerstyle-consumer-check>     = note: structured suggestion applicability: MaybeIncorrect
tigerstyle-consumer-check>     = note: see Tiger Style guide: Positive Predicates
tigerstyle-consumer-check> help: rename binding to `is_valid`
tigerstyle-consumer-check>     |
tigerstyle-consumer-check> 380 |     let is_valid = policy.schema == STORE_OVERLAY_POLICY_SCHEMA
tigerstyle-consumer-check>     |         +++
tigerstyle-consumer-check> 
tigerstyle-consumer-check> error: loop without visible iteration bound
tigerstyle-consumer-check>    --> crates/crunch-store/src/overlay.rs:589:5
tigerstyle-consumer-check>     |
tigerstyle-consumer-check> 589 | /     loop {
tigerstyle-consumer-check> 590 | |         let read_count = file
tigerstyle-consumer-check> 591 | |             .read(&mut buffer)
tigerstyle-consumer-check> 592 | |             .map_err(|error| Error::Store(format!("reading overlay generation member {}: {error}", path.display())))?;
tigerstyle-consumer-check> ...   |
tigerstyle-consumer-check> 602 | |         hasher.update(&buffer[..read_count]);
tigerstyle-consumer-check> 603 | |     }
tigerstyle-consumer-check>     | |_____^
tigerstyle-consumer-check>     |
tigerstyle-consumer-check>     = help: Tiger Style (Bounded Control Flow): bound long-running loops with an exit condition, timeout, or bounded input Example: while let Some(msg) = rx.recv().await { ... }
tigerstyle-consumer-check>     = note: see Tiger Style guide: Bounded Control Flow
tigerstyle-consumer-check> 
tigerstyle-consumer-check> error: unprotected unsigned addition may overflow
tigerstyle-consumer-check>   --> crates/crunch-store/src/provenance.rs:41:30
tigerstyle-consumer-check>    |
tigerstyle-consumer-check> 41 | const TAR_USTAR_END: usize = TAR_USTAR_OFFSET + TAR_USTAR_MAGIC.len();
tigerstyle-consumer-check>    |                              ^^^^^^^^^^^^^^^^^^^^^^^^^^^^^^^^^^^^^^^^
tigerstyle-consumer-check>    |
tigerstyle-consumer-check>    = help: Tiger Style (Overflow Protection): use checked or saturating arithmetic when overflow would change behavior Example: let total = a.checked_add(b)?;
tigerstyle-consumer-check>    = note: structured suggestion applicability: MaybeIncorrect
tigerstyle-consumer-check>    = note: see Tiger Style guide: Overflow Protection
tigerstyle-consumer-check> help: replace with saturating addition
tigerstyle-consumer-check>    |
tigerstyle-consumer-check> 41 - const TAR_USTAR_END: usize = TAR_USTAR_OFFSET + TAR_USTAR_MAGIC.len();
tigerstyle-consumer-check> 41 + const TAR_USTAR_END: usize = (TAR_USTAR_OFFSET).saturating_add(TAR_USTAR_MAGIC.len());
tigerstyle-consumer-check>    |
tigerstyle-consumer-check> 
tigerstyle-consumer-check> error: extreme sentinel fallback masks absence or failure
tigerstyle-consumer-check>    --> crates/crunch-store/src/provenance.rs:252:28
tigerstyle-consumer-check>     |
tigerstyle-consumer-check> 252 |         let max_findings = usize::try_from(policy.max_findings).unwrap_or(usize::MAX);
tigerstyle-consumer-check>     |                            ^^^^^^^^^^^^^^^^^^^^^^^^^^^^^^^^^^^^^^^^^^^^^^^^^^^^^^^^^^
tigerstyle-consumer-check>     |
tigerstyle-consumer-check>     = help: Tiger Style (safety): branch explicitly, propagate the missing/error state, or emit tagged fallback text instead of <int>::MAX/<int>::MIN. Example: match u64::try_from(command_index) { Ok(i) => format!("recent_{i}"), Err(_) => "recent_missing_index".to_string() }
tigerstyle-consumer-check>     = note: see Tiger Style guide: make invalid state explicit
tigerstyle-consumer-check> 
tigerstyle-consumer-check> error: boolean binding `traversal_complete` should have a predicate prefix
tigerstyle-consumer-check>    --> crates/crunch-store/src/provenance.rs:367:9
tigerstyle-consumer-check>     |
tigerstyle-consumer-check> 367 |     let traversal_complete =
tigerstyle-consumer-check>     |         ^^^^^^^^^^^^^^^^^^
tigerstyle-consumer-check>     |
tigerstyle-consumer-check>     = help: Tiger Style (Positive Predicates): name booleans as predicates so call sites read like questions Example: let is_ready = status == Ready;
tigerstyle-consumer-check>     = note: structured suggestion applicability: MaybeIncorrect
tigerstyle-consumer-check>     = note: see Tiger Style guide: Positive Predicates
tigerstyle-consumer-check> help: rename binding to `is_traversal_complete`
tigerstyle-consumer-check>     |
tigerstyle-consumer-check> 367 |     let is_traversal_complete =
tigerstyle-consumer-check>     |         +++
tigerstyle-consumer-check> 
tigerstyle-consumer-check> error: collection grows in loop without a prior reservation or explicit local bound
tigerstyle-consumer-check>    --> crates/crunch-store/src/provenance.rs:477:9
tigerstyle-consumer-check>     |
tigerstyle-consumer-check> 477 | /         observations.push(ProvenancePathInfoObservation {
tigerstyle-consumer-check> 478 | |             logical_path: logical_path.clone(),
tigerstyle-consumer-check> 479 | |             nar_sha256: observed_nar_sha256,
tigerstyle-consumer-check> 480 | |             nar_size: path_info.nar_size,
tigerstyle-consumer-check> 481 | |             node_identity: node_identity(&path_info.node),
tigerstyle-consumer-check> 482 | |             references,
tigerstyle-consumer-check> 483 | |         });
tigerstyle-consumer-check>     | |__________^
tigerstyle-consumer-check>     |
tigerstyle-consumer-check>     = help: Tiger Style (Bounded Resource Growth): reserve collection capacity or add an explicit local length bound before growing it in a loop Example: let mut items = Vec::with_capacity(limit);
tigerstyle-consumer-check>     = note: see Tiger Style guide: Bounded Resource Growth
tigerstyle-consumer-check> 
tigerstyle-consumer-check> error: collection grows in loop without a prior reservation or explicit local bound
tigerstyle-consumer-check>    --> crates/crunch-store/src/provenance.rs:484:9
tigerstyle-consumer-check>     |
tigerstyle-consumer-check> 484 | /         loaded_path_infos.push(LoadedPathInfo {
tigerstyle-consumer-check> 485 | |             logical_path,
tigerstyle-consumer-check> 486 | |             path_info,
tigerstyle-consumer-check> 487 | |         });
tigerstyle-consumer-check>     | |__________^
tigerstyle-consumer-check>     |
tigerstyle-consumer-check>     = help: Tiger Style (Bounded Resource Growth): reserve collection capacity or add an explicit local length bound before growing it in a loop Example: let mut items = Vec::with_capacity(limit);
tigerstyle-consumer-check>     = note: see Tiger Style guide: Bounded Resource Growth
tigerstyle-consumer-check> 
tigerstyle-consumer-check> error: extreme sentinel fallback masks absence or failure
tigerstyle-consumer-check>    --> crates/crunch-store/src/provenance.rs:391:25
tigerstyle-consumer-check>     |
tigerstyle-consumer-check> 391 |         if seen.len() > usize::try_from(request.policy.max_path_infos).unwrap_or(usize::MAX) {
tigerstyle-consumer-check>     |                         ^^^^^^^^^^^^^^^^^^^^^^^^^^^^^^^^^^^^^^^^^^^^^^^^^^^^^^^^^^^^^^^^^^^^
tigerstyle-consumer-check>     |
tigerstyle-consumer-check>     = help: Tiger Style (safety): branch explicitly, propagate the missing/error state, or emit tagged fallback text instead of <int>::MAX/<int>::MIN. Example: match u64::try_from(command_index) { Ok(i) => format!("recent_{i}"), Err(_) => "recent_missing_index".to_string() }
tigerstyle-consumer-check>     = note: see Tiger Style guide: make invalid state explicit
tigerstyle-consumer-check> 
tigerstyle-consumer-check> error: collection grows in loop without a prior reservation or explicit local bound
tigerstyle-consumer-check>    --> crates/crunch-store/src/provenance.rs:579:21
tigerstyle-consumer-check>     |
tigerstyle-consumer-check> 579 | /                     children.push(WorkItem {
tigerstyle-consumer-check> 580 | |                         owner_store_path: item.owner_store_path.clone(),
tigerstyle-consumer-check> 581 | |                         logical_path: child_path,
tigerstyle-consumer-check> 582 | |                         node: child.clone(),
tigerstyle-consumer-check> 583 | |                         depth: item.depth.saturating_add(1),
tigerstyle-consumer-check> 584 | |                     });
tigerstyle-consumer-check>     | |______________________^
tigerstyle-consumer-check>     |
tigerstyle-consumer-check>     = help: Tiger Style (Bounded Resource Growth): reserve collection capacity or add an explicit local length bound before growing it in a loop Example: let mut items = Vec::with_capacity(limit);
tigerstyle-consumer-check>     = note: see Tiger Style guide: Bounded Resource Growth
tigerstyle-consumer-check> 
tigerstyle-consumer-check> error: extreme sentinel fallback masks absence or failure
tigerstyle-consumer-check>    --> crates/crunch-store/src/provenance.rs:575:43
tigerstyle-consumer-check>     |
tigerstyle-consumer-check> 575 |                     if child_path.len() > usize::try_from(policy.max_path_bytes).unwrap_or(usize::MAX) {
tigerstyle-consumer-check>     |                                           ^^^^^^^^^^^^^^^^^^^^^^^^^^^^^^^^^^^^^^^^^^^^^^^^^^^^^^^^^^^^
tigerstyle-consumer-check>     |
tigerstyle-consumer-check>     = help: Tiger Style (safety): branch explicitly, propagate the missing/error state, or emit tagged fallback text instead of <int>::MAX/<int>::MIN. Example: match u64::try_from(command_index) { Ok(i) => format!("recent_{i}"), Err(_) => "recent_missing_index".to_string() }
tigerstyle-consumer-check>     = note: see Tiger Style guide: make invalid state explicit
tigerstyle-consumer-check> 
tigerstyle-consumer-check> error: `.expect()` in production code will panic on failure
tigerstyle-consumer-check>    --> crates/crunch-store/src/provenance.rs:615:41
tigerstyle-consumer-check>     |
tigerstyle-consumer-check> 615 |                 state.read_byte_count = next_total.expect("checked total byte count must exist");
tigerstyle-consumer-check>     |                                         ^^^^^^^^^^^^^^^^^^^^^^^^^^^^^^^^^^^^^^^^^^^^^^^^^^^^^^^^
tigerstyle-consumer-check>     |
tigerstyle-consumer-check>     = help: Tiger Style (Error Handling): propagate or handle absence explicitly instead of panicking with `unwrap` or `expect` Example: let value = maybe?;
tigerstyle-consumer-check>     = note: see Tiger Style guide: Error Handling
tigerstyle-consumer-check> 
tigerstyle-consumer-check> error: extreme sentinel fallback masks absence or failure
tigerstyle-consumer-check>    --> crates/crunch-store/src/provenance.rs:649:33
tigerstyle-consumer-check>     |
tigerstyle-consumer-check> 649 |                     byte_count: u64::try_from(target.len()).unwrap_or(u64::MAX),
tigerstyle-consumer-check>     |                                 ^^^^^^^^^^^^^^^^^^^^^^^^^^^^^^^^^^^^^^^^^^^^^^^
tigerstyle-consumer-check>     |
tigerstyle-consumer-check>     = help: Tiger Style (safety): branch explicitly, propagate the missing/error state, or emit tagged fallback text instead of <int>::MAX/<int>::MIN. Example: match u64::try_from(command_index) { Ok(i) => format!("recent_{i}"), Err(_) => "recent_missing_index".to_string() }
tigerstyle-consumer-check>     = note: see Tiger Style guide: make invalid state explicit
tigerstyle-consumer-check> 
tigerstyle-consumer-check> error: extreme sentinel fallback masks absence or failure
tigerstyle-consumer-check>    --> crates/crunch-store/src/provenance.rs:745:21
tigerstyle-consumer-check>     |
tigerstyle-consumer-check> 745 |         byte_count: u64::try_from(input.bytes.len()).unwrap_or(u64::MAX),
tigerstyle-consumer-check>     |                     ^^^^^^^^^^^^^^^^^^^^^^^^^^^^^^^^^^^^^^^^^^^^^^^^^^^^
tigerstyle-consumer-check>     |
tigerstyle-consumer-check>     = help: Tiger Style (safety): branch explicitly, propagate the missing/error state, or emit tagged fallback text instead of <int>::MAX/<int>::MIN. Example: match u64::try_from(command_index) { Ok(i) => format!("recent_{i}"), Err(_) => "recent_missing_index".to_string() }
tigerstyle-consumer-check>     = note: see Tiger Style guide: make invalid state explicit
tigerstyle-consumer-check> 
tigerstyle-consumer-check> error: boolean binding `generated_by_libtool` should have a predicate prefix
tigerstyle-consumer-check>    --> crates/crunch-store/src/provenance.rs:794:9
tigerstyle-consumer-check>     |
tigerstyle-consumer-check> 794 |     let generated_by_libtool = text.lines().any(|line| line.starts_with("# Generated by libtool "));
tigerstyle-consumer-check>     |         ^^^^^^^^^^^^^^^^^^^^
tigerstyle-consumer-check>     |
tigerstyle-consumer-check>     = help: Tiger Style (Positive Predicates): name booleans as predicates so call sites read like questions Example: let is_ready = status == Ready;
tigerstyle-consumer-check>     = note: structured suggestion applicability: MaybeIncorrect
tigerstyle-consumer-check>     = note: see Tiger Style guide: Positive Predicates
tigerstyle-consumer-check> help: rename binding to `is_generated_by_libtool`
tigerstyle-consumer-check>     |
tigerstyle-consumer-check> 794 |     let is_generated_by_libtool = text.lines().any(|line| line.starts_with("# Generated by libtool "));
tigerstyle-consumer-check>     |         +++
tigerstyle-consumer-check> 
tigerstyle-consumer-check> error: catch-all `_` on enum match returns deny value — new variants will be silently handled
tigerstyle-consumer-check>    --> crates/crunch-store/src/provenance.rs:811:9
tigerstyle-consumer-check>     |
tigerstyle-consumer-check> 811 |         _ => false,
tigerstyle-consumer-check>     |         ^^^^^^^^^^
tigerstyle-consumer-check>     |
tigerstyle-consumer-check>     = help: Tiger Style (Exhaustive Matching): match enum variants explicitly so new variants cannot slip through `_` Example: match state { State::Open => ..., State::Closed => ... }
tigerstyle-consumer-check>     = note: see Tiger Style guide: Exhaustive Matching
tigerstyle-consumer-check>     = note: `-D tigerstyle::catch-all-on-enum` implied by `-D catch-all-on-enum`
tigerstyle-consumer-check>     = help: to override `-D catch-all-on-enum` add `#[allow(tigerstyle::catch_all_on_enum)]`
tigerstyle-consumer-check> 
tigerstyle-consumer-check> error: extreme sentinel fallback masks absence or failure
tigerstyle-consumer-check>    --> crates/crunch-store/src/provenance.rs:821:15
tigerstyle-consumer-check>     |
tigerstyle-consumer-check> 821 |     let max = usize::try_from(policy.max_shebang_bytes).unwrap_or(usize::MAX);
tigerstyle-consumer-check>     |               ^^^^^^^^^^^^^^^^^^^^^^^^^^^^^^^^^^^^^^^^^^^^^^^^^^^^^^^^^^^^^^^
tigerstyle-consumer-check>     |
tigerstyle-consumer-check>     = help: Tiger Style (safety): branch explicitly, propagate the missing/error state, or emit tagged fallback text instead of <int>::MAX/<int>::MIN. Example: match u64::try_from(command_index) { Ok(i) => format!("recent_{i}"), Err(_) => "recent_missing_index".to_string() }
tigerstyle-consumer-check>     = note: see Tiger Style guide: make invalid state explicit
tigerstyle-consumer-check> 
tigerstyle-consumer-check> error: function has 8 parameters (limit: 5) — consider an options struct
tigerstyle-consumer-check>    --> crates/crunch-store/src/provenance.rs:911:1
tigerstyle-consumer-check>     |
tigerstyle-consumer-check> 911 | / fn resolve_observed_reference(
tigerstyle-consumer-check> 912 | |     owner_store_path: &str,
tigerstyle-consumer-check> 913 | |     view: &str,
tigerstyle-consumer-check> 914 | |     reference: &str,
tigerstyle-consumer-check> ...   |
tigerstyle-consumer-check> 952 | |     });
tigerstyle-consumer-check> 953 | | }
tigerstyle-consumer-check>     | |_^
tigerstyle-consumer-check>     |
tigerstyle-consumer-check>     = help: Tiger Style (Simple Interfaces): group many parameters into a named options struct instead of a long positional signature Example: fn connect(opts: ConnectOptions) -> ...
tigerstyle-consumer-check>     = note: see Tiger Style guide: Explicit Interfaces
tigerstyle-consumer-check> 
tigerstyle-consumer-check> error: 4 consecutive `&str` parameters are easy to swap by accident
tigerstyle-consumer-check>    --> crates/crunch-store/src/provenance.rs:911:1
tigerstyle-consumer-check>     |
tigerstyle-consumer-check> 911 | / fn resolve_observed_reference(
tigerstyle-consumer-check> 912 | |     owner_store_path: &str,
tigerstyle-consumer-check> 913 | |     view: &str,
tigerstyle-consumer-check> 914 | |     reference: &str,
tigerstyle-consumer-check> ...   |
tigerstyle-consumer-check> 952 | |     });
tigerstyle-consumer-check> 953 | | }
tigerstyle-consumer-check>     | |_^
tigerstyle-consumer-check>     |
tigerstyle-consumer-check>     = help: Tiger Style (Explicit Interfaces): replace same-type parameter clusters with named fields or an options struct Example: fn connect(opts: ConnectOptions) -> ...
tigerstyle-consumer-check>     = note: see Tiger Style guide: Explicit Interfaces
tigerstyle-consumer-check> 
tigerstyle-consumer-check> error: function has 7 parameters (limit: 5) — consider an options struct
tigerstyle-consumer-check>     --> crates/crunch-store/src/provenance.rs:955:1
tigerstyle-consumer-check>      |
tigerstyle-consumer-check>  955 | / fn inspect_symlink(
tigerstyle-consumer-check>  956 | |     owner_store_path: &str,
tigerstyle-consumer-check>  957 | |     path: &str,
tigerstyle-consumer-check>  958 | |     target: &str,
tigerstyle-consumer-check> ...    |
tigerstyle-consumer-check> 1001 | | }
tigerstyle-consumer-check>      | |_^
tigerstyle-consumer-check>      |
tigerstyle-consumer-check>      = help: Tiger Style (Simple Interfaces): group many parameters into a named options struct instead of a long positional signature Example: fn connect(opts: ConnectOptions) -> ...
tigerstyle-consumer-check>      = note: see Tiger Style guide: Explicit Interfaces
tigerstyle-consumer-check> 
tigerstyle-consumer-check> error: 4 consecutive `&str` parameters are easy to swap by accident
tigerstyle-consumer-check>     --> crates/crunch-store/src/provenance.rs:955:1
tigerstyle-consumer-check>      |
tigerstyle-consumer-check>  955 | / fn inspect_symlink(
tigerstyle-consumer-check>  956 | |     owner_store_path: &str,
tigerstyle-consumer-check>  957 | |     path: &str,
tigerstyle-consumer-check>  958 | |     target: &str,
tigerstyle-consumer-check> ...    |
tigerstyle-consumer-check> 1001 | | }
tigerstyle-consumer-check>      | |_^
tigerstyle-consumer-check>      |
tigerstyle-consumer-check>      = help: Tiger Style (Explicit Interfaces): replace same-type parameter clusters with named fields or an options struct Example: fn connect(opts: ConnectOptions) -> ...
tigerstyle-consumer-check>      = note: see Tiger Style guide: Explicit Interfaces
tigerstyle-consumer-check> 
tigerstyle-consumer-check> error: 3 consecutive `&str` parameters are easy to swap by accident
tigerstyle-consumer-check>     --> crates/crunch-store/src/provenance.rs:1003:1
tigerstyle-consumer-check>      |
tigerstyle-consumer-check> 1003 | / fn resolve_relative_path(path: &str, target: &str, root: &str) -> Result<String, String> {
tigerstyle-consumer-check> 1004 | |     let mut components = path
tigerstyle-consumer-check> 1005 | |         .rsplit_once(PATH_COMPONENT_SEPARATOR)
tigerstyle-consumer-check> 1006 | |         .map(|(parent, _)| parent)
tigerstyle-consumer-check> ...    |
tigerstyle-consumer-check> 1025 | |     Ok(format!("/{}", components.join("/")))
tigerstyle-consumer-check> 1026 | | }
tigerstyle-consumer-check>      | |_^
tigerstyle-consumer-check>      |
tigerstyle-consumer-check>      = help: Tiger Style (Explicit Interfaces): replace same-type parameter clusters with named fields or an options struct Example: fn connect(opts: ConnectOptions) -> ...
tigerstyle-consumer-check>      = note: see Tiger Style guide: Explicit Interfaces
tigerstyle-consumer-check> 
tigerstyle-consumer-check> error: collection grows in loop without a prior reservation or explicit local bound
tigerstyle-consumer-check>     --> crates/crunch-store/src/provenance.rs:1122:13
tigerstyle-consumer-check>      |
tigerstyle-consumer-check> 1122 | /             parsed.push(ContainerEntry {
tigerstyle-consumer-check> 1123 | |                 path: virtual_path,
tigerstyle-consumer-check> 1124 | |                 executable: false,
tigerstyle-consumer-check> 1125 | |                 bytes: Vec::new(),
tigerstyle-consumer-check> 1126 | |                 symlink_target: target,
tigerstyle-consumer-check> 1127 | |             });
tigerstyle-consumer-check>      | |______________^
tigerstyle-consumer-check>      |
tigerstyle-consumer-check>      = help: Tiger Style (Bounded Resource Growth): reserve collection capacity or add an explicit local length bound before growing it in a loop Example: let mut items = Vec::with_capacity(limit);
tigerstyle-consumer-check>      = note: see Tiger Style guide: Bounded Resource Growth
tigerstyle-consumer-check> 
tigerstyle-consumer-check> error: boolean binding `executable` should have a predicate prefix
tigerstyle-consumer-check>     --> crates/crunch-store/src/provenance.rs:1103:13
tigerstyle-consumer-check>      |
tigerstyle-consumer-check> 1103 |         let executable = entry.header().mode().is_ok_and(|mode| mode & UNIX_EXECUTABLE_BITS != 0);
tigerstyle-consumer-check>      |             ^^^^^^^^^^
tigerstyle-consumer-check>      |
tigerstyle-consumer-check>      = help: Tiger Style (Positive Predicates): name booleans as predicates so call sites read like questions Example: let is_ready = status == Ready;
tigerstyle-consumer-check>      = note: structured suggestion applicability: MaybeIncorrect
tigerstyle-consumer-check>      = note: see Tiger Style guide: Positive Predicates
tigerstyle-consumer-check> help: rename binding to `is_executable`
tigerstyle-consumer-check>      |
tigerstyle-consumer-check> 1103 |         let is_executable = entry.header().mode().is_ok_and(|mode| mode & UNIX_EXECUTABLE_BITS != 0);
tigerstyle-consumer-check>      |             +++
tigerstyle-consumer-check> 
tigerstyle-consumer-check> error: function has 8 parameters (limit: 5) — consider an options struct
tigerstyle-consumer-check>     --> crates/crunch-store/src/provenance.rs:1179:1
tigerstyle-consumer-check>      |
tigerstyle-consumer-check> 1179 | / fn inspect_compressed_stream<R: Read>(
tigerstyle-consumer-check> 1180 | |     input: &PurePayloadInput<'_>,
tigerstyle-consumer-check> 1181 | |     decoder: R,
tigerstyle-consumer-check> 1182 | |     extension: &str,
tigerstyle-consumer-check> ...    |
tigerstyle-consumer-check> 1218 | |     );
tigerstyle-consumer-check> 1219 | | }
tigerstyle-consumer-check>      | |_^
tigerstyle-consumer-check>      |
tigerstyle-consumer-check>      = help: Tiger Style (Simple Interfaces): group many parameters into a named options struct instead of a long positional signature Example: fn connect(opts: ConnectOptions) -> ...
tigerstyle-consumer-check>      = note: see Tiger Style guide: Explicit Interfaces
tigerstyle-consumer-check> 
tigerstyle-consumer-check> error: 2 consecutive `&str` parameters are easy to swap by accident
tigerstyle-consumer-check>     --> crates/crunch-store/src/provenance.rs:1179:1
tigerstyle-consumer-check>      |
tigerstyle-consumer-check> 1179 | / fn inspect_compressed_stream<R: Read>(
tigerstyle-consumer-check> 1180 | |     input: &PurePayloadInput<'_>,
tigerstyle-consumer-check> 1181 | |     decoder: R,
tigerstyle-consumer-check> 1182 | |     extension: &str,
tigerstyle-consumer-check> ...    |
tigerstyle-consumer-check> 1218 | |     );
tigerstyle-consumer-check> 1219 | | }
tigerstyle-consumer-check>      | |_^
tigerstyle-consumer-check>      |
tigerstyle-consumer-check>      = help: Tiger Style (Explicit Interfaces): replace same-type parameter clusters with named fields or an options struct Example: fn connect(opts: ConnectOptions) -> ...
tigerstyle-consumer-check>      = note: see Tiger Style guide: Explicit Interfaces
tigerstyle-consumer-check> 
tigerstyle-consumer-check> error: extreme sentinel fallback masks absence or failure
tigerstyle-consumer-check>     --> crates/crunch-store/src/provenance.rs:1197:8
tigerstyle-consumer-check>      |
tigerstyle-consumer-check> 1197 |     if u64::try_from(expanded.len()).unwrap_or(u64::MAX) > policy.max_container_expanded_bytes {
tigerstyle-consumer-check>      |        ^^^^^^^^^^^^^^^^^^^^^^^^^^^^^^^^^^^^^^^^^^^^^^^^^
tigerstyle-consumer-check>      |
tigerstyle-consumer-check>      = help: Tiger Style (safety): branch explicitly, propagate the missing/error state, or emit tagged fallback text instead of <int>::MAX/<int>::MIN. Example: match u64::try_from(command_index) { Ok(i) => format!("recent_{i}"), Err(_) => "recent_missing_index".to_string() }
tigerstyle-consumer-check>      = note: see Tiger Style guide: make invalid state explicit
tigerstyle-consumer-check> 
tigerstyle-consumer-check> error: function has 6 parameters (limit: 5) — consider an options struct
tigerstyle-consumer-check>     --> crates/crunch-store/src/provenance.rs:1221:1
tigerstyle-consumer-check>      |
tigerstyle-consumer-check> 1221 | / fn inspect_cpio(
tigerstyle-consumer-check> 1222 | |     input: &PurePayloadInput<'_>,
tigerstyle-consumer-check> 1223 | |     bytes: &[u8],
tigerstyle-consumer-check> 1224 | |     container_depth: u32,
tigerstyle-consumer-check> ...    |
tigerstyle-consumer-check> 1237 | |     inspect_container_entries(input, entries, container_depth, policy, context, state);
tigerstyle-consumer-check> 1238 | | }
tigerstyle-consumer-check>      | |_^
tigerstyle-consumer-check>      |
tigerstyle-consumer-check>      = help: Tiger Style (Simple Interfaces): group many parameters into a named options struct instead of a long positional signature Example: fn connect(opts: ConnectOptions) -> ...
tigerstyle-consumer-check>      = note: see Tiger Style guide: Explicit Interfaces
tigerstyle-consumer-check> 
tigerstyle-consumer-check> error: collection grows in loop without a prior reservation or explicit local bound
tigerstyle-consumer-check>     --> crates/crunch-store/src/provenance.rs:1329:13
tigerstyle-consumer-check>      |
tigerstyle-consumer-check> 1329 | /             entries.push(ContainerEntry {
tigerstyle-consumer-check> 1330 | |                 path: virtual_path,
tigerstyle-consumer-check> 1331 | |                 executable: mode & UNIX_EXECUTABLE_BITS != 0,
tigerstyle-consumer-check> 1332 | |                 bytes: data,
tigerstyle-consumer-check> 1333 | |                 symlink_target: None,
tigerstyle-consumer-check> 1334 | |             });
tigerstyle-consumer-check>      | |______________^
tigerstyle-consumer-check>      |
tigerstyle-consumer-check>      = help: Tiger Style (Bounded Resource Growth): reserve collection capacity or add an explicit local length bound before growing it in a loop Example: let mut items = Vec::with_capacity(limit);
tigerstyle-consumer-check>      = note: see Tiger Style guide: Bounded Resource Growth
tigerstyle-consumer-check> 
tigerstyle-consumer-check> error: function has 6 parameters (limit: 5) — consider an options struct
tigerstyle-consumer-check>     --> crates/crunch-store/src/provenance.rs:1367:1
tigerstyle-consumer-check>      |
tigerstyle-consumer-check> 1367 | / fn inspect_container_entries(
tigerstyle-consumer-check> 1368 | |     input: &PurePayloadInput<'_>,
tigerstyle-consumer-check> 1369 | |     entries: Vec<ContainerEntry>,
tigerstyle-consumer-check> 1370 | |     container_depth: u32,
tigerstyle-consumer-check> ...    |
tigerstyle-consumer-check> 1415 | | }
tigerstyle-consumer-check>      | |_^
tigerstyle-consumer-check>      |
tigerstyle-consumer-check>      = help: Tiger Style (Simple Interfaces): group many parameters into a named options struct instead of a long positional signature Example: fn connect(opts: ConnectOptions) -> ...
tigerstyle-consumer-check>      = note: see Tiger Style guide: Explicit Interfaces
tigerstyle-consumer-check> 
tigerstyle-consumer-check> error: extreme sentinel fallback masks absence or failure
tigerstyle-consumer-check>     --> crates/crunch-store/src/provenance.rs:1388:29
tigerstyle-consumer-check>      |
tigerstyle-consumer-check> 1388 |                 byte_count: u64::try_from(target.len()).unwrap_or(u64::MAX),
tigerstyle-consumer-check>      |                             ^^^^^^^^^^^^^^^^^^^^^^^^^^^^^^^^^^^^^^^^^^^^^^^
tigerstyle-consumer-check>      |
tigerstyle-consumer-check>      = help: Tiger Style (safety): branch explicitly, propagate the missing/error state, or emit tagged fallback text instead of <int>::MAX/<int>::MIN. Example: match u64::try_from(command_index) { Ok(i) => format!("recent_{i}"), Err(_) => "recent_missing_index".to_string() }
tigerstyle-consumer-check>      = note: see Tiger Style guide: make invalid state explicit
tigerstyle-consumer-check> 
tigerstyle-consumer-check> error: extreme sentinel fallback masks absence or failure
tigerstyle-consumer-check>     --> crates/crunch-store/src/provenance.rs:1394:24
tigerstyle-consumer-check>      |
tigerstyle-consumer-check> 1394 |         let expanded = u64::try_from(entry.bytes.len()).unwrap_or(u64::MAX);
tigerstyle-consumer-check>      |                        ^^^^^^^^^^^^^^^^^^^^^^^^^^^^^^^^^^^^^^^^^^^^^^^^^^^^
tigerstyle-consumer-check>      |
tigerstyle-consumer-check>      = help: Tiger Style (safety): branch explicitly, propagate the missing/error state, or emit tagged fallback text instead of <int>::MAX/<int>::MIN. Example: match u64::try_from(command_index) { Ok(i) => format!("recent_{i}"), Err(_) => "recent_missing_index".to_string() }
tigerstyle-consumer-check>      = note: see Tiger Style guide: make invalid state explicit
tigerstyle-consumer-check> 
tigerstyle-consumer-check> error: extreme sentinel fallback masks absence or failure
tigerstyle-consumer-check>     --> crates/crunch-store/src/provenance.rs:1429:8
tigerstyle-consumer-check>      |
tigerstyle-consumer-check> 1429 |     if u64::try_from(bytes.len()).unwrap_or(u64::MAX) > policy.max_container_expanded_bytes {
tigerstyle-consumer-check>      |        ^^^^^^^^^^^^^^^^^^^^^^^^^^^^^^^^^^^^^^^^^^^^^^
tigerstyle-consumer-check>      |
tigerstyle-consumer-check>      = help: Tiger Style (safety): branch explicitly, propagate the missing/error state, or emit tagged fallback text instead of <int>::MAX/<int>::MIN. Example: match u64::try_from(command_index) { Ok(i) => format!("recent_{i}"), Err(_) => "recent_missing_index".to_string() }
tigerstyle-consumer-check>      = note: see Tiger Style guide: make invalid state explicit
tigerstyle-consumer-check> 
tigerstyle-consumer-check> error: 2 consecutive `bool` parameters are easy to swap by accident
tigerstyle-consumer-check>     --> crates/crunch-store/src/provenance.rs:1436:1
tigerstyle-consumer-check>      |
tigerstyle-consumer-check> 1436 | / fn finalize_scan(
tigerstyle-consumer-check> 1437 | |     preflight_complete: bool,
tigerstyle-consumer-check> 1438 | |     traversal_complete: bool,
tigerstyle-consumer-check> 1439 | |     mut path_infos: Vec<ProvenancePathInfoObservation>,
tigerstyle-consumer-check> ...    |
tigerstyle-consumer-check> 1459 | | }
tigerstyle-consumer-check>      | |_^
tigerstyle-consumer-check>      |
tigerstyle-consumer-check>      = help: Tiger Style (Explicit Interfaces): replace same-type parameter clusters with named fields or an options struct Example: fn connect(opts: ConnectOptions) -> ...
tigerstyle-consumer-check>      = note: see Tiger Style guide: Explicit Interfaces
tigerstyle-consumer-check> 
tigerstyle-consumer-check> error: 2 consecutive `&str` parameters are easy to swap by accident
tigerstyle-consumer-check>     --> crates/crunch-store/src/provenance.rs:1537:1
tigerstyle-consumer-check>      |
tigerstyle-consumer-check> 1537 | / fn split_store_reference<'a>(raw: &'a str, prefix: &str) -> (&'a str, &'a str) {
tigerstyle-consumer-check> 1538 | |     let root_end = raw
tigerstyle-consumer-check> 1539 | |         .get(prefix.len().saturating_add(1)..)
tigerstyle-consumer-check> 1540 | |         .and_then(|rest| {
tigerstyle-consumer-check> ...    |
tigerstyle-consumer-check> 1545 | |     raw.split_at(root_end)
tigerstyle-consumer-check> 1546 | | }
tigerstyle-consumer-check>      | |_^
tigerstyle-consumer-check>      |
tigerstyle-consumer-check>      = help: Tiger Style (Explicit Interfaces): replace same-type parameter clusters with named fields or an options struct Example: fn connect(opts: ConnectOptions) -> ...
tigerstyle-consumer-check>      = note: see Tiger Style guide: Explicit Interfaces
tigerstyle-consumer-check> 
tigerstyle-consumer-check> error: 2 consecutive `&str` parameters are easy to swap by accident
tigerstyle-consumer-check>     --> crates/crunch-store/src/provenance.rs:1548:1
tigerstyle-consumer-check>      |
tigerstyle-consumer-check> 1548 | / fn is_well_formed_store_reference(reference: &str, prefix: &str) -> bool {
tigerstyle-consumer-check> 1549 | |     StorePath::<String>::from_absolute_path_with_prefix(reference.as_bytes(), prefix).is_ok()
tigerstyle-consumer-check> 1550 | | }
tigerstyle-consumer-check>      | |_^
tigerstyle-consumer-check>      |
tigerstyle-consumer-check>      = help: Tiger Style (Explicit Interfaces): replace same-type parameter clusters with named fields or an options struct Example: fn connect(opts: ConnectOptions) -> ...
tigerstyle-consumer-check>      = note: see Tiger Style guide: Explicit Interfaces
tigerstyle-consumer-check> 
tigerstyle-consumer-check> error: collection grows in loop without a prior reservation or explicit local bound
tigerstyle-consumer-check>     --> crates/crunch-store/src/provenance.rs:1570:18
tigerstyle-consumer-check>      |
tigerstyle-consumer-check> 1570 |             _ => components.push(component),
tigerstyle-consumer-check>      |                  ^^^^^^^^^^^^^^^^^^^^^^^^^^
tigerstyle-consumer-check>      |
tigerstyle-consumer-check>      = help: Tiger Style (Bounded Resource Growth): reserve collection capacity or add an explicit local length bound before growing it in a loop Example: let mut items = Vec::with_capacity(limit);
tigerstyle-consumer-check>      = note: see Tiger Style guide: Bounded Resource Growth
tigerstyle-consumer-check> 
tigerstyle-consumer-check> error: 2 consecutive `usize` parameters are easy to swap by accident
tigerstyle-consumer-check>     --> crates/crunch-store/src/provenance.rs:1588:1
tigerstyle-consumer-check>      |
tigerstyle-consumer-check> 1588 | / fn align_up(value: usize, alignment: usize) -> Option<usize> {
tigerstyle-consumer-check> 1589 | |     let remainder = value % alignment;
tigerstyle-consumer-check> 1590 | |     if remainder == 0 {
tigerstyle-consumer-check> 1591 | |         Some(value)
tigerstyle-consumer-check> ...    |
tigerstyle-consumer-check> 1595 | | }
tigerstyle-consumer-check>      | |_^
tigerstyle-consumer-check>      |
tigerstyle-consumer-check>      = help: Tiger Style (Explicit Interfaces): replace same-type parameter clusters with named fields or an options struct Example: fn connect(opts: ConnectOptions) -> ...
tigerstyle-consumer-check>      = note: see Tiger Style guide: Explicit Interfaces
tigerstyle-consumer-check> 
tigerstyle-consumer-check> error: division by `alignment` without zero check
tigerstyle-consumer-check>     --> crates/crunch-store/src/provenance.rs:1589:21
tigerstyle-consumer-check>      |
tigerstyle-consumer-check> 1589 |     let remainder = value % alignment;
tigerstyle-consumer-check>      |                     ^^^^^^^^^^^^^^^^^
tigerstyle-consumer-check>      |
tigerstyle-consumer-check>      = help: Tiger Style (Explicit Division): guard divisors before division so zero is impossible Example: assert!(divisor != 0); let q = value / divisor;
tigerstyle-consumer-check>      = note: structured suggestion applicability: MaybeIncorrect
tigerstyle-consumer-check>      = note: see Tiger Style guide: Explicit Division
tigerstyle-consumer-check>      = note: `-D tigerstyle::unchecked-division` implied by `-D unchecked-division`
tigerstyle-consumer-check>      = help: to override `-D unchecked-division` add `#[allow(tigerstyle::unchecked_division)]`
tigerstyle-consumer-check> help: guard `alignment` before division
tigerstyle-consumer-check>      |
tigerstyle-consumer-check> 1589 -     let remainder = value % alignment;
tigerstyle-consumer-check> 1589 +     let remainder = { let __tigerstyle_divisor = alignment; assert!(__tigerstyle_divisor != 0); value % __tigerstyle_divisor };
tigerstyle-consumer-check>      |
tigerstyle-consumer-check> 
tigerstyle-consumer-check> error: function has 6 parameters (limit: 5) — consider an options struct
tigerstyle-consumer-check>    --> crates/crunch-store/src/pull.rs:400:1
tigerstyle-consumer-check>     |
tigerstyle-consumer-check> 400 | / pub async fn import_http_cache_closure_with_validator<F>(
tigerstyle-consumer-check> 401 | |     handle: &StoreHandle,
tigerstyle-consumer-check> 402 | |     cache_url: &Url,
tigerstyle-consumer-check> 403 | |     root: &StorePath<String>,
tigerstyle-consumer-check> ...   |
tigerstyle-consumer-check> 425 | |     Ok(report)
tigerstyle-consumer-check> 426 | | }
tigerstyle-consumer-check>     | |_^
tigerstyle-consumer-check>     |
tigerstyle-consumer-check>     = help: Tiger Style (Simple Interfaces): group many parameters into a named options struct instead of a long positional signature Example: fn connect(opts: ConnectOptions) -> ...
tigerstyle-consumer-check>     = note: see Tiger Style guide: Explicit Interfaces
tigerstyle-consumer-check> 
tigerstyle-consumer-check> error: function has 6 parameters (limit: 5) — consider an options struct
tigerstyle-consumer-check>    --> crates/crunch-store/src/pull.rs:440:1
tigerstyle-consumer-check>     |
tigerstyle-consumer-check> 440 | / async fn discover_http_cache_closure(
tigerstyle-consumer-check> 441 | |     client: &reqwest::Client,
tigerstyle-consumer-check> 442 | |     cache_url: &Url,
tigerstyle-consumer-check> 443 | |     root: &StorePath<String>,
tigerstyle-consumer-check> ...   |
tigerstyle-consumer-check> 475 | |     Ok(DiscoveredHttpClosure { plan, narinfos })
tigerstyle-consumer-check> 476 | | }
tigerstyle-consumer-check>     | |_^
tigerstyle-consumer-check>     |
tigerstyle-consumer-check>     = help: Tiger Style (Simple Interfaces): group many parameters into a named options struct instead of a long positional signature Example: fn connect(opts: ConnectOptions) -> ...
tigerstyle-consumer-check>     = note: see Tiger Style guide: Explicit Interfaces
tigerstyle-consumer-check> 
tigerstyle-consumer-check> error: collection grows in loop without a prior reservation or explicit local bound
tigerstyle-consumer-check>    --> crates/crunch-store/src/pull.rs:464:9
tigerstyle-consumer-check>     |
tigerstyle-consumer-check> 464 | /         narinfos.insert(map_key, DiscoveredHttpNarinfo {
tigerstyle-consumer-check> 465 | |             path: request.path,
tigerstyle-consumer-check> 466 | |             text,
tigerstyle-consumer-check> 467 | |         });
tigerstyle-consumer-check>     | |__________^
tigerstyle-consumer-check>     |
tigerstyle-consumer-check>     = help: Tiger Style (Bounded Resource Growth): reserve collection capacity or add an explicit local length bound before growing it in a loop Example: let mut items = Vec::with_capacity(limit);
tigerstyle-consumer-check>     = note: see Tiger Style guide: Bounded Resource Growth
tigerstyle-consumer-check> 
tigerstyle-consumer-check> error: boolean binding `root_admitted` should have a predicate prefix
tigerstyle-consumer-check>    --> crates/crunch-store/src/pull.rs:555:9
tigerstyle-consumer-check>     |
tigerstyle-consumer-check> 555 |     let root_admitted = local_member_is_complete(
tigerstyle-consumer-check>     |         ^^^^^^^^^^^^^
tigerstyle-consumer-check>     |
tigerstyle-consumer-check>     = help: Tiger Style (Positive Predicates): name booleans as predicates so call sites read like questions Example: let is_ready = status == Ready;
tigerstyle-consumer-check>     = note: structured suggestion applicability: MaybeIncorrect
tigerstyle-consumer-check>     = note: see Tiger Style guide: Positive Predicates
tigerstyle-consumer-check> help: rename binding to `is_root_admitted`
tigerstyle-consumer-check>     |
tigerstyle-consumer-check> 555 |     let is_root_admitted = local_member_is_complete(
tigerstyle-consumer-check>     |         +++
tigerstyle-consumer-check> 
tigerstyle-consumer-check> error: `.expect()` in production code will panic on failure
tigerstyle-consumer-check>    --> crates/crunch-store/src/pull.rs:558:9
tigerstyle-consumer-check>     |
tigerstyle-consumer-check> 558 |         discovered.plan.members.last().expect("closure plan must contain the root"),
tigerstyle-consumer-check>     |         ^^^^^^^^^^^^^^^^^^^^^^^^^^^^^^^^^^^^^^^^^^^^^^^^^^^^^^^^^^^^^^^^^^^^^^^^^^^
tigerstyle-consumer-check>     |
tigerstyle-consumer-check>     = help: Tiger Style (Error Handling): propagate or handle absence explicitly instead of panicking with `unwrap` or `expect` Example: let value = maybe?;
tigerstyle-consumer-check>     = note: see Tiger Style guide: Error Handling
tigerstyle-consumer-check> 
tigerstyle-consumer-check> error: `as usize` from `u32` is platform-dependent
tigerstyle-consumer-check>    --> crates/crunch-store/src/pull.rs:569:22
tigerstyle-consumer-check>     |
tigerstyle-consumer-check> 569 |     debug_assert_eq!(pull.imported_count.saturating_add(reused_complete_count) as usize, discovered.plan.members.len());
tigerstyle-consumer-check>     |                      ^^^^^^^^^^^^^^^^^^^^^^^^^^^^^^^^^^^^^^^^^^^^^^^^^^^^^^^^^^^^^^^^^^
tigerstyle-consumer-check>     |
tigerstyle-consumer-check>     = help: Tiger Style (Explicit Types): use explicit-width types at boundaries instead of `usize` or `isize` conversions Example: let len: u32 = value.try_into()?;
tigerstyle-consumer-check>     = note: structured suggestion applicability: MaybeIncorrect
tigerstyle-consumer-check>     = note: see Tiger Style guide: Explicit Types
tigerstyle-consumer-check> help: replace with `usize::try_from(...)`
tigerstyle-consumer-check>     |
tigerstyle-consumer-check> 569 -     debug_assert_eq!(pull.imported_count.saturating_add(reused_complete_count) as usize, discovered.plan.members.len());
tigerstyle-consumer-check> 569 +     debug_assert_eq!(usize::try_from(pull.imported_count.saturating_add(reused_complete_count))?, discovered.plan.members.len());
tigerstyle-consumer-check>     |
tigerstyle-consumer-check> 
tigerstyle-consumer-check> error: extreme sentinel fallback masks absence or failure
tigerstyle-consumer-check>    --> crates/crunch-store/src/query.rs:171:30
tigerstyle-consumer-check>     |
tigerstyle-consumer-check> 171 |     assert!(results.len() <= usize::try_from(scanned_count).unwrap_or(usize::MAX));
tigerstyle-consumer-check>     |                              ^^^^^^^^^^^^^^^^^^^^^^^^^^^^^^^^^^^^^^^^^^^^^^^^^^^^
tigerstyle-consumer-check>     |
tigerstyle-consumer-check>     = help: Tiger Style (safety): branch explicitly, propagate the missing/error state, or emit tagged fallback text instead of <int>::MAX/<int>::MIN. Example: match u64::try_from(command_index) { Ok(i) => format!("recent_{i}"), Err(_) => "recent_missing_index".to_string() }
tigerstyle-consumer-check>     = note: see Tiger Style guide: make invalid state explicit
tigerstyle-consumer-check> 
tigerstyle-consumer-check> error: `panic!` will abort the process on execution
tigerstyle-consumer-check>    --> crates/crunch-store/src/retention.rs:125:27
tigerstyle-consumer-check>     |
tigerstyle-consumer-check> 125 |             Err(error) => panic!("embedded store retention policy must parse: {error}"),
tigerstyle-consumer-check>     |                           ^^^^^^^^^^^^^^^^^^^^^^^^^^^^^^^^^^^^^^^^^^^^^^^^^^^^^^^^^^^^^
tigerstyle-consumer-check>     |
tigerstyle-consumer-check>     = help: Tiger Style (Fail Fast Correctly): return errors or prove exhaustiveness instead of panicking in production code Example: return Err(Error::invalid_state());
tigerstyle-consumer-check>     = note: see Tiger Style guide: Error Handling / Panics
tigerstyle-consumer-check>     = note: `-D tigerstyle::no-panic` implied by `-D no-panic`
tigerstyle-consumer-check>     = help: to override `-D no-panic` add `#[allow(tigerstyle::no_panic)]`
tigerstyle-consumer-check> 
tigerstyle-consumer-check> error: implicit default on external type — construct with explicit values
tigerstyle-consumer-check>    --> crates/crunch-store/src/roots.rs:105:5
tigerstyle-consumer-check>     |
tigerstyle-consumer-check> 105 | /     #[serde(default)]
tigerstyle-consumer-check> 106 | |     root_class: Option<GcRootClass>,
tigerstyle-consumer-check>     | |___________________________________^
tigerstyle-consumer-check>     |
tigerstyle-consumer-check>     = help: Tiger Style (Explicit Defaults): construct foreign-crate values explicitly instead of relying on `Default` Example: let client = reqwest::ClientBuilder::new();
tigerstyle-consumer-check>     = note: see Tiger Style guide: Explicit Defaults
tigerstyle-consumer-check> 
tigerstyle-consumer-check> error: implicit default on external type — construct with explicit values
tigerstyle-consumer-check>    --> crates/crunch-store/src/roots.rs:107:5
tigerstyle-consumer-check>     |
tigerstyle-consumer-check> 107 | /     #[serde(default)]
tigerstyle-consumer-check> 108 | |     owner_scope: Option<String>,
tigerstyle-consumer-check>     | |_______________________________^
tigerstyle-consumer-check>     |
tigerstyle-consumer-check>     = help: Tiger Style (Explicit Defaults): construct foreign-crate values explicitly instead of relying on `Default` Example: let client = reqwest::ClientBuilder::new();
tigerstyle-consumer-check>     = note: see Tiger Style guide: Explicit Defaults
tigerstyle-consumer-check> 
tigerstyle-consumer-check> error: implicit default on external type — construct with explicit values
tigerstyle-consumer-check>    --> crates/crunch-store/src/roots.rs:109:5
tigerstyle-consumer-check>     |
tigerstyle-consumer-check> 109 | /     #[serde(default)]
tigerstyle-consumer-check> 110 | |     project_identity: Option<String>,
tigerstyle-consumer-check>     | |____________________________________^
tigerstyle-consumer-check>     |
tigerstyle-consumer-check>     = help: Tiger Style (Explicit Defaults): construct foreign-crate values explicitly instead of relying on `Default` Example: let client = reqwest::ClientBuilder::new();
tigerstyle-consumer-check>     = note: see Tiger Style guide: Explicit Defaults
tigerstyle-consumer-check> 
tigerstyle-consumer-check> error: implicit default on external type — construct with explicit values
tigerstyle-consumer-check>    --> crates/crunch-store/src/roots.rs:111:5
tigerstyle-consumer-check>     |
tigerstyle-consumer-check> 111 | /     #[serde(default)]
tigerstyle-consumer-check> 112 | |     selector: Option<String>,
tigerstyle-consumer-check>     | |____________________________^
tigerstyle-consumer-check>     |
tigerstyle-consumer-check>     = help: Tiger Style (Explicit Defaults): construct foreign-crate values explicitly instead of relying on `Default` Example: let client = reqwest::ClientBuilder::new();
tigerstyle-consumer-check>     = note: see Tiger Style guide: Explicit Defaults
tigerstyle-consumer-check> 
tigerstyle-consumer-check> error: implicit default on external type — construct with explicit values
tigerstyle-consumer-check>    --> crates/crunch-store/src/roots.rs:113:5
tigerstyle-consumer-check>     |
tigerstyle-consumer-check> 113 | /     #[serde(default)]
tigerstyle-consumer-check> 114 | |     generation: Option<u64>,
tigerstyle-consumer-check>     | |___________________________^
tigerstyle-consumer-check>     |
tigerstyle-consumer-check>     = help: Tiger Style (Explicit Defaults): construct foreign-crate values explicitly instead of relying on `Default` Example: let client = reqwest::ClientBuilder::new();
tigerstyle-consumer-check>     = note: see Tiger Style guide: Explicit Defaults
tigerstyle-consumer-check> 
tigerstyle-consumer-check> error: implicit default on external type — construct with explicit values
tigerstyle-consumer-check>    --> crates/crunch-store/src/roots.rs:115:5
tigerstyle-consumer-check>     |
tigerstyle-consumer-check> 115 | /     #[serde(default)]
tigerstyle-consumer-check> 116 | |     generation_identity: Option<String>,
tigerstyle-consumer-check>     | |_______________________________________^
tigerstyle-consumer-check>     |
tigerstyle-consumer-check>     = help: Tiger Style (Explicit Defaults): construct foreign-crate values explicitly instead of relying on `Default` Example: let client = reqwest::ClientBuilder::new();
tigerstyle-consumer-check>     = note: see Tiger Style guide: Explicit Defaults
tigerstyle-consumer-check> 
tigerstyle-consumer-check> error: implicit default on external type — construct with explicit values
tigerstyle-consumer-check>    --> crates/crunch-store/src/roots.rs:117:5
tigerstyle-consumer-check>     |
tigerstyle-consumer-check> 117 | /     #[serde(default)]
tigerstyle-consumer-check> 118 | |     lease: Option<GcRootLease>,
tigerstyle-consumer-check>     | |______________________________^
tigerstyle-consumer-check>     |
tigerstyle-consumer-check>     = help: Tiger Style (Explicit Defaults): construct foreign-crate values explicitly instead of relying on `Default` Example: let client = reqwest::ClientBuilder::new();
tigerstyle-consumer-check>     = note: see Tiger Style guide: Explicit Defaults
tigerstyle-consumer-check> 
tigerstyle-consumer-check> error: implicit default on external type — construct with explicit values
tigerstyle-consumer-check>    --> crates/crunch-store/src/roots.rs:119:5
tigerstyle-consumer-check>     |
tigerstyle-consumer-check> 119 | /     #[serde(default)]
tigerstyle-consumer-check> 120 | |     policy_blake3: Option<String>,
tigerstyle-consumer-check>     | |_________________________________^
tigerstyle-consumer-check>     |
tigerstyle-consumer-check>     = help: Tiger Style (Explicit Defaults): construct foreign-crate values explicitly instead of relying on `Default` Example: let client = reqwest::ClientBuilder::new();
tigerstyle-consumer-check>     = note: see Tiger Style guide: Explicit Defaults
tigerstyle-consumer-check> 
tigerstyle-consumer-check> error: implicit default on external type — construct with explicit values
tigerstyle-consumer-check>    --> crates/crunch-store/src/roots.rs:122:5
tigerstyle-consumer-check>     |
tigerstyle-consumer-check> 122 | /     #[serde(default)]
tigerstyle-consumer-check> 123 | |     last_transition_id: Option<String>,
tigerstyle-consumer-check>     | |______________________________________^
tigerstyle-consumer-check>     |
tigerstyle-consumer-check>     = help: Tiger Style (Explicit Defaults): construct foreign-crate values explicitly instead of relying on `Default` Example: let client = reqwest::ClientBuilder::new();
tigerstyle-consumer-check>     = note: see Tiger Style guide: Explicit Defaults
tigerstyle-consumer-check> 
tigerstyle-consumer-check> error: implicit default on external type — construct with explicit values
tigerstyle-consumer-check>    --> crates/crunch-store/src/roots.rs:124:5
tigerstyle-consumer-check>     |
tigerstyle-consumer-check> 124 | /     #[serde(default)]
tigerstyle-consumer-check> 125 | |     last_transition_reason: Option<String>,
tigerstyle-consumer-check>     | |__________________________________________^
tigerstyle-consumer-check>     |
tigerstyle-consumer-check>     = help: Tiger Style (Explicit Defaults): construct foreign-crate values explicitly instead of relying on `Default` Example: let client = reqwest::ClientBuilder::new();
tigerstyle-consumer-check>     = note: see Tiger Style guide: Explicit Defaults
tigerstyle-consumer-check> 
tigerstyle-consumer-check> error: function has 6 parameters (limit: 5) — consider an options struct
tigerstyle-consumer-check>    --> crates/crunch-store/src/roots.rs:152:1
tigerstyle-consumer-check>     |
tigerstyle-consumer-check> 152 | / pub async fn register_root_with_registration(
tigerstyle-consumer-check> 153 | |     state_dir: &Path,
tigerstyle-consumer-check> 154 | |     store_dir: &str,
tigerstyle-consumer-check> 155 | |     pathinfo: &dyn PathInfoService,
tigerstyle-consumer-check> ...   |
tigerstyle-consumer-check> 169 | |         .ok_or_else(|| Error::RootRegistry("single root registration produced no record".to_string()))
tigerstyle-consumer-check> 170 | | }
tigerstyle-consumer-check>     | |_^
tigerstyle-consumer-check>     |
tigerstyle-consumer-check>     = help: Tiger Style (Simple Interfaces): group many parameters into a named options struct instead of a long positional signature Example: fn connect(opts: ConnectOptions) -> ...
tigerstyle-consumer-check>     = note: see Tiger Style guide: Explicit Interfaces
tigerstyle-consumer-check> 
tigerstyle-consumer-check> error: boolean binding `owner_is_eligible` should have a predicate prefix
tigerstyle-consumer-check>    --> crates/crunch-store/src/roots.rs:624:9
tigerstyle-consumer-check>     |
tigerstyle-consumer-check> 624 |     let owner_is_eligible = core_retention_policy()
tigerstyle-consumer-check>     |         ^^^^^^^^^^^^^^^^^
tigerstyle-consumer-check>     |
tigerstyle-consumer-check>     = help: Tiger Style (Positive Predicates): name booleans as predicates so call sites read like questions Example: let is_ready = status == Ready;
tigerstyle-consumer-check>     = note: structured suggestion applicability: MaybeIncorrect
tigerstyle-consumer-check>     = note: see Tiger Style guide: Positive Predicates
tigerstyle-consumer-check> help: rename binding to `is_owner_is_eligible`
tigerstyle-consumer-check>     |
tigerstyle-consumer-check> 624 |     let is_owner_is_eligible = core_retention_policy()
tigerstyle-consumer-check>     |         +++
tigerstyle-consumer-check> 
tigerstyle-consumer-check> error: boolean binding `project_facts_complete` should have a predicate prefix
tigerstyle-consumer-check>    --> crates/crunch-store/src/roots.rs:643:9
tigerstyle-consumer-check>     |
tigerstyle-consumer-check> 643 |     let project_facts_complete = record.project_identity.as_ref().is_some_and(|value| !value.is_empty())
tigerstyle-consumer-check>     |         ^^^^^^^^^^^^^^^^^^^^^^
tigerstyle-consumer-check>     |
tigerstyle-consumer-check>     = help: Tiger Style (Positive Predicates): name booleans as predicates so call sites read like questions Example: let is_ready = status == Ready;
tigerstyle-consumer-check>     = note: structured suggestion applicability: MaybeIncorrect
tigerstyle-consumer-check>     = note: see Tiger Style guide: Positive Predicates
tigerstyle-consumer-check> help: rename binding to `is_project_facts_complete`
tigerstyle-consumer-check>     |
tigerstyle-consumer-check> 643 |     let is_project_facts_complete = record.project_identity.as_ref().is_some_and(|value| !value.is_empty())
tigerstyle-consumer-check>     |         +++
tigerstyle-consumer-check> 
tigerstyle-consumer-check> error: function has 6 parameters (limit: 5) — consider an options struct
tigerstyle-consumer-check>    --> crates/crunch-store/src/roots.rs:666:1
tigerstyle-consumer-check>     |
tigerstyle-consumer-check> 666 | / fn transition_id(
tigerstyle-consumer-check> 667 | |     logical_path: &str,
tigerstyle-consumer-check> 668 | |     class: GcRootClass,
tigerstyle-consumer-check> 669 | |     owner_scope: &str,
tigerstyle-consumer-check> ...   |
tigerstyle-consumer-check> 682 | |     format!("b3:{}", HEXLOWER.encode(hasher.finalize().as_bytes()))
tigerstyle-consumer-check> 683 | | }
tigerstyle-consumer-check>     | |_^
tigerstyle-consumer-check>     |
tigerstyle-consumer-check>     = help: Tiger Style (Simple Interfaces): group many parameters into a named options struct instead of a long positional signature Example: fn connect(opts: ConnectOptions) -> ...
tigerstyle-consumer-check>     = note: see Tiger Style guide: Explicit Interfaces
tigerstyle-consumer-check> 
tigerstyle-consumer-check> error: 2 consecutive `&str` parameters are easy to swap by accident
tigerstyle-consumer-check>    --> crates/crunch-store/src/roots.rs:666:1
tigerstyle-consumer-check>     |
tigerstyle-consumer-check> 666 | / fn transition_id(
tigerstyle-consumer-check> 667 | |     logical_path: &str,
tigerstyle-consumer-check> 668 | |     class: GcRootClass,
tigerstyle-consumer-check> 669 | |     owner_scope: &str,
tigerstyle-consumer-check> ...   |
tigerstyle-consumer-check> 682 | |     format!("b3:{}", HEXLOWER.encode(hasher.finalize().as_bytes()))
tigerstyle-consumer-check> 683 | | }
tigerstyle-consumer-check>     | |_^
tigerstyle-consumer-check>     |
tigerstyle-consumer-check>     = help: Tiger Style (Explicit Interfaces): replace same-type parameter clusters with named fields or an options struct Example: fn connect(opts: ConnectOptions) -> ...
tigerstyle-consumer-check>     = note: see Tiger Style guide: Explicit Interfaces
tigerstyle-consumer-check> 
tigerstyle-consumer-check> error: could not compile `crunch-store` (lib) due to 183 previous errors
tigerstyle-consumer-check> warning: build failed, waiting for other jobs to finish...
error: build of '/nix/store/zm3qs97sh8zbyvaxarl3n3fwqk4zmk0j-tigerstyle-consumer-check.drv' on 'ssh-ng://root@aspen1.local' failed: Cannot build '/nix/store/zm3qs97sh8zbyvaxarl3n3fwqk4zmk0j-tigerstyle-consumer-check.drv'.
       Reason: builder failed with exit code 1.
       Output paths:
         /nix/store/1fjdvgzxkib5kdhwjw3ywhl565mchncb-tigerstyle-consumer-check
       Last 25 log lines:
       > ...   |
       > 682 | |     format!("b3:{}", HEXLOWER.encode(hasher.finalize().as_bytes()))
       > 683 | | }
       >     | |_^
       >     |
       >     = help: Tiger Style (Simple Interfaces): group many parameters into a named options struct instead of a long positional signature Example: fn connect(opts: ConnectOptions) -> ...
       >     = note: see Tiger Style guide: Explicit Interfaces
       >
       > error: 2 consecutive `&str` parameters are easy to swap by accident
       >    --> crates/crunch-store/src/roots.rs:666:1
       >     |
       > 666 | / fn transition_id(
       > 667 | |     logical_path: &str,
       > 668 | |     class: GcRootClass,
       > 669 | |     owner_scope: &str,
       > ...   |
       > 682 | |     format!("b3:{}", HEXLOWER.encode(hasher.finalize().as_bytes()))
       > 683 | | }
       >     | |_^
       >     |
       >     = help: Tiger Style (Explicit Interfaces): replace same-type parameter clusters with named fields or an options struct Example: fn connect(opts: ConnectOptions) -> ...
       >     = note: see Tiger Style guide: Explicit Interfaces
       >
       > error: could not compile `crunch-store` (lib) due to 183 previous errors
       > warning: build failed, waiting for other jobs to finish...
       For full logs, run:
         nix log /nix/store/zm3qs97sh8zbyvaxarl3n3fwqk4zmk0j-tigerstyle-consumer-check.drv
error: failed to build attribute 'checks.x86_64-linux.tigerstyle', build of '/nix/store/zm3qs97sh8zbyvaxarl3n3fwqk4zmk0j-tigerstyle-consumer-check.drv^*' failed: Cannot build '/nix/store/zm3qs97sh8zbyvaxarl3n3fwqk4zmk0j-tigerstyle-consumer-check.drv'.
       Reason: builder failed with exit code 1.
       Output paths:
         /nix/store/1fjdvgzxkib5kdhwjw3ywhl565mchncb-tigerstyle-consumer-check
