copying path '/nix/store/hhccdmpa2bhqbagn2zgmgrwjbcdinn55-source' from 'http://100.100.103.95:5000'...
warning: file 'nar/1pzq6dhayzd6kgyhjwqr1bwq468z36vp0al101havv6d0pw1fa40.nar?hash=hhccdmpa2bhqbagn2zgmgrwjbcdinn55' does not exist in binary cache 'http://100.100.103.95:5000'
this derivation will be built:
  /nix/store/agp4dh11acrvvjv72riasaxg19j0lljf-tigerstyle-consumer-check.drv
building '/nix/store/agp4dh11acrvvjv72riasaxg19j0lljf-tigerstyle-consumer-check.drv'...
tigerstyle-consumer-check> warning: /build/source/Cargo.toml: file `/build/source/src/main.rs` found to be present in multiple build targets:
tigerstyle-consumer-check>   * `bin` target `crunch`
tigerstyle-consumer-check>   * `bin` target `mantle`
tigerstyle-consumer-check>    Compiling proc-macro2 v1.0.106
tigerstyle-consumer-check>    Compiling quote v1.0.45
tigerstyle-consumer-check>    Compiling unicode-ident v1.0.24
tigerstyle-consumer-check>     Checking cfg-if v1.0.4
tigerstyle-consumer-check>    Compiling serde_core v1.0.228
tigerstyle-consumer-check>    Compiling serde v1.0.228
tigerstyle-consumer-check>    Compiling libc v0.2.186
tigerstyle-consumer-check>     Checking memchr v2.8.0
tigerstyle-consumer-check>    Compiling version_check v0.9.5
tigerstyle-consumer-check>     Checking subtle v2.6.1
tigerstyle-consumer-check>     Checking smallvec v1.15.1
tigerstyle-consumer-check>    Compiling parking_lot_core v0.9.12
tigerstyle-consumer-check>     Checking const-oid v0.9.6
tigerstyle-consumer-check>     Checking typenum v1.20.1
tigerstyle-consumer-check>     Checking itoa v1.0.18
tigerstyle-consumer-check>    Compiling shlex v1.3.0
tigerstyle-consumer-check>    Compiling find-msvc-tools v0.1.9
tigerstyle-consumer-check>    Compiling crossbeam-utils v0.8.21
tigerstyle-consumer-check>     Checking once_cell v1.21.4
tigerstyle-consumer-check>     Checking scopeguard v1.2.0
tigerstyle-consumer-check>     Checking regex-syntax v0.8.10
tigerstyle-consumer-check>     Checking bitflags v2.11.0
tigerstyle-consumer-check>    Compiling thiserror v2.0.18
tigerstyle-consumer-check>     Checking equivalent v1.0.2
tigerstyle-consumer-check>     Checking allocator-api2 v0.2.21
tigerstyle-consumer-check>     Checking stable_deref_trait v1.2.1
tigerstyle-consumer-check>     Checking foldhash v0.2.0
tigerstyle-consumer-check>     Checking fastrand v2.4.1
tigerstyle-consumer-check>     Checking cpufeatures v0.2.17
tigerstyle-consumer-check>    Compiling rustix v1.1.4
tigerstyle-consumer-check>    Compiling crc32fast v1.5.0
tigerstyle-consumer-check>     Checking linux-raw-sys v0.12.1
tigerstyle-consumer-check>     Checking arrayvec v0.7.6
tigerstyle-consumer-check>    Compiling zmij v1.0.21
tigerstyle-consumer-check>     Checking lock_api v0.4.14
tigerstyle-consumer-check>     Checking log v0.4.29
tigerstyle-consumer-check>    Compiling serde_json v1.0.149
tigerstyle-consumer-check>     Checking same-file v1.0.6
tigerstyle-consumer-check>     Checking tinyvec_macros v0.1.1
tigerstyle-consumer-check>    Compiling crossbeam-epoch v0.9.20
tigerstyle-consumer-check>     Checking tinyvec v1.11.0
tigerstyle-consumer-check>     Checking walkdir v2.5.0
tigerstyle-consumer-check>     Checking gix-trace v0.1.18
tigerstyle-consumer-check>     Checking pin-project-lite v0.2.17
tigerstyle-consumer-check>    Compiling rayon-core v1.13.0
tigerstyle-consumer-check>     Checking arrayref v0.3.9
tigerstyle-consumer-check>     Checking constant_time_eq v0.3.1
tigerstyle-consumer-check>     Checking futures-core v0.3.32
tigerstyle-consumer-check>     Checking zeroize v1.8.2
tigerstyle-consumer-check>     Checking bytesize v2.3.1
tigerstyle-consumer-check>     Checking human_format v1.2.1
tigerstyle-consumer-check>    Compiling generic-array v0.14.7
tigerstyle-consumer-check>     Checking zlib-rs v0.6.3
tigerstyle-consumer-check>     Checking byteorder v1.5.0
tigerstyle-consumer-check>     Checking rand_core v0.10.0
tigerstyle-consumer-check>    Compiling getrandom v0.4.2
tigerstyle-consumer-check>    Compiling heapless v0.8.0
tigerstyle-consumer-check>     Checking futures-sink v0.3.32
tigerstyle-consumer-check>     Checking futures-io v0.3.32
tigerstyle-consumer-check>     Checking futures-channel v0.3.32
tigerstyle-consumer-check>     Checking futures-task v0.3.32
tigerstyle-consumer-check>     Checking slab v0.4.12
tigerstyle-consumer-check>    Compiling rustversion v1.0.22
tigerstyle-consumer-check>     Checking jiff v0.2.23
tigerstyle-consumer-check>     Checking foldhash v0.1.5
tigerstyle-consumer-check>     Checking tracing-core v0.1.36
tigerstyle-consumer-check>    Compiling fs_extra v1.3.0
tigerstyle-consumer-check>    Compiling dunce v1.0.5
tigerstyle-consumer-check>    Compiling libm v0.2.16
tigerstyle-consumer-check>     Checking fnv v1.0.7
tigerstyle-consumer-check>     Checking percent-encoding v2.3.2
tigerstyle-consumer-check>    Compiling aws-lc-rs v1.16.2
tigerstyle-consumer-check>    Compiling semver v1.0.28
tigerstyle-consumer-check>     Checking rustls-pki-types v1.14.0
tigerstyle-consumer-check>    Compiling unicode-xid v0.2.6
tigerstyle-consumer-check>     Checking writeable v0.6.3
tigerstyle-consumer-check>     Checking base64 v0.22.1
tigerstyle-consumer-check>     Checking hash32 v0.3.1
tigerstyle-consumer-check>    Compiling hashbrown v0.16.1
tigerstyle-consumer-check>     Checking unicode-width v0.2.2
tigerstyle-consumer-check>     Checking litemap v0.8.2
tigerstyle-consumer-check>     Checking encoding_rs v0.8.35
tigerstyle-consumer-check>     Checking hashbrown v0.15.5
tigerstyle-consumer-check>    Compiling icu_normalizer_data v2.2.0
tigerstyle-consumer-check>    Compiling strsim v0.11.1
tigerstyle-consumer-check>    Compiling icu_properties_data v2.2.0
tigerstyle-consumer-check>    Compiling httparse v1.10.1
tigerstyle-consumer-check>    Compiling ident_case v1.0.1
tigerstyle-consumer-check>    Compiling pkg-config v0.3.32
tigerstyle-consumer-check>    Compiling autocfg v1.5.0
tigerstyle-consumer-check>     Checking untrusted v0.9.0
tigerstyle-consumer-check>     Checking utf8_iter v1.0.4
tigerstyle-consumer-check>    Compiling rustc_version v0.4.1
tigerstyle-consumer-check>     Checking unicode-normalization v0.1.25
tigerstyle-consumer-check>    Compiling rustls v0.23.37
tigerstyle-consumer-check>     Checking ipnet v2.12.0
tigerstyle-consumer-check>    Compiling signal-hook v0.4.4
tigerstyle-consumer-check>     Checking either v1.15.0
tigerstyle-consumer-check>     Checking aho-corasick v1.1.4
tigerstyle-consumer-check>     Checking winnow v0.7.15
tigerstyle-consumer-check>     Checking crossbeam-channel v0.5.15
tigerstyle-consumer-check>     Checking tower-service v0.3.3
tigerstyle-consumer-check>     Checking static_assertions v1.1.0
tigerstyle-consumer-check>     Checking ryu v1.0.23
tigerstyle-consumer-check>     Checking hashbrown v0.14.5
tigerstyle-consumer-check>     Checking try-lock v0.2.5
tigerstyle-consumer-check>     Checking atomic-waker v1.1.2
tigerstyle-consumer-check>     Checking nonempty v0.12.0
tigerstyle-consumer-check>     Checking form_urlencoded v1.2.2
tigerstyle-consumer-check>    Compiling cfg_aliases v0.2.1
tigerstyle-consumer-check>     Checking sync_wrapper v1.0.2
tigerstyle-consumer-check>     Checking want v0.3.1
tigerstyle-consumer-check>     Checking openssl-probe v0.2.1
tigerstyle-consumer-check>     Checking tower-layer v0.3.3
tigerstyle-consumer-check>    Compiling num-traits v0.2.19
tigerstyle-consumer-check>    Compiling syn v2.0.117
tigerstyle-consumer-check>     Checking colorchoice v1.0.5
tigerstyle-consumer-check>     Checking crossbeam-deque v0.8.6
tigerstyle-consumer-check>     Checking rustls-native-certs v0.8.3
tigerstyle-consumer-check>     Checking iri-string v0.7.12
tigerstyle-consumer-check>     Checking spin v0.9.9
tigerstyle-consumer-check>     Checking data-encoding v2.10.0
tigerstyle-consumer-check>     Checking adler2 v2.0.1
tigerstyle-consumer-check>     Checking faster-hex v0.10.0
tigerstyle-consumer-check>     Checking lazy_static v1.5.0
tigerstyle-consumer-check>     Checking unicode-bom v2.0.3
tigerstyle-consumer-check>    Compiling unicode-segmentation v1.13.2
tigerstyle-consumer-check>     Checking mime v0.3.17
tigerstyle-consumer-check>     Checking simd-adler32 v0.3.9
tigerstyle-consumer-check>     Checking utf8parse v0.2.2
tigerstyle-consumer-check>    Compiling heck v0.5.0
tigerstyle-consumer-check>     Checking anstyle-parse v1.0.0
tigerstyle-consumer-check>    Compiling curve25519-dalek v4.1.3
tigerstyle-consumer-check>    Compiling indexmap v2.13.1
tigerstyle-consumer-check>     Checking kstring v2.0.2
tigerstyle-consumer-check>     Checking thread_local v1.1.9
tigerstyle-consumer-check>     Checking miniz_oxide v0.8.9
tigerstyle-consumer-check>    Compiling winnow v1.0.1
tigerstyle-consumer-check>    Compiling portable-atomic v1.13.1
tigerstyle-consumer-check>     Checking anstyle v1.0.14
tigerstyle-consumer-check>     Checking shell-words v1.1.1
tigerstyle-consumer-check>     Checking anstyle-query v1.1.5
tigerstyle-consumer-check>     Checking is_terminal_polyfill v1.70.2
tigerstyle-consumer-check>    Compiling anyhow v1.0.102
tigerstyle-consumer-check>    Compiling toml_datetime v1.1.1+spec-1.1.0
tigerstyle-consumer-check>     Checking clap_lex v1.1.0
tigerstyle-consumer-check>    Compiling memoffset v0.6.5
tigerstyle-consumer-check>     Checking vte v0.15.0
tigerstyle-consumer-check>     Checking anstream v1.0.0
tigerstyle-consumer-check>    Compiling rustix v0.38.44
tigerstyle-consumer-check>    Compiling zstd-safe v7.2.4
tigerstyle-consumer-check>    Compiling typeid v1.0.3
tigerstyle-consumer-check>    Compiling convert_case v0.10.0
tigerstyle-consumer-check>     Checking vt100 v0.16.2
tigerstyle-consumer-check>     Checking clap_builder v4.6.0
tigerstyle-consumer-check>     Checking arc-swap v1.9.1
tigerstyle-consumer-check>     Checking sharded-slab v0.1.7
tigerstyle-consumer-check>    Compiling n0-future v0.3.2
tigerstyle-consumer-check>    Compiling nix v0.31.3
tigerstyle-consumer-check>    Compiling jobserver v0.1.34
tigerstyle-consumer-check>     Checking tracing-log v0.2.0
tigerstyle-consumer-check>     Checking parking v2.2.1
tigerstyle-consumer-check>     Checking linux-raw-sys v0.4.15
tigerstyle-consumer-check>     Checking unit-prefix v0.5.2
tigerstyle-consumer-check>    Compiling erased-serde v0.4.10
tigerstyle-consumer-check>     Checking bitflags v1.3.2
tigerstyle-consumer-check>     Checking spin v0.10.0
tigerstyle-consumer-check>    Compiling thiserror v1.0.69
tigerstyle-consumer-check>     Checking cordyceps v0.3.4
tigerstyle-consumer-check>     Checking nu-ansi-term v0.50.3
tigerstyle-consumer-check>    Compiling zerocopy v0.8.48
tigerstyle-consumer-check>    Compiling siphasher v1.0.2
tigerstyle-consumer-check>     Checking cpufeatures v0.3.0
tigerstyle-consumer-check>     Checking diatomic-waker v0.2.3
tigerstyle-consumer-check>     Checking chacha20 v0.10.0
tigerstyle-consumer-check>    Compiling cc v1.2.59
tigerstyle-consumer-check>     Checking futures-lite v2.6.1
tigerstyle-consumer-check>     Checking crypto-common v0.1.7
tigerstyle-consumer-check>     Checking block-buffer v0.10.4
tigerstyle-consumer-check>    Compiling parking_lot v0.12.5
tigerstyle-consumer-check>    Compiling phf_shared v0.11.3
tigerstyle-consumer-check>     Checking flate2 v1.1.9
tigerstyle-consumer-check>     Checking digest v0.10.7
tigerstyle-consumer-check>     Checking nibble_vec v0.1.0
tigerstyle-consumer-check>    Compiling term v1.2.1
tigerstyle-consumer-check>     Checking bytemuck v1.25.0
tigerstyle-consumer-check>    Compiling bit-vec v0.8.0
tigerstyle-consumer-check>     Checking matchit v0.8.4
tigerstyle-consumer-check>    Compiling nix-compat v0.1.0 (/build/source/vendor/nix-compat)
tigerstyle-consumer-check>     Checking futures-buffered v0.2.13
tigerstyle-consumer-check>    Compiling fixedbitset v0.5.7
tigerstyle-consumer-check>    Compiling new_debug_unreachable v1.0.6
tigerstyle-consumer-check>     Checking sha1 v0.10.6
tigerstyle-consumer-check>     Checking sha2 v0.10.9
tigerstyle-consumer-check>     Checking md-5 v0.10.6
tigerstyle-consumer-check>    Compiling fuse-backend-rs v0.12.0 (/build/source/vendor/fuse-backend-rs)
tigerstyle-consumer-check>    Compiling toml_parser v1.1.2+spec-1.1.0
tigerstyle-consumer-check>    Compiling keccak v0.1.6
tigerstyle-consumer-check>    Compiling precomputed-hash v0.1.1
tigerstyle-consumer-check>    Compiling redb v3.1.3
tigerstyle-consumer-check>     Checking endian-type v0.1.2
tigerstyle-consumer-check>     Checking iana-time-zone v0.1.65
tigerstyle-consumer-check>    Compiling petgraph v0.7.1
tigerstyle-consumer-check>    Compiling string_cache v0.8.9
tigerstyle-consumer-check>    Compiling bit-set v0.8.0
tigerstyle-consumer-check>     Checking sha1-checked v0.10.0
tigerstyle-consumer-check>     Checking safe_arch v0.7.4
tigerstyle-consumer-check>     Checking radix_trie v0.2.1
tigerstyle-consumer-check>    Compiling ena v0.14.4
tigerstyle-consumer-check>    Compiling proc-macro-error-attr2 v2.0.0
tigerstyle-consumer-check>    Compiling ascii-canvas v4.0.0
tigerstyle-consumer-check>     Checking itertools v0.14.0
tigerstyle-consumer-check>     Checking errno v0.3.14
tigerstyle-consumer-check>     Checking mio v1.2.0
tigerstyle-consumer-check>     Checking getrandom v0.2.17
tigerstyle-consumer-check>     Checking socket2 v0.6.3
tigerstyle-consumer-check>     Checking regex-automata v0.4.14
tigerstyle-consumer-check>     Checking signal-hook-registry v1.4.8
tigerstyle-consumer-check>     Checking memmap2 v0.9.10
tigerstyle-consumer-check>     Checking filetime v0.2.27
tigerstyle-consumer-check>     Checking console v0.16.3
tigerstyle-consumer-check>     Checking rand_core v0.6.4
tigerstyle-consumer-check>     Checking gix-sec v0.13.2
tigerstyle-consumer-check>     Checking dashmap v6.1.0
tigerstyle-consumer-check>    Compiling toml_edit v0.25.10+spec-1.1.0
tigerstyle-consumer-check>     Checking num_cpus v1.17.0
tigerstyle-consumer-check>     Checking rand v0.10.1
tigerstyle-consumer-check>     Checking caps v0.5.6
tigerstyle-consumer-check>     Checking signature v2.2.0
tigerstyle-consumer-check>     Checking vmm-sys-util v0.11.2
tigerstyle-consumer-check>     Checking ed25519 v2.2.3
tigerstyle-consumer-check>     Checking mio v0.8.11
tigerstyle-consumer-check>     Checking vm-memory v0.10.0
tigerstyle-consumer-check>     Checking nix v0.24.3
tigerstyle-consumer-check>     Checking itertools v0.15.0
tigerstyle-consumer-check>     Checking nom v8.0.0
tigerstyle-consumer-check>     Checking prodash v31.0.0
tigerstyle-consumer-check>     Checking rustc-hash v2.1.2
tigerstyle-consumer-check>    Compiling pico-args v0.5.0
tigerstyle-consumer-check>     Checking fixedbitset v0.4.2
tigerstyle-consumer-check>    Compiling malachite-nz v0.6.1
tigerstyle-consumer-check>     Checking indicatif v0.18.4
tigerstyle-consumer-check>     Checking humantime v2.3.0
tigerstyle-consumer-check>    Compiling snix-castore v0.1.0 (/build/source/vendor/snix-castore)
tigerstyle-consumer-check>     Checking threadpool v1.8.1
tigerstyle-consumer-check>     Checking wide v0.7.33
tigerstyle-consumer-check>    Compiling nix v0.29.0
tigerstyle-consumer-check>    Compiling logos-codegen v0.15.1
tigerstyle-consumer-check>    Compiling proc-macro2-diagnostics v0.10.1
tigerstyle-consumer-check>    Compiling cmake v0.1.58
tigerstyle-consumer-check>     Checking serde_bytes v0.11.19
tigerstyle-consumer-check>     Checking wu-manber v0.1.0 (https://github.com/tvlfyi/wu-manber.git#0d5b22be)
tigerstyle-consumer-check>    Compiling sha3 v0.10.8
tigerstyle-consumer-check>     Checking uuid v1.23.0
tigerstyle-consumer-check>     Checking toml_datetime v0.7.5+spec-1.1.0
tigerstyle-consumer-check>    Compiling snix-build v0.1.0 (/build/source/vendor/snix-build)
tigerstyle-consumer-check>    Compiling beef v0.5.2
tigerstyle-consumer-check>    Compiling snix-store v0.1.0 (/build/source/vendor/snix-store)
tigerstyle-consumer-check>     Checking strum v0.26.3
tigerstyle-consumer-check>    Compiling yansi v1.0.1
tigerstyle-consumer-check>    Compiling proc-macro-crate v3.5.0
tigerstyle-consumer-check>     Checking toml_writer v1.1.1+spec-1.1.0
tigerstyle-consumer-check>     Checking lru v0.16.4
tigerstyle-consumer-check>     Checking itertools v0.12.1
tigerstyle-consumer-check>    Compiling heck v0.4.1
tigerstyle-consumer-check>     Checking termcolor v1.4.1
tigerstyle-consumer-check>     Checking bitmaps v3.2.1
tigerstyle-consumer-check>    Compiling io-lifetimes v2.0.4
tigerstyle-consumer-check>    Compiling io-lifetimes v3.0.1
tigerstyle-consumer-check>     Checking base64ct v1.8.3
tigerstyle-consumer-check>     Checking malachite-base v0.6.1
tigerstyle-consumer-check>     Checking count-write v0.1.0
tigerstyle-consumer-check>     Checking serde_spanned v1.1.1
tigerstyle-consumer-check>     Checking fs2 v0.4.3
tigerstyle-consumer-check>    Compiling blake3 v1.8.2
tigerstyle-consumer-check>    Compiling aws-lc-sys v0.39.1
tigerstyle-consumer-check>    Compiling ring v0.17.14
tigerstyle-consumer-check>    Compiling zstd-sys v2.0.16+zstd.1.5.7
tigerstyle-consumer-check>    Compiling libmimalloc-sys v0.1.44
tigerstyle-consumer-check>    Compiling lzma-sys v0.1.20
tigerstyle-consumer-check>    Compiling bzip2-sys v0.1.13+1.0.8
tigerstyle-consumer-check>     Checking pem-rfc7468 v0.7.0
tigerstyle-consumer-check>     Checking imara-diff v0.2.0
tigerstyle-consumer-check>     Checking imara-diff v0.1.8
tigerstyle-consumer-check>     Checking hashlink v0.10.0
tigerstyle-consumer-check>    Compiling object v0.37.3
tigerstyle-consumer-check>     Checking petgraph v0.6.5
tigerstyle-consumer-check>    Compiling io-extras v0.19.0
tigerstyle-consumer-check>     Checking typed-arena v2.0.2
tigerstyle-consumer-check>     Checking imbl-sized-chunks v0.1.3
tigerstyle-consumer-check>     Checking aliasable v0.1.3
tigerstyle-consumer-check>     Checking arrayvec v0.5.2
tigerstyle-consumer-check>     Checking tempfile v3.27.0
tigerstyle-consumer-check>     Checking xattr v1.6.1
tigerstyle-consumer-check>    Compiling paste v1.0.15
tigerstyle-consumer-check>    Compiling signal-hook v0.3.18
tigerstyle-consumer-check>    Compiling getrandom v0.3.4
tigerstyle-consumer-check>     Checking tar v0.4.45
tigerstyle-consumer-check>     Checking arraydeque v0.5.1
tigerstyle-consumer-check>     Checking der v0.7.10
tigerstyle-consumer-check>     Checking pretty v0.12.5
tigerstyle-consumer-check>     Checking toml_edit v0.23.10+spec-1.0.0
tigerstyle-consumer-check>     Checking toml v0.9.12+spec-1.1.0
tigerstyle-consumer-check>     Checking saphyr-parser v0.0.6
tigerstyle-consumer-check>     Checking clru v0.6.3
tigerstyle-consumer-check>     Checking vte v0.14.1
tigerstyle-consumer-check>     Checking uluru v3.1.0
tigerstyle-consumer-check>     Checking simple-counter v0.1.0
tigerstyle-consumer-check>    Compiling cap-primitives v4.0.2
tigerstyle-consumer-check>     Checking unsafe-libyaml v0.2.11
tigerstyle-consumer-check>     Checking gimli v0.32.3
tigerstyle-consumer-check>     Checking bumpalo v3.20.2
tigerstyle-consumer-check>     Checking strip-ansi-escapes v0.2.1
tigerstyle-consumer-check>     Checking fs-set-times v0.20.3
tigerstyle-consumer-check>     Checking crunch-repair-core v0.1.0 (/build/source/crates/crunch-repair-core)
tigerstyle-consumer-check>     Checking crunch-overlay-core v0.1.0 (/build/source/crates/crunch-overlay-core)
tigerstyle-consumer-check>     Checking crunch-gc-core v0.1.0 (/build/source/crates/crunch-gc-core)
tigerstyle-consumer-check>     Checking rustix-linux-procfs v0.1.1
tigerstyle-consumer-check>     Checking num-integer v0.1.46
tigerstyle-consumer-check>     Checking io-close v0.3.7
tigerstyle-consumer-check>     Checking sha-1 v0.10.1
tigerstyle-consumer-check>     Checking json_scanner v0.1.0
tigerstyle-consumer-check>    Compiling linkme-impl v0.3.37
tigerstyle-consumer-check>    Compiling indoc v2.0.7
tigerstyle-consumer-check>    Compiling num-bigint-dig v0.8.6
tigerstyle-consumer-check>    Compiling cap-std v4.0.2
tigerstyle-consumer-check>    Compiling litrs v1.0.0
tigerstyle-consumer-check>     Checking crc-catalog v2.4.0
tigerstyle-consumer-check>     Checking rustc-demangle v0.1.28
tigerstyle-consumer-check>    Compiling owo-colors v4.3.0
tigerstyle-consumer-check>     Checking ambient-authority v0.0.2
tigerstyle-consumer-check>     Checking maybe-owned v0.3.4
tigerstyle-consumer-check>     Checking crc v3.4.0
tigerstyle-consumer-check>     Checking num-iter v0.1.46
tigerstyle-consumer-check>     Checking signal-hook-mio v0.2.5
tigerstyle-consumer-check>     Checking rand_core v0.9.5
tigerstyle-consumer-check>    Compiling syn v3.0.3
tigerstyle-consumer-check>     Checking webpki-roots v1.0.6
tigerstyle-consumer-check>    Compiling cap-fs-ext v4.0.2
tigerstyle-consumer-check>     Checking utf8-zero v0.8.1
tigerstyle-consumer-check>    Compiling linkme v0.3.37
tigerstyle-consumer-check>     Checking is_ci v1.2.0
tigerstyle-consumer-check>     Checking twox-hash v2.1.2
tigerstyle-consumer-check>     Checking toml_write v0.1.2
tigerstyle-consumer-check>     Checking unicode-linebreak v0.1.5
tigerstyle-consumer-check>     Checking lzma-rs v0.3.0
tigerstyle-consumer-check>     Checking terminal_size v0.4.4
tigerstyle-consumer-check>     Checking supports-color v3.0.2
tigerstyle-consumer-check>     Checking gethostname v0.5.0
tigerstyle-consumer-check>     Checking ruzstd v0.8.2
tigerstyle-consumer-check>     Checking fuzzy-matcher v0.3.7
tigerstyle-consumer-check>     Checking bzip2-rs v0.1.2
tigerstyle-consumer-check>     Checking unicode-width v0.1.14
tigerstyle-consumer-check>     Checking supports-hyperlinks v3.2.0
tigerstyle-consumer-check>     Checking supports-unicode v3.0.0
tigerstyle-consumer-check>     Checking dyn-clone v1.0.20
tigerstyle-consumer-check>     Checking textwrap v0.16.2
tigerstyle-consumer-check>     Checking spki v0.7.3
tigerstyle-consumer-check>     Checking bounded-tree-core v0.1.0 (https://seed.radicle.garden/zqhtZvsteJhxCJE96dMAZSZ9y1PX.git?rev=b0fd0103bc9eed2c1b6d852045959462d105d8f1#b0fd0103)
tigerstyle-consumer-check>     Checking crunch-evaluation-stream-core v0.1.0 (/build/source/crates/crunch-evaluation-stream-core)
tigerstyle-consumer-check>     Checking etcetera v0.11.0
tigerstyle-consumer-check>     Checking detect-coding-agent v0.1.0
tigerstyle-consumer-check>     Checking crunch-delta-core v0.1.0 (/build/source/crates/crunch-delta-core)
tigerstyle-consumer-check>     Checking colored v3.1.1
tigerstyle-consumer-check>     Checking dotenvy v0.15.7
tigerstyle-consumer-check>    Compiling document-features v0.2.12
tigerstyle-consumer-check>     Checking chapter-tgz v0.1.0
tigerstyle-consumer-check>     Checking mimalloc v0.1.48
tigerstyle-consumer-check>     Checking pkcs8 v0.10.2
tigerstyle-consumer-check>     Checking durable-file-publication v0.1.0 (https://git.onix.computer/z3tAR4For7qw8ZirkJzoDw1VNDDLM.git?rev=951c27f59003cea9bfdb40ed4d89653d50fada1f#951c27f5)
tigerstyle-consumer-check>     Checking bzip2 v0.5.2
tigerstyle-consumer-check>     Checking pkcs1 v0.7.5
tigerstyle-consumer-check>     Checking regex v1.12.3
tigerstyle-consumer-check>     Checking matchers v0.2.0
tigerstyle-consumer-check>     Checking lalrpop-util v0.22.2
tigerstyle-consumer-check>     Checking bounded-tree-cap v0.1.0 (https://seed.radicle.garden/zqhtZvsteJhxCJE96dMAZSZ9y1PX.git?rev=b0fd0103bc9eed2c1b6d852045959462d105d8f1#b0fd0103)
tigerstyle-consumer-check>    Compiling synstructure v0.13.2
tigerstyle-consumer-check>    Compiling darling_core v0.23.0
tigerstyle-consumer-check>    Compiling darling_core v0.20.11
tigerstyle-consumer-check>    Compiling proc-macro-error2 v2.0.1
tigerstyle-consumer-check>     Checking ppv-lite86 v0.2.21
tigerstyle-consumer-check>    Compiling lalrpop v0.22.2
tigerstyle-consumer-check>     Checking rand_chacha v0.3.1
tigerstyle-consumer-check>     Checking rand_chacha v0.9.0
tigerstyle-consumer-check>    Compiling serde_derive v1.0.228
tigerstyle-consumer-check>    Compiling thiserror-impl v2.0.18
tigerstyle-consumer-check>    Compiling tokio-macros v2.7.0
tigerstyle-consumer-check>    Compiling zerofrom-derive v0.1.7
tigerstyle-consumer-check>    Compiling futures-macro v0.3.32
tigerstyle-consumer-check>    Compiling yoke-derive v0.8.2
tigerstyle-consumer-check>    Compiling zerovec-derive v0.11.3
tigerstyle-consumer-check>    Compiling displaydoc v0.2.5
tigerstyle-consumer-check>    Compiling tracing-attributes v0.1.31
tigerstyle-consumer-check>    Compiling derive_more-impl v2.1.1
tigerstyle-consumer-check>    Compiling curve25519-dalek-derive v0.1.1
tigerstyle-consumer-check>    Compiling async-trait v0.1.89
tigerstyle-consumer-check>    Compiling clap_derive v4.6.0
tigerstyle-consumer-check>    Compiling pin-project-internal v1.1.11
tigerstyle-consumer-check>    Compiling async-stream-impl v0.3.6
tigerstyle-consumer-check>    Compiling thiserror-impl v1.0.69
tigerstyle-consumer-check>    Compiling num_enum_derive v0.7.6
tigerstyle-consumer-check>    Compiling n0-error-macros v0.1.3
tigerstyle-consumer-check>    Compiling spez v0.1.2
tigerstyle-consumer-check>     Checking async-stream v0.3.6
tigerstyle-consumer-check>    Compiling irpc-derive v0.10.0
tigerstyle-consumer-check>    Compiling nix-compat-derive v0.1.0 (/build/source/vendor/nix-compat-derive)
tigerstyle-consumer-check>    Compiling auto_impl v1.3.0
tigerstyle-consumer-check>     Checking futures-util v0.3.32
tigerstyle-consumer-check>    Compiling typed-builder-macro v0.22.0
tigerstyle-consumer-check>    Compiling getset v0.1.6
tigerstyle-consumer-check>    Compiling strum_macros v0.26.4
tigerstyle-consumer-check>    Compiling logos-derive v0.15.1
tigerstyle-consumer-check>     Checking zerofrom v0.1.7
tigerstyle-consumer-check>    Compiling ouroboros_macro v0.18.5
tigerstyle-consumer-check>     Checking rand v0.8.6
tigerstyle-consumer-check>     Checking pin-project v1.1.11
tigerstyle-consumer-check>     Checking addr2line v0.25.1
tigerstyle-consumer-check>     Checking yoke v0.8.2
tigerstyle-consumer-check>    Compiling maybe-async v0.2.10
tigerstyle-consumer-check>     Checking num_enum v0.7.6
tigerstyle-consumer-check>     Checking logos v0.15.1
tigerstyle-consumer-check>     Checking tracing v0.1.44
tigerstyle-consumer-check>     Checking cobs v0.3.0
tigerstyle-consumer-check>     Checking zerovec v0.11.6
tigerstyle-consumer-check>     Checking zerotrie v0.2.4
tigerstyle-consumer-check>     Checking nix-archive v0.1.0
tigerstyle-consumer-check>    Compiling miette-derive v7.6.0
tigerstyle-consumer-check>     Checking rand v0.9.3
tigerstyle-consumer-check>     Checking tracing-subscriber v0.3.23
tigerstyle-consumer-check>     Checking nix-derivation v0.1.0
tigerstyle-consumer-check>     Checking n0-error v0.1.3
tigerstyle-consumer-check>    Compiling darling_macro v0.20.11
tigerstyle-consumer-check>     Checking tinystr v0.8.3
tigerstyle-consumer-check>     Checking potential_utf v0.1.5
tigerstyle-consumer-check>    Compiling darling_macro v0.23.0
tigerstyle-consumer-check>     Checking ed25519-dalek v2.2.0
tigerstyle-consumer-check>     Checking icu_collections v2.2.0
tigerstyle-consumer-check>     Checking derive_more v2.1.1
tigerstyle-consumer-check>     Checking typed-builder v0.22.0
tigerstyle-consumer-check>     Checking crossterm v0.29.0
tigerstyle-consumer-check>    Compiling darling v0.20.11
tigerstyle-consumer-check>     Checking clap v4.6.0
tigerstyle-consumer-check>     Checking icu_locale_core v2.2.0
tigerstyle-consumer-check>    Compiling derive_builder_core v0.20.2
tigerstyle-consumer-check>     Checking clap-verbosity-flag v3.0.4
tigerstyle-consumer-check>     Checking backtrace v0.3.76
tigerstyle-consumer-check>    Compiling darling v0.23.0
tigerstyle-consumer-check>    Compiling serde_with_macros v3.18.0
tigerstyle-consumer-check>     Checking zstd v0.13.3
tigerstyle-consumer-check>     Checking ouroboros v0.18.5
tigerstyle-consumer-check>     Checking backtrace-ext v0.2.1
tigerstyle-consumer-check>     Checking miette v7.6.0
tigerstyle-consumer-check>     Checking xz2 v0.1.7
tigerstyle-consumer-check>     Checking tracing-indicatif v0.3.14
tigerstyle-consumer-check>     Checking inquire v0.9.4
tigerstyle-consumer-check>     Checking icu_provider v2.2.0
tigerstyle-consumer-check>    Compiling derive_builder_macro v0.20.2
tigerstyle-consumer-check>     Checking rsa v0.9.10
tigerstyle-consumer-check>     Checking serde_with v3.18.0
tigerstyle-consumer-check>     Checking icu_properties v2.2.0
tigerstyle-consumer-check>     Checking icu_normalizer v2.2.0
tigerstyle-consumer-check>     Checking derive_builder v0.20.2
tigerstyle-consumer-check>     Checking bytes v1.11.1
tigerstyle-consumer-check>     Checking bstr v1.12.1
tigerstyle-consumer-check>     Checking serde_urlencoded v0.7.1
tigerstyle-consumer-check>     Checking quick-xml v0.40.1
tigerstyle-consumer-check>     Checking chrono v0.4.44
tigerstyle-consumer-check>     Checking crunch-attestation-core v0.1.0 (/build/source/crates/crunch-attestation-core)
tigerstyle-consumer-check>     Checking postcard v1.1.3
tigerstyle-consumer-check>     Checking serde_tagged v0.3.0
tigerstyle-consumer-check>     Checking serde_qs v0.12.0
tigerstyle-consumer-check>     Checking artifact-auth-core v0.1.0 (ssh://git@github.com/OnixResearch/onix-artifact.git?rev=c932138d880ddf4c2967f4c024b489b5c0022bf1#c932138d)
tigerstyle-consumer-check>     Checking oci-spec v0.7.1
tigerstyle-consumer-check>     Checking codespan-reporting v0.13.1
tigerstyle-consumer-check>     Checking crunch-composition-core v0.1.0 (/build/source/crates/crunch-composition-core)
tigerstyle-consumer-check>     Checking nickel-lang-vector v0.1.0
tigerstyle-consumer-check>     Checking serde_yaml v0.9.34+deprecated
tigerstyle-consumer-check>     Checking toml_datetime v0.6.11
tigerstyle-consumer-check>     Checking serde_spanned v0.6.9
tigerstyle-consumer-check>     Checking crunch-rust-cache-core v0.1.0 (/build/source/crates/crunch-rust-cache-core)
tigerstyle-consumer-check>     Checking crunch-wasm-component-core v0.1.0 (/build/source/crates/crunch-wasm-component-core)
tigerstyle-consumer-check>     Checking crunch-shell-core v0.1.0 (/build/source/crates/crunch-shell-core)
tigerstyle-consumer-check>     Checking secrecy v0.10.3
tigerstyle-consumer-check>     Checking crunch-release-core v0.1.0 (/build/source/crates/crunch-release-core)
tigerstyle-consumer-check>     Checking crunch-kernelscript-core v0.1.0 (/build/source/crates/crunch-kernelscript-core)
tigerstyle-consumer-check>     Checking crunch-bootstrap-core v0.1.0 (/build/source/crates/crunch-bootstrap-core)
tigerstyle-consumer-check>     Checking nickel-export-core v0.1.0 (https://github.com/OnixResearch/nickel-export?rev=257fafc1c746f1faf156207043a4c826bfb16d49#257fafc1)
tigerstyle-consumer-check>     Checking mantle-portable-client-core v0.1.0 (/build/source/crates/mantle-portable-client-core)
tigerstyle-consumer-check>     Checking mantlepkgs-core v0.1.0 (/build/source/crates/mantlepkgs-core)
tigerstyle-consumer-check>     Checking crunch-eval-budget-core v0.1.0 (/build/source/crates/crunch-eval-budget-core)
tigerstyle-consumer-check>     Checking crunch-hardware-simulation-core v0.1.0 (/build/source/crates/crunch-hardware-simulation-core)
tigerstyle-consumer-check>     Checking toml_edit v0.22.27
tigerstyle-consumer-check>     Checking crunch-spacewasm-core v0.1.0 (/build/source/crates/crunch-spacewasm-core)
tigerstyle-consumer-check>     Checking mantle-build-contract v0.1.0 (/build/source/crates/mantle-build-contract)
tigerstyle-consumer-check>     Checking gix-validate v0.11.0
tigerstyle-consumer-check>     Checking gix-utils v0.3.1
tigerstyle-consumer-check>     Checking gix-error v0.2.1
tigerstyle-consumer-check>     Checking gix-packetline v0.21.2
tigerstyle-consumer-check>     Checking tokio v1.51.0
tigerstyle-consumer-check>     Checking http v1.4.0
tigerstyle-consumer-check>     Checking crunch-action-result-core v0.1.0 (/build/source/crates/crunch-action-result-core)
tigerstyle-consumer-check>     Checking codespan v0.13.1
tigerstyle-consumer-check>     Checking gix-path v0.11.2
tigerstyle-consumer-check>     Checking gix-date v0.15.1
tigerstyle-consumer-check>     Checking gix-chunk v0.7.0
tigerstyle-consumer-check>     Checking gix-quote v0.7.0
tigerstyle-consumer-check>     Checking futures-executor v0.3.32
tigerstyle-consumer-check>     Checking gix-bitmap v0.3.0
tigerstyle-consumer-check>     Checking artifact-auth-ed25519 v0.1.0 (ssh://git@github.com/OnixResearch/onix-artifact.git?rev=c932138d880ddf4c2967f4c024b489b5c0022bf1#c932138d)
tigerstyle-consumer-check>     Checking gix-features v0.46.2
tigerstyle-consumer-check>     Checking gix-config-value v0.17.1
tigerstyle-consumer-check>     Checking gix-command v0.8.0
tigerstyle-consumer-check>     Checking gix-actor v0.40.0
tigerstyle-consumer-check>     Checking idna_adapter v1.2.1
tigerstyle-consumer-check>     Checking gix-url v0.35.2
tigerstyle-consumer-check>     Checking crunch-shell v0.1.0 (/build/source/crates/crunch-shell)
tigerstyle-consumer-check>     Checking futures v0.3.32
tigerstyle-consumer-check>     Checking idna v1.1.0
tigerstyle-consumer-check>     Checking gix-mailmap v0.32.0
tigerstyle-consumer-check>     Checking gix-prompt v0.14.1
tigerstyle-consumer-check>     Checking gix-hash v0.23.0
tigerstyle-consumer-check>     Checking gix-fs v0.19.2
tigerstyle-consumer-check>     Checking gix-glob v0.24.0
tigerstyle-consumer-check>     Checking url v2.5.8
tigerstyle-consumer-check>     Checking gix-credentials v0.37.1
tigerstyle-consumer-check>     Checking gix-tempfile v21.0.2
tigerstyle-consumer-check>     Checking gix-hashtable v0.13.0
tigerstyle-consumer-check>     Checking gix-commitgraph v0.35.0
tigerstyle-consumer-check>     Checking gix-object v0.58.0
tigerstyle-consumer-check>     Checking gix-attributes v0.31.0
tigerstyle-consumer-check>     Checking gix-ignore v0.19.1
tigerstyle-consumer-check>     Checking http-body v1.0.1
tigerstyle-consumer-check>     Checking ureq-proto v0.6.0
tigerstyle-consumer-check>     Checking gix-lock v21.0.2
tigerstyle-consumer-check>     Checking http-body-util v0.1.3
tigerstyle-consumer-check>     Checking gix-shallow v0.10.0
tigerstyle-consumer-check>     Checking gix-pathspec v0.16.1
tigerstyle-consumer-check>     Checking crunch-attestation v0.1.0 (/build/source/crates/crunch-attestation)
tigerstyle-consumer-check>     Checking crunch-project-core v0.1.0 (/build/source/crates/crunch-project-core)
tigerstyle-consumer-check>     Checking crunch-spacewasm v0.1.0 (/build/source/crates/crunch-spacewasm)
tigerstyle-consumer-check>     Checking toml v0.8.23
tigerstyle-consumer-check>     Checking gix-revwalk v0.29.0
tigerstyle-consumer-check>     Checking gix-ref v0.61.0
tigerstyle-consumer-check>     Checking gix-filter v0.28.0
tigerstyle-consumer-check>     Checking gix-pack v0.68.0
tigerstyle-consumer-check>     Checking crunch-hardware-simulation v0.1.0 (/build/source/crates/crunch-hardware-simulation)
tigerstyle-consumer-check>     Checking gix-traverse v0.55.0
tigerstyle-consumer-check>     Checking gix-revision v0.43.0
tigerstyle-consumer-check>     Checking gix-negotiate v0.29.0
tigerstyle-consumer-check>     Checking crunch-kernelscript-adapter v0.1.0 (/build/source/crates/crunch-kernelscript-adapter)
tigerstyle-consumer-check>     Checking gix-index v0.49.0
tigerstyle-consumer-check>     Checking gix-worktree-stream v0.30.0
tigerstyle-consumer-check>     Checking gix-refspec v0.39.0
tigerstyle-consumer-check>     Checking gix-archive v0.30.0
tigerstyle-consumer-check>     Checking gix-discover v0.49.0
tigerstyle-consumer-check>     Checking gix-config v0.54.0
tigerstyle-consumer-check>     Checking gix-odb v0.78.0
tigerstyle-consumer-check>     Checking gix-worktree v0.50.0
tigerstyle-consumer-check>     Checking gix-diff v0.61.0
tigerstyle-consumer-check>     Checking gix-dir v0.23.0
tigerstyle-consumer-check>     Checking gix-worktree-state v0.28.0
tigerstyle-consumer-check>     Checking gix-submodule v0.28.0
tigerstyle-consumer-check>     Checking crunch-wasm-component v0.1.0 (/build/source/crates/crunch-wasm-component)
tigerstyle-consumer-check>     Checking gix-status v0.28.0
tigerstyle-consumer-check>     Checking gix-blame v0.11.0
tigerstyle-consumer-check>    Compiling nickel-lang-parser v0.1.1
tigerstyle-consumer-check>    Compiling nickel-lang-core v0.16.1
tigerstyle-consumer-check>     Checking tokio-util v0.7.18
tigerstyle-consumer-check>     Checking tower v0.5.3
tigerstyle-consumer-check>     Checking tokio-stream v0.1.18
tigerstyle-consumer-check>     Checking async-compression v0.4.19
tigerstyle-consumer-check>     Checking secretspec v0.17.0
tigerstyle-consumer-check>     Checking astral-tokio-tar v0.6.3
tigerstyle-consumer-check>     Checking fastcdc v3.2.1
tigerstyle-consumer-check>     Checking tower-http v0.6.8
tigerstyle-consumer-check>     Checking h2 v0.4.13
tigerstyle-consumer-check>     Checking irpc v0.13.0
tigerstyle-consumer-check>     Checking malachite-q v0.6.1
tigerstyle-consumer-check>     Checking crunch-project v0.1.0 (/build/source/crates/crunch-project)
tigerstyle-consumer-check>     Checking malachite-float v0.6.1
tigerstyle-consumer-check>     Checking malachite v0.6.1
tigerstyle-consumer-check>     Checking hyper v1.9.0
tigerstyle-consumer-check>     Checking crunch-nar v0.1.0 (/build/source/crates/crunch-nar)
tigerstyle-consumer-check>     Checking crunch-glue v0.1.0 (/build/source/crates/crunch-glue)
tigerstyle-consumer-check>     Checking hyper-util v0.1.20
tigerstyle-consumer-check>     Checking rustls-webpki v0.103.13
tigerstyle-consumer-check>     Checking tokio-rustls v0.26.4
tigerstyle-consumer-check>     Checking rustls-platform-verifier v0.6.2
tigerstyle-consumer-check>     Checking ureq v3.3.0
tigerstyle-consumer-check>     Checking hyper-rustls v0.27.7
tigerstyle-consumer-check>     Checking reqwest v0.13.2
tigerstyle-consumer-check>     Checking reqwest-middleware v0.5.1
tigerstyle-consumer-check>     Checking object_store v0.14.0
tigerstyle-consumer-check>     Checking gix-transport v0.55.1
tigerstyle-consumer-check>     Checking reqwest-tracing v0.6.0
tigerstyle-consumer-check>     Checking gix-protocol v0.59.0
tigerstyle-consumer-check>     Checking snix-tracing v0.1.0 (/build/source/vendor/snix-tracing)
tigerstyle-consumer-check>     Checking gix v0.81.0
tigerstyle-consumer-check>     Checking crunch-store v0.1.0 (/build/source/crates/crunch-store)
tigerstyle-consumer-check> error: function `load_root_snapshot` is 72 lines (limit: 70)
tigerstyle-consumer-check>    --> crates/crunch-store/src/composition.rs:78:34
tigerstyle-consumer-check>     |
tigerstyle-consumer-check>  78 |   ) -> Result<RootSnapshot, Error> {
tigerstyle-consumer-check>     |  __________________________________^
tigerstyle-consumer-check>  79 | |     let root_digest = parse_digest(&root.digest_blake3)?;
tigerstyle-consumer-check>  80 | |     let root_node = Node::Directory {
tigerstyle-consumer-check>  81 | |         digest: root_digest,
tigerstyle-consumer-check> ...   |
tigerstyle-consumer-check> 150 | |     })
tigerstyle-consumer-check> 151 | | }
tigerstyle-consumer-check>     | |_^
tigerstyle-consumer-check>     |
tigerstyle-consumer-check>     = help: Tiger Style (Function Length): split long functions into named helpers at invariant or phase boundaries
tigerstyle-consumer-check>     = note: see Tiger Style guide: Function Length
tigerstyle-consumer-check>     = note: `-D tigerstyle::function-length` implied by `-D function-length`
tigerstyle-consumer-check>     = help: to override `-D function-length` add `#[allow(tigerstyle::function_length)]`
tigerstyle-consumer-check> 
tigerstyle-consumer-check> error: function `load_root_snapshot` has 0 assertion(s) in 72 lines (need 2+)
tigerstyle-consumer-check>    --> crates/crunch-store/src/composition.rs:78:34
tigerstyle-consumer-check>     |
tigerstyle-consumer-check>  78 |   ) -> Result<RootSnapshot, Error> {
tigerstyle-consumer-check>     |  __________________________________^
tigerstyle-consumer-check>  79 | |     let root_digest = parse_digest(&root.digest_blake3)?;
tigerstyle-consumer-check>  80 | |     let root_node = Node::Directory {
tigerstyle-consumer-check>  81 | |         digest: root_digest,
tigerstyle-consumer-check> ...   |
tigerstyle-consumer-check> 150 | |     })
tigerstyle-consumer-check> 151 | | }
tigerstyle-consumer-check>     | |_^
tigerstyle-consumer-check>     |
tigerstyle-consumer-check>     = help: Tiger Style (Assertion Density): add enough assertions to make local invariants visible near the logic they defend
tigerstyle-consumer-check>     = note: see Tiger Style guide: Assertion Density
tigerstyle-consumer-check>     = note: `-D tigerstyle::assertion-density` implied by `-D assertion-density`
tigerstyle-consumer-check>     = help: to override `-D assertion-density` add `#[allow(tigerstyle::assertion_density)]`
tigerstyle-consumer-check> 
tigerstyle-consumer-check> error: `size` looks like a quantity but has no unit suffix
tigerstyle-consumer-check>    --> crates/crunch-store/src/composition.rs:227:21
tigerstyle-consumer-check>     |
tigerstyle-consumer-check> 227 |                 let size = directory.size();
tigerstyle-consumer-check>     |                     ^^^^
tigerstyle-consumer-check>     |
tigerstyle-consumer-check>     = help: Tiger Style (Unit Suffixes): put the unit in the name of numeric quantities Example: timeout_ms
tigerstyle-consumer-check>     = note: structured suggestion applicability: HasPlaceholders
tigerstyle-consumer-check>     = note: see Tiger Style guide: Unit Suffixes
tigerstyle-consumer-check>     = note: `-D tigerstyle::numeric-units` implied by `-D numeric-units`
tigerstyle-consumer-check>     = help: to override `-D numeric-units` add `#[allow(tigerstyle::numeric_units)]`
tigerstyle-consumer-check> help: rename with an explicit unit suffix like `_ms`, `_secs`, or `_bytes`
tigerstyle-consumer-check>     |
tigerstyle-consumer-check> 227 |                 let size_<unit> = directory.size();
tigerstyle-consumer-check>     |                         +++++++
tigerstyle-consumer-check> 
tigerstyle-consumer-check> error: function `run_gc` is 92 lines (limit: 70)
tigerstyle-consumer-check>    --> crates/crunch-store/src/gc.rs:208:30
tigerstyle-consumer-check>     |
tigerstyle-consumer-check> 208 |   ) -> Result<GcReport, Error> {
tigerstyle-consumer-check>     |  ______________________________^
tigerstyle-consumer-check> 209 | |     assert!(!ctx.store_dir.is_empty(), "store_dir must not be empty");
tigerstyle-consumer-check> 210 | |     assert!(ctx.store_dir.starts_with('/'), "store_dir must be absolute");
tigerstyle-consumer-check> 211 | |     if ctx.retained_castore_roots.len() > MAX_GC_RETAINED_CASTORE_ROOTS {
tigerstyle-consumer-check> ...   |
tigerstyle-consumer-check> 301 | |     Ok(gc_result)
tigerstyle-consumer-check> 302 | | }
tigerstyle-consumer-check>     | |_^
tigerstyle-consumer-check>     |
tigerstyle-consumer-check>     = help: Tiger Style (Function Length): split long functions into named helpers at invariant or phase boundaries
tigerstyle-consumer-check>     = note: see Tiger Style guide: Function Length
tigerstyle-consumer-check> 
tigerstyle-consumer-check> error: `_exported_outputs_succeeded` looks like a quantity but has no unit suffix
tigerstyle-consumer-check>    --> crates/crunch-store/src/gc.rs:269:9
tigerstyle-consumer-check>     |
tigerstyle-consumer-check> 269 |     let _exported_outputs_succeeded = record_gc_operation(
tigerstyle-consumer-check>     |         ^^^^^^^^^^^^^^^^^^^^^^^^^^^
tigerstyle-consumer-check>     |
tigerstyle-consumer-check>     = help: Tiger Style (Unit Suffixes): put the unit in the name of numeric quantities Example: timeout_ms
tigerstyle-consumer-check>     = note: structured suggestion applicability: HasPlaceholders
tigerstyle-consumer-check>     = note: see Tiger Style guide: Unit Suffixes
tigerstyle-consumer-check> help: rename with an explicit unit suffix like `_ms`, `_secs`, or `_bytes`
tigerstyle-consumer-check>     |
tigerstyle-consumer-check> 269 |     let _exported_outputs_succeeded_<unit> = record_gc_operation(
tigerstyle-consumer-check>     |                                    +++++++
tigerstyle-consumer-check> 
tigerstyle-consumer-check> error: function `build_plan` is 110 lines (limit: 70)
tigerstyle-consumer-check>    --> crates/crunch-store/src/gc.rs:305:97
tigerstyle-consumer-check>     |
tigerstyle-consumer-check> 305 |   async fn build_plan(ctx: &GcContext<'_>, is_execution_requested: bool) -> Result<GcPlan, Error> {
tigerstyle-consumer-check>     |  _________________________________________________________________________________________________^
tigerstyle-consumer-check> 306 | |     assert!(!ctx.store_dir.is_empty(), "build_plan: store_dir must not be empty");
tigerstyle-consumer-check> 307 | |     assert!(ctx.store_dir.starts_with('/'), "build_plan: store_dir must be absolute");
tigerstyle-consumer-check> ...   |
tigerstyle-consumer-check> 415 | |     })
tigerstyle-consumer-check> 416 | | }
tigerstyle-consumer-check>     | |_^
tigerstyle-consumer-check>     |
tigerstyle-consumer-check>     = help: Tiger Style (Function Length): split long functions into named helpers at invariant or phase boundaries
tigerstyle-consumer-check>     = note: see Tiger Style guide: Function Length
tigerstyle-consumer-check> 
tigerstyle-consumer-check> error: `explanation_link_limit` looks like a quantity but has no unit suffix
tigerstyle-consumer-check>    --> crates/crunch-store/src/gc.rs:350:9
tigerstyle-consumer-check>     |
tigerstyle-consumer-check> 350 |     let explanation_link_limit =
tigerstyle-consumer-check>     |         ^^^^^^^^^^^^^^^^^^^^^^
tigerstyle-consumer-check>     |
tigerstyle-consumer-check>     = help: Tiger Style (Unit Suffixes): put the unit in the name of numeric quantities Example: timeout_ms
tigerstyle-consumer-check>     = note: structured suggestion applicability: HasPlaceholders
tigerstyle-consumer-check>     = note: see Tiger Style guide: Unit Suffixes
tigerstyle-consumer-check> help: rename with an explicit unit suffix like `_ms`, `_secs`, or `_bytes`
tigerstyle-consumer-check>     |
tigerstyle-consumer-check> 350 |     let explanation_link_limit_<unit> =
tigerstyle-consumer-check>     |                               +++++++
tigerstyle-consumer-check> 
tigerstyle-consumer-check> error: function `build_retention_explanations` has 0 assertion(s) in 24 lines (need 2+)
tigerstyle-consumer-check>    --> crates/crunch-store/src/gc.rs:442:49
tigerstyle-consumer-check>     |
tigerstyle-consumer-check> 442 |   ) -> Result<Vec<GcRetentionExplanation>, Error> {
tigerstyle-consumer-check>     |  _________________________________________________^
tigerstyle-consumer-check> 443 | |     let roots_by_path = roots.iter().map(|root| (root.logical_path.as_str(), root)).collect::<BTreeMap<_, _>>();
tigerstyle-consumer-check> 444 | |     let mut explanations = Vec::with_capacity(decisions.len());
tigerstyle-consumer-check> 445 | |     for decision in decisions {
tigerstyle-consumer-check> ...   |
tigerstyle-consumer-check> 464 | |     Ok(explanations)
tigerstyle-consumer-check> 465 | | }
tigerstyle-consumer-check>     | |_^
tigerstyle-consumer-check>     |
tigerstyle-consumer-check>     = help: Tiger Style (Assertion Density): add enough assertions to make local invariants visible near the logic they defend
tigerstyle-consumer-check>     = note: see Tiger Style guide: Assertion Density
tigerstyle-consumer-check> 
tigerstyle-consumer-check> error: function `build_path_explanations` has 0 assertion(s) in 26 lines (need 2+)
tigerstyle-consumer-check>    --> crates/crunch-store/src/gc.rs:480:44
tigerstyle-consumer-check>     |
tigerstyle-consumer-check> 480 |   ) -> Result<Vec<GcPathExplanation>, Error> {
tigerstyle-consumer-check>     |  ____________________________________________^
tigerstyle-consumer-check> 481 | |     if retaining_root_limit == 0 {
tigerstyle-consumer-check> 482 | |         return Err(Error::Gc("retaining-root explanation limit must be positive".to_string()));
tigerstyle-consumer-check> ...   |
tigerstyle-consumer-check> 504 | |     Ok(explanations)
tigerstyle-consumer-check> 505 | | }
tigerstyle-consumer-check>     | |_^
tigerstyle-consumer-check>     |
tigerstyle-consumer-check>     = help: Tiger Style (Assertion Density): add enough assertions to make local invariants visible near the logic they defend
tigerstyle-consumer-check>     = note: see Tiger Style guide: Assertion Density
tigerstyle-consumer-check> 
tigerstyle-consumer-check> error: function `build_usage_report` has 0 assertion(s) in 39 lines (need 2+)
tigerstyle-consumer-check>    --> crates/crunch-store/src/gc.rs:513:35
tigerstyle-consumer-check>     |
tigerstyle-consumer-check> 513 |   ) -> Result<GcUsageReport, Error> {
tigerstyle-consumer-check>     |  ___________________________________^
tigerstyle-consumer-check> 514 | |     let roots_by_path = retaining_roots
tigerstyle-consumer-check> 515 | |         .iter()
tigerstyle-consumer-check> 516 | |         .map(|entry| (entry.path_id.as_str(), entry.root_ids.clone()))
tigerstyle-consumer-check> ...   |
tigerstyle-consumer-check> 550 | |     })
tigerstyle-consumer-check> 551 | | }
tigerstyle-consumer-check>     | |_^
tigerstyle-consumer-check>     |
tigerstyle-consumer-check>     = help: Tiger Style (Assertion Density): add enough assertions to make local invariants visible near the logic they defend
tigerstyle-consumer-check>     = note: see Tiger Style guide: Assertion Density
tigerstyle-consumer-check> 
tigerstyle-consumer-check> error: `report` looks like a quantity but has no unit suffix
tigerstyle-consumer-check>    --> crates/crunch-store/src/gc.rs:530:9
tigerstyle-consumer-check>     |
tigerstyle-consumer-check> 530 |     let report = aggregate_usage(decisions, observations)
tigerstyle-consumer-check>     |         ^^^^^^
tigerstyle-consumer-check>     |
tigerstyle-consumer-check>     = help: Tiger Style (Unit Suffixes): put the unit in the name of numeric quantities Example: timeout_ms
tigerstyle-consumer-check>     = note: structured suggestion applicability: HasPlaceholders
tigerstyle-consumer-check>     = note: see Tiger Style guide: Unit Suffixes
tigerstyle-consumer-check> help: rename with an explicit unit suffix like `_ms`, `_secs`, or `_bytes`
tigerstyle-consumer-check>     |
tigerstyle-consumer-check> 530 |     let report_<unit> = aggregate_usage(decisions, observations)
tigerstyle-consumer-check>     |               +++++++
tigerstyle-consumer-check> 
tigerstyle-consumer-check> error: function `execution_plan_id` has 0 assertion(s) in 49 lines (need 2+)
tigerstyle-consumer-check>    --> crates/crunch-store/src/gc.rs:561:71
tigerstyle-consumer-check>     |
tigerstyle-consumer-check> 561 |   fn execution_plan_id(input: ExecutionPlanIdentityInput<'_>) -> String {
tigerstyle-consumer-check>     |  _______________________________________________________________________^
tigerstyle-consumer-check> 562 | |     let mut hasher = blake3::Hasher::new();
tigerstyle-consumer-check> 563 | |     hasher.update(GC_EXECUTION_PLAN_DOMAIN);
tigerstyle-consumer-check> 564 | |     hasher.update(input.core_plan_id);
tigerstyle-consumer-check> ...   |
tigerstyle-consumer-check> 608 | |     encode_blake3_identity(hasher.finalize().as_bytes())
tigerstyle-consumer-check> 609 | | }
tigerstyle-consumer-check>     | |_^
tigerstyle-consumer-check>     |
tigerstyle-consumer-check>     = help: Tiger Style (Assertion Density): add enough assertions to make local invariants visible near the logic they defend
tigerstyle-consumer-check>     = note: see Tiger Style guide: Assertion Density
tigerstyle-consumer-check> 
tigerstyle-consumer-check> error: function `compose_gc_snapshot` is 71 lines (limit: 70)
tigerstyle-consumer-check>    --> crates/crunch-store/src/gc.rs:633:40
tigerstyle-consumer-check>     |
tigerstyle-consumer-check> 633 |   ) -> Result<ComposedGcSnapshot, Error> {
tigerstyle-consumer-check>     |  ________________________________________^
tigerstyle-consumer-check> 634 | |     let mut pathinfos_by_id = BTreeMap::new();
tigerstyle-consumer-check> 635 | |     let mut ownership = BTreeMap::new();
tigerstyle-consumer-check> 636 | |     let mut queue = Vec::new();
tigerstyle-consumer-check> ...   |
tigerstyle-consumer-check> 703 | |     })
tigerstyle-consumer-check> 704 | | }
tigerstyle-consumer-check>     | |_^
tigerstyle-consumer-check>     |
tigerstyle-consumer-check>     = help: Tiger Style (Function Length): split long functions into named helpers at invariant or phase boundaries
tigerstyle-consumer-check>     = note: see Tiger Style guide: Function Length
tigerstyle-consumer-check> 
tigerstyle-consumer-check> error: function `compose_gc_snapshot` has 0 assertion(s) in 71 lines (need 2+)
tigerstyle-consumer-check>    --> crates/crunch-store/src/gc.rs:633:40
tigerstyle-consumer-check>     |
tigerstyle-consumer-check> 633 |   ) -> Result<ComposedGcSnapshot, Error> {
tigerstyle-consumer-check>     |  ________________________________________^
tigerstyle-consumer-check> 634 | |     let mut pathinfos_by_id = BTreeMap::new();
tigerstyle-consumer-check> 635 | |     let mut ownership = BTreeMap::new();
tigerstyle-consumer-check> 636 | |     let mut queue = Vec::new();
tigerstyle-consumer-check> ...   |
tigerstyle-consumer-check> 703 | |     })
tigerstyle-consumer-check> 704 | | }
tigerstyle-consumer-check>     | |_^
tigerstyle-consumer-check>     |
tigerstyle-consumer-check>     = help: Tiger Style (Assertion Density): add enough assertions to make local invariants visible near the logic they defend
tigerstyle-consumer-check>     = note: see Tiger Style guide: Assertion Density
tigerstyle-consumer-check> 
tigerstyle-consumer-check> error: function `core_plan_request` has 0 assertion(s) in 47 lines (need 2+)
tigerstyle-consumer-check>    --> crates/crunch-store/src/gc.rs:728:35
tigerstyle-consumer-check>     |
tigerstyle-consumer-check> 728 |   ) -> Result<GcPlanRequest, Error> {
tigerstyle-consumer-check>     |  ___________________________________^
tigerstyle-consumer-check> 729 | |     if store_dir.is_empty() || !store_dir.starts_with('/') {
tigerstyle-consumer-check> 730 | |         return Err(Error::Gc(format!("core GC store directory is invalid: {store_dir:?}")));
tigerstyle-consumer-check> ...   |
tigerstyle-consumer-check> 773 | |     })
tigerstyle-consumer-check> 774 | | }
tigerstyle-consumer-check>     | |_^
tigerstyle-consumer-check>     |
tigerstyle-consumer-check>     = help: Tiger Style (Assertion Density): add enough assertions to make local invariants visible near the logic they defend
tigerstyle-consumer-check>     = note: see Tiger Style guide: Assertion Density
tigerstyle-consumer-check> 
tigerstyle-consumer-check> error: function `path_size_bytes` has 1 assertion(s) in 43 lines (need 2+)
tigerstyle-consumer-check>     --> crates/crunch-store/src/gc.rs:1205:81
tigerstyle-consumer-check>      |
tigerstyle-consumer-check> 1205 |   fn path_size_bytes(root: &Path) -> Result<PathSizeObservation, PathSizeBlocker> {
tigerstyle-consumer-check>      |  _________________________________________________________________________________^
tigerstyle-consumer-check> 1206 | |     assert!(root.is_absolute(), "path_size_bytes: root must be absolute");
tigerstyle-consumer-check> 1207 | |     let root_metadata = std::fs::symlink_metadata(root).map_err(|_| PathSizeBlocker::MetadataUnreadable)?;
tigerstyle-consumer-check> 1208 | |     let path_kind = if root_metadata.file_type().is_symlink() {
tigerstyle-consumer-check> ...    |
tigerstyle-consumer-check> 1249 | |     })
tigerstyle-consumer-check> 1250 | | }
tigerstyle-consumer-check>      | |_^
tigerstyle-consumer-check>      |
tigerstyle-consumer-check>      = help: Tiger Style (Assertion Density): add enough assertions to make local invariants visible near the logic they defend
tigerstyle-consumer-check>      = note: see Tiger Style guide: Assertion Density
tigerstyle-consumer-check> 
tigerstyle-consumer-check> error: `read_limit` looks like a quantity but has no unit suffix
tigerstyle-consumer-check>    --> crates/crunch-store/src/handle.rs:533:9
tigerstyle-consumer-check>     |
tigerstyle-consumer-check> 533 |     let read_limit = NonZeroUsize::new(OVERLAY_DIRECTORY_READ_LIMIT)
tigerstyle-consumer-check>     |         ^^^^^^^^^^
tigerstyle-consumer-check>     |
tigerstyle-consumer-check>     = help: Tiger Style (Unit Suffixes): put the unit in the name of numeric quantities Example: timeout_ms
tigerstyle-consumer-check>     = note: structured suggestion applicability: HasPlaceholders
tigerstyle-consumer-check>     = note: see Tiger Style guide: Unit Suffixes
tigerstyle-consumer-check> help: rename with an explicit unit suffix like `_ms`, `_secs`, or `_bytes`
tigerstyle-consumer-check>     |
tigerstyle-consumer-check> 533 |     let read_limit_<unit> = NonZeroUsize::new(OVERLAY_DIRECTORY_READ_LIMIT)
tigerstyle-consumer-check>     |                   +++++++
tigerstyle-consumer-check> 
tigerstyle-consumer-check> error: `report` looks like a quantity but has no unit suffix
tigerstyle-consumer-check>     --> crates/crunch-store/src/handle.rs:1332:13
tigerstyle-consumer-check>      |
tigerstyle-consumer-check> 1332 |         let report = gc::run_gc(&ctx, &mut self.ca_mappings, accepted_plan_id).await?;
tigerstyle-consumer-check>      |             ^^^^^^
tigerstyle-consumer-check>      |
tigerstyle-consumer-check>      = help: Tiger Style (Unit Suffixes): put the unit in the name of numeric quantities Example: timeout_ms
tigerstyle-consumer-check>      = note: structured suggestion applicability: HasPlaceholders
tigerstyle-consumer-check>      = note: see Tiger Style guide: Unit Suffixes
tigerstyle-consumer-check> help: rename with an explicit unit suffix like `_ms`, `_secs`, or `_bytes`
tigerstyle-consumer-check>      |
tigerstyle-consumer-check> 1332 |         let report_<unit> = gc::run_gc(&ctx, &mut self.ca_mappings, accepted_plan_id).await?;
tigerstyle-consumer-check>      |                   +++++++
tigerstyle-consumer-check> 
tigerstyle-consumer-check> error: function `list_nario_v2` has 0 assertion(s) in 45 lines (need 2+)
tigerstyle-consumer-check>    --> crates/crunch-store/src/nario.rs:342:109
tigerstyle-consumer-check>     |
tigerstyle-consumer-check> 342 |   pub async fn list_nario_v2<R: AsyncRead + Unpin + Send>(reader: &mut R) -> Result<NarioV2ListReport, Error> {
tigerstyle-consumer-check>     |  _____________________________________________________________________________________________________________^
tigerstyle-consumer-check> 343 | |     let limits = NarioV2Limits::default();
tigerstyle-consumer-check> 344 | |     let mut hashing_reader = ArchiveHashReader::new(reader);
tigerstyle-consumer-check> 345 | |     let mut wire = nix_compat::wire::de::NixReader::builder()
tigerstyle-consumer-check> ...   |
tigerstyle-consumer-check> 385 | |     Err(nario_error("nario-v2-record-limit"))
tigerstyle-consumer-check> 386 | | }
tigerstyle-consumer-check>     | |_^
tigerstyle-consumer-check>     |
tigerstyle-consumer-check>     = help: Tiger Style (Assertion Density): add enough assertions to make local invariants visible near the logic they defend
tigerstyle-consumer-check>     = note: see Tiger Style guide: Assertion Density
tigerstyle-consumer-check> 
tigerstyle-consumer-check> error: `limits` looks like a quantity but has no unit suffix
tigerstyle-consumer-check>    --> crates/crunch-store/src/nario.rs:343:9
tigerstyle-consumer-check>     |
tigerstyle-consumer-check> 343 |     let limits = NarioV2Limits::default();
tigerstyle-consumer-check>     |         ^^^^^^
tigerstyle-consumer-check>     |
tigerstyle-consumer-check>     = help: Tiger Style (Unit Suffixes): put the unit in the name of numeric quantities Example: timeout_ms
tigerstyle-consumer-check>     = note: structured suggestion applicability: HasPlaceholders
tigerstyle-consumer-check>     = note: see Tiger Style guide: Unit Suffixes
tigerstyle-consumer-check> help: rename with an explicit unit suffix like `_ms`, `_secs`, or `_bytes`
tigerstyle-consumer-check>     |
tigerstyle-consumer-check> 343 |     let limits_<unit> = NarioV2Limits::default();
tigerstyle-consumer-check>     |               +++++++
tigerstyle-consumer-check> 
tigerstyle-consumer-check> error: `imported_count` looks like a quantity but has no unit suffix
tigerstyle-consumer-check>    --> crates/crunch-store/src/nario.rs:413:9
tigerstyle-consumer-check>     |
tigerstyle-consumer-check> 413 |     let imported_count = checked_u32(path_infos.len(), "nario-v2 imported count")?;
tigerstyle-consumer-check>     |         ^^^^^^^^^^^^^^
tigerstyle-consumer-check>     |
tigerstyle-consumer-check>     = help: Tiger Style (Unit Suffixes): put the unit in the name of numeric quantities Example: timeout_ms
tigerstyle-consumer-check>     = note: structured suggestion applicability: HasPlaceholders
tigerstyle-consumer-check>     = note: see Tiger Style guide: Unit Suffixes
tigerstyle-consumer-check> help: rename with an explicit unit suffix like `_ms`, `_secs`, or `_bytes`
tigerstyle-consumer-check>     |
tigerstyle-consumer-check> 413 |     let imported_count_<unit> = checked_u32(path_infos.len(), "nario-v2 imported count")?;
tigerstyle-consumer-check>     |                       +++++++
tigerstyle-consumer-check> 
tigerstyle-consumer-check> error: function `import_nario_v2` is 85 lines (limit: 70)
tigerstyle-consumer-check>    --> crates/crunch-store/src/nario.rs:436:41
tigerstyle-consumer-check>     |
tigerstyle-consumer-check> 436 |   ) -> Result<NarioV2ImportReport, Error> {
tigerstyle-consumer-check>     |  _________________________________________^
tigerstyle-consumer-check> 437 | |     if handle.store_dir() != NARIO_V2_STORE_PREFIX {
tigerstyle-consumer-check> 438 | |         return Err(nario_error(format!(
tigerstyle-consumer-check> 439 | |             "nario-v2-store-prefix-mismatch: direct import requires {NARIO_V2_STORE_PREFIX}, configured {}",
tigerstyle-consumer-check> ...   |
tigerstyle-consumer-check> 519 | |     Err(nario_error("nario-v2-record-limit"))
tigerstyle-consumer-check> 520 | | }
tigerstyle-consumer-check>     | |_^
tigerstyle-consumer-check>     |
tigerstyle-consumer-check>     = help: Tiger Style (Function Length): split long functions into named helpers at invariant or phase boundaries
tigerstyle-consumer-check>     = note: see Tiger Style guide: Function Length
tigerstyle-consumer-check> 
tigerstyle-consumer-check> error: function `import_nario_v2` has 0 assertion(s) in 85 lines (need 2+)
tigerstyle-consumer-check>    --> crates/crunch-store/src/nario.rs:436:41
tigerstyle-consumer-check>     |
tigerstyle-consumer-check> 436 |   ) -> Result<NarioV2ImportReport, Error> {
tigerstyle-consumer-check>     |  _________________________________________^
tigerstyle-consumer-check> 437 | |     if handle.store_dir() != NARIO_V2_STORE_PREFIX {
tigerstyle-consumer-check> 438 | |         return Err(nario_error(format!(
tigerstyle-consumer-check> 439 | |             "nario-v2-store-prefix-mismatch: direct import requires {NARIO_V2_STORE_PREFIX}, configured {}",
tigerstyle-consumer-check> ...   |
tigerstyle-consumer-check> 519 | |     Err(nario_error("nario-v2-record-limit"))
tigerstyle-consumer-check> 520 | | }
tigerstyle-consumer-check>     | |_^
tigerstyle-consumer-check>     |
tigerstyle-consumer-check>     = help: Tiger Style (Assertion Density): add enough assertions to make local invariants visible near the logic they defend
tigerstyle-consumer-check>     = note: see Tiger Style guide: Assertion Density
tigerstyle-consumer-check> 
tigerstyle-consumer-check> error: `limits` looks like a quantity but has no unit suffix
tigerstyle-consumer-check>    --> crates/crunch-store/src/nario.rs:443:9
tigerstyle-consumer-check>     |
tigerstyle-consumer-check> 443 |     let limits = NarioV2Limits::default();
tigerstyle-consumer-check>     |         ^^^^^^
tigerstyle-consumer-check>     |
tigerstyle-consumer-check>     = help: Tiger Style (Unit Suffixes): put the unit in the name of numeric quantities Example: timeout_ms
tigerstyle-consumer-check>     = note: structured suggestion applicability: HasPlaceholders
tigerstyle-consumer-check>     = note: see Tiger Style guide: Unit Suffixes
tigerstyle-consumer-check> help: rename with an explicit unit suffix like `_ms`, `_secs`, or `_bytes`
tigerstyle-consumer-check>     |
tigerstyle-consumer-check> 443 |     let limits_<unit> = NarioV2Limits::default();
tigerstyle-consumer-check>     |               +++++++
tigerstyle-consumer-check> 
tigerstyle-consumer-check> error: `limited` looks like a quantity but has no unit suffix
tigerstyle-consumer-check>    --> crates/crunch-store/src/nario.rs:487:17
tigerstyle-consumer-check>     |
tigerstyle-consumer-check> 487 |         let mut limited = (&mut wire).take(metadata.nar_size);
tigerstyle-consumer-check>     |                 ^^^^^^^
tigerstyle-consumer-check>     |
tigerstyle-consumer-check>     = help: Tiger Style (Unit Suffixes): put the unit in the name of numeric quantities Example: timeout_ms
tigerstyle-consumer-check>     = note: structured suggestion applicability: HasPlaceholders
tigerstyle-consumer-check>     = note: see Tiger Style guide: Unit Suffixes
tigerstyle-consumer-check> help: rename with an explicit unit suffix like `_ms`, `_secs`, or `_bytes`
tigerstyle-consumer-check>     |
tigerstyle-consumer-check> 487 |         let mut limited_<unit> = (&mut wire).take(metadata.nar_size);
tigerstyle-consumer-check>     |                        +++++++
tigerstyle-consumer-check> 
tigerstyle-consumer-check> error: function `read_metadata` has 0 assertion(s) in 52 lines (need 2+)
tigerstyle-consumer-check>    --> crates/crunch-store/src/nario.rs:533:35
tigerstyle-consumer-check>     |
tigerstyle-consumer-check> 533 |   ) -> Result<NarioMetadata, Error> {
tigerstyle-consumer-check>     |  ___________________________________^
tigerstyle-consumer-check> 534 | |     let store_path = parse_store_path(read_string(reader, "path").await?, "path")?;
tigerstyle-consumer-check> 535 | |     let deriver_text = read_string(reader, "deriver").await?;
tigerstyle-consumer-check> 536 | |     let deriver = if deriver_text.is_empty() {
tigerstyle-consumer-check> ...   |
tigerstyle-consumer-check> 583 | |     Ok(metadata)
tigerstyle-consumer-check> 584 | | }
tigerstyle-consumer-check>     | |_^
tigerstyle-consumer-check>     |
tigerstyle-consumer-check>     = help: Tiger Style (Assertion Density): add enough assertions to make local invariants visible near the logic they defend
tigerstyle-consumer-check>     = note: see Tiger Style guide: Assertion Density
tigerstyle-consumer-check> 
tigerstyle-consumer-check> error: `nar_size` looks like a quantity but has no unit suffix
tigerstyle-consumer-check>    --> crates/crunch-store/src/nario.rs:549:9
tigerstyle-consumer-check>     |
tigerstyle-consumer-check> 549 |     let nar_size = reader.read_number().await.map_err(read_error("nario-v2-nar-size"))?;
tigerstyle-consumer-check>     |         ^^^^^^^^
tigerstyle-consumer-check>     |
tigerstyle-consumer-check>     = help: Tiger Style (Unit Suffixes): put the unit in the name of numeric quantities Example: timeout_ms
tigerstyle-consumer-check>     = note: structured suggestion applicability: HasPlaceholders
tigerstyle-consumer-check>     = note: see Tiger Style guide: Unit Suffixes
tigerstyle-consumer-check> help: rename with an explicit unit suffix like `_ms`, `_secs`, or `_bytes`
tigerstyle-consumer-check>     |
tigerstyle-consumer-check> 549 |     let nar_size_<unit> = reader.read_number().await.map_err(read_error("nario-v2-nar-size"))?;
tigerstyle-consumer-check>     |                 +++++++
tigerstyle-consumer-check> 
tigerstyle-consumer-check> error: function `require_trusted` has 0 assertion(s) in 26 lines (need 2+)
tigerstyle-consumer-check>    --> crates/crunch-store/src/nario.rs:621:99
tigerstyle-consumer-check>     |
tigerstyle-consumer-check> 621 |   fn require_trusted(metadata: &NarioMetadata, options: &NarioV2ImportOptions) -> Result<(), Error> {
tigerstyle-consumer-check>     |  ___________________________________________________________________________________________________^
tigerstyle-consumer-check> 622 | |     if options.trust_unsigned {
tigerstyle-consumer-check> 623 | |         return Ok(());
tigerstyle-consumer-check> ...   |
tigerstyle-consumer-check> 645 | |     Ok(())
tigerstyle-consumer-check> 646 | | }
tigerstyle-consumer-check>     | |_^
tigerstyle-consumer-check>     |
tigerstyle-consumer-check>     = help: Tiger Style (Assertion Density): add enough assertions to make local invariants visible near the logic they defend
tigerstyle-consumer-check>     = note: see Tiger Style guide: Assertion Density
tigerstyle-consumer-check> 
tigerstyle-consumer-check> error: function `standard_nix_ca_path` has 0 assertion(s) in 23 lines (need 2+)
tigerstyle-consumer-check>    --> crates/crunch-store/src/nario.rs:675:109
tigerstyle-consumer-check>     |
tigerstyle-consumer-check> 675 |   fn standard_nix_ca_path(name: &str, ca: &CAHash, references: &[String]) -> Result<StorePath<String>, Error> {
tigerstyle-consumer-check>     |  _____________________________________________________________________________________________________________^
tigerstyle-consumer-check> 676 | |     let (ty, inner_digest) = match ca {
tigerstyle-consumer-check> 677 | |         CAHash::Text(digest) => (reference_type("text", references), *digest),
tigerstyle-consumer-check> 678 | |         CAHash::Nar(NixHash::Sha256(digest)) => (reference_type("source", references), *digest),
tigerstyle-consumer-check> ...   |
tigerstyle-consumer-check> 696 | |         .map_err(|error| nario_error(format!("nario-v2-content-address-path: {error}")))
tigerstyle-consumer-check> 697 | | }
tigerstyle-consumer-check>     | |_^
tigerstyle-consumer-check>     |
tigerstyle-consumer-check>     = help: Tiger Style (Assertion Density): add enough assertions to make local invariants visible near the logic they defend
tigerstyle-consumer-check>     = note: see Tiger Style guide: Assertion Density
tigerstyle-consumer-check> 
tigerstyle-consumer-check> error: condition has 6 boolean operators
tigerstyle-consumer-check>    --> crates/crunch-store/src/nario.rs:714:8
tigerstyle-consumer-check>     |
tigerstyle-consumer-check> 714 |       if local.store_path != metadata.store_path
tigerstyle-consumer-check>     |  ________^
tigerstyle-consumer-check> 715 | |         || local.references != metadata.references
tigerstyle-consumer-check> 716 | |         || local.nar_size != metadata.nar_size
tigerstyle-consumer-check> 717 | |         || local.nar_sha256 != metadata.nar_sha256
tigerstyle-consumer-check> 718 | |         || local.signatures != metadata.signatures
tigerstyle-consumer-check> 719 | |         || local.deriver != metadata.deriver
tigerstyle-consumer-check> 720 | |         || local.ca != metadata.ca
tigerstyle-consumer-check>     | |__________________________________^
tigerstyle-consumer-check>     |
tigerstyle-consumer-check>     = help: Tiger Style (Condition Decomposition): break multi-part conditions into named predicates or nested guards Example: if is_leader { if has_quorum { ... } }
tigerstyle-consumer-check>     = note: see Tiger Style guide: Condition Decomposition
tigerstyle-consumer-check>     = note: `-D tigerstyle::compound-condition` implied by `-D compound-condition`
tigerstyle-consumer-check>     = help: to override `-D compound-condition` add `#[allow(tigerstyle::compound_condition)]`
tigerstyle-consumer-check> 
tigerstyle-consumer-check> error: function `drain_and_verify_nar` has 0 assertion(s) in 22 lines (need 2+)
tigerstyle-consumer-check>    --> crates/crunch-store/src/nario.rs:727:116
tigerstyle-consumer-check>     |
tigerstyle-consumer-check> 727 |   async fn drain_and_verify_nar<R: AsyncRead + Unpin>(reader: &mut R, metadata: &NarioMetadata) -> Result<(), Error> {
tigerstyle-consumer-check>     |  ____________________________________________________________________________________________________________________^
tigerstyle-consumer-check> 728 | |     let mut limited = reader.take(metadata.nar_size);
tigerstyle-consumer-check> 729 | |     let mut hasher = sha2::Sha256::new();
tigerstyle-consumer-check> 730 | |     let mut buffer = vec![0u8; IO_BUFFER_BYTES];
tigerstyle-consumer-check> ...   |
tigerstyle-consumer-check> 747 | |     Ok(())
tigerstyle-consumer-check> 748 | | }
tigerstyle-consumer-check>     | |_^
tigerstyle-consumer-check>     |
tigerstyle-consumer-check>     = help: Tiger Style (Assertion Density): add enough assertions to make local invariants visible near the logic they defend
tigerstyle-consumer-check>     = note: see Tiger Style guide: Assertion Density
tigerstyle-consumer-check> 
tigerstyle-consumer-check> error: `limited` looks like a quantity but has no unit suffix
tigerstyle-consumer-check>    --> crates/crunch-store/src/nario.rs:728:13
tigerstyle-consumer-check>     |
tigerstyle-consumer-check> 728 |     let mut limited = reader.take(metadata.nar_size);
tigerstyle-consumer-check>     |             ^^^^^^^
tigerstyle-consumer-check>     |
tigerstyle-consumer-check>     = help: Tiger Style (Unit Suffixes): put the unit in the name of numeric quantities Example: timeout_ms
tigerstyle-consumer-check>     = note: structured suggestion applicability: HasPlaceholders
tigerstyle-consumer-check>     = note: see Tiger Style guide: Unit Suffixes
tigerstyle-consumer-check> help: rename with an explicit unit suffix like `_ms`, `_secs`, or `_bytes`
tigerstyle-consumer-check>     |
tigerstyle-consumer-check> 728 |     let mut limited_<unit> = reader.take(metadata.nar_size);
tigerstyle-consumer-check>     |                    +++++++
tigerstyle-consumer-check> 
tigerstyle-consumer-check> error: function `ensure_store_identity` has 0 assertion(s) in 39 lines (need 2+)
tigerstyle-consumer-check>    --> crates/crunch-store/src/overlay.rs:144:98
tigerstyle-consumer-check>     |
tigerstyle-consumer-check> 144 |   pub(crate) fn ensure_store_identity(state_dir: &Path, logical_prefix: &str) -> Result<(), Error> {
tigerstyle-consumer-check>     |  __________________________________________________________________________________________________^
tigerstyle-consumer-check> 145 | |     let policy = store_overlay_runtime_policy()?;
tigerstyle-consumer-check> 146 | |     let expected = StoreIdentityRecord {
tigerstyle-consumer-check> 147 | |         schema: STORE_STATE_SCHEMA.to_string(),
tigerstyle-consumer-check> ...   |
tigerstyle-consumer-check> 181 | |     Ok(())
tigerstyle-consumer-check> 182 | | }
tigerstyle-consumer-check>     | |_^
tigerstyle-consumer-check>     |
tigerstyle-consumer-check>     = help: Tiger Style (Assertion Density): add enough assertions to make local invariants visible near the logic they defend
tigerstyle-consumer-check>     = note: see Tiger Style guide: Assertion Density
tigerstyle-consumer-check> 
tigerstyle-consumer-check> error: function `overlay_report` has 0 assertion(s) in 43 lines (need 2+)
tigerstyle-consumer-check>    --> crates/crunch-store/src/overlay.rs:205:94
tigerstyle-consumer-check>     |
tigerstyle-consumer-check> 205 |   pub(crate) fn overlay_report(state: &StoreOverlayState) -> Result<StoreOverlayReport, Error> {
tigerstyle-consumer-check>     |  ______________________________________________________________________________________________^
tigerstyle-consumer-check> 206 | |     let policy = store_overlay_runtime_policy()?;
tigerstyle-consumer-check> 207 | |     if state.plan.descriptors.len() != state.base_state_dirs.len() {
tigerstyle-consumer-check> 208 | |         return Err(Error::Store("overlay report descriptor and base counts differ".to_string()));
tigerstyle-consumer-check> ...   |
tigerstyle-consumer-check> 246 | |     })
tigerstyle-consumer-check> 247 | | }
tigerstyle-consumer-check>     | |_^
tigerstyle-consumer-check>     |
tigerstyle-consumer-check>     = help: Tiger Style (Assertion Density): add enough assertions to make local invariants visible near the logic they defend
tigerstyle-consumer-check>     = note: see Tiger Style guide: Assertion Density
tigerstyle-consumer-check> 
tigerstyle-consumer-check> error: function `load_layer_trust_keys` has 0 assertion(s) in 25 lines (need 2+)
tigerstyle-consumer-check>    --> crates/crunch-store/src/overlay.rs:279:91
tigerstyle-consumer-check>     |
tigerstyle-consumer-check> 279 |   pub(crate) fn load_layer_trust_keys(state_dir: &Path) -> Result<Vec<VerifyingKey>, Error> {
tigerstyle-consumer-check>     |  ___________________________________________________________________________________________^
tigerstyle-consumer-check> 280 | |     let policy = store_overlay_runtime_policy()?;
tigerstyle-consumer-check> 281 | |     let public_keys_path = state_dir.join(OVERLAY_TRUSTED_PUBLIC_KEYS_FILE_NAME);
tigerstyle-consumer-check> 282 | |     let mut keys = if public_keys_path.exists() {
tigerstyle-consumer-check> ...   |
tigerstyle-consumer-check> 302 | |     Ok(keys)
tigerstyle-consumer-check> 303 | | }
tigerstyle-consumer-check>     | |_^
tigerstyle-consumer-check>     |
tigerstyle-consumer-check>     = help: Tiger Style (Assertion Density): add enough assertions to make local invariants visible near the logic they defend
tigerstyle-consumer-check>     = note: see Tiger Style guide: Assertion Density
tigerstyle-consumer-check> 
tigerstyle-consumer-check> error: function `parse_public_keys` has 0 assertion(s) in 25 lines (need 2+)
tigerstyle-consumer-check>    --> crates/crunch-store/src/overlay.rs:305:91
tigerstyle-consumer-check>     |
tigerstyle-consumer-check> 305 |   fn parse_public_keys(path: &Path, maximum_bytes: u64) -> Result<Vec<VerifyingKey>, Error> {
tigerstyle-consumer-check>     |  ___________________________________________________________________________________________^
tigerstyle-consumer-check> 306 | |     let bytes = read_file_bounded(path, maximum_bytes)?;
tigerstyle-consumer-check> 307 | |     let text = std::str::from_utf8(&bytes)
tigerstyle-consumer-check> 308 | |         .map_err(|error| Error::Store(format!("parsing {} as UTF-8: {error}", path.display())))?;
tigerstyle-consumer-check> ...   |
tigerstyle-consumer-check> 328 | |     Ok(keys)
tigerstyle-consumer-check> 329 | | }
tigerstyle-consumer-check>     | |_^
tigerstyle-consumer-check>     |
tigerstyle-consumer-check>     = help: Tiger Style (Assertion Density): add enough assertions to make local invariants visible near the logic they defend
tigerstyle-consumer-check>     = note: see Tiger Style guide: Assertion Density
tigerstyle-consumer-check> 
tigerstyle-consumer-check> error: function `validate_runtime_policy` has 0 assertion(s) in 26 lines (need 2+)
tigerstyle-consumer-check>    --> crates/crunch-store/src/overlay.rs:379:85
tigerstyle-consumer-check>     |
tigerstyle-consumer-check> 379 |   fn validate_runtime_policy(policy: &StoreOverlayRuntimePolicy) -> Result<(), Error> {
tigerstyle-consumer-check>     |  _____________________________________________________________________________________^
tigerstyle-consumer-check> 380 | |     let valid = policy.schema == STORE_OVERLAY_POLICY_SCHEMA
tigerstyle-consumer-check> 381 | |         && policy.hash_algorithm == "BLAKE3"
tigerstyle-consumer-check> 382 | |         && !policy.policy_name.is_empty()
tigerstyle-consumer-check> ...   |
tigerstyle-consumer-check> 403 | |     Ok(())
tigerstyle-consumer-check> 404 | | }
tigerstyle-consumer-check>     | |_^
tigerstyle-consumer-check>     |
tigerstyle-consumer-check>     = help: Tiger Style (Assertion Density): add enough assertions to make local invariants visible near the logic they defend
tigerstyle-consumer-check>     = note: see Tiger Style guide: Assertion Density
tigerstyle-consumer-check> 
tigerstyle-consumer-check> error: function `core_policy` has 0 assertion(s) in 21 lines (need 2+)
tigerstyle-consumer-check>    --> crates/crunch-store/src/overlay.rs:406:84
tigerstyle-consumer-check>     |
tigerstyle-consumer-check> 406 |   fn core_policy(policy: &StoreOverlayRuntimePolicy) -> Result<OverlayPolicy, Error> {
tigerstyle-consumer-check>     |  ____________________________________________________________________________________^
tigerstyle-consumer-check> 407 | |     let max_descriptor_bytes = usize::try_from(policy.limits.max_descriptor_bytes)
tigerstyle-consumer-check> 408 | |         .map_err(|_| Error::Store("overlay descriptor byte limit does not fit usize".to_string()))?;
tigerstyle-consumer-check> 409 | |     if max_descriptor_bytes == 0 {
tigerstyle-consumer-check> ...   |
tigerstyle-consumer-check> 425 | |     })
tigerstyle-consumer-check> 426 | | }
tigerstyle-consumer-check>     | |_^
tigerstyle-consumer-check>     |
tigerstyle-consumer-check>     = help: Tiger Style (Assertion Density): add enough assertions to make local invariants visible near the logic they defend
tigerstyle-consumer-check>     = note: see Tiger Style guide: Assertion Density
tigerstyle-consumer-check> 
tigerstyle-consumer-check> error: function `observe_base` has 0 assertion(s) in 26 lines (need 2+)
tigerstyle-consumer-check>    --> crates/crunch-store/src/overlay.rs:450:37
tigerstyle-consumer-check>     |
tigerstyle-consumer-check> 450 |   ) -> Result<BaseObservation, Error> {
tigerstyle-consumer-check>     |  _____________________________________^
tigerstyle-consumer-check> 451 | |     let metadata = fs::symlink_metadata(base_state_dir)
tigerstyle-consumer-check> 452 | |         .map_err(|error| Error::Store(format!("opening overlay base {}: {error}", base_state_dir.display())))?;
tigerstyle-consumer-check> 453 | |     if metadata.file_type().is_symlink() || !metadata.is_dir() {
tigerstyle-consumer-check> ...   |
tigerstyle-consumer-check> 474 | |     })
tigerstyle-consumer-check> 475 | | }
tigerstyle-consumer-check>     | |_^
tigerstyle-consumer-check>     |
tigerstyle-consumer-check>     = help: Tiger Style (Assertion Density): add enough assertions to make local invariants visible near the logic they defend
tigerstyle-consumer-check>     = note: see Tiger Style guide: Assertion Density
tigerstyle-consumer-check> 
tigerstyle-consumer-check> error: function `observe_generation_members` is 72 lines (limit: 70)
tigerstyle-consumer-check>    --> crates/crunch-store/src/overlay.rs:487:43
tigerstyle-consumer-check>     |
tigerstyle-consumer-check> 487 |   ) -> Result<Vec<GenerationMember>, Error> {
tigerstyle-consumer-check>     |  ___________________________________________^
tigerstyle-consumer-check> 488 | |     let mut members = Vec::new();
tigerstyle-consumer-check> 489 | |     let mut stack = vec![root.to_path_buf()];
tigerstyle-consumer-check> 490 | |     let mut observed_bytes = 0_u64;
tigerstyle-consumer-check> ...   |
tigerstyle-consumer-check> 557 | |     Ok(members)
tigerstyle-consumer-check> 558 | | }
tigerstyle-consumer-check>     | |_^
tigerstyle-consumer-check>     |
tigerstyle-consumer-check>     = help: Tiger Style (Function Length): split long functions into named helpers at invariant or phase boundaries
tigerstyle-consumer-check>     = note: see Tiger Style guide: Function Length
tigerstyle-consumer-check> 
tigerstyle-consumer-check> error: function `observe_generation_members` has 0 assertion(s) in 72 lines (need 2+)
tigerstyle-consumer-check>    --> crates/crunch-store/src/overlay.rs:487:43
tigerstyle-consumer-check>     |
tigerstyle-consumer-check> 487 |   ) -> Result<Vec<GenerationMember>, Error> {
tigerstyle-consumer-check>     |  ___________________________________________^
tigerstyle-consumer-check> 488 | |     let mut members = Vec::new();
tigerstyle-consumer-check> 489 | |     let mut stack = vec![root.to_path_buf()];
tigerstyle-consumer-check> 490 | |     let mut observed_bytes = 0_u64;
tigerstyle-consumer-check> ...   |
tigerstyle-consumer-check> 557 | |     Ok(members)
tigerstyle-consumer-check> 558 | | }
tigerstyle-consumer-check>     | |_^
tigerstyle-consumer-check>     |
tigerstyle-consumer-check>     = help: Tiger Style (Assertion Density): add enough assertions to make local invariants visible near the logic they defend
tigerstyle-consumer-check>     = note: see Tiger Style guide: Assertion Density
tigerstyle-consumer-check> 
tigerstyle-consumer-check> error: function `ensure_read_only_member` has 0 assertion(s) in 21 lines (need 2+)
tigerstyle-consumer-check>    --> crates/crunch-store/src/overlay.rs:560:113
tigerstyle-consumer-check>     |
tigerstyle-consumer-check> 560 |   fn ensure_read_only_member(declaration_index: usize, path: &Path, metadata: &fs::Metadata) -> Result<(), Error> {
tigerstyle-consumer-check>     |  _________________________________________________________________________________________________________________^
tigerstyle-consumer-check> 561 | |     #[cfg(unix)]
tigerstyle-consumer-check> 562 | |     {
tigerstyle-consumer-check> 563 | |         use std::os::unix::fs::PermissionsExt;
tigerstyle-consumer-check> ...   |
tigerstyle-consumer-check> 580 | |     Ok(())
tigerstyle-consumer-check> 581 | | }
tigerstyle-consumer-check>     | |_^
tigerstyle-consumer-check>     |
tigerstyle-consumer-check>     = help: Tiger Style (Assertion Density): add enough assertions to make local invariants visible near the logic they defend
tigerstyle-consumer-check>     = note: see Tiger Style guide: Assertion Density
tigerstyle-consumer-check> 
tigerstyle-consumer-check> error: function `hash_file` has 0 assertion(s) in 26 lines (need 2+)
tigerstyle-consumer-check>    --> crates/crunch-store/src/overlay.rs:583:88
tigerstyle-consumer-check>     |
tigerstyle-consumer-check> 583 |   fn hash_file(path: &Path, expected_bytes: u64) -> Result<[u8; blake3::OUT_LEN], Error> {
tigerstyle-consumer-check>     |  ________________________________________________________________________________________^
tigerstyle-consumer-check> 584 | |     let mut file = File::open(path)
tigerstyle-consumer-check> 585 | |         .map_err(|error| Error::Store(format!("opening overlay generation member {}: {error}", path.display())))?;
tigerstyle-consumer-check> 586 | |     let mut hasher = blake3::Hasher::new();
tigerstyle-consumer-check> ...   |
tigerstyle-consumer-check> 607 | |     Ok(*hasher.finalize().as_bytes())
tigerstyle-consumer-check> 608 | | }
tigerstyle-consumer-check>     | |_^
tigerstyle-consumer-check>     |
tigerstyle-consumer-check>     = help: Tiger Style (Assertion Density): add enough assertions to make local invariants visible near the logic they defend
tigerstyle-consumer-check>     = note: see Tiger Style guide: Assertion Density
tigerstyle-consumer-check> 
tigerstyle-consumer-check> error: function `read_file_bounded` has 0 assertion(s) in 21 lines (need 2+)
tigerstyle-consumer-check>    --> crates/crunch-store/src/overlay.rs:610:81
tigerstyle-consumer-check>     |
tigerstyle-consumer-check> 610 |   fn read_file_bounded(path: &Path, maximum_bytes: u64) -> Result<Vec<u8>, Error> {
tigerstyle-consumer-check>     |  _________________________________________________________________________________^
tigerstyle-consumer-check> 611 | |     let metadata =
tigerstyle-consumer-check> 612 | |         fs::symlink_metadata(path).map_err(|error| Error::Store(format!("observing {}: {error}", path.display())))?;
tigerstyle-consumer-check> 613 | |     if metadata.file_type().is_symlink() || !metadata.is_file() {
tigerstyle-consumer-check> ...   |
tigerstyle-consumer-check> 629 | |     Ok(bytes)
tigerstyle-consumer-check> 630 | | }
tigerstyle-consumer-check>     | |_^
tigerstyle-consumer-check>     |
tigerstyle-consumer-check>     = help: Tiger Style (Assertion Density): add enough assertions to make local invariants visible near the logic they defend
tigerstyle-consumer-check>     = note: see Tiger Style guide: Assertion Density
tigerstyle-consumer-check> 
tigerstyle-consumer-check> error: `read_limit` looks like a quantity but has no unit suffix
tigerstyle-consumer-check>    --> crates/crunch-store/src/overlay.rs:616:9
tigerstyle-consumer-check>     |
tigerstyle-consumer-check> 616 |     let read_limit = maximum_bytes
tigerstyle-consumer-check>     |         ^^^^^^^^^^
tigerstyle-consumer-check>     |
tigerstyle-consumer-check>     = help: Tiger Style (Unit Suffixes): put the unit in the name of numeric quantities Example: timeout_ms
tigerstyle-consumer-check>     = note: structured suggestion applicability: HasPlaceholders
tigerstyle-consumer-check>     = note: see Tiger Style guide: Unit Suffixes
tigerstyle-consumer-check> help: rename with an explicit unit suffix like `_ms`, `_secs`, or `_bytes`
tigerstyle-consumer-check>     |
tigerstyle-consumer-check> 616 |     let read_limit_<unit> = maximum_bytes
tigerstyle-consumer-check>     |                   +++++++
tigerstyle-consumer-check> 
tigerstyle-consumer-check> error: function `validate_foreign_provenance_policy` has 0 assertion(s) in 42 lines (need 2+)
tigerstyle-consumer-check>    --> crates/crunch-store/src/provenance.rs:298:99
tigerstyle-consumer-check>     |
tigerstyle-consumer-check> 298 |   pub fn validate_foreign_provenance_policy(policy: &ForeignProvenancePolicy) -> Result<(), String> {
tigerstyle-consumer-check>     |  ___________________________________________________________________________________________________^
tigerstyle-consumer-check> 299 | |     if policy.schema != FOREIGN_PROVENANCE_POLICY_SCHEMA {
tigerstyle-consumer-check> 300 | |         return Err(format!("foreign provenance policy schema must be {FOREIGN_PROVENANCE_POLICY_SCHEMA}"));
tigerstyle-consumer-check> ...   |
tigerstyle-consumer-check> 338 | |     Ok(())
tigerstyle-consumer-check> 339 | | }
tigerstyle-consumer-check>     | |_^
tigerstyle-consumer-check>     |
tigerstyle-consumer-check>     = help: Tiger Style (Assertion Density): add enough assertions to make local invariants visible near the logic they defend
tigerstyle-consumer-check>     = note: see Tiger Style guide: Assertion Density
tigerstyle-consumer-check> 
tigerstyle-consumer-check> error: `limits` looks like a quantity but has no unit suffix
tigerstyle-consumer-check>    --> crates/crunch-store/src/provenance.rs:302:9
tigerstyle-consumer-check>     |
tigerstyle-consumer-check> 302 |     let limits = [
tigerstyle-consumer-check>     |         ^^^^^^
tigerstyle-consumer-check>     |
tigerstyle-consumer-check>     = help: Tiger Style (Unit Suffixes): put the unit in the name of numeric quantities Example: timeout_ms
tigerstyle-consumer-check>     = note: structured suggestion applicability: HasPlaceholders
tigerstyle-consumer-check>     = note: see Tiger Style guide: Unit Suffixes
tigerstyle-consumer-check> help: rename with an explicit unit suffix like `_ms`, `_secs`, or `_bytes`
tigerstyle-consumer-check>     |
tigerstyle-consumer-check> 302 |     let limits_<unit> = [
tigerstyle-consumer-check>     |               +++++++
tigerstyle-consumer-check> 
tigerstyle-consumer-check> error: function `scan_castore_provenance` has 0 assertion(s) in 27 lines (need 2+)
tigerstyle-consumer-check>    --> crates/crunch-store/src/provenance.rs:344:43
tigerstyle-consumer-check>     |
tigerstyle-consumer-check> 344 |   ) -> Result<CastoreProvenanceScan, Error> {
tigerstyle-consumer-check>     |  ___________________________________________^
tigerstyle-consumer-check> 345 | |     validate_foreign_provenance_policy(request.policy).map_err(Error::Store)?;
tigerstyle-consumer-check> 346 | |     if request.selected_root_paths.is_empty() {
tigerstyle-consumer-check> 347 | |         return Err(Error::Store("foreign provenance audit requires at least one selected root".to_string()));
tigerstyle-consumer-check> ...   |
tigerstyle-consumer-check> 369 | |     Ok(finalize_scan(true, traversal_complete, path_infos, preflight))
tigerstyle-consumer-check> 370 | | }
tigerstyle-consumer-check>     | |_^
tigerstyle-consumer-check>     |
tigerstyle-consumer-check>     = help: Tiger Style (Assertion Density): add enough assertions to make local invariants visible near the logic they defend
tigerstyle-consumer-check>     = note: see Tiger Style guide: Assertion Density
tigerstyle-consumer-check> 
tigerstyle-consumer-check> error: function `preflight_path_infos` is 116 lines (limit: 70)
tigerstyle-consumer-check>    --> crates/crunch-store/src/provenance.rs:376:96
tigerstyle-consumer-check>     |
tigerstyle-consumer-check> 376 |   ) -> Result<(Vec<LoadedPathInfo>, Vec<ProvenancePathInfoObservation>, ScanAccumulator), Error> {
tigerstyle-consumer-check>     |  ________________________________________________________________________________________________^
tigerstyle-consumer-check> 377 | |     let service = store.pathinfo_service();
tigerstyle-consumer-check> 378 | |     let mut pending = request.selected_root_paths.iter().cloned().collect::<BTreeSet<_>>();
tigerstyle-consumer-check> 379 | |     let mut seen = BTreeSet::new();
tigerstyle-consumer-check> ...   |
tigerstyle-consumer-check> 491 | |     Ok((loaded_path_infos, observations, state))
tigerstyle-consumer-check> 492 | | }
tigerstyle-consumer-check>     | |_^
tigerstyle-consumer-check>     |
tigerstyle-consumer-check>     = help: Tiger Style (Function Length): split long functions into named helpers at invariant or phase boundaries
tigerstyle-consumer-check>     = note: see Tiger Style guide: Function Length
tigerstyle-consumer-check> 
tigerstyle-consumer-check> error: function `preflight_path_infos` has 0 assertion(s) in 116 lines (need 2+)
tigerstyle-consumer-check>    --> crates/crunch-store/src/provenance.rs:376:96
tigerstyle-consumer-check>     |
tigerstyle-consumer-check> 376 |   ) -> Result<(Vec<LoadedPathInfo>, Vec<ProvenancePathInfoObservation>, ScanAccumulator), Error> {
tigerstyle-consumer-check>     |  ________________________________________________________________________________________________^
tigerstyle-consumer-check> 377 | |     let service = store.pathinfo_service();
tigerstyle-consumer-check> 378 | |     let mut pending = request.selected_root_paths.iter().cloned().collect::<BTreeSet<_>>();
tigerstyle-consumer-check> 379 | |     let mut seen = BTreeSet::new();
tigerstyle-consumer-check> ...   |
tigerstyle-consumer-check> 491 | |     Ok((loaded_path_infos, observations, state))
tigerstyle-consumer-check> 492 | | }
tigerstyle-consumer-check>     | |_^
tigerstyle-consumer-check>     |
tigerstyle-consumer-check>     = help: Tiger Style (Assertion Density): add enough assertions to make local invariants visible near the logic they defend
tigerstyle-consumer-check>     = note: see Tiger Style guide: Assertion Density
tigerstyle-consumer-check> 
tigerstyle-consumer-check> error: function `walk_castore_payloads` is 164 lines (limit: 70)
tigerstyle-consumer-check>    --> crates/crunch-store/src/provenance.rs:500:24
tigerstyle-consumer-check>     |
tigerstyle-consumer-check> 500 |   ) -> Result<(), Error> {
tigerstyle-consumer-check>     |  ________________________^
tigerstyle-consumer-check> 501 | |     let directory_service = store.directory_service();
tigerstyle-consumer-check> 502 | |     let blob_service = store.blob_service();
tigerstyle-consumer-check> 503 | |     let mut worklist = Vec::with_capacity(INITIAL_WORKLIST_CAPACITY);
tigerstyle-consumer-check> ...   |
tigerstyle-consumer-check> 664 | |     Ok(())
tigerstyle-consumer-check> 665 | | }
tigerstyle-consumer-check>     | |_^
tigerstyle-consumer-check>     |
tigerstyle-consumer-check>     = help: Tiger Style (Function Length): split long functions into named helpers at invariant or phase boundaries
tigerstyle-consumer-check>     = note: see Tiger Style guide: Function Length
tigerstyle-consumer-check> 
tigerstyle-consumer-check> error: function `walk_castore_payloads` has 0 assertion(s) in 164 lines (need 2+)
tigerstyle-consumer-check>    --> crates/crunch-store/src/provenance.rs:500:24
tigerstyle-consumer-check>     |
tigerstyle-consumer-check> 500 |   ) -> Result<(), Error> {
tigerstyle-consumer-check>     |  ________________________^
tigerstyle-consumer-check> 501 | |     let directory_service = store.directory_service();
tigerstyle-consumer-check> 502 | |     let blob_service = store.blob_service();
tigerstyle-consumer-check> 503 | |     let mut worklist = Vec::with_capacity(INITIAL_WORKLIST_CAPACITY);
tigerstyle-consumer-check> ...   |
tigerstyle-consumer-check> 664 | |     Ok(())
tigerstyle-consumer-check> 665 | | }
tigerstyle-consumer-check>     | |_^
tigerstyle-consumer-check>     |
tigerstyle-consumer-check>     = help: Tiger Style (Assertion Density): add enough assertions to make local invariants visible near the logic they defend
tigerstyle-consumer-check>     = note: see Tiger Style guide: Assertion Density
tigerstyle-consumer-check> 
tigerstyle-consumer-check> error: function `read_blob_exact` has 0 assertion(s) in 20 lines (need 2+)
tigerstyle-consumer-check>    --> crates/crunch-store/src/provenance.rs:671:30
tigerstyle-consumer-check>     |
tigerstyle-consumer-check> 671 |   ) -> Result<Vec<u8>, String> {
tigerstyle-consumer-check>     |  ______________________________^
tigerstyle-consumer-check> 672 | |     let Some(reader) = blob_service
tigerstyle-consumer-check> 673 | |         .open_read(digest)
tigerstyle-consumer-check> 674 | |         .await
tigerstyle-consumer-check> ...   |
tigerstyle-consumer-check> 689 | |     Ok(bytes)
tigerstyle-consumer-check> 690 | | }
tigerstyle-consumer-check>     | |_^
tigerstyle-consumer-check>     |
tigerstyle-consumer-check>     = help: Tiger Style (Assertion Density): add enough assertions to make local invariants visible near the logic they defend
tigerstyle-consumer-check>     = note: see Tiger Style guide: Assertion Density
tigerstyle-consumer-check> 
tigerstyle-consumer-check> error: `capacity` looks like a quantity but has no unit suffix
tigerstyle-consumer-check>    --> crates/crunch-store/src/provenance.rs:679:9
tigerstyle-consumer-check>     |
tigerstyle-consumer-check> 679 |     let capacity = usize::try_from(expected_size).unwrap_or(INITIAL_READ_CAPACITY);
tigerstyle-consumer-check>     |         ^^^^^^^^
tigerstyle-consumer-check>     |
tigerstyle-consumer-check>     = help: Tiger Style (Unit Suffixes): put the unit in the name of numeric quantities Example: timeout_ms
tigerstyle-consumer-check>     = note: structured suggestion applicability: HasPlaceholders
tigerstyle-consumer-check>     = note: see Tiger Style guide: Unit Suffixes
tigerstyle-consumer-check> help: rename with an explicit unit suffix like `_ms`, `_secs`, or `_bytes`
tigerstyle-consumer-check>     |
tigerstyle-consumer-check> 679 |     let capacity_<unit> = usize::try_from(expected_size).unwrap_or(INITIAL_READ_CAPACITY);
tigerstyle-consumer-check>     |                 +++++++
tigerstyle-consumer-check> 
tigerstyle-consumer-check> error: function `classify_payload` has 0 assertion(s) in 34 lines (need 2+)
tigerstyle-consumer-check>    --> crates/crunch-store/src/provenance.rs:692:95
tigerstyle-consumer-check>     |
tigerstyle-consumer-check> 692 |   pub fn classify_payload(executable: bool, path: &str, bytes: &[u8]) -> ProvenancePayloadClass {
tigerstyle-consumer-check>     |  _______________________________________________________________________________________________^
tigerstyle-consumer-check> 693 | |     if bytes.starts_with(GZIP_MAGIC) {
tigerstyle-consumer-check> 694 | |         return ProvenancePayloadClass::GzipStream;
tigerstyle-consumer-check> ...   |
tigerstyle-consumer-check> 725 | | }
tigerstyle-consumer-check>     | |_^
tigerstyle-consumer-check>     |
tigerstyle-consumer-check>     = help: Tiger Style (Assertion Density): add enough assertions to make local invariants visible near the logic they defend
tigerstyle-consumer-check>     = note: see Tiger Style guide: Assertion Density
tigerstyle-consumer-check> 
tigerstyle-consumer-check> error: function `inspect_payload` has 0 assertion(s) in 45 lines (need 2+)
tigerstyle-consumer-check>    --> crates/crunch-store/src/provenance.rs:733:3
tigerstyle-consumer-check>     |
tigerstyle-consumer-check> 733 |   ) {
tigerstyle-consumer-check>     |  ___^
tigerstyle-consumer-check> 734 | |     if state.halted {
tigerstyle-consumer-check> 735 | |         return;
tigerstyle-consumer-check> ...   |
tigerstyle-consumer-check> 777 | | }
tigerstyle-consumer-check>     | |_^
tigerstyle-consumer-check>     |
tigerstyle-consumer-check>     = help: Tiger Style (Assertion Density): add enough assertions to make local invariants visible near the logic they defend
tigerstyle-consumer-check>     = note: see Tiger Style guide: Assertion Density
tigerstyle-consumer-check> 
tigerstyle-consumer-check> error: function `is_libtool_archive` has 0 assertion(s) in 21 lines (need 2+)
tigerstyle-consumer-check>    --> crates/crunch-store/src/provenance.rs:779:57
tigerstyle-consumer-check>     |
tigerstyle-consumer-check> 779 |   fn is_libtool_archive(path: &str, bytes: &[u8]) -> bool {
tigerstyle-consumer-check>     |  _________________________________________________________^
tigerstyle-consumer-check> 780 | |     if !path.ends_with(".la") {
tigerstyle-consumer-check> 781 | |         return false;
tigerstyle-consumer-check> ...   |
tigerstyle-consumer-check> 798 | |     generated_by_libtool && has_dynamic_name && has_library_names && has_installation_state
tigerstyle-consumer-check> 799 | | }
tigerstyle-consumer-check>     | |_^
tigerstyle-consumer-check>     |
tigerstyle-consumer-check>     = help: Tiger Style (Assertion Density): add enough assertions to make local invariants visible near the logic they defend
tigerstyle-consumer-check>     = note: see Tiger Style guide: Assertion Density
tigerstyle-consumer-check> 
tigerstyle-consumer-check> error: function `inspect_shebang` has 0 assertion(s) in 48 lines (need 2+)
tigerstyle-consumer-check>    --> crates/crunch-store/src/provenance.rs:820:3
tigerstyle-consumer-check>     |
tigerstyle-consumer-check> 820 |   ) {
tigerstyle-consumer-check>     |  ___^
tigerstyle-consumer-check> 821 | |     let max = usize::try_from(policy.max_shebang_bytes).unwrap_or(usize::MAX);
tigerstyle-consumer-check> 822 | |     let line_end = input.bytes.iter().position(|byte| *byte == b'\n').unwrap_or(input.bytes.len());
tigerstyle-consumer-check> 823 | |     if line_end > max {
tigerstyle-consumer-check> ...   |
tigerstyle-consumer-check> 866 | |     );
tigerstyle-consumer-check> 867 | | }
tigerstyle-consumer-check>     | |_^
tigerstyle-consumer-check>     |
tigerstyle-consumer-check>     = help: Tiger Style (Assertion Density): add enough assertions to make local invariants visible near the logic they defend
tigerstyle-consumer-check>     = note: see Tiger Style guide: Assertion Density
tigerstyle-consumer-check> 
tigerstyle-consumer-check> error: function `scan_byte_references` has 0 assertion(s) in 36 lines (need 2+)
tigerstyle-consumer-check>    --> crates/crunch-store/src/provenance.rs:874:3
tigerstyle-consumer-check>     |
tigerstyle-consumer-check> 874 |   ) {
tigerstyle-consumer-check>     |  ___^
tigerstyle-consumer-check> 875 | |     let mut prefixes = context.foreign_store_prefixes.clone();
tigerstyle-consumer-check> 876 | |     prefixes.push(context.target_store_prefix.to_string());
tigerstyle-consumer-check> 877 | |     prefixes.sort();
tigerstyle-consumer-check> ...   |
tigerstyle-consumer-check> 909 | | }
tigerstyle-consumer-check>     | |_^
tigerstyle-consumer-check>     |
tigerstyle-consumer-check>     = help: Tiger Style (Assertion Density): add enough assertions to make local invariants visible near the logic they defend
tigerstyle-consumer-check>     = note: see Tiger Style guide: Assertion Density
tigerstyle-consumer-check> 
tigerstyle-consumer-check> error: function `resolve_observed_reference` has 0 assertion(s) in 34 lines (need 2+)
tigerstyle-consumer-check>    --> crates/crunch-store/src/provenance.rs:920:3
tigerstyle-consumer-check>     |
tigerstyle-consumer-check> 920 |   ) {
tigerstyle-consumer-check>     |  ___^
tigerstyle-consumer-check> 921 | |     let normalized_suffix = match normalize_store_suffix(suffix) {
tigerstyle-consumer-check> 922 | |         Ok(normalized) => normalized,
tigerstyle-consumer-check> 923 | |         Err(()) => {
tigerstyle-consumer-check> ...   |
tigerstyle-consumer-check> 952 | |     });
tigerstyle-consumer-check> 953 | | }
tigerstyle-consumer-check>     | |_^
tigerstyle-consumer-check>     |
tigerstyle-consumer-check>     = help: Tiger Style (Assertion Density): add enough assertions to make local invariants visible near the logic they defend
tigerstyle-consumer-check>     = note: see Tiger Style guide: Assertion Density
tigerstyle-consumer-check> 
tigerstyle-consumer-check> error: function `inspect_symlink` has 0 assertion(s) in 39 lines (need 2+)
tigerstyle-consumer-check>     --> crates/crunch-store/src/provenance.rs:963:3
tigerstyle-consumer-check>      |
tigerstyle-consumer-check>  963 |   ) {
tigerstyle-consumer-check>      |  ___^
tigerstyle-consumer-check>  964 | |     if target.starts_with(PATH_COMPONENT_SEPARATOR) {
tigerstyle-consumer-check>  965 | |         let prefix = if target.starts_with(&format!("{}/", context.target_store_prefix)) {
tigerstyle-consumer-check>  966 | |             context.target_store_prefix
tigerstyle-consumer-check> ...    |
tigerstyle-consumer-check> 1001 | | }
tigerstyle-consumer-check>      | |_^
tigerstyle-consumer-check>      |
tigerstyle-consumer-check>      = help: Tiger Style (Assertion Density): add enough assertions to make local invariants visible near the logic they defend
tigerstyle-consumer-check>      = note: see Tiger Style guide: Assertion Density
tigerstyle-consumer-check> 
tigerstyle-consumer-check> error: function `resolve_relative_path` has 0 assertion(s) in 24 lines (need 2+)
tigerstyle-consumer-check>     --> crates/crunch-store/src/provenance.rs:1003:90
tigerstyle-consumer-check>      |
tigerstyle-consumer-check> 1003 |   fn resolve_relative_path(path: &str, target: &str, root: &str) -> Result<String, String> {
tigerstyle-consumer-check>      |  __________________________________________________________________________________________^
tigerstyle-consumer-check> 1004 | |     let mut components = path
tigerstyle-consumer-check> 1005 | |         .rsplit_once(PATH_COMPONENT_SEPARATOR)
tigerstyle-consumer-check> 1006 | |         .map(|(parent, _)| parent)
tigerstyle-consumer-check> ...    |
tigerstyle-consumer-check> 1025 | |     Ok(format!("/{}", components.join("/")))
tigerstyle-consumer-check> 1026 | | }
tigerstyle-consumer-check>      | |_^
tigerstyle-consumer-check>      |
tigerstyle-consumer-check>      = help: Tiger Style (Assertion Density): add enough assertions to make local invariants visible near the logic they defend
tigerstyle-consumer-check>      = note: see Tiger Style guide: Assertion Density
tigerstyle-consumer-check> 
tigerstyle-consumer-check> error: function `inspect_tar` is 96 lines (limit: 70)
tigerstyle-consumer-check>     --> crates/crunch-store/src/provenance.rs:1054:3
tigerstyle-consumer-check>      |
tigerstyle-consumer-check> 1054 |   ) {
tigerstyle-consumer-check>      |  ___^
tigerstyle-consumer-check> 1055 | |     if container_depth >= policy.max_container_depth {
tigerstyle-consumer-check> 1056 | |         state.limit(policy, input.path, "container-depth");
tigerstyle-consumer-check> 1057 | |         return;
tigerstyle-consumer-check> ...    |
tigerstyle-consumer-check> 1148 | |     inspect_container_entries(input, parsed, container_depth, policy, context, state);
tigerstyle-consumer-check> 1149 | | }
tigerstyle-consumer-check>      | |_^
tigerstyle-consumer-check>      |
tigerstyle-consumer-check>      = help: Tiger Style (Function Length): split long functions into named helpers at invariant or phase boundaries
tigerstyle-consumer-check>      = note: see Tiger Style guide: Function Length
tigerstyle-consumer-check> 
tigerstyle-consumer-check> error: function `inspect_tar` has 0 assertion(s) in 96 lines (need 2+)
tigerstyle-consumer-check>     --> crates/crunch-store/src/provenance.rs:1054:3
tigerstyle-consumer-check>      |
tigerstyle-consumer-check> 1054 |   ) {
tigerstyle-consumer-check>      |  ___^
tigerstyle-consumer-check> 1055 | |     if container_depth >= policy.max_container_depth {
tigerstyle-consumer-check> 1056 | |         state.limit(policy, input.path, "container-depth");
tigerstyle-consumer-check> 1057 | |         return;
tigerstyle-consumer-check> ...    |
tigerstyle-consumer-check> 1148 | |     inspect_container_entries(input, parsed, container_depth, policy, context, state);
tigerstyle-consumer-check> 1149 | | }
tigerstyle-consumer-check>      | |_^
tigerstyle-consumer-check>      |
tigerstyle-consumer-check>      = help: Tiger Style (Assertion Density): add enough assertions to make local invariants visible near the logic they defend
tigerstyle-consumer-check>      = note: see Tiger Style guide: Assertion Density
tigerstyle-consumer-check> 
tigerstyle-consumer-check> error: function `parse_newc_entries` is 121 lines (limit: 70)
tigerstyle-consumer-check>     --> crates/crunch-store/src/provenance.rs:1245:34
tigerstyle-consumer-check>      |
tigerstyle-consumer-check> 1245 |   ) -> Option<Vec<ContainerEntry>> {
tigerstyle-consumer-check>      |  __________________________________^
tigerstyle-consumer-check> 1246 | |     let mut offset = 0usize;
tigerstyle-consumer-check> 1247 | |     let mut entries = Vec::new();
tigerstyle-consumer-check> 1248 | |     while offset < bytes.len() {
tigerstyle-consumer-check> ...    |
tigerstyle-consumer-check> 1364 | |     None
tigerstyle-consumer-check> 1365 | | }
tigerstyle-consumer-check>      | |_^
tigerstyle-consumer-check>      |
tigerstyle-consumer-check>      = help: Tiger Style (Function Length): split long functions into named helpers at invariant or phase boundaries
tigerstyle-consumer-check>      = note: see Tiger Style guide: Function Length
tigerstyle-consumer-check> 
tigerstyle-consumer-check> error: function `parse_newc_entries` has 0 assertion(s) in 121 lines (need 2+)
tigerstyle-consumer-check>     --> crates/crunch-store/src/provenance.rs:1245:34
tigerstyle-consumer-check>      |
tigerstyle-consumer-check> 1245 |   ) -> Option<Vec<ContainerEntry>> {
tigerstyle-consumer-check>      |  __________________________________^
tigerstyle-consumer-check> 1246 | |     let mut offset = 0usize;
tigerstyle-consumer-check> 1247 | |     let mut entries = Vec::new();
tigerstyle-consumer-check> 1248 | |     while offset < bytes.len() {
tigerstyle-consumer-check> ...    |
tigerstyle-consumer-check> 1364 | |     None
tigerstyle-consumer-check> 1365 | | }
tigerstyle-consumer-check>      | |_^
tigerstyle-consumer-check>      |
tigerstyle-consumer-check>      = help: Tiger Style (Assertion Density): add enough assertions to make local invariants visible near the logic they defend
tigerstyle-consumer-check>      = note: see Tiger Style guide: Assertion Density
tigerstyle-consumer-check> 
tigerstyle-consumer-check> error: `offset` looks like a quantity but has no unit suffix
tigerstyle-consumer-check>     --> crates/crunch-store/src/provenance.rs:1246:13
tigerstyle-consumer-check>      |
tigerstyle-consumer-check> 1246 |     let mut offset = 0usize;
tigerstyle-consumer-check>      |             ^^^^^^
tigerstyle-consumer-check>      |
tigerstyle-consumer-check>      = help: Tiger Style (Unit Suffixes): put the unit in the name of numeric quantities Example: timeout_ms
tigerstyle-consumer-check>      = note: structured suggestion applicability: HasPlaceholders
tigerstyle-consumer-check>      = note: see Tiger Style guide: Unit Suffixes
tigerstyle-consumer-check> help: rename with an explicit unit suffix like `_ms`, `_secs`, or `_bytes`
tigerstyle-consumer-check>      |
tigerstyle-consumer-check> 1246 |     let mut offset_<unit> = 0usize;
tigerstyle-consumer-check>      |                   +++++++
tigerstyle-consumer-check> 
tigerstyle-consumer-check> error: function `inspect_container_entries` has 0 assertion(s) in 42 lines (need 2+)
tigerstyle-consumer-check>     --> crates/crunch-store/src/provenance.rs:1374:3
tigerstyle-consumer-check>      |
tigerstyle-consumer-check> 1374 |   ) {
tigerstyle-consumer-check>      |  ___^
tigerstyle-consumer-check> 1375 | |     let entry_paths = entries.iter().map(|entry| entry.path.clone()).collect::<BTreeSet<_>>();
tigerstyle-consumer-check> 1376 | |     state.observed_paths.extend(entry_paths);
tigerstyle-consumer-check> 1377 | |     for entry in entries {
tigerstyle-consumer-check> ...    |
tigerstyle-consumer-check> 1415 | | }
tigerstyle-consumer-check>      | |_^
tigerstyle-consumer-check>      |
tigerstyle-consumer-check>      = help: Tiger Style (Assertion Density): add enough assertions to make local invariants visible near the logic they defend
tigerstyle-consumer-check>      = note: see Tiger Style guide: Assertion Density
tigerstyle-consumer-check> 
tigerstyle-consumer-check> error: function `normalize_store_suffix` has 0 assertion(s) in 23 lines (need 2+)
tigerstyle-consumer-check>     --> crates/crunch-store/src/provenance.rs:1556:63
tigerstyle-consumer-check>      |
tigerstyle-consumer-check> 1556 |   fn normalize_store_suffix(suffix: &str) -> Result<String, ()> {
tigerstyle-consumer-check>      |  _______________________________________________________________^
tigerstyle-consumer-check> 1557 | |     if suffix.is_empty() {
tigerstyle-consumer-check> 1558 | |         return Ok(String::new());
tigerstyle-consumer-check> ...    |
tigerstyle-consumer-check> 1578 | | }
tigerstyle-consumer-check>      | |_^
tigerstyle-consumer-check>      |
tigerstyle-consumer-check>      = help: Tiger Style (Assertion Density): add enough assertions to make local invariants visible near the logic they defend
tigerstyle-consumer-check>      = note: see Tiger Style guide: Assertion Density
tigerstyle-consumer-check> 
tigerstyle-consumer-check> error: `next_length` looks like a quantity but has no unit suffix
tigerstyle-consumer-check>    --> crates/crunch-store/src/pull.rs:329:13
tigerstyle-consumer-check>     |
tigerstyle-consumer-check> 329 |         let next_length = u64::try_from(bytes.len())
tigerstyle-consumer-check>     |             ^^^^^^^^^^^
tigerstyle-consumer-check>     |
tigerstyle-consumer-check>     = help: Tiger Style (Unit Suffixes): put the unit in the name of numeric quantities Example: timeout_ms
tigerstyle-consumer-check>     = note: structured suggestion applicability: HasPlaceholders
tigerstyle-consumer-check>     = note: see Tiger Style guide: Unit Suffixes
tigerstyle-consumer-check> help: rename with an explicit unit suffix like `_ms`, `_secs`, or `_bytes`
tigerstyle-consumer-check>     |
tigerstyle-consumer-check> 329 |         let next_length_<unit> = u64::try_from(bytes.len())
tigerstyle-consumer-check>     |                        +++++++
tigerstyle-consumer-check> 
tigerstyle-consumer-check> error: `report` looks like a quantity but has no unit suffix
tigerstyle-consumer-check>    --> crates/crunch-store/src/pull.rs:423:9
tigerstyle-consumer-check>     |
tigerstyle-consumer-check> 423 |     let report = import_discovered_http_closure(handle, &client, &normalized_cache_url, options, discovered).await?;
tigerstyle-consumer-check>     |         ^^^^^^
tigerstyle-consumer-check>     |
tigerstyle-consumer-check>     = help: Tiger Style (Unit Suffixes): put the unit in the name of numeric quantities Example: timeout_ms
tigerstyle-consumer-check>     = note: structured suggestion applicability: HasPlaceholders
tigerstyle-consumer-check>     = note: see Tiger Style guide: Unit Suffixes
tigerstyle-consumer-check> help: rename with an explicit unit suffix like `_ms`, `_secs`, or `_bytes`
tigerstyle-consumer-check>     |
tigerstyle-consumer-check> 423 |     let report_<unit> = import_discovered_http_closure(handle, &client, &normalized_cache_url, options, discovered).await?;
tigerstyle-consumer-check>     |               +++++++
tigerstyle-consumer-check> 
tigerstyle-consumer-check> error: condition has 4 boolean operators
tigerstyle-consumer-check>    --> crates/crunch-store/src/pull.rs:610:8
tigerstyle-consumer-check>     |
tigerstyle-consumer-check> 610 |       if path_info.store_path != discovered.path
tigerstyle-consumer-check>     |  ________^
tigerstyle-consumer-check> 611 | |         || path_info.store_path.to_string() != member.store_path
tigerstyle-consumer-check> 612 | |         || path_info.nar_size != member.nar_size
tigerstyle-consumer-check> 613 | |         || nar_sha256_hex != member.nar_sha256_hex
tigerstyle-consumer-check> 614 | |         || references != member.references
tigerstyle-consumer-check>     | |__________________________________________^
tigerstyle-consumer-check>     |
tigerstyle-consumer-check>     = help: Tiger Style (Condition Decomposition): break multi-part conditions into named predicates or nested guards Example: if is_leader { if has_quorum { ... } }
tigerstyle-consumer-check>     = note: see Tiger Style guide: Condition Decomposition
tigerstyle-consumer-check> 
tigerstyle-consumer-check> error: function `import_planned_http_member` has 0 assertion(s) in 31 lines (need 2+)
tigerstyle-consumer-check>    --> crates/crunch-store/src/pull.rs:670:24
tigerstyle-consumer-check>     |
tigerstyle-consumer-check> 670 |   ) -> Result<(), Error> {
tigerstyle-consumer-check>     |  ________________________^
tigerstyle-consumer-check> 671 | |     let narinfo = NarInfo::parse_with_store_dir(&discovered.text, context.handle.store_dir()).map_err(|error| {
tigerstyle-consumer-check> 672 | |         Error::Store(format!("http-closure-planned-narinfo-parse-failed: {}: {error}", member.store_path))
tigerstyle-consumer-check> 673 | |     })?;
tigerstyle-consumer-check> ...   |
tigerstyle-consumer-check> 699 | |     .await
tigerstyle-consumer-check> 700 | | }
tigerstyle-consumer-check>     | |_^
tigerstyle-consumer-check>     |
tigerstyle-consumer-check>     = help: Tiger Style (Assertion Density): add enough assertions to make local invariants visible near the logic they defend
tigerstyle-consumer-check>     = note: see Tiger Style guide: Assertion Density
tigerstyle-consumer-check> 
tigerstyle-consumer-check> error: condition has 4 boolean operators
tigerstyle-consumer-check>    --> crates/crunch-store/src/pull.rs:713:8
tigerstyle-consumer-check>     |
tigerstyle-consumer-check> 713 |       if narinfo.store_path.to_string() != member.store_path
tigerstyle-consumer-check>     |  ________^
tigerstyle-consumer-check> 714 | |         || narinfo.nar_size != member.nar_size
tigerstyle-consumer-check> 715 | |         || nar_hash_hex != member.nar_sha256_hex
tigerstyle-consumer-check> 716 | |         || references != member.references
tigerstyle-consumer-check> 717 | |         || narinfo_blake3 != member.narinfo_blake3
tigerstyle-consumer-check>     | |__________________________________________________^
tigerstyle-consumer-check>     |
tigerstyle-consumer-check>     = help: Tiger Style (Condition Decomposition): break multi-part conditions into named predicates or nested guards Example: if is_leader { if has_quorum { ... } }
tigerstyle-consumer-check>     = note: see Tiger Style guide: Condition Decomposition
tigerstyle-consumer-check> 
tigerstyle-consumer-check> error: `nar_read_limit` looks like a quantity but has no unit suffix
tigerstyle-consumer-check>    --> crates/crunch-store/src/pull.rs:953:9
tigerstyle-consumer-check>     |
tigerstyle-consumer-check> 953 |     let nar_read_limit = narinfo.nar_size.saturating_add(1);
tigerstyle-consumer-check>     |         ^^^^^^^^^^^^^^
tigerstyle-consumer-check>     |
tigerstyle-consumer-check>     = help: Tiger Style (Unit Suffixes): put the unit in the name of numeric quantities Example: timeout_ms
tigerstyle-consumer-check>     = note: structured suggestion applicability: HasPlaceholders
tigerstyle-consumer-check>     = note: see Tiger Style guide: Unit Suffixes
tigerstyle-consumer-check> help: rename with an explicit unit suffix like `_ms`, `_secs`, or `_bytes`
tigerstyle-consumer-check>     |
tigerstyle-consumer-check> 953 |     let nar_read_limit_<unit> = narinfo.nar_size.saturating_add(1);
tigerstyle-consumer-check>     |                       +++++++
tigerstyle-consumer-check> 
tigerstyle-consumer-check> error: function `record_to_core` has 0 assertion(s) in 28 lines (need 2+)
tigerstyle-consumer-check>    --> crates/crunch-store/src/retention.rs:191:96
tigerstyle-consumer-check>     |
tigerstyle-consumer-check> 191 |   fn record_to_core(record: &GcRootRecord, current_policy: &str) -> Result<RetentionRoot, Error> {
tigerstyle-consumer-check>     |  ________________________________________________________________________________________________^
tigerstyle-consumer-check> 192 | |     if record.policy_blake3 != current_policy {
tigerstyle-consumer-check> 193 | |         return Err(Error::RootRegistry(format!(
tigerstyle-consumer-check> 194 | |             "root policy identity is stale for {}: expected {current_policy}, observed {}",
tigerstyle-consumer-check> ...   |
tigerstyle-consumer-check> 217 | |     })
tigerstyle-consumer-check> 218 | | }
tigerstyle-consumer-check>     | |_^
tigerstyle-consumer-check>     |
tigerstyle-consumer-check>     = help: Tiger Style (Assertion Density): add enough assertions to make local invariants visible near the logic they defend
tigerstyle-consumer-check>     = note: see Tiger Style guide: Assertion Density
tigerstyle-consumer-check> 
tigerstyle-consumer-check> error: function `load_registry` has 0 assertion(s) in 21 lines (need 2+)
tigerstyle-consumer-check>    --> crates/crunch-store/src/roots.rs:235:96
tigerstyle-consumer-check>     |
tigerstyle-consumer-check> 235 |   pub(crate) fn load_registry(state_dir: &Path) -> Result<BTreeMap<String, GcRootRecord>, Error> {
tigerstyle-consumer-check>     |  ________________________________________________________________________________________________^
tigerstyle-consumer-check> 236 | |     let path = roots_path(state_dir);
tigerstyle-consumer-check> 237 | |     let bytes = match std::fs::read(&path) {
tigerstyle-consumer-check> 238 | |         Ok(bytes) => bytes,
tigerstyle-consumer-check> ...   |
tigerstyle-consumer-check> 254 | |     Ok(registry)
tigerstyle-consumer-check> 255 | | }
tigerstyle-consumer-check>     | |_^
tigerstyle-consumer-check>     |
tigerstyle-consumer-check>     = help: Tiger Style (Assertion Density): add enough assertions to make local invariants visible near the logic they defend
tigerstyle-consumer-check>     = note: see Tiger Style guide: Assertion Density
tigerstyle-consumer-check> 
tigerstyle-consumer-check> error: function `resolve_project_generation` has 0 assertion(s) in 41 lines (need 2+)
tigerstyle-consumer-check>    --> crates/crunch-store/src/roots.rs:278:38
tigerstyle-consumer-check>     |
tigerstyle-consumer-check> 278 |   ) -> Result<RootRegistration, Error> {
tigerstyle-consumer-check>     |  ______________________________________^
tigerstyle-consumer-check> 279 | |     if !matches!(registration.class, GcRootClass::ProjectOutputGeneration | GcRootClass::ProjectSourceGeneration)
tigerstyle-consumer-check> 280 | |         || registration.generation.is_some()
tigerstyle-consumer-check> ...   |
tigerstyle-consumer-check> 317 | |     Ok(registration)
tigerstyle-consumer-check> 318 | | }
tigerstyle-consumer-check>     | |_^
tigerstyle-consumer-check>     |
tigerstyle-consumer-check>     = help: Tiger Style (Assertion Density): add enough assertions to make local invariants visible near the logic they defend
tigerstyle-consumer-check>     = note: see Tiger Style guide: Assertion Density
tigerstyle-consumer-check> 
tigerstyle-consumer-check> error: function `resolve_shell_lease_renewal` has 0 assertion(s) in 32 lines (need 2+)
tigerstyle-consumer-check>    --> crates/crunch-store/src/roots.rs:324:38
tigerstyle-consumer-check>     |
tigerstyle-consumer-check> 324 |   ) -> Result<RootRegistration, Error> {
tigerstyle-consumer-check>     |  ______________________________________^
tigerstyle-consumer-check> 325 | |     if registration.class != GcRootClass::ActiveShellLease {
tigerstyle-consumer-check> 326 | |         return Ok(registration);
tigerstyle-consumer-check> ...   |
tigerstyle-consumer-check> 354 | |     Ok(registration)
tigerstyle-consumer-check> 355 | | }
tigerstyle-consumer-check>     | |_^
tigerstyle-consumer-check>     |
tigerstyle-consumer-check>     = help: Tiger Style (Assertion Density): add enough assertions to make local invariants visible near the logic they defend
tigerstyle-consumer-check>     = note: see Tiger Style guide: Assertion Density
tigerstyle-consumer-check> 
tigerstyle-consumer-check> error: condition has 3 boolean operators
tigerstyle-consumer-check>    --> crates/crunch-store/src/roots.rs:334:8
tigerstyle-consumer-check>     |
tigerstyle-consumer-check> 334 |       if existing.root_class != GcRootClass::ActiveShellLease
tigerstyle-consumer-check>     |  ________^
tigerstyle-consumer-check> 335 | |         || existing.project_identity != registration.project_identity
tigerstyle-consumer-check> 336 | |         || existing.selector != registration.selector
tigerstyle-consumer-check> 337 | |         || existing.owner_scope != registration.owner_scope
tigerstyle-consumer-check>     | |___________________________________________________________^
tigerstyle-consumer-check>     |
tigerstyle-consumer-check>     = help: Tiger Style (Condition Decomposition): break multi-part conditions into named predicates or nested guards Example: if is_leader { if has_quorum { ... } }
tigerstyle-consumer-check>     = note: see Tiger Style guide: Condition Decomposition
tigerstyle-consumer-check> 
tigerstyle-consumer-check> error: function `registration_transition_reason` has 0 assertion(s) in 32 lines (need 2+)
tigerstyle-consumer-check>    --> crates/crunch-store/src/roots.rs:361:19
tigerstyle-consumer-check>     |
tigerstyle-consumer-check> 361 |   ) -> &'static str {
tigerstyle-consumer-check>     |  ___________________^
tigerstyle-consumer-check> 362 | |     let Some(existing) = registry.get(logical_path) else {
tigerstyle-consumer-check> 363 | |         return match registration.class {
tigerstyle-consumer-check> 364 | |             GcRootClass::ProjectOutputGeneration => "project-output-generation-registered",
tigerstyle-consumer-check> ...   |
tigerstyle-consumer-check> 391 | |     "root-reclassified"
tigerstyle-consumer-check> 392 | | }
tigerstyle-consumer-check>     | |_^
tigerstyle-consumer-check>     |
tigerstyle-consumer-check>     = help: Tiger Style (Assertion Density): add enough assertions to make local invariants visible near the logic they defend
tigerstyle-consumer-check>     = note: see Tiger Style guide: Assertion Density
tigerstyle-consumer-check> 
tigerstyle-consumer-check> error: condition has 3 boolean operators
tigerstyle-consumer-check>    --> crates/crunch-store/src/roots.rs:374:8
tigerstyle-consumer-check>     |
tigerstyle-consumer-check> 374 |       if registration.class == GcRootClass::ActiveShellLease
tigerstyle-consumer-check>     |  ________^
tigerstyle-consumer-check> 375 | |         && existing.root_class == GcRootClass::ActiveShellLease
tigerstyle-consumer-check> 376 | |         && existing.project_identity == registration.project_identity
tigerstyle-consumer-check> 377 | |         && existing.selector == registration.selector
tigerstyle-consumer-check>     | |_____________________________________________________^
tigerstyle-consumer-check>     |
tigerstyle-consumer-check>     = help: Tiger Style (Condition Decomposition): break multi-part conditions into named predicates or nested guards Example: if is_leader { if has_quorum { ... } }
tigerstyle-consumer-check>     = note: see Tiger Style guide: Condition Decomposition
tigerstyle-consumer-check> 
tigerstyle-consumer-check> error: condition has 3 boolean operators
tigerstyle-consumer-check>    --> crates/crunch-store/src/roots.rs:381:8
tigerstyle-consumer-check>     |
tigerstyle-consumer-check> 381 |       if matches!(registration.class, GcRootClass::ProjectOutputGeneration | GcRootClass::ProjectSourceGeneration)
tigerstyle-consumer-check>     |  ________^
tigerstyle-consumer-check> 382 | |         && existing.root_class == registration.class
tigerstyle-consumer-check> 383 | |         && existing.project_identity == registration.project_identity
tigerstyle-consumer-check> 384 | |         && existing.selector == registration.selector
tigerstyle-consumer-check>     | |_____________________________________________________^
tigerstyle-consumer-check>     |
tigerstyle-consumer-check>     = help: Tiger Style (Condition Decomposition): break multi-part conditions into named predicates or nested guards Example: if is_leader { if has_quorum { ... } }
tigerstyle-consumer-check>     = note: see Tiger Style guide: Condition Decomposition
tigerstyle-consumer-check> 
tigerstyle-consumer-check> error: function `new_record` has 0 assertion(s) in 28 lines (need 2+)
tigerstyle-consumer-check>    --> crates/crunch-store/src/roots.rs:450:19
tigerstyle-consumer-check>     |
tigerstyle-consumer-check> 450 |   ) -> GcRootRecord {
tigerstyle-consumer-check>     |  ___________________^
tigerstyle-consumer-check> 451 | |     let policy_blake3 = store_retention_policy_blake3();
tigerstyle-consumer-check> 452 | |     let last_transition_id = transition_id(
tigerstyle-consumer-check> 453 | |         &logical_path,
tigerstyle-consumer-check> ...   |
tigerstyle-consumer-check> 477 | | }
tigerstyle-consumer-check>     | |_^
tigerstyle-consumer-check>     |
tigerstyle-consumer-check>     = help: Tiger Style (Assertion Density): add enough assertions to make local invariants visible near the logic they defend
tigerstyle-consumer-check>     = note: see Tiger Style guide: Assertion Density
tigerstyle-consumer-check> 
tigerstyle-consumer-check> error: function `normalize_raw_record` has 0 assertion(s) in 50 lines (need 2+)
tigerstyle-consumer-check>    --> crates/crunch-store/src/roots.rs:479:78
tigerstyle-consumer-check>     |
tigerstyle-consumer-check> 479 |   fn normalize_raw_record(raw: RawGcRootRecord) -> Result<GcRootRecord, Error> {
tigerstyle-consumer-check>     |  ______________________________________________________________________________^
tigerstyle-consumer-check> 480 | |     if raw.schema_version == 0 || raw.schema_version == 1 || raw.root_class.is_none() {
tigerstyle-consumer-check> 481 | |         return Ok(migrate_legacy_record(raw));
tigerstyle-consumer-check> ...   |
tigerstyle-consumer-check> 527 | |     Ok(record)
tigerstyle-consumer-check> 528 | | }
tigerstyle-consumer-check>     | |_^
tigerstyle-consumer-check>     |
tigerstyle-consumer-check>     = help: Tiger Style (Assertion Density): add enough assertions to make local invariants visible near the logic they defend
tigerstyle-consumer-check>     = note: see Tiger Style guide: Assertion Density
tigerstyle-consumer-check> 
tigerstyle-consumer-check> error: function `migrate_legacy_record` has 0 assertion(s) in 29 lines (need 2+)
tigerstyle-consumer-check>    --> crates/crunch-store/src/roots.rs:530:64
tigerstyle-consumer-check>     |
tigerstyle-consumer-check> 530 |   fn migrate_legacy_record(raw: RawGcRootRecord) -> GcRootRecord {
tigerstyle-consumer-check>     |  ________________________________________________________________^
tigerstyle-consumer-check> 531 | |     let policy_blake3 = store_retention_policy_blake3();
tigerstyle-consumer-check> 532 | |     let owner_scope = LEGACY_OWNER_SCOPE.to_string();
tigerstyle-consumer-check> 533 | |     let last_transition_id = transition_id(
tigerstyle-consumer-check> ...   |
tigerstyle-consumer-check> 558 | | }
tigerstyle-consumer-check>     | |_^
tigerstyle-consumer-check>     |
tigerstyle-consumer-check>     = help: Tiger Style (Assertion Density): add enough assertions to make local invariants visible near the logic they defend
tigerstyle-consumer-check>     = note: see Tiger Style guide: Assertion Density
tigerstyle-consumer-check> 
tigerstyle-consumer-check> error: function `validate_record` has 0 assertion(s) in 44 lines (need 2+)
tigerstyle-consumer-check>    --> crates/crunch-store/src/roots.rs:613:64
tigerstyle-consumer-check>     |
tigerstyle-consumer-check> 613 |   fn validate_record(record: &GcRootRecord) -> Result<(), Error> {
tigerstyle-consumer-check>     |  ________________________________________________________________^
tigerstyle-consumer-check> 614 | |     if record.schema_version != ROOT_RECORD_SCHEMA_VERSION {
tigerstyle-consumer-check> 615 | |         return Err(Error::RootRegistry(format!(
tigerstyle-consumer-check> 616 | |             "root record {} has unsupported schema {}",
tigerstyle-consumer-check> ...   |
tigerstyle-consumer-check> 655 | |     Ok(())
tigerstyle-consumer-check> 656 | | }
tigerstyle-consumer-check>     | |_^
tigerstyle-consumer-check>     |
tigerstyle-consumer-check>     = help: Tiger Style (Assertion Density): add enough assertions to make local invariants visible near the logic they defend
tigerstyle-consumer-check>     = note: see Tiger Style guide: Assertion Density
tigerstyle-consumer-check> 
tigerstyle-consumer-check> error: collection grows in loop without a prior reservation or explicit local bound
tigerstyle-consumer-check>    --> crates/crunch-store/src/capability.rs:596:13
tigerstyle-consumer-check>     |
tigerstyle-consumer-check> 596 |             observations.push(crate::layer::LayerShadowObservation { layer, status });
tigerstyle-consumer-check>     |             ^^^^^^^^^^^^^^^^^^^^^^^^^^^^^^^^^^^^^^^^^^^^^^^^^^^^^^^^^^^^^^^^^^^^^^^^^
tigerstyle-consumer-check>     |
tigerstyle-consumer-check>     = help: Tiger Style (Bounded Resource Growth): reserve collection capacity or add an explicit local length bound before growing it in a loop Example: let mut items = Vec::with_capacity(limit);
tigerstyle-consumer-check>     = note: see Tiger Style guide: Bounded Resource Growth
tigerstyle-consumer-check>     = note: `-D tigerstyle::unbounded-collection-growth` implied by `-D unbounded-collection-growth`
tigerstyle-consumer-check>     = help: to override `-D unbounded-collection-growth` add `#[allow(tigerstyle::unbounded_collection_growth)]`
tigerstyle-consumer-check> 
tigerstyle-consumer-check> error: collection grows in loop without a prior reservation or explicit local bound
tigerstyle-consumer-check>    --> crates/crunch-store/src/composition.rs:143:9
tigerstyle-consumer-check>     |
tigerstyle-consumer-check> 143 |         directories.insert(digest, directory);
tigerstyle-consumer-check>     |         ^^^^^^^^^^^^^^^^^^^^^^^^^^^^^^^^^^^^^
tigerstyle-consumer-check>     |
tigerstyle-consumer-check>     = help: Tiger Style (Bounded Resource Growth): reserve collection capacity or add an explicit local length bound before growing it in a loop Example: let mut items = Vec::with_capacity(limit);
tigerstyle-consumer-check>     = note: see Tiger Style guide: Bounded Resource Growth
tigerstyle-consumer-check> 
tigerstyle-consumer-check> error: 2 consecutive `u32` parameters are easy to swap by accident
tigerstyle-consumer-check>    --> crates/crunch-store/src/composition.rs:153:1
tigerstyle-consumer-check>     |
tigerstyle-consumer-check> 153 | / fn snapshot_from_castore(
tigerstyle-consumer-check> 154 | |     node: &Node,
tigerstyle-consumer-check> 155 | |     directories: &HashMap<B3Digest, Directory>,
tigerstyle-consumer-check> 156 | |     depth: u32,
tigerstyle-consumer-check> ...   |
tigerstyle-consumer-check> 195 | | }
tigerstyle-consumer-check>     | |_^
tigerstyle-consumer-check>     |
tigerstyle-consumer-check>     = help: Tiger Style (Explicit Interfaces): replace same-type parameter clusters with named fields or an options struct Example: fn connect(opts: ConnectOptions) -> ...
tigerstyle-consumer-check>     = note: see Tiger Style guide: Explicit Interfaces
tigerstyle-consumer-check>     = note: `-D tigerstyle::ambiguous-params` implied by `-D ambiguous-params`
tigerstyle-consumer-check>     = help: to override `-D ambiguous-params` add `#[allow(tigerstyle::ambiguous_params)]`
tigerstyle-consumer-check> 
tigerstyle-consumer-check> error: function calls itself recursively
tigerstyle-consumer-check>    --> crates/crunch-store/src/composition.rs:189:27
tigerstyle-consumer-check>     |
tigerstyle-consumer-check> 189 |                     node: snapshot_from_castore(child, directories, child_depth, max_depth)?,
tigerstyle-consumer-check>     |                           ^^^^^^^^^^^^^^^^^^^^^^^^^^^^^^^^^^^^^^^^^^^^^^^^^^^^^^^^^^^^^^^^^
tigerstyle-consumer-check>     |
tigerstyle-consumer-check>     = help: Tiger Style (Simple Control Flow): prefer explicit iteration or work queues over self-recursive control flow Example: while let Some(item) = stack.pop() { ... }
tigerstyle-consumer-check>     = note: see Tiger Style guide: Simple Control Flow
tigerstyle-consumer-check>     = note: `-D tigerstyle::no-recursion` implied by `-D no-recursion`
tigerstyle-consumer-check>     = help: to override `-D no-recursion` add `#[allow(tigerstyle::no_recursion)]`
tigerstyle-consumer-check> 
tigerstyle-consumer-check> error: collection grows in loop without a prior reservation or explicit local bound
tigerstyle-consumer-check>    --> crates/crunch-store/src/gc.rs:648:9
tigerstyle-consumer-check>     |
tigerstyle-consumer-check> 648 |         queue.push(path_id);
tigerstyle-consumer-check>     |         ^^^^^^^^^^^^^^^^^^^
tigerstyle-consumer-check>     |
tigerstyle-consumer-check>     = help: Tiger Style (Bounded Resource Growth): reserve collection capacity or add an explicit local length bound before growing it in a loop Example: let mut items = Vec::with_capacity(limit);
tigerstyle-consumer-check>     = note: see Tiger Style guide: Bounded Resource Growth
tigerstyle-consumer-check> 
tigerstyle-consumer-check> error: collection grows in loop without a prior reservation or explicit local bound
tigerstyle-consumer-check>    --> crates/crunch-store/src/gc.rs:690:13
tigerstyle-consumer-check>     |
tigerstyle-consumer-check> 690 | /             ownership.insert(path_id.clone(), GcOwnership::Base {
tigerstyle-consumer-check> 691 | |                 layer_index: read.layer_index,
tigerstyle-consumer-check> 692 | |             });
tigerstyle-consumer-check>     | |______________^
tigerstyle-consumer-check>     |
tigerstyle-consumer-check>     = help: Tiger Style (Bounded Resource Growth): reserve collection capacity or add an explicit local length bound before growing it in a loop Example: let mut items = Vec::with_capacity(limit);
tigerstyle-consumer-check>     = note: see Tiger Style guide: Bounded Resource Growth
tigerstyle-consumer-check> 
tigerstyle-consumer-check> error: collection grows in loop without a prior reservation or explicit local bound
tigerstyle-consumer-check>    --> crates/crunch-store/src/gc.rs:698:9
tigerstyle-consumer-check>     |
tigerstyle-consumer-check> 698 |         queue.extend(path_info.references.iter().map(|reference| reference.to_absolute_path_with_prefix(store_dir)));
tigerstyle-consumer-check>     |         ^^^^^^^^^^^^^^^^^^^^^^^^^^^^^^^^^^^^^^^^^^^^^^^^^^^^^^^^^^^^^^^^^^^^^^^^^^^^^^^^^^^^^^^^^^^^^^^^^^^^^^^^^^^^
tigerstyle-consumer-check>     |
tigerstyle-consumer-check>     = help: Tiger Style (Bounded Resource Growth): reserve collection capacity or add an explicit local length bound before growing it in a loop Example: let mut items = Vec::with_capacity(limit);
tigerstyle-consumer-check>     = note: see Tiger Style guide: Bounded Resource Growth
tigerstyle-consumer-check> 
tigerstyle-consumer-check> error: collection grows in loop without a prior reservation or explicit local bound
tigerstyle-consumer-check>     --> crates/crunch-store/src/gc.rs:1256:13
tigerstyle-consumer-check>      |
tigerstyle-consumer-check> 1256 |             failures.push(error.to_string());
tigerstyle-consumer-check>      |             ^^^^^^^^^^^^^^^^^^^^^^^^^^^^^^^^
tigerstyle-consumer-check>      |
tigerstyle-consumer-check>      = help: Tiger Style (Bounded Resource Growth): reserve collection capacity or add an explicit local length bound before growing it in a loop Example: let mut items = Vec::with_capacity(limit);
tigerstyle-consumer-check>      = note: see Tiger Style guide: Bounded Resource Growth
tigerstyle-consumer-check> 
tigerstyle-consumer-check> error: collection grows in loop without a prior reservation or explicit local bound
tigerstyle-consumer-check>     --> crates/crunch-store/src/gc.rs:1272:27
tigerstyle-consumer-check>      |
tigerstyle-consumer-check> 1272 |             Err(error) => failures.push(format!("removing {}: {error}", path.display())),
tigerstyle-consumer-check>      |                           ^^^^^^^^^^^^^^^^^^^^^^^^^^^^^^^^^^^^^^^^^^^^^^^^^^^^^^^^^^^^^^
tigerstyle-consumer-check>      |
tigerstyle-consumer-check>      = help: Tiger Style (Bounded Resource Growth): reserve collection capacity or add an explicit local length bound before growing it in a loop Example: let mut items = Vec::with_capacity(limit);
tigerstyle-consumer-check>      = note: see Tiger Style guide: Bounded Resource Growth
tigerstyle-consumer-check> 
tigerstyle-consumer-check> error: collection grows in loop without a prior reservation or explicit local bound
tigerstyle-consumer-check>     --> crates/crunch-store/src/handle.rs:1102:13
tigerstyle-consumer-check>      |
tigerstyle-consumer-check> 1102 |             observations.push(crate::layer::LayerShadowObservation { layer, status });
tigerstyle-consumer-check>      |             ^^^^^^^^^^^^^^^^^^^^^^^^^^^^^^^^^^^^^^^^^^^^^^^^^^^^^^^^^^^^^^^^^^^^^^^^^
tigerstyle-consumer-check>      |
tigerstyle-consumer-check>      = help: Tiger Style (Bounded Resource Growth): reserve collection capacity or add an explicit local length bound before growing it in a loop Example: let mut items = Vec::with_capacity(limit);
tigerstyle-consumer-check>      = note: see Tiger Style guide: Bounded Resource Growth
tigerstyle-consumer-check> 
tigerstyle-consumer-check> error: loop without visible iteration bound
tigerstyle-consumer-check>     --> crates/crunch-store/src/handle.rs:1131:9
tigerstyle-consumer-check>      |
tigerstyle-consumer-check> 1131 | /         while let Some(read) = stream.next().await {
tigerstyle-consumer-check> 1132 | |             let read = read.map_err(|error| Error::Store(format!("listing composed PathInfos: {error}")))?;
tigerstyle-consumer-check> 1133 | |             if self.overlay_state.is_some() && read.layer_index == 0 {
tigerstyle-consumer-check> 1134 | |                 let trusted_keys = crate::overlay::load_layer_trust_keys(&self.state_dir)?;
tigerstyle-consumer-check> ...    |
tigerstyle-consumer-check> 1143 | |             pathinfos.push(layered);
tigerstyle-consumer-check> 1144 | |         }
tigerstyle-consumer-check>      | |_________^
tigerstyle-consumer-check>      |
tigerstyle-consumer-check>      = help: Tiger Style (Bounded Control Flow): bound long-running loops with an exit condition, timeout, or bounded input Example: while let Some(msg) = rx.recv().await { ... }
tigerstyle-consumer-check>      = note: see Tiger Style guide: Bounded Control Flow
tigerstyle-consumer-check>      = note: `-D tigerstyle::unbounded-loop` implied by `-D unbounded-loop`
tigerstyle-consumer-check>      = help: to override `-D unbounded-loop` add `#[allow(tigerstyle::unbounded_loop)]`
tigerstyle-consumer-check> 
tigerstyle-consumer-check> error: collection grows in loop without a prior reservation or explicit local bound
tigerstyle-consumer-check>     --> crates/crunch-store/src/handle.rs:1143:13
tigerstyle-consumer-check>      |
tigerstyle-consumer-check> 1143 |             pathinfos.push(layered);
tigerstyle-consumer-check>      |             ^^^^^^^^^^^^^^^^^^^^^^^
tigerstyle-consumer-check>      |
tigerstyle-consumer-check>      = help: Tiger Style (Bounded Resource Growth): reserve collection capacity or add an explicit local length bound before growing it in a loop Example: let mut items = Vec::with_capacity(limit);
tigerstyle-consumer-check>      = note: see Tiger Style guide: Bounded Resource Growth
tigerstyle-consumer-check> 
tigerstyle-consumer-check> error: implicit default on external type — construct with explicit values
tigerstyle-consumer-check>     --> crates/crunch-store/src/handle.rs:2821:45
tigerstyle-consumer-check>      |
tigerstyle-consumer-check> 2821 |         let preview_blob_service = Arc::new(MemoryBlobService::default()) as Arc<dyn BlobService>;
tigerstyle-consumer-check>      |                                             ^^^^^^^^^^^^^^^^^^^^^^^^^^^^
tigerstyle-consumer-check>      |
tigerstyle-consumer-check>      = help: Tiger Style (Explicit Defaults): construct foreign-crate values explicitly instead of relying on `Default` Example: let client = reqwest::ClientBuilder::new();
tigerstyle-consumer-check>      = note: see Tiger Style guide: Explicit Defaults
tigerstyle-consumer-check>      = note: `-D tigerstyle::explicit-defaults` implied by `-D explicit-defaults`
tigerstyle-consumer-check>      = help: to override `-D explicit-defaults` add `#[allow(tigerstyle::explicit_defaults)]`
tigerstyle-consumer-check> 
tigerstyle-consumer-check> error: implicit default on external type — construct with explicit values
tigerstyle-consumer-check>     --> crates/crunch-store/src/handle.rs:2825:17
tigerstyle-consumer-check>      |
tigerstyle-consumer-check> 2825 |                 RedbDirectoryServiceConfig::default(),
tigerstyle-consumer-check>      |                 ^^^^^^^^^^^^^^^^^^^^^^^^^^^^^^^^^^^^^
tigerstyle-consumer-check>      |
tigerstyle-consumer-check>      = help: Tiger Style (Explicit Defaults): construct foreign-crate values explicitly instead of relying on `Default` Example: let client = reqwest::ClientBuilder::new();
tigerstyle-consumer-check>      = note: see Tiger Style guide: Explicit Defaults
tigerstyle-consumer-check> 
tigerstyle-consumer-check> error: boolean binding `preserve_existing` should have a predicate prefix
tigerstyle-consumer-check>     --> crates/crunch-store/src/handle.rs:3028:13
tigerstyle-consumer-check>      |
tigerstyle-consumer-check> 3028 |         let preserve_existing = match provenance {
tigerstyle-consumer-check>      |             ^^^^^^^^^^^^^^^^^
tigerstyle-consumer-check>      |
tigerstyle-consumer-check>      = help: Tiger Style (Positive Predicates): name booleans as predicates so call sites read like questions Example: let is_ready = status == Ready;
tigerstyle-consumer-check>      = note: structured suggestion applicability: MaybeIncorrect
tigerstyle-consumer-check>      = note: see Tiger Style guide: Positive Predicates
tigerstyle-consumer-check>      = note: `-D tigerstyle::bool-naming` implied by `-D bool-naming`
tigerstyle-consumer-check>      = help: to override `-D bool-naming` add `#[allow(tigerstyle::bool_naming)]`
tigerstyle-consumer-check> help: rename binding to `is_preserve_existing`
tigerstyle-consumer-check>      |
tigerstyle-consumer-check> 3028 |         let is_preserve_existing = match provenance {
tigerstyle-consumer-check>      |             +++
tigerstyle-consumer-check> 
tigerstyle-consumer-check> error: collection grows in loop without a prior reservation or explicit local bound
tigerstyle-consumer-check>     --> crates/crunch-store/src/handle.rs:3184:13
tigerstyle-consumer-check>      |
tigerstyle-consumer-check> 3184 |             selected_layers.insert(path.to_absolute_path_with_prefix(&self.store_dir), layer);
tigerstyle-consumer-check>      |             ^^^^^^^^^^^^^^^^^^^^^^^^^^^^^^^^^^^^^^^^^^^^^^^^^^^^^^^^^^^^^^^^^^^^^^^^^^^^^^^^^
tigerstyle-consumer-check>      |
tigerstyle-consumer-check>      = help: Tiger Style (Bounded Resource Growth): reserve collection capacity or add an explicit local length bound before growing it in a loop Example: let mut items = Vec::with_capacity(limit);
tigerstyle-consumer-check>      = note: see Tiger Style guide: Bounded Resource Growth
tigerstyle-consumer-check> 
tigerstyle-consumer-check> error: function has 6 parameters (limit: 5) — consider an options struct
tigerstyle-consumer-check>     --> crates/crunch-store/src/handle.rs:3372:1
tigerstyle-consumer-check>      |
tigerstyle-consumer-check> 3372 | / fn signed_adoption_path_info(
tigerstyle-consumer-check> 3373 | |     store_path: StorePath<String>,
tigerstyle-consumer-check> 3374 | |     node: Node,
tigerstyle-consumer-check> 3375 | |     nar_size: u64,
tigerstyle-consumer-check> ...    |
tigerstyle-consumer-check> 3394 | |     path_info
tigerstyle-consumer-check> 3395 | | }
tigerstyle-consumer-check>      | |_^
tigerstyle-consumer-check>      |
tigerstyle-consumer-check>      = help: Tiger Style (Simple Interfaces): group many parameters into a named options struct instead of a long positional signature Example: fn connect(opts: ConnectOptions) -> ...
tigerstyle-consumer-check>      = note: see Tiger Style guide: Explicit Interfaces
tigerstyle-consumer-check>      = note: `-D tigerstyle::too-many-parameters` implied by `-D too-many-parameters`
tigerstyle-consumer-check>      = help: to override `-D too-many-parameters` add `#[allow(tigerstyle::too_many_parameters)]`
tigerstyle-consumer-check> 
tigerstyle-consumer-check> error: `.expect()` in production code will panic on failure
tigerstyle-consumer-check>    --> crates/crunch-store/src/http_closure.rs:216:23
tigerstyle-consumer-check>     |
tigerstyle-consumer-check> 216 |         let pending = self.pending_by_digest.get(&digest).expect("pending order and pending map must stay aligned");
tigerstyle-consumer-check>     |                       ^^^^^^^^^^^^^^^^^^^^^^^^^^^^^^^^^^^^^^^^^^^^^^^^^^^^^^^^^^^^^^^^^^^^^^^^^^^^^^^^^^^^^^^^^^^^^
tigerstyle-consumer-check>     |
tigerstyle-consumer-check>     = help: Tiger Style (Error Handling): propagate or handle absence explicitly instead of panicking with `unwrap` or `expect` Example: let value = maybe?;
tigerstyle-consumer-check>     = note: see Tiger Style guide: Error Handling
tigerstyle-consumer-check>     = note: `-D tigerstyle::no-unwrap` implied by `-D no-unwrap`
tigerstyle-consumer-check>     = help: to override `-D no-unwrap` add `#[allow(tigerstyle::no_unwrap)]`
tigerstyle-consumer-check> 
tigerstyle-consumer-check> error: `.expect()` in production code will panic on failure
tigerstyle-consumer-check>    --> crates/crunch-store/src/http_closure.rs:271:23
tigerstyle-consumer-check>     |
tigerstyle-consumer-check> 271 |           let pending = self
tigerstyle-consumer-check>     |  _______________________^
tigerstyle-consumer-check> 272 | |             .pending_by_digest
tigerstyle-consumer-check> 273 | |             .remove(&requested_digest)
tigerstyle-consumer-check> 274 | |             .expect("active request must remain in the pending map");
tigerstyle-consumer-check>     | |____________________________________________________________________^
tigerstyle-consumer-check>     |
tigerstyle-consumer-check>     = help: Tiger Style (Error Handling): propagate or handle absence explicitly instead of panicking with `unwrap` or `expect` Example: let value = maybe?;
tigerstyle-consumer-check>     = note: see Tiger Style guide: Error Handling
tigerstyle-consumer-check> 
tigerstyle-consumer-check> error: unprotected unsigned addition may overflow
tigerstyle-consumer-check>    --> crates/crunch-store/src/http_closure.rs:287:47
tigerstyle-consumer-check>     |
tigerstyle-consumer-check> 287 |         debug_assert_eq!(self.member_count(), self.pending_by_digest.len() + self.observed_by_digest.len());
tigerstyle-consumer-check>     |                                               ^^^^^^^^^^^^^^^^^^^^^^^^^^^^^^^^^^^^^^^^^^^^^^^^^^^^^^^^^^^^
tigerstyle-consumer-check>     |
tigerstyle-consumer-check>     = help: Tiger Style (Overflow Protection): use checked or saturating arithmetic when overflow would change behavior Example: let total = a.checked_add(b)?;
tigerstyle-consumer-check>     = note: structured suggestion applicability: MaybeIncorrect
tigerstyle-consumer-check>     = note: see Tiger Style guide: Overflow Protection
tigerstyle-consumer-check>     = note: `-D tigerstyle::raw-arithmetic-overflow` implied by `-D raw-arithmetic-overflow`
tigerstyle-consumer-check>     = help: to override `-D raw-arithmetic-overflow` add `#[allow(tigerstyle::raw_arithmetic_overflow)]`
tigerstyle-consumer-check> help: replace with saturating addition
tigerstyle-consumer-check>     |
tigerstyle-consumer-check> 287 -         debug_assert_eq!(self.member_count(), self.pending_by_digest.len() + self.observed_by_digest.len());
tigerstyle-consumer-check> 287 +         debug_assert_eq!(self.member_count(), (self.pending_by_digest.len()).saturating_add(self.observed_by_digest.len()));
tigerstyle-consumer-check>     |
tigerstyle-consumer-check> 
tigerstyle-consumer-check> error: extreme sentinel fallback masks absence or failure
tigerstyle-consumer-check>    --> crates/crunch-store/src/http_closure.rs:294:33
tigerstyle-consumer-check>     |
tigerstyle-consumer-check> 294 |             let pending_count = u32::try_from(self.pending_by_digest.len()).unwrap_or(u32::MAX);
tigerstyle-consumer-check>     |                                 ^^^^^^^^^^^^^^^^^^^^^^^^^^^^^^^^^^^^^^^^^^^^^^^^^^^^^^^^^^^^^^^
tigerstyle-consumer-check>     |
tigerstyle-consumer-check>     = help: Tiger Style (safety): branch explicitly, propagate the missing/error state, or emit tagged fallback text instead of <int>::MAX/<int>::MIN. Example: match u64::try_from(command_index) { Ok(i) => format!("recent_{i}"), Err(_) => "recent_missing_index".to_string() }
tigerstyle-consumer-check>     = note: see Tiger Style guide: make invalid state explicit
tigerstyle-consumer-check>     = note: `-D tigerstyle::sentinel-fallback` implied by `-D sentinel-fallback`
tigerstyle-consumer-check>     = help: to override `-D sentinel-fallback` add `#[allow(tigerstyle::sentinel_fallback)]`
tigerstyle-consumer-check> 
tigerstyle-consumer-check> error: `.expect()` in production code will panic on failure
tigerstyle-consumer-check>    --> crates/crunch-store/src/http_closure.rs:298:27
tigerstyle-consumer-check>     |
tigerstyle-consumer-check> 298 |         let root_member = self.observed_by_digest.get(&root_digest).expect("complete plan must contain its root");
tigerstyle-consumer-check>     |                           ^^^^^^^^^^^^^^^^^^^^^^^^^^^^^^^^^^^^^^^^^^^^^^^^^^^^^^^^^^^^^^^^^^^^^^^^^^^^^^^^^^^^^^^
tigerstyle-consumer-check>     |
tigerstyle-consumer-check>     = help: Tiger Style (Error Handling): propagate or handle absence explicitly instead of panicking with `unwrap` or `expect` Example: let value = maybe?;
tigerstyle-consumer-check>     = note: see Tiger Style guide: Error Handling
tigerstyle-consumer-check> 
tigerstyle-consumer-check> error: `as usize` from `u32` is platform-dependent
tigerstyle-consumer-check>    --> crates/crunch-store/src/http_closure.rs:354:46
tigerstyle-consumer-check>     |
tigerstyle-consumer-check> 354 |         debug_assert!(self.member_count() <= self.limits.max_members as usize);
tigerstyle-consumer-check>     |                                              ^^^^^^^^^^^^^^^^^^^^^^^^^^^^^^^^
tigerstyle-consumer-check>     |
tigerstyle-consumer-check>     = help: Tiger Style (Explicit Types): use explicit-width types at boundaries instead of `usize` or `isize` conversions Example: let len: u32 = value.try_into()?;
tigerstyle-consumer-check>     = note: structured suggestion applicability: MaybeIncorrect
tigerstyle-consumer-check>     = note: see Tiger Style guide: Explicit Types
tigerstyle-consumer-check>     = note: `-D tigerstyle::platform-dependent-cast` implied by `-D platform-dependent-cast`
tigerstyle-consumer-check>     = help: to override `-D platform-dependent-cast` add `#[allow(tigerstyle::platform_dependent_cast)]`
tigerstyle-consumer-check> help: replace with `usize::try_from(...)`
tigerstyle-consumer-check>     |
tigerstyle-consumer-check> 354 -         debug_assert!(self.member_count() <= self.limits.max_members as usize);
tigerstyle-consumer-check> 354 +         debug_assert!(self.member_count() <= usize::try_from(self.limits.max_members)?);
tigerstyle-consumer-check>     |
tigerstyle-consumer-check> 
tigerstyle-consumer-check> error: `as usize` from `u32` is platform-dependent
tigerstyle-consumer-check>    --> crates/crunch-store/src/http_closure.rs:363:25
tigerstyle-consumer-check>     |
tigerstyle-consumer-check> 363 |         if next_count > self.limits.max_members as usize {
tigerstyle-consumer-check>     |                         ^^^^^^^^^^^^^^^^^^^^^^^^^^^^^^^^
tigerstyle-consumer-check>     |
tigerstyle-consumer-check>     = help: Tiger Style (Explicit Types): use explicit-width types at boundaries instead of `usize` or `isize` conversions Example: let len: u32 = value.try_into()?;
tigerstyle-consumer-check>     = note: structured suggestion applicability: MaybeIncorrect
tigerstyle-consumer-check>     = note: see Tiger Style guide: Explicit Types
tigerstyle-consumer-check> help: replace with `usize::try_from(...)`
tigerstyle-consumer-check>     |
tigerstyle-consumer-check> 363 -         if next_count > self.limits.max_members as usize {
tigerstyle-consumer-check> 363 +         if next_count > usize::try_from(self.limits.max_members)? {
tigerstyle-consumer-check>     |
tigerstyle-consumer-check> 
tigerstyle-consumer-check> error: 2 consecutive `&str` parameters are easy to swap by accident
tigerstyle-consumer-check>    --> crates/crunch-store/src/http_closure.rs:388:1
tigerstyle-consumer-check>     |
tigerstyle-consumer-check> 388 | / fn validate_identity_field(value: &str, field: &'static str) -> Result<(), HttpClosurePlanError> {
tigerstyle-consumer-check> 389 | |     if value.is_empty() {
tigerstyle-consumer-check> 390 | |         return Err(HttpClosurePlanError::InvalidIdentity { field });
tigerstyle-consumer-check> ...   |
tigerstyle-consumer-check> 394 | |     Ok(())
tigerstyle-consumer-check> 395 | | }
tigerstyle-consumer-check>     | |_^
tigerstyle-consumer-check>     |
tigerstyle-consumer-check>     = help: Tiger Style (Explicit Interfaces): replace same-type parameter clusters with named fields or an options struct Example: fn connect(opts: ConnectOptions) -> ...
tigerstyle-consumer-check>     = note: see Tiger Style guide: Explicit Interfaces
tigerstyle-consumer-check> 
tigerstyle-consumer-check> error: `usize` in public API — use `u32` or `u64` for cross-platform consistency
tigerstyle-consumer-check>   --> crates/crunch-store/src/layer.rs:27:5
tigerstyle-consumer-check>    |
tigerstyle-consumer-check> 27 | /     pub fn from_service_index(index: usize) -> Result<Self, LayerIndexError> {
tigerstyle-consumer-check> 28 | |         if index == 0 {
tigerstyle-consumer-check> 29 | |             return Ok(Self::Overlay);
tigerstyle-consumer-check> ...  |
tigerstyle-consumer-check> 32 | |     }
tigerstyle-consumer-check>    | |_____^
tigerstyle-consumer-check>    |
tigerstyle-consumer-check>    = help: Tiger Style (Cross-Platform APIs): use fixed-width integers at API boundaries instead of `usize` or `isize` Example: pub fn get(index: u32) -> Option<&Item>
tigerstyle-consumer-check>    = note: see Tiger Style guide: Explicit Types
tigerstyle-consumer-check>    = note: `-D tigerstyle::usize-in-public-api` implied by `-D usize-in-public-api`
tigerstyle-consumer-check>    = help: to override `-D usize-in-public-api` add `#[allow(tigerstyle::usize_in_public_api)]`
tigerstyle-consumer-check> 
tigerstyle-consumer-check> error: `usize` in public API — use `u32` or `u64` for cross-platform consistency
tigerstyle-consumer-check>   --> crates/crunch-store/src/layer.rs:35:5
tigerstyle-consumer-check>    |
tigerstyle-consumer-check> 35 | /     pub const fn service_index(self) -> usize {
tigerstyle-consumer-check> 36 | |         match self {
tigerstyle-consumer-check> 37 | |             Self::Overlay => 0,
tigerstyle-consumer-check> 38 | |             Self::Base { index } => index,
tigerstyle-consumer-check> 39 | |         }
tigerstyle-consumer-check> 40 | |     }
tigerstyle-consumer-check>    | |_____^
tigerstyle-consumer-check>    |
tigerstyle-consumer-check>    = help: Tiger Style (Cross-Platform APIs): use fixed-width integers at API boundaries instead of `usize` or `isize` Example: pub fn get(index: u32) -> Option<&Item>
tigerstyle-consumer-check>    = note: see Tiger Style guide: Explicit Types
tigerstyle-consumer-check> 
tigerstyle-consumer-check> error: `usize` in public API — use `u32` or `u64` for cross-platform consistency
tigerstyle-consumer-check>    --> crates/crunch-store/src/layer.rs:130:5
tigerstyle-consumer-check>     |
tigerstyle-consumer-check> 130 | /     pub fn from_service_index(value: T, index: usize) -> Result<Self, LayerIndexError> {
tigerstyle-consumer-check> 131 | |         Ok(Self {
tigerstyle-consumer-check> 132 | |             value,
tigerstyle-consumer-check> 133 | |             layer: StoreLayer::from_service_index(index)?,
tigerstyle-consumer-check> 134 | |             shadows: Vec::new(),
tigerstyle-consumer-check> 135 | |         })
tigerstyle-consumer-check> 136 | |     }
tigerstyle-consumer-check>     | |_____^
tigerstyle-consumer-check>     |
tigerstyle-consumer-check>     = help: Tiger Style (Cross-Platform APIs): use fixed-width integers at API boundaries instead of `usize` or `isize` Example: pub fn get(index: u32) -> Option<&Item>
tigerstyle-consumer-check>     = note: see Tiger Style guide: Explicit Types
tigerstyle-consumer-check> 
tigerstyle-consumer-check> error: `usize` in public API — use `u32` or `u64` for cross-platform consistency
tigerstyle-consumer-check>    --> crates/crunch-store/src/nario.rs:277:1
tigerstyle-consumer-check>     |
tigerstyle-consumer-check> 277 | / pub fn validate_nario_record_state(
tigerstyle-consumer-check> 278 | |     marker: u64,
tigerstyle-consumer-check> 279 | |     record_index: usize,
tigerstyle-consumer-check> 280 | |     seen_paths: &BTreeSet<String>,
tigerstyle-consumer-check> ...   |
tigerstyle-consumer-check> 300 | | }
tigerstyle-consumer-check>     | |_^
tigerstyle-consumer-check>     |
tigerstyle-consumer-check>     = help: Tiger Style (Cross-Platform APIs): use fixed-width integers at API boundaries instead of `usize` or `isize` Example: pub fn get(index: u32) -> Option<&Item>
tigerstyle-consumer-check>     = note: see Tiger Style guide: Explicit Types
tigerstyle-consumer-check> 
tigerstyle-consumer-check> error: 2 consecutive `u64` parameters are easy to swap by accident
tigerstyle-consumer-check>    --> crates/crunch-store/src/nario.rs:334:1
tigerstyle-consumer-check>     |
tigerstyle-consumer-check> 334 | / fn checked_total(current: u64, next: u64, limits: &NarioV2Limits) -> Result<u64, Error> {
tigerstyle-consumer-check> 335 | |     let total = current.checked_add(next).ok_or_else(|| nario_error("nario-v2-total-size-overflow"))?;
tigerstyle-consumer-check> 336 | |     if total > limits.total_nar_bytes_max {
tigerstyle-consumer-check> 337 | |         return Err(nario_error(format!("nario-v2-total-limit: {total} exceeds {}", limits.total_nar_bytes_max)));
tigerstyle-consumer-check> 338 | |     }
tigerstyle-consumer-check> 339 | |     Ok(total)
tigerstyle-consumer-check> 340 | | }
tigerstyle-consumer-check>     | |_^
tigerstyle-consumer-check>     |
tigerstyle-consumer-check>     = help: Tiger Style (Explicit Interfaces): replace same-type parameter clusters with named fields or an options struct Example: fn connect(opts: ConnectOptions) -> ...
tigerstyle-consumer-check>     = note: see Tiger Style guide: Explicit Interfaces
tigerstyle-consumer-check> 
tigerstyle-consumer-check> error: collection grows in loop without a prior reservation or explicit local bound
tigerstyle-consumer-check>    --> crates/crunch-store/src/nario.rs:383:9
tigerstyle-consumer-check>     |
tigerstyle-consumer-check> 383 |         paths.push(listed_from_metadata(&metadata));
tigerstyle-consumer-check>     |         ^^^^^^^^^^^^^^^^^^^^^^^^^^^^^^^^^^^^^^^^^^^
tigerstyle-consumer-check>     |
tigerstyle-consumer-check>     = help: Tiger Style (Bounded Resource Growth): reserve collection capacity or add an explicit local length bound before growing it in a loop Example: let mut items = Vec::with_capacity(limit);
tigerstyle-consumer-check>     = note: see Tiger Style guide: Bounded Resource Growth
tigerstyle-consumer-check> 
tigerstyle-consumer-check> error: collection grows in loop without a prior reservation or explicit local bound
tigerstyle-consumer-check>    --> crates/crunch-store/src/nario.rs:479:13
tigerstyle-consumer-check>     |
tigerstyle-consumer-check> 479 | /             staged.push(StagedRecord {
tigerstyle-consumer-check> 480 | |                 listed,
tigerstyle-consumer-check> 481 | |                 path_info: None,
tigerstyle-consumer-check> 482 | |                 present: true,
tigerstyle-consumer-check> 483 | |             });
tigerstyle-consumer-check>     | |______________^
tigerstyle-consumer-check>     |
tigerstyle-consumer-check>     = help: Tiger Style (Bounded Resource Growth): reserve collection capacity or add an explicit local length bound before growing it in a loop Example: let mut items = Vec::with_capacity(limit);
tigerstyle-consumer-check>     = note: see Tiger Style guide: Bounded Resource Growth
tigerstyle-consumer-check> 
tigerstyle-consumer-check> error: boolean binding `ultimate` should have a predicate prefix
tigerstyle-consumer-check>    --> crates/crunch-store/src/nario.rs:551:9
tigerstyle-consumer-check>     |
tigerstyle-consumer-check> 551 |     let ultimate = match ultimate_raw {
tigerstyle-consumer-check>     |         ^^^^^^^^
tigerstyle-consumer-check>     |
tigerstyle-consumer-check>     = help: Tiger Style (Positive Predicates): name booleans as predicates so call sites read like questions Example: let is_ready = status == Ready;
tigerstyle-consumer-check>     = note: structured suggestion applicability: MaybeIncorrect
tigerstyle-consumer-check>     = note: see Tiger Style guide: Positive Predicates
tigerstyle-consumer-check> help: rename binding to `is_ultimate`
tigerstyle-consumer-check>     |
tigerstyle-consumer-check> 551 |     let is_ultimate = match ultimate_raw {
tigerstyle-consumer-check>     |         +++
tigerstyle-consumer-check> 
tigerstyle-consumer-check> error: boolean binding `trusted` should have a predicate prefix
tigerstyle-consumer-check>    --> crates/crunch-store/src/nario.rs:636:9
tigerstyle-consumer-check>     |
tigerstyle-consumer-check> 636 |     let trusted = metadata.signatures.iter().any(|signature| {
tigerstyle-consumer-check>     |         ^^^^^^^
tigerstyle-consumer-check>     |
tigerstyle-consumer-check>     = help: Tiger Style (Positive Predicates): name booleans as predicates so call sites read like questions Example: let is_ready = status == Ready;
tigerstyle-consumer-check>     = note: structured suggestion applicability: MaybeIncorrect
tigerstyle-consumer-check>     = note: see Tiger Style guide: Positive Predicates
tigerstyle-consumer-check> help: rename binding to `is_trusted`
tigerstyle-consumer-check>     |
tigerstyle-consumer-check> 636 |     let is_trusted = metadata.signatures.iter().any(|signature| {
tigerstyle-consumer-check>     |         +++
tigerstyle-consumer-check> 
tigerstyle-consumer-check> error: loop without visible iteration bound
tigerstyle-consumer-check>    --> crates/crunch-store/src/nario.rs:732:5
tigerstyle-consumer-check>     |
tigerstyle-consumer-check> 732 | /     loop {
tigerstyle-consumer-check> 733 | |         let count = limited.read(&mut buffer).await.map_err(read_error("nario-v2-nar-read"))?;
tigerstyle-consumer-check> 734 | |         if count == 0 {
tigerstyle-consumer-check> 735 | |             break;
tigerstyle-consumer-check> ...   |
tigerstyle-consumer-check> 738 | |         read_total = read_total.saturating_add(count as u64);
tigerstyle-consumer-check> 739 | |     }
tigerstyle-consumer-check>     | |_____^
tigerstyle-consumer-check>     |
tigerstyle-consumer-check>     = help: Tiger Style (Bounded Control Flow): bound long-running loops with an exit condition, timeout, or bounded input Example: while let Some(msg) = rx.recv().await { ... }
tigerstyle-consumer-check>     = note: see Tiger Style guide: Bounded Control Flow
tigerstyle-consumer-check> 
tigerstyle-consumer-check> error: boolean binding `valid` should have a predicate prefix
tigerstyle-consumer-check>    --> crates/crunch-store/src/overlay.rs:380:9
tigerstyle-consumer-check>     |
tigerstyle-consumer-check> 380 |     let valid = policy.schema == STORE_OVERLAY_POLICY_SCHEMA
tigerstyle-consumer-check>     |         ^^^^^
tigerstyle-consumer-check>     |
tigerstyle-consumer-check>     = help: Tiger Style (Positive Predicates): name booleans as predicates so call sites read like questions Example: let is_ready = status == Ready;
tigerstyle-consumer-check>     = note: structured suggestion applicability: MaybeIncorrect
tigerstyle-consumer-check>     = note: see Tiger Style guide: Positive Predicates
tigerstyle-consumer-check> help: rename binding to `is_valid`
tigerstyle-consumer-check>     |
tigerstyle-consumer-check> 380 |     let is_valid = policy.schema == STORE_OVERLAY_POLICY_SCHEMA
tigerstyle-consumer-check>     |         +++
tigerstyle-consumer-check> 
tigerstyle-consumer-check> error: loop without visible iteration bound
tigerstyle-consumer-check>    --> crates/crunch-store/src/overlay.rs:589:5
tigerstyle-consumer-check>     |
tigerstyle-consumer-check> 589 | /     loop {
tigerstyle-consumer-check> 590 | |         let read_count = file
tigerstyle-consumer-check> 591 | |             .read(&mut buffer)
tigerstyle-consumer-check> 592 | |             .map_err(|error| Error::Store(format!("reading overlay generation member {}: {error}", path.display())))?;
tigerstyle-consumer-check> ...   |
tigerstyle-consumer-check> 602 | |         hasher.update(&buffer[..read_count]);
tigerstyle-consumer-check> 603 | |     }
tigerstyle-consumer-check>     | |_____^
tigerstyle-consumer-check>     |
tigerstyle-consumer-check>     = help: Tiger Style (Bounded Control Flow): bound long-running loops with an exit condition, timeout, or bounded input Example: while let Some(msg) = rx.recv().await { ... }
tigerstyle-consumer-check>     = note: see Tiger Style guide: Bounded Control Flow
tigerstyle-consumer-check> 
tigerstyle-consumer-check> error: unprotected unsigned addition may overflow
tigerstyle-consumer-check>   --> crates/crunch-store/src/provenance.rs:41:30
tigerstyle-consumer-check>    |
tigerstyle-consumer-check> 41 | const TAR_USTAR_END: usize = TAR_USTAR_OFFSET + TAR_USTAR_MAGIC.len();
tigerstyle-consumer-check>    |                              ^^^^^^^^^^^^^^^^^^^^^^^^^^^^^^^^^^^^^^^^
tigerstyle-consumer-check>    |
tigerstyle-consumer-check>    = help: Tiger Style (Overflow Protection): use checked or saturating arithmetic when overflow would change behavior Example: let total = a.checked_add(b)?;
tigerstyle-consumer-check>    = note: structured suggestion applicability: MaybeIncorrect
tigerstyle-consumer-check>    = note: see Tiger Style guide: Overflow Protection
tigerstyle-consumer-check> help: replace with saturating addition
tigerstyle-consumer-check>    |
tigerstyle-consumer-check> 41 - const TAR_USTAR_END: usize = TAR_USTAR_OFFSET + TAR_USTAR_MAGIC.len();
tigerstyle-consumer-check> 41 + const TAR_USTAR_END: usize = (TAR_USTAR_OFFSET).saturating_add(TAR_USTAR_MAGIC.len());
tigerstyle-consumer-check>    |
tigerstyle-consumer-check> 
tigerstyle-consumer-check> error: extreme sentinel fallback masks absence or failure
tigerstyle-consumer-check>    --> crates/crunch-store/src/provenance.rs:252:28
tigerstyle-consumer-check>     |
tigerstyle-consumer-check> 252 |         let max_findings = usize::try_from(policy.max_findings).unwrap_or(usize::MAX);
tigerstyle-consumer-check>     |                            ^^^^^^^^^^^^^^^^^^^^^^^^^^^^^^^^^^^^^^^^^^^^^^^^^^^^^^^^^^
tigerstyle-consumer-check>     |
tigerstyle-consumer-check>     = help: Tiger Style (safety): branch explicitly, propagate the missing/error state, or emit tagged fallback text instead of <int>::MAX/<int>::MIN. Example: match u64::try_from(command_index) { Ok(i) => format!("recent_{i}"), Err(_) => "recent_missing_index".to_string() }
tigerstyle-consumer-check>     = note: see Tiger Style guide: make invalid state explicit
tigerstyle-consumer-check> 
tigerstyle-consumer-check> error: boolean binding `traversal_complete` should have a predicate prefix
tigerstyle-consumer-check>    --> crates/crunch-store/src/provenance.rs:367:9
tigerstyle-consumer-check>     |
tigerstyle-consumer-check> 367 |     let traversal_complete =
tigerstyle-consumer-check>     |         ^^^^^^^^^^^^^^^^^^
tigerstyle-consumer-check>     |
tigerstyle-consumer-check>     = help: Tiger Style (Positive Predicates): name booleans as predicates so call sites read like questions Example: let is_ready = status == Ready;
tigerstyle-consumer-check>     = note: structured suggestion applicability: MaybeIncorrect
tigerstyle-consumer-check>     = note: see Tiger Style guide: Positive Predicates
tigerstyle-consumer-check> help: rename binding to `is_traversal_complete`
tigerstyle-consumer-check>     |
tigerstyle-consumer-check> 367 |     let is_traversal_complete =
tigerstyle-consumer-check>     |         +++
tigerstyle-consumer-check> 
tigerstyle-consumer-check> error: collection grows in loop without a prior reservation or explicit local bound
tigerstyle-consumer-check>    --> crates/crunch-store/src/provenance.rs:477:9
tigerstyle-consumer-check>     |
tigerstyle-consumer-check> 477 | /         observations.push(ProvenancePathInfoObservation {
tigerstyle-consumer-check> 478 | |             logical_path: logical_path.clone(),
tigerstyle-consumer-check> 479 | |             nar_sha256: observed_nar_sha256,
tigerstyle-consumer-check> 480 | |             nar_size: path_info.nar_size,
tigerstyle-consumer-check> 481 | |             node_identity: node_identity(&path_info.node),
tigerstyle-consumer-check> 482 | |             references,
tigerstyle-consumer-check> 483 | |         });
tigerstyle-consumer-check>     | |__________^
tigerstyle-consumer-check>     |
tigerstyle-consumer-check>     = help: Tiger Style (Bounded Resource Growth): reserve collection capacity or add an explicit local length bound before growing it in a loop Example: let mut items = Vec::with_capacity(limit);
tigerstyle-consumer-check>     = note: see Tiger Style guide: Bounded Resource Growth
tigerstyle-consumer-check> 
tigerstyle-consumer-check> error: collection grows in loop without a prior reservation or explicit local bound
tigerstyle-consumer-check>    --> crates/crunch-store/src/provenance.rs:484:9
tigerstyle-consumer-check>     |
tigerstyle-consumer-check> 484 | /         loaded_path_infos.push(LoadedPathInfo {
tigerstyle-consumer-check> 485 | |             logical_path,
tigerstyle-consumer-check> 486 | |             path_info,
tigerstyle-consumer-check> 487 | |         });
tigerstyle-consumer-check>     | |__________^
tigerstyle-consumer-check>     |
tigerstyle-consumer-check>     = help: Tiger Style (Bounded Resource Growth): reserve collection capacity or add an explicit local length bound before growing it in a loop Example: let mut items = Vec::with_capacity(limit);
tigerstyle-consumer-check>     = note: see Tiger Style guide: Bounded Resource Growth
tigerstyle-consumer-check> 
tigerstyle-consumer-check> error: extreme sentinel fallback masks absence or failure
tigerstyle-consumer-check>    --> crates/crunch-store/src/provenance.rs:391:25
tigerstyle-consumer-check>     |
tigerstyle-consumer-check> 391 |         if seen.len() > usize::try_from(request.policy.max_path_infos).unwrap_or(usize::MAX) {
tigerstyle-consumer-check>     |                         ^^^^^^^^^^^^^^^^^^^^^^^^^^^^^^^^^^^^^^^^^^^^^^^^^^^^^^^^^^^^^^^^^^^^
tigerstyle-consumer-check>     |
tigerstyle-consumer-check>     = help: Tiger Style (safety): branch explicitly, propagate the missing/error state, or emit tagged fallback text instead of <int>::MAX/<int>::MIN. Example: match u64::try_from(command_index) { Ok(i) => format!("recent_{i}"), Err(_) => "recent_missing_index".to_string() }
tigerstyle-consumer-check>     = note: see Tiger Style guide: make invalid state explicit
tigerstyle-consumer-check> 
tigerstyle-consumer-check> error: collection grows in loop without a prior reservation or explicit local bound
tigerstyle-consumer-check>    --> crates/crunch-store/src/provenance.rs:579:21
tigerstyle-consumer-check>     |
tigerstyle-consumer-check> 579 | /                     children.push(WorkItem {
tigerstyle-consumer-check> 580 | |                         owner_store_path: item.owner_store_path.clone(),
tigerstyle-consumer-check> 581 | |                         logical_path: child_path,
tigerstyle-consumer-check> 582 | |                         node: child.clone(),
tigerstyle-consumer-check> 583 | |                         depth: item.depth.saturating_add(1),
tigerstyle-consumer-check> 584 | |                     });
tigerstyle-consumer-check>     | |______________________^
tigerstyle-consumer-check>     |
tigerstyle-consumer-check>     = help: Tiger Style (Bounded Resource Growth): reserve collection capacity or add an explicit local length bound before growing it in a loop Example: let mut items = Vec::with_capacity(limit);
tigerstyle-consumer-check>     = note: see Tiger Style guide: Bounded Resource Growth
tigerstyle-consumer-check> 
tigerstyle-consumer-check> error: extreme sentinel fallback masks absence or failure
tigerstyle-consumer-check>    --> crates/crunch-store/src/provenance.rs:575:43
tigerstyle-consumer-check>     |
tigerstyle-consumer-check> 575 |                     if child_path.len() > usize::try_from(policy.max_path_bytes).unwrap_or(usize::MAX) {
tigerstyle-consumer-check>     |                                           ^^^^^^^^^^^^^^^^^^^^^^^^^^^^^^^^^^^^^^^^^^^^^^^^^^^^^^^^^^^^
tigerstyle-consumer-check>     |
tigerstyle-consumer-check>     = help: Tiger Style (safety): branch explicitly, propagate the missing/error state, or emit tagged fallback text instead of <int>::MAX/<int>::MIN. Example: match u64::try_from(command_index) { Ok(i) => format!("recent_{i}"), Err(_) => "recent_missing_index".to_string() }
tigerstyle-consumer-check>     = note: see Tiger Style guide: make invalid state explicit
tigerstyle-consumer-check> 
tigerstyle-consumer-check> error: `.expect()` in production code will panic on failure
tigerstyle-consumer-check>    --> crates/crunch-store/src/provenance.rs:615:41
tigerstyle-consumer-check>     |
tigerstyle-consumer-check> 615 |                 state.read_byte_count = next_total.expect("checked total byte count must exist");
tigerstyle-consumer-check>     |                                         ^^^^^^^^^^^^^^^^^^^^^^^^^^^^^^^^^^^^^^^^^^^^^^^^^^^^^^^^
tigerstyle-consumer-check>     |
tigerstyle-consumer-check>     = help: Tiger Style (Error Handling): propagate or handle absence explicitly instead of panicking with `unwrap` or `expect` Example: let value = maybe?;
tigerstyle-consumer-check>     = note: see Tiger Style guide: Error Handling
tigerstyle-consumer-check> 
tigerstyle-consumer-check> error: extreme sentinel fallback masks absence or failure
tigerstyle-consumer-check>    --> crates/crunch-store/src/provenance.rs:649:33
tigerstyle-consumer-check>     |
tigerstyle-consumer-check> 649 |                     byte_count: u64::try_from(target.len()).unwrap_or(u64::MAX),
tigerstyle-consumer-check>     |                                 ^^^^^^^^^^^^^^^^^^^^^^^^^^^^^^^^^^^^^^^^^^^^^^^
tigerstyle-consumer-check>     |
tigerstyle-consumer-check>     = help: Tiger Style (safety): branch explicitly, propagate the missing/error state, or emit tagged fallback text instead of <int>::MAX/<int>::MIN. Example: match u64::try_from(command_index) { Ok(i) => format!("recent_{i}"), Err(_) => "recent_missing_index".to_string() }
tigerstyle-consumer-check>     = note: see Tiger Style guide: make invalid state explicit
tigerstyle-consumer-check> 
tigerstyle-consumer-check> error: extreme sentinel fallback masks absence or failure
tigerstyle-consumer-check>    --> crates/crunch-store/src/provenance.rs:745:21
tigerstyle-consumer-check>     |
tigerstyle-consumer-check> 745 |         byte_count: u64::try_from(input.bytes.len()).unwrap_or(u64::MAX),
tigerstyle-consumer-check>     |                     ^^^^^^^^^^^^^^^^^^^^^^^^^^^^^^^^^^^^^^^^^^^^^^^^^^^^
tigerstyle-consumer-check>     |
tigerstyle-consumer-check>     = help: Tiger Style (safety): branch explicitly, propagate the missing/error state, or emit tagged fallback text instead of <int>::MAX/<int>::MIN. Example: match u64::try_from(command_index) { Ok(i) => format!("recent_{i}"), Err(_) => "recent_missing_index".to_string() }
tigerstyle-consumer-check>     = note: see Tiger Style guide: make invalid state explicit
tigerstyle-consumer-check> 
tigerstyle-consumer-check> error: boolean binding `generated_by_libtool` should have a predicate prefix
tigerstyle-consumer-check>    --> crates/crunch-store/src/provenance.rs:794:9
tigerstyle-consumer-check>     |
tigerstyle-consumer-check> 794 |     let generated_by_libtool = text.lines().any(|line| line.starts_with("# Generated by libtool "));
tigerstyle-consumer-check>     |         ^^^^^^^^^^^^^^^^^^^^
tigerstyle-consumer-check>     |
tigerstyle-consumer-check>     = help: Tiger Style (Positive Predicates): name booleans as predicates so call sites read like questions Example: let is_ready = status == Ready;
tigerstyle-consumer-check>     = note: structured suggestion applicability: MaybeIncorrect
tigerstyle-consumer-check>     = note: see Tiger Style guide: Positive Predicates
tigerstyle-consumer-check> help: rename binding to `is_generated_by_libtool`
tigerstyle-consumer-check>     |
tigerstyle-consumer-check> 794 |     let is_generated_by_libtool = text.lines().any(|line| line.starts_with("# Generated by libtool "));
tigerstyle-consumer-check>     |         +++
tigerstyle-consumer-check> 
tigerstyle-consumer-check> error: catch-all `_` on enum match returns deny value — new variants will be silently handled
tigerstyle-consumer-check>    --> crates/crunch-store/src/provenance.rs:811:9
tigerstyle-consumer-check>     |
tigerstyle-consumer-check> 811 |         _ => false,
tigerstyle-consumer-check>     |         ^^^^^^^^^^
tigerstyle-consumer-check>     |
tigerstyle-consumer-check>     = help: Tiger Style (Exhaustive Matching): match enum variants explicitly so new variants cannot slip through `_` Example: match state { State::Open => ..., State::Closed => ... }
tigerstyle-consumer-check>     = note: see Tiger Style guide: Exhaustive Matching
tigerstyle-consumer-check>     = note: `-D tigerstyle::catch-all-on-enum` implied by `-D catch-all-on-enum`
tigerstyle-consumer-check>     = help: to override `-D catch-all-on-enum` add `#[allow(tigerstyle::catch_all_on_enum)]`
tigerstyle-consumer-check> 
tigerstyle-consumer-check> error: extreme sentinel fallback masks absence or failure
tigerstyle-consumer-check>    --> crates/crunch-store/src/provenance.rs:821:15
tigerstyle-consumer-check>     |
tigerstyle-consumer-check> 821 |     let max = usize::try_from(policy.max_shebang_bytes).unwrap_or(usize::MAX);
tigerstyle-consumer-check>     |               ^^^^^^^^^^^^^^^^^^^^^^^^^^^^^^^^^^^^^^^^^^^^^^^^^^^^^^^^^^^^^^^
tigerstyle-consumer-check>     |
tigerstyle-consumer-check>     = help: Tiger Style (safety): branch explicitly, propagate the missing/error state, or emit tagged fallback text instead of <int>::MAX/<int>::MIN. Example: match u64::try_from(command_index) { Ok(i) => format!("recent_{i}"), Err(_) => "recent_missing_index".to_string() }
tigerstyle-consumer-check>     = note: see Tiger Style guide: make invalid state explicit
tigerstyle-consumer-check> 
tigerstyle-consumer-check> error: function has 8 parameters (limit: 5) — consider an options struct
tigerstyle-consumer-check>    --> crates/crunch-store/src/provenance.rs:911:1
tigerstyle-consumer-check>     |
tigerstyle-consumer-check> 911 | / fn resolve_observed_reference(
tigerstyle-consumer-check> 912 | |     owner_store_path: &str,
tigerstyle-consumer-check> 913 | |     view: &str,
tigerstyle-consumer-check> 914 | |     reference: &str,
tigerstyle-consumer-check> ...   |
tigerstyle-consumer-check> 952 | |     });
tigerstyle-consumer-check> 953 | | }
tigerstyle-consumer-check>     | |_^
tigerstyle-consumer-check>     |
tigerstyle-consumer-check>     = help: Tiger Style (Simple Interfaces): group many parameters into a named options struct instead of a long positional signature Example: fn connect(opts: ConnectOptions) -> ...
tigerstyle-consumer-check>     = note: see Tiger Style guide: Explicit Interfaces
tigerstyle-consumer-check> 
tigerstyle-consumer-check> error: 4 consecutive `&str` parameters are easy to swap by accident
tigerstyle-consumer-check>    --> crates/crunch-store/src/provenance.rs:911:1
tigerstyle-consumer-check>     |
tigerstyle-consumer-check> 911 | / fn resolve_observed_reference(
tigerstyle-consumer-check> 912 | |     owner_store_path: &str,
tigerstyle-consumer-check> 913 | |     view: &str,
tigerstyle-consumer-check> 914 | |     reference: &str,
tigerstyle-consumer-check> ...   |
tigerstyle-consumer-check> 952 | |     });
tigerstyle-consumer-check> 953 | | }
tigerstyle-consumer-check>     | |_^
tigerstyle-consumer-check>     |
tigerstyle-consumer-check>     = help: Tiger Style (Explicit Interfaces): replace same-type parameter clusters with named fields or an options struct Example: fn connect(opts: ConnectOptions) -> ...
tigerstyle-consumer-check>     = note: see Tiger Style guide: Explicit Interfaces
tigerstyle-consumer-check> 
tigerstyle-consumer-check> error: function has 7 parameters (limit: 5) — consider an options struct
tigerstyle-consumer-check>     --> crates/crunch-store/src/provenance.rs:955:1
tigerstyle-consumer-check>      |
tigerstyle-consumer-check>  955 | / fn inspect_symlink(
tigerstyle-consumer-check>  956 | |     owner_store_path: &str,
tigerstyle-consumer-check>  957 | |     path: &str,
tigerstyle-consumer-check>  958 | |     target: &str,
tigerstyle-consumer-check> ...    |
tigerstyle-consumer-check> 1001 | | }
tigerstyle-consumer-check>      | |_^
tigerstyle-consumer-check>      |
tigerstyle-consumer-check>      = help: Tiger Style (Simple Interfaces): group many parameters into a named options struct instead of a long positional signature Example: fn connect(opts: ConnectOptions) -> ...
tigerstyle-consumer-check>      = note: see Tiger Style guide: Explicit Interfaces
tigerstyle-consumer-check> 
tigerstyle-consumer-check> error: 4 consecutive `&str` parameters are easy to swap by accident
tigerstyle-consumer-check>     --> crates/crunch-store/src/provenance.rs:955:1
tigerstyle-consumer-check>      |
tigerstyle-consumer-check>  955 | / fn inspect_symlink(
tigerstyle-consumer-check>  956 | |     owner_store_path: &str,
tigerstyle-consumer-check>  957 | |     path: &str,
tigerstyle-consumer-check>  958 | |     target: &str,
tigerstyle-consumer-check> ...    |
tigerstyle-consumer-check> 1001 | | }
tigerstyle-consumer-check>      | |_^
tigerstyle-consumer-check>      |
tigerstyle-consumer-check>      = help: Tiger Style (Explicit Interfaces): replace same-type parameter clusters with named fields or an options struct Example: fn connect(opts: ConnectOptions) -> ...
tigerstyle-consumer-check>      = note: see Tiger Style guide: Explicit Interfaces
tigerstyle-consumer-check> 
tigerstyle-consumer-check> error: 3 consecutive `&str` parameters are easy to swap by accident
tigerstyle-consumer-check>     --> crates/crunch-store/src/provenance.rs:1003:1
tigerstyle-consumer-check>      |
tigerstyle-consumer-check> 1003 | / fn resolve_relative_path(path: &str, target: &str, root: &str) -> Result<String, String> {
tigerstyle-consumer-check> 1004 | |     let mut components = path
tigerstyle-consumer-check> 1005 | |         .rsplit_once(PATH_COMPONENT_SEPARATOR)
tigerstyle-consumer-check> 1006 | |         .map(|(parent, _)| parent)
tigerstyle-consumer-check> ...    |
tigerstyle-consumer-check> 1025 | |     Ok(format!("/{}", components.join("/")))
tigerstyle-consumer-check> 1026 | | }
tigerstyle-consumer-check>      | |_^
tigerstyle-consumer-check>      |
tigerstyle-consumer-check>      = help: Tiger Style (Explicit Interfaces): replace same-type parameter clusters with named fields or an options struct Example: fn connect(opts: ConnectOptions) -> ...
tigerstyle-consumer-check>      = note: see Tiger Style guide: Explicit Interfaces
tigerstyle-consumer-check> 
tigerstyle-consumer-check> error: collection grows in loop without a prior reservation or explicit local bound
tigerstyle-consumer-check>     --> crates/crunch-store/src/provenance.rs:1122:13
tigerstyle-consumer-check>      |
tigerstyle-consumer-check> 1122 | /             parsed.push(ContainerEntry {
tigerstyle-consumer-check> 1123 | |                 path: virtual_path,
tigerstyle-consumer-check> 1124 | |                 executable: false,
tigerstyle-consumer-check> 1125 | |                 bytes: Vec::new(),
tigerstyle-consumer-check> 1126 | |                 symlink_target: target,
tigerstyle-consumer-check> 1127 | |             });
tigerstyle-consumer-check>      | |______________^
tigerstyle-consumer-check>      |
tigerstyle-consumer-check>      = help: Tiger Style (Bounded Resource Growth): reserve collection capacity or add an explicit local length bound before growing it in a loop Example: let mut items = Vec::with_capacity(limit);
tigerstyle-consumer-check>      = note: see Tiger Style guide: Bounded Resource Growth
tigerstyle-consumer-check> 
tigerstyle-consumer-check> error: boolean binding `executable` should have a predicate prefix
tigerstyle-consumer-check>     --> crates/crunch-store/src/provenance.rs:1103:13
tigerstyle-consumer-check>      |
tigerstyle-consumer-check> 1103 |         let executable = entry.header().mode().is_ok_and(|mode| mode & UNIX_EXECUTABLE_BITS != 0);
tigerstyle-consumer-check>      |             ^^^^^^^^^^
tigerstyle-consumer-check>      |
tigerstyle-consumer-check>      = help: Tiger Style (Positive Predicates): name booleans as predicates so call sites read like questions Example: let is_ready = status == Ready;
tigerstyle-consumer-check>      = note: structured suggestion applicability: MaybeIncorrect
tigerstyle-consumer-check>      = note: see Tiger Style guide: Positive Predicates
tigerstyle-consumer-check> help: rename binding to `is_executable`
tigerstyle-consumer-check>      |
tigerstyle-consumer-check> 1103 |         let is_executable = entry.header().mode().is_ok_and(|mode| mode & UNIX_EXECUTABLE_BITS != 0);
tigerstyle-consumer-check>      |             +++
tigerstyle-consumer-check> 
tigerstyle-consumer-check> error: function has 8 parameters (limit: 5) — consider an options struct
tigerstyle-consumer-check>     --> crates/crunch-store/src/provenance.rs:1179:1
tigerstyle-consumer-check>      |
tigerstyle-consumer-check> 1179 | / fn inspect_compressed_stream<R: Read>(
tigerstyle-consumer-check> 1180 | |     input: &PurePayloadInput<'_>,
tigerstyle-consumer-check> 1181 | |     decoder: R,
tigerstyle-consumer-check> 1182 | |     extension: &str,
tigerstyle-consumer-check> ...    |
tigerstyle-consumer-check> 1218 | |     );
tigerstyle-consumer-check> 1219 | | }
tigerstyle-consumer-check>      | |_^
tigerstyle-consumer-check>      |
tigerstyle-consumer-check>      = help: Tiger Style (Simple Interfaces): group many parameters into a named options struct instead of a long positional signature Example: fn connect(opts: ConnectOptions) -> ...
tigerstyle-consumer-check>      = note: see Tiger Style guide: Explicit Interfaces
tigerstyle-consumer-check> 
tigerstyle-consumer-check> error: 2 consecutive `&str` parameters are easy to swap by accident
tigerstyle-consumer-check>     --> crates/crunch-store/src/provenance.rs:1179:1
tigerstyle-consumer-check>      |
tigerstyle-consumer-check> 1179 | / fn inspect_compressed_stream<R: Read>(
tigerstyle-consumer-check> 1180 | |     input: &PurePayloadInput<'_>,
tigerstyle-consumer-check> 1181 | |     decoder: R,
tigerstyle-consumer-check> 1182 | |     extension: &str,
tigerstyle-consumer-check> ...    |
tigerstyle-consumer-check> 1218 | |     );
tigerstyle-consumer-check> 1219 | | }
tigerstyle-consumer-check>      | |_^
tigerstyle-consumer-check>      |
tigerstyle-consumer-check>      = help: Tiger Style (Explicit Interfaces): replace same-type parameter clusters with named fields or an options struct Example: fn connect(opts: ConnectOptions) -> ...
tigerstyle-consumer-check>      = note: see Tiger Style guide: Explicit Interfaces
tigerstyle-consumer-check> 
tigerstyle-consumer-check> error: extreme sentinel fallback masks absence or failure
tigerstyle-consumer-check>     --> crates/crunch-store/src/provenance.rs:1197:8
tigerstyle-consumer-check>      |
tigerstyle-consumer-check> 1197 |     if u64::try_from(expanded.len()).unwrap_or(u64::MAX) > policy.max_container_expanded_bytes {
tigerstyle-consumer-check>      |        ^^^^^^^^^^^^^^^^^^^^^^^^^^^^^^^^^^^^^^^^^^^^^^^^^
tigerstyle-consumer-check>      |
tigerstyle-consumer-check>      = help: Tiger Style (safety): branch explicitly, propagate the missing/error state, or emit tagged fallback text instead of <int>::MAX/<int>::MIN. Example: match u64::try_from(command_index) { Ok(i) => format!("recent_{i}"), Err(_) => "recent_missing_index".to_string() }
tigerstyle-consumer-check>      = note: see Tiger Style guide: make invalid state explicit
tigerstyle-consumer-check> 
tigerstyle-consumer-check> error: function has 6 parameters (limit: 5) — consider an options struct
tigerstyle-consumer-check>     --> crates/crunch-store/src/provenance.rs:1221:1
tigerstyle-consumer-check>      |
tigerstyle-consumer-check> 1221 | / fn inspect_cpio(
tigerstyle-consumer-check> 1222 | |     input: &PurePayloadInput<'_>,
tigerstyle-consumer-check> 1223 | |     bytes: &[u8],
tigerstyle-consumer-check> 1224 | |     container_depth: u32,
tigerstyle-consumer-check> ...    |
tigerstyle-consumer-check> 1237 | |     inspect_container_entries(input, entries, container_depth, policy, context, state);
tigerstyle-consumer-check> 1238 | | }
tigerstyle-consumer-check>      | |_^
tigerstyle-consumer-check>      |
tigerstyle-consumer-check>      = help: Tiger Style (Simple Interfaces): group many parameters into a named options struct instead of a long positional signature Example: fn connect(opts: ConnectOptions) -> ...
tigerstyle-consumer-check>      = note: see Tiger Style guide: Explicit Interfaces
tigerstyle-consumer-check> 
tigerstyle-consumer-check> error: collection grows in loop without a prior reservation or explicit local bound
tigerstyle-consumer-check>     --> crates/crunch-store/src/provenance.rs:1329:13
tigerstyle-consumer-check>      |
tigerstyle-consumer-check> 1329 | /             entries.push(ContainerEntry {
tigerstyle-consumer-check> 1330 | |                 path: virtual_path,
tigerstyle-consumer-check> 1331 | |                 executable: mode & UNIX_EXECUTABLE_BITS != 0,
tigerstyle-consumer-check> 1332 | |                 bytes: data,
tigerstyle-consumer-check> 1333 | |                 symlink_target: None,
tigerstyle-consumer-check> 1334 | |             });
tigerstyle-consumer-check>      | |______________^
tigerstyle-consumer-check>      |
tigerstyle-consumer-check>      = help: Tiger Style (Bounded Resource Growth): reserve collection capacity or add an explicit local length bound before growing it in a loop Example: let mut items = Vec::with_capacity(limit);
tigerstyle-consumer-check>      = note: see Tiger Style guide: Bounded Resource Growth
tigerstyle-consumer-check> 
tigerstyle-consumer-check> error: function has 6 parameters (limit: 5) — consider an options struct
tigerstyle-consumer-check>     --> crates/crunch-store/src/provenance.rs:1367:1
tigerstyle-consumer-check>      |
tigerstyle-consumer-check> 1367 | / fn inspect_container_entries(
tigerstyle-consumer-check> 1368 | |     input: &PurePayloadInput<'_>,
tigerstyle-consumer-check> 1369 | |     entries: Vec<ContainerEntry>,
tigerstyle-consumer-check> 1370 | |     container_depth: u32,
tigerstyle-consumer-check> ...    |
tigerstyle-consumer-check> 1415 | | }
tigerstyle-consumer-check>      | |_^
tigerstyle-consumer-check>      |
tigerstyle-consumer-check>      = help: Tiger Style (Simple Interfaces): group many parameters into a named options struct instead of a long positional signature Example: fn connect(opts: ConnectOptions) -> ...
tigerstyle-consumer-check>      = note: see Tiger Style guide: Explicit Interfaces
tigerstyle-consumer-check> 
tigerstyle-consumer-check> error: extreme sentinel fallback masks absence or failure
tigerstyle-consumer-check>     --> crates/crunch-store/src/provenance.rs:1388:29
tigerstyle-consumer-check>      |
tigerstyle-consumer-check> 1388 |                 byte_count: u64::try_from(target.len()).unwrap_or(u64::MAX),
tigerstyle-consumer-check>      |                             ^^^^^^^^^^^^^^^^^^^^^^^^^^^^^^^^^^^^^^^^^^^^^^^
tigerstyle-consumer-check>      |
tigerstyle-consumer-check>      = help: Tiger Style (safety): branch explicitly, propagate the missing/error state, or emit tagged fallback text instead of <int>::MAX/<int>::MIN. Example: match u64::try_from(command_index) { Ok(i) => format!("recent_{i}"), Err(_) => "recent_missing_index".to_string() }
tigerstyle-consumer-check>      = note: see Tiger Style guide: make invalid state explicit
tigerstyle-consumer-check> 
tigerstyle-consumer-check> error: extreme sentinel fallback masks absence or failure
tigerstyle-consumer-check>     --> crates/crunch-store/src/provenance.rs:1394:24
tigerstyle-consumer-check>      |
tigerstyle-consumer-check> 1394 |         let expanded = u64::try_from(entry.bytes.len()).unwrap_or(u64::MAX);
tigerstyle-consumer-check>      |                        ^^^^^^^^^^^^^^^^^^^^^^^^^^^^^^^^^^^^^^^^^^^^^^^^^^^^
tigerstyle-consumer-check>      |
tigerstyle-consumer-check>      = help: Tiger Style (safety): branch explicitly, propagate the missing/error state, or emit tagged fallback text instead of <int>::MAX/<int>::MIN. Example: match u64::try_from(command_index) { Ok(i) => format!("recent_{i}"), Err(_) => "recent_missing_index".to_string() }
tigerstyle-consumer-check>      = note: see Tiger Style guide: make invalid state explicit
tigerstyle-consumer-check> 
tigerstyle-consumer-check> error: extreme sentinel fallback masks absence or failure
tigerstyle-consumer-check>     --> crates/crunch-store/src/provenance.rs:1429:8
tigerstyle-consumer-check>      |
tigerstyle-consumer-check> 1429 |     if u64::try_from(bytes.len()).unwrap_or(u64::MAX) > policy.max_container_expanded_bytes {
tigerstyle-consumer-check>      |        ^^^^^^^^^^^^^^^^^^^^^^^^^^^^^^^^^^^^^^^^^^^^^^
tigerstyle-consumer-check>      |
tigerstyle-consumer-check>      = help: Tiger Style (safety): branch explicitly, propagate the missing/error state, or emit tagged fallback text instead of <int>::MAX/<int>::MIN. Example: match u64::try_from(command_index) { Ok(i) => format!("recent_{i}"), Err(_) => "recent_missing_index".to_string() }
tigerstyle-consumer-check>      = note: see Tiger Style guide: make invalid state explicit
tigerstyle-consumer-check> 
tigerstyle-consumer-check> error: 2 consecutive `bool` parameters are easy to swap by accident
tigerstyle-consumer-check>     --> crates/crunch-store/src/provenance.rs:1436:1
tigerstyle-consumer-check>      |
tigerstyle-consumer-check> 1436 | / fn finalize_scan(
tigerstyle-consumer-check> 1437 | |     preflight_complete: bool,
tigerstyle-consumer-check> 1438 | |     traversal_complete: bool,
tigerstyle-consumer-check> 1439 | |     mut path_infos: Vec<ProvenancePathInfoObservation>,
tigerstyle-consumer-check> ...    |
tigerstyle-consumer-check> 1459 | | }
tigerstyle-consumer-check>      | |_^
tigerstyle-consumer-check>      |
tigerstyle-consumer-check>      = help: Tiger Style (Explicit Interfaces): replace same-type parameter clusters with named fields or an options struct Example: fn connect(opts: ConnectOptions) -> ...
tigerstyle-consumer-check>      = note: see Tiger Style guide: Explicit Interfaces
tigerstyle-consumer-check> 
tigerstyle-consumer-check> error: 2 consecutive `&str` parameters are easy to swap by accident
tigerstyle-consumer-check>     --> crates/crunch-store/src/provenance.rs:1537:1
tigerstyle-consumer-check>      |
tigerstyle-consumer-check> 1537 | / fn split_store_reference<'a>(raw: &'a str, prefix: &str) -> (&'a str, &'a str) {
tigerstyle-consumer-check> 1538 | |     let root_end = raw
tigerstyle-consumer-check> 1539 | |         .get(prefix.len().saturating_add(1)..)
tigerstyle-consumer-check> 1540 | |         .and_then(|rest| {
tigerstyle-consumer-check> ...    |
tigerstyle-consumer-check> 1545 | |     raw.split_at(root_end)
tigerstyle-consumer-check> 1546 | | }
tigerstyle-consumer-check>      | |_^
tigerstyle-consumer-check>      |
tigerstyle-consumer-check>      = help: Tiger Style (Explicit Interfaces): replace same-type parameter clusters with named fields or an options struct Example: fn connect(opts: ConnectOptions) -> ...
tigerstyle-consumer-check>      = note: see Tiger Style guide: Explicit Interfaces
tigerstyle-consumer-check> 
tigerstyle-consumer-check> error: 2 consecutive `&str` parameters are easy to swap by accident
tigerstyle-consumer-check>     --> crates/crunch-store/src/provenance.rs:1548:1
tigerstyle-consumer-check>      |
tigerstyle-consumer-check> 1548 | / fn is_well_formed_store_reference(reference: &str, prefix: &str) -> bool {
tigerstyle-consumer-check> 1549 | |     StorePath::<String>::from_absolute_path_with_prefix(reference.as_bytes(), prefix).is_ok()
tigerstyle-consumer-check> 1550 | | }
tigerstyle-consumer-check>      | |_^
tigerstyle-consumer-check>      |
tigerstyle-consumer-check>      = help: Tiger Style (Explicit Interfaces): replace same-type parameter clusters with named fields or an options struct Example: fn connect(opts: ConnectOptions) -> ...
tigerstyle-consumer-check>      = note: see Tiger Style guide: Explicit Interfaces
tigerstyle-consumer-check> 
tigerstyle-consumer-check> error: collection grows in loop without a prior reservation or explicit local bound
tigerstyle-consumer-check>     --> crates/crunch-store/src/provenance.rs:1570:18
tigerstyle-consumer-check>      |
tigerstyle-consumer-check> 1570 |             _ => components.push(component),
tigerstyle-consumer-check>      |                  ^^^^^^^^^^^^^^^^^^^^^^^^^^
tigerstyle-consumer-check>      |
tigerstyle-consumer-check>      = help: Tiger Style (Bounded Resource Growth): reserve collection capacity or add an explicit local length bound before growing it in a loop Example: let mut items = Vec::with_capacity(limit);
tigerstyle-consumer-check>      = note: see Tiger Style guide: Bounded Resource Growth
tigerstyle-consumer-check> 
tigerstyle-consumer-check> error: 2 consecutive `usize` parameters are easy to swap by accident
tigerstyle-consumer-check>     --> crates/crunch-store/src/provenance.rs:1588:1
tigerstyle-consumer-check>      |
tigerstyle-consumer-check> 1588 | / fn align_up(value: usize, alignment: usize) -> Option<usize> {
tigerstyle-consumer-check> 1589 | |     let remainder = value % alignment;
tigerstyle-consumer-check> 1590 | |     if remainder == 0 {
tigerstyle-consumer-check> 1591 | |         Some(value)
tigerstyle-consumer-check> ...    |
tigerstyle-consumer-check> 1595 | | }
tigerstyle-consumer-check>      | |_^
tigerstyle-consumer-check>      |
tigerstyle-consumer-check>      = help: Tiger Style (Explicit Interfaces): replace same-type parameter clusters with named fields or an options struct Example: fn connect(opts: ConnectOptions) -> ...
tigerstyle-consumer-check>      = note: see Tiger Style guide: Explicit Interfaces
tigerstyle-consumer-check> 
tigerstyle-consumer-check> error: division by `alignment` without zero check
tigerstyle-consumer-check>     --> crates/crunch-store/src/provenance.rs:1589:21
tigerstyle-consumer-check>      |
tigerstyle-consumer-check> 1589 |     let remainder = value % alignment;
tigerstyle-consumer-check>      |                     ^^^^^^^^^^^^^^^^^
tigerstyle-consumer-check>      |
tigerstyle-consumer-check>      = help: Tiger Style (Explicit Division): guard divisors before division so zero is impossible Example: assert!(divisor != 0); let q = value / divisor;
tigerstyle-consumer-check>      = note: structured suggestion applicability: MaybeIncorrect
tigerstyle-consumer-check>      = note: see Tiger Style guide: Explicit Division
tigerstyle-consumer-check>      = note: `-D tigerstyle::unchecked-division` implied by `-D unchecked-division`
tigerstyle-consumer-check>      = help: to override `-D unchecked-division` add `#[allow(tigerstyle::unchecked_division)]`
tigerstyle-consumer-check> help: guard `alignment` before division
tigerstyle-consumer-check>      |
tigerstyle-consumer-check> 1589 -     let remainder = value % alignment;
tigerstyle-consumer-check> 1589 +     let remainder = { let __tigerstyle_divisor = alignment; assert!(__tigerstyle_divisor != 0); value % __tigerstyle_divisor };
tigerstyle-consumer-check>      |
tigerstyle-consumer-check> 
tigerstyle-consumer-check> error: function has 6 parameters (limit: 5) — consider an options struct
tigerstyle-consumer-check>    --> crates/crunch-store/src/pull.rs:400:1
tigerstyle-consumer-check>     |
tigerstyle-consumer-check> 400 | / pub async fn import_http_cache_closure_with_validator<F>(
tigerstyle-consumer-check> 401 | |     handle: &StoreHandle,
tigerstyle-consumer-check> 402 | |     cache_url: &Url,
tigerstyle-consumer-check> 403 | |     root: &StorePath<String>,
tigerstyle-consumer-check> ...   |
tigerstyle-consumer-check> 425 | |     Ok(report)
tigerstyle-consumer-check> 426 | | }
tigerstyle-consumer-check>     | |_^
tigerstyle-consumer-check>     |
tigerstyle-consumer-check>     = help: Tiger Style (Simple Interfaces): group many parameters into a named options struct instead of a long positional signature Example: fn connect(opts: ConnectOptions) -> ...
tigerstyle-consumer-check>     = note: see Tiger Style guide: Explicit Interfaces
tigerstyle-consumer-check> 
tigerstyle-consumer-check> error: function has 6 parameters (limit: 5) — consider an options struct
tigerstyle-consumer-check>    --> crates/crunch-store/src/pull.rs:440:1
tigerstyle-consumer-check>     |
tigerstyle-consumer-check> 440 | / async fn discover_http_cache_closure(
tigerstyle-consumer-check> 441 | |     client: &reqwest::Client,
tigerstyle-consumer-check> 442 | |     cache_url: &Url,
tigerstyle-consumer-check> 443 | |     root: &StorePath<String>,
tigerstyle-consumer-check> ...   |
tigerstyle-consumer-check> 475 | |     Ok(DiscoveredHttpClosure { plan, narinfos })
tigerstyle-consumer-check> 476 | | }
tigerstyle-consumer-check>     | |_^
tigerstyle-consumer-check>     |
tigerstyle-consumer-check>     = help: Tiger Style (Simple Interfaces): group many parameters into a named options struct instead of a long positional signature Example: fn connect(opts: ConnectOptions) -> ...
tigerstyle-consumer-check>     = note: see Tiger Style guide: Explicit Interfaces
tigerstyle-consumer-check> 
tigerstyle-consumer-check> error: collection grows in loop without a prior reservation or explicit local bound
tigerstyle-consumer-check>    --> crates/crunch-store/src/pull.rs:464:9
tigerstyle-consumer-check>     |
tigerstyle-consumer-check> 464 | /         narinfos.insert(map_key, DiscoveredHttpNarinfo {
tigerstyle-consumer-check> 465 | |             path: request.path,
tigerstyle-consumer-check> 466 | |             text,
tigerstyle-consumer-check> 467 | |         });
tigerstyle-consumer-check>     | |__________^
tigerstyle-consumer-check>     |
tigerstyle-consumer-check>     = help: Tiger Style (Bounded Resource Growth): reserve collection capacity or add an explicit local length bound before growing it in a loop Example: let mut items = Vec::with_capacity(limit);
tigerstyle-consumer-check>     = note: see Tiger Style guide: Bounded Resource Growth
tigerstyle-consumer-check> 
tigerstyle-consumer-check> error: boolean binding `root_admitted` should have a predicate prefix
tigerstyle-consumer-check>    --> crates/crunch-store/src/pull.rs:555:9
tigerstyle-consumer-check>     |
tigerstyle-consumer-check> 555 |     let root_admitted = local_member_is_complete(
tigerstyle-consumer-check>     |         ^^^^^^^^^^^^^
tigerstyle-consumer-check>     |
tigerstyle-consumer-check>     = help: Tiger Style (Positive Predicates): name booleans as predicates so call sites read like questions Example: let is_ready = status == Ready;
tigerstyle-consumer-check>     = note: structured suggestion applicability: MaybeIncorrect
tigerstyle-consumer-check>     = note: see Tiger Style guide: Positive Predicates
tigerstyle-consumer-check> help: rename binding to `is_root_admitted`
tigerstyle-consumer-check>     |
tigerstyle-consumer-check> 555 |     let is_root_admitted = local_member_is_complete(
tigerstyle-consumer-check>     |         +++
tigerstyle-consumer-check> 
tigerstyle-consumer-check> error: `.expect()` in production code will panic on failure
tigerstyle-consumer-check>    --> crates/crunch-store/src/pull.rs:558:9
tigerstyle-consumer-check>     |
tigerstyle-consumer-check> 558 |         discovered.plan.members.last().expect("closure plan must contain the root"),
tigerstyle-consumer-check>     |         ^^^^^^^^^^^^^^^^^^^^^^^^^^^^^^^^^^^^^^^^^^^^^^^^^^^^^^^^^^^^^^^^^^^^^^^^^^^
tigerstyle-consumer-check>     |
tigerstyle-consumer-check>     = help: Tiger Style (Error Handling): propagate or handle absence explicitly instead of panicking with `unwrap` or `expect` Example: let value = maybe?;
tigerstyle-consumer-check>     = note: see Tiger Style guide: Error Handling
tigerstyle-consumer-check> 
tigerstyle-consumer-check> error: `as usize` from `u32` is platform-dependent
tigerstyle-consumer-check>    --> crates/crunch-store/src/pull.rs:569:22
tigerstyle-consumer-check>     |
tigerstyle-consumer-check> 569 |     debug_assert_eq!(pull.imported_count.saturating_add(reused_complete_count) as usize, discovered.plan.members.len());
tigerstyle-consumer-check>     |                      ^^^^^^^^^^^^^^^^^^^^^^^^^^^^^^^^^^^^^^^^^^^^^^^^^^^^^^^^^^^^^^^^^^
tigerstyle-consumer-check>     |
tigerstyle-consumer-check>     = help: Tiger Style (Explicit Types): use explicit-width types at boundaries instead of `usize` or `isize` conversions Example: let len: u32 = value.try_into()?;
tigerstyle-consumer-check>     = note: structured suggestion applicability: MaybeIncorrect
tigerstyle-consumer-check>     = note: see Tiger Style guide: Explicit Types
tigerstyle-consumer-check> help: replace with `usize::try_from(...)`
tigerstyle-consumer-check>     |
tigerstyle-consumer-check> 569 -     debug_assert_eq!(pull.imported_count.saturating_add(reused_complete_count) as usize, discovered.plan.members.len());
tigerstyle-consumer-check> 569 +     debug_assert_eq!(usize::try_from(pull.imported_count.saturating_add(reused_complete_count))?, discovered.plan.members.len());
tigerstyle-consumer-check>     |
tigerstyle-consumer-check> 
tigerstyle-consumer-check> error: extreme sentinel fallback masks absence or failure
tigerstyle-consumer-check>    --> crates/crunch-store/src/query.rs:171:30
tigerstyle-consumer-check>     |
tigerstyle-consumer-check> 171 |     assert!(results.len() <= usize::try_from(scanned_count).unwrap_or(usize::MAX));
tigerstyle-consumer-check>     |                              ^^^^^^^^^^^^^^^^^^^^^^^^^^^^^^^^^^^^^^^^^^^^^^^^^^^^
tigerstyle-consumer-check>     |
tigerstyle-consumer-check>     = help: Tiger Style (safety): branch explicitly, propagate the missing/error state, or emit tagged fallback text instead of <int>::MAX/<int>::MIN. Example: match u64::try_from(command_index) { Ok(i) => format!("recent_{i}"), Err(_) => "recent_missing_index".to_string() }
tigerstyle-consumer-check>     = note: see Tiger Style guide: make invalid state explicit
tigerstyle-consumer-check> 
tigerstyle-consumer-check> error: `panic!` will abort the process on execution
tigerstyle-consumer-check>    --> crates/crunch-store/src/retention.rs:125:27
tigerstyle-consumer-check>     |
tigerstyle-consumer-check> 125 |             Err(error) => panic!("embedded store retention policy must parse: {error}"),
tigerstyle-consumer-check>     |                           ^^^^^^^^^^^^^^^^^^^^^^^^^^^^^^^^^^^^^^^^^^^^^^^^^^^^^^^^^^^^^
tigerstyle-consumer-check>     |
tigerstyle-consumer-check>     = help: Tiger Style (Fail Fast Correctly): return errors or prove exhaustiveness instead of panicking in production code Example: return Err(Error::invalid_state());
tigerstyle-consumer-check>     = note: see Tiger Style guide: Error Handling / Panics
tigerstyle-consumer-check>     = note: `-D tigerstyle::no-panic` implied by `-D no-panic`
tigerstyle-consumer-check>     = help: to override `-D no-panic` add `#[allow(tigerstyle::no_panic)]`
tigerstyle-consumer-check> 
tigerstyle-consumer-check> error: implicit default on external type — construct with explicit values
tigerstyle-consumer-check>    --> crates/crunch-store/src/roots.rs:105:5
tigerstyle-consumer-check>     |
tigerstyle-consumer-check> 105 | /     #[serde(default)]
tigerstyle-consumer-check> 106 | |     root_class: Option<GcRootClass>,
tigerstyle-consumer-check>     | |___________________________________^
tigerstyle-consumer-check>     |
tigerstyle-consumer-check>     = help: Tiger Style (Explicit Defaults): construct foreign-crate values explicitly instead of relying on `Default` Example: let client = reqwest::ClientBuilder::new();
tigerstyle-consumer-check>     = note: see Tiger Style guide: Explicit Defaults
tigerstyle-consumer-check> 
tigerstyle-consumer-check> error: implicit default on external type — construct with explicit values
tigerstyle-consumer-check>    --> crates/crunch-store/src/roots.rs:107:5
tigerstyle-consumer-check>     |
tigerstyle-consumer-check> 107 | /     #[serde(default)]
tigerstyle-consumer-check> 108 | |     owner_scope: Option<String>,
tigerstyle-consumer-check>     | |_______________________________^
tigerstyle-consumer-check>     |
tigerstyle-consumer-check>     = help: Tiger Style (Explicit Defaults): construct foreign-crate values explicitly instead of relying on `Default` Example: let client = reqwest::ClientBuilder::new();
tigerstyle-consumer-check>     = note: see Tiger Style guide: Explicit Defaults
tigerstyle-consumer-check> 
tigerstyle-consumer-check> error: implicit default on external type — construct with explicit values
tigerstyle-consumer-check>    --> crates/crunch-store/src/roots.rs:109:5
tigerstyle-consumer-check>     |
tigerstyle-consumer-check> 109 | /     #[serde(default)]
tigerstyle-consumer-check> 110 | |     project_identity: Option<String>,
tigerstyle-consumer-check>     | |____________________________________^
tigerstyle-consumer-check>     |
tigerstyle-consumer-check>     = help: Tiger Style (Explicit Defaults): construct foreign-crate values explicitly instead of relying on `Default` Example: let client = reqwest::ClientBuilder::new();
tigerstyle-consumer-check>     = note: see Tiger Style guide: Explicit Defaults
tigerstyle-consumer-check> 
tigerstyle-consumer-check> error: implicit default on external type — construct with explicit values
tigerstyle-consumer-check>    --> crates/crunch-store/src/roots.rs:111:5
tigerstyle-consumer-check>     |
tigerstyle-consumer-check> 111 | /     #[serde(default)]
tigerstyle-consumer-check> 112 | |     selector: Option<String>,
tigerstyle-consumer-check>     | |____________________________^
tigerstyle-consumer-check>     |
tigerstyle-consumer-check>     = help: Tiger Style (Explicit Defaults): construct foreign-crate values explicitly instead of relying on `Default` Example: let client = reqwest::ClientBuilder::new();
tigerstyle-consumer-check>     = note: see Tiger Style guide: Explicit Defaults
tigerstyle-consumer-check> 
tigerstyle-consumer-check> error: implicit default on external type — construct with explicit values
tigerstyle-consumer-check>    --> crates/crunch-store/src/roots.rs:113:5
tigerstyle-consumer-check>     |
tigerstyle-consumer-check> 113 | /     #[serde(default)]
tigerstyle-consumer-check> 114 | |     generation: Option<u64>,
tigerstyle-consumer-check>     | |___________________________^
tigerstyle-consumer-check>     |
tigerstyle-consumer-check>     = help: Tiger Style (Explicit Defaults): construct foreign-crate values explicitly instead of relying on `Default` Example: let client = reqwest::ClientBuilder::new();
tigerstyle-consumer-check>     = note: see Tiger Style guide: Explicit Defaults
tigerstyle-consumer-check> 
tigerstyle-consumer-check> error: implicit default on external type — construct with explicit values
tigerstyle-consumer-check>    --> crates/crunch-store/src/roots.rs:115:5
tigerstyle-consumer-check>     |
tigerstyle-consumer-check> 115 | /     #[serde(default)]
tigerstyle-consumer-check> 116 | |     generation_identity: Option<String>,
tigerstyle-consumer-check>     | |_______________________________________^
tigerstyle-consumer-check>     |
tigerstyle-consumer-check>     = help: Tiger Style (Explicit Defaults): construct foreign-crate values explicitly instead of relying on `Default` Example: let client = reqwest::ClientBuilder::new();
tigerstyle-consumer-check>     = note: see Tiger Style guide: Explicit Defaults
tigerstyle-consumer-check> 
tigerstyle-consumer-check> error: implicit default on external type — construct with explicit values
tigerstyle-consumer-check>    --> crates/crunch-store/src/roots.rs:117:5
tigerstyle-consumer-check>     |
tigerstyle-consumer-check> 117 | /     #[serde(default)]
tigerstyle-consumer-check> 118 | |     lease: Option<GcRootLease>,
tigerstyle-consumer-check>     | |______________________________^
tigerstyle-consumer-check>     |
tigerstyle-consumer-check>     = help: Tiger Style (Explicit Defaults): construct foreign-crate values explicitly instead of relying on `Default` Example: let client = reqwest::ClientBuilder::new();
tigerstyle-consumer-check>     = note: see Tiger Style guide: Explicit Defaults
tigerstyle-consumer-check> 
tigerstyle-consumer-check> error: implicit default on external type — construct with explicit values
tigerstyle-consumer-check>    --> crates/crunch-store/src/roots.rs:119:5
tigerstyle-consumer-check>     |
tigerstyle-consumer-check> 119 | /     #[serde(default)]
tigerstyle-consumer-check> 120 | |     policy_blake3: Option<String>,
tigerstyle-consumer-check>     | |_________________________________^
tigerstyle-consumer-check>     |
tigerstyle-consumer-check>     = help: Tiger Style (Explicit Defaults): construct foreign-crate values explicitly instead of relying on `Default` Example: let client = reqwest::ClientBuilder::new();
tigerstyle-consumer-check>     = note: see Tiger Style guide: Explicit Defaults
tigerstyle-consumer-check> 
tigerstyle-consumer-check> error: implicit default on external type — construct with explicit values
tigerstyle-consumer-check>    --> crates/crunch-store/src/roots.rs:122:5
tigerstyle-consumer-check>     |
tigerstyle-consumer-check> 122 | /     #[serde(default)]
tigerstyle-consumer-check> 123 | |     last_transition_id: Option<String>,
tigerstyle-consumer-check>     | |______________________________________^
tigerstyle-consumer-check>     |
tigerstyle-consumer-check>     = help: Tiger Style (Explicit Defaults): construct foreign-crate values explicitly instead of relying on `Default` Example: let client = reqwest::ClientBuilder::new();
tigerstyle-consumer-check>     = note: see Tiger Style guide: Explicit Defaults
tigerstyle-consumer-check> 
tigerstyle-consumer-check> error: implicit default on external type — construct with explicit values
tigerstyle-consumer-check>    --> crates/crunch-store/src/roots.rs:124:5
tigerstyle-consumer-check>     |
tigerstyle-consumer-check> 124 | /     #[serde(default)]
tigerstyle-consumer-check> 125 | |     last_transition_reason: Option<String>,
tigerstyle-consumer-check>     | |__________________________________________^
tigerstyle-consumer-check>     |
tigerstyle-consumer-check>     = help: Tiger Style (Explicit Defaults): construct foreign-crate values explicitly instead of relying on `Default` Example: let client = reqwest::ClientBuilder::new();
tigerstyle-consumer-check>     = note: see Tiger Style guide: Explicit Defaults
tigerstyle-consumer-check> 
tigerstyle-consumer-check> error: function has 6 parameters (limit: 5) — consider an options struct
tigerstyle-consumer-check>    --> crates/crunch-store/src/roots.rs:152:1
tigerstyle-consumer-check>     |
tigerstyle-consumer-check> 152 | / pub async fn register_root_with_registration(
tigerstyle-consumer-check> 153 | |     state_dir: &Path,
tigerstyle-consumer-check> 154 | |     store_dir: &str,
tigerstyle-consumer-check> 155 | |     pathinfo: &dyn PathInfoService,
tigerstyle-consumer-check> ...   |
tigerstyle-consumer-check> 169 | |         .ok_or_else(|| Error::RootRegistry("single root registration produced no record".to_string()))
tigerstyle-consumer-check> 170 | | }
tigerstyle-consumer-check>     | |_^
tigerstyle-consumer-check>     |
tigerstyle-consumer-check>     = help: Tiger Style (Simple Interfaces): group many parameters into a named options struct instead of a long positional signature Example: fn connect(opts: ConnectOptions) -> ...
tigerstyle-consumer-check>     = note: see Tiger Style guide: Explicit Interfaces
tigerstyle-consumer-check> 
tigerstyle-consumer-check> error: boolean binding `owner_is_eligible` should have a predicate prefix
tigerstyle-consumer-check>    --> crates/crunch-store/src/roots.rs:624:9
tigerstyle-consumer-check>     |
tigerstyle-consumer-check> 624 |     let owner_is_eligible = core_retention_policy()
tigerstyle-consumer-check>     |         ^^^^^^^^^^^^^^^^^
tigerstyle-consumer-check>     |
tigerstyle-consumer-check>     = help: Tiger Style (Positive Predicates): name booleans as predicates so call sites read like questions Example: let is_ready = status == Ready;
tigerstyle-consumer-check>     = note: structured suggestion applicability: MaybeIncorrect
tigerstyle-consumer-check>     = note: see Tiger Style guide: Positive Predicates
tigerstyle-consumer-check> help: rename binding to `is_owner_is_eligible`
tigerstyle-consumer-check>     |
tigerstyle-consumer-check> 624 |     let is_owner_is_eligible = core_retention_policy()
tigerstyle-consumer-check>     |         +++
tigerstyle-consumer-check> 
tigerstyle-consumer-check> error: boolean binding `project_facts_complete` should have a predicate prefix
tigerstyle-consumer-check>    --> crates/crunch-store/src/roots.rs:643:9
tigerstyle-consumer-check>     |
tigerstyle-consumer-check> 643 |     let project_facts_complete = record.project_identity.as_ref().is_some_and(|value| !value.is_empty())
tigerstyle-consumer-check>     |         ^^^^^^^^^^^^^^^^^^^^^^
tigerstyle-consumer-check>     |
tigerstyle-consumer-check>     = help: Tiger Style (Positive Predicates): name booleans as predicates so call sites read like questions Example: let is_ready = status == Ready;
tigerstyle-consumer-check>     = note: structured suggestion applicability: MaybeIncorrect
tigerstyle-consumer-check>     = note: see Tiger Style guide: Positive Predicates
tigerstyle-consumer-check> help: rename binding to `is_project_facts_complete`
tigerstyle-consumer-check>     |
tigerstyle-consumer-check> 643 |     let is_project_facts_complete = record.project_identity.as_ref().is_some_and(|value| !value.is_empty())
tigerstyle-consumer-check>     |         +++
tigerstyle-consumer-check> 
tigerstyle-consumer-check> error: function has 6 parameters (limit: 5) — consider an options struct
tigerstyle-consumer-check>    --> crates/crunch-store/src/roots.rs:666:1
tigerstyle-consumer-check>     |
tigerstyle-consumer-check> 666 | / fn transition_id(
tigerstyle-consumer-check> 667 | |     logical_path: &str,
tigerstyle-consumer-check> 668 | |     class: GcRootClass,
tigerstyle-consumer-check> 669 | |     owner_scope: &str,
tigerstyle-consumer-check> ...   |
tigerstyle-consumer-check> 682 | |     format!("b3:{}", HEXLOWER.encode(hasher.finalize().as_bytes()))
tigerstyle-consumer-check> 683 | | }
tigerstyle-consumer-check>     | |_^
tigerstyle-consumer-check>     |
tigerstyle-consumer-check>     = help: Tiger Style (Simple Interfaces): group many parameters into a named options struct instead of a long positional signature Example: fn connect(opts: ConnectOptions) -> ...
tigerstyle-consumer-check>     = note: see Tiger Style guide: Explicit Interfaces
tigerstyle-consumer-check> 
tigerstyle-consumer-check> error: 2 consecutive `&str` parameters are easy to swap by accident
tigerstyle-consumer-check>    --> crates/crunch-store/src/roots.rs:666:1
tigerstyle-consumer-check>     |
tigerstyle-consumer-check> 666 | / fn transition_id(
tigerstyle-consumer-check> 667 | |     logical_path: &str,
tigerstyle-consumer-check> 668 | |     class: GcRootClass,
tigerstyle-consumer-check> 669 | |     owner_scope: &str,
tigerstyle-consumer-check> ...   |
tigerstyle-consumer-check> 682 | |     format!("b3:{}", HEXLOWER.encode(hasher.finalize().as_bytes()))
tigerstyle-consumer-check> 683 | | }
tigerstyle-consumer-check>     | |_^
tigerstyle-consumer-check>     |
tigerstyle-consumer-check>     = help: Tiger Style (Explicit Interfaces): replace same-type parameter clusters with named fields or an options struct Example: fn connect(opts: ConnectOptions) -> ...
tigerstyle-consumer-check>     = note: see Tiger Style guide: Explicit Interfaces
tigerstyle-consumer-check> 
tigerstyle-consumer-check> error: could not compile `crunch-store` (lib) due to 183 previous errors
tigerstyle-consumer-check> warning: build failed, waiting for other jobs to finish...
error: Cannot build '/nix/store/agp4dh11acrvvjv72riasaxg19j0lljf-tigerstyle-consumer-check.drv'.
       Reason: builder failed with exit code 1.
       Output paths:
         /nix/store/jkb41q96z5lx81zcjz4vjbma8p6ynn44-tigerstyle-consumer-check
       Last 25 log lines:
       > ...   |
       > 682 | |     format!("b3:{}", HEXLOWER.encode(hasher.finalize().as_bytes()))
       > 683 | | }
       >     | |_^
       >     |
       >     = help: Tiger Style (Simple Interfaces): group many parameters into a named options struct instead of a long positional signature Example: fn connect(opts: ConnectOptions) -> ...
       >     = note: see Tiger Style guide: Explicit Interfaces
       >
       > error: 2 consecutive `&str` parameters are easy to swap by accident
       >    --> crates/crunch-store/src/roots.rs:666:1
       >     |
       > 666 | / fn transition_id(
       > 667 | |     logical_path: &str,
       > 668 | |     class: GcRootClass,
       > 669 | |     owner_scope: &str,
       > ...   |
       > 682 | |     format!("b3:{}", HEXLOWER.encode(hasher.finalize().as_bytes()))
       > 683 | | }
       >     | |_^
       >     |
       >     = help: Tiger Style (Explicit Interfaces): replace same-type parameter clusters with named fields or an options struct Example: fn connect(opts: ConnectOptions) -> ...
       >     = note: see Tiger Style guide: Explicit Interfaces
       >
       > error: could not compile `crunch-store` (lib) due to 183 previous errors
       > warning: build failed, waiting for other jobs to finish...
       For full logs, run:
         nix log /nix/store/agp4dh11acrvvjv72riasaxg19j0lljf-tigerstyle-consumer-check.drv
