1	96	11	0	ok:protected-sed
2	5	5	0	ok:protected-sed
3	5	5	0	ok:protected-sed
5	17	19	0	ok:protected-sed
4	19	18	0	ok:protected-sed
6	17	0	1	rejected:mixed-input-authority
7	0	0	0	ok:protected-sed
8	4	4	0	ok:protected-sed
9	23	23	0	ok:protected-sed
10	11	11	0	ok:protected-sed
11	7	7	0	ok:protected-sed
12	8	8	0	ok:protected-sed
13	7	7	0	ok:protected-sed
14	8	8	0	ok:protected-sed
15	26	26	0	ok:protected-sed
16	0	0	0	ok:protected-sed
17	5	5	0	ok:protected-sed
18	0	72	1	ok:protected-sed
19	80	58	0	ok:protected-sed
20	0	308	1	ok:protected-sed
21	0	262	1	ok:protected-sed
22	16	11	0	ok:protected-sed
23	5	5	0	ok:protected-sed
24	5	5	0	ok:protected-sed
25	16	11	0	ok:protected-sed
26	25	10	0	ok:protected-sed
27	25	15	0	ok:protected-sed
28	15	15	0	ok:protected-sed
29	16	11	0	ok:protected-sed
30	25	10	0	ok:protected-sed
31	25	15	0	ok:protected-sed
32	15	15	0	ok:protected-sed
33	0	242	1	ok:protected-sed
34	25	25	0	ok:protected-sed
35	17	17	0	ok:protected-sed
36	24	24	0	ok:protected-sed
37	16	16	0	ok:protected-sed
38	22	22	0	ok:protected-sed
39	14	14	0	ok:protected-sed
40	22	22	0	ok:protected-sed
41	14	14	0	ok:protected-sed
42	22	22	0	ok:protected-sed
43	14	14	0	ok:protected-sed
44	23	23	0	ok:protected-sed
45	15	15	0	ok:protected-sed
46	24	24	0	ok:protected-sed
47	16	16	0	ok:protected-sed
48	22	22	0	ok:protected-sed
49	14	14	0	ok:protected-sed
50	22	22	0	ok:protected-sed
51	14	14	0	ok:protected-sed
52	0	1192	1	ok:protected-sed
53	0	1193	1	ok:protected-sed
54	22	22	0	ok:protected-sed
55	14	14	0	ok:protected-sed
56	22	22	0	ok:protected-sed
57	14	14	0	ok:protected-sed
58	0	1752	1	ok:protected-sed
59	25	7	0	ok:protected-sed
60	25	8	0	ok:protected-sed
61	25	10	0	ok:protected-sed
62	2	1	0	ok:protected-sed
63	4	3	0	ok:protected-sed
64	2	1	0	ok:protected-sed
65	633	682	0	ok:protected-sed
66	6	6	0	ok:protected-sed
67	126	123	0	ok:protected-sed
68	20	20	0	ok:protected-sed
69	0	1456	1	ok:protected-sed
70	0	803	1	ok:protected-sed
71	22	22	0	ok:protected-sed
72	14	14	0	ok:protected-sed
73	22	22	0	ok:protected-sed
74	14	14	0	ok:protected-sed
75	24	24	0	ok:protected-sed
76	16	16	0	ok:protected-sed
77	22	22	0	ok:protected-sed
78	14	14	0	ok:protected-sed
79	22	22	0	ok:protected-sed
80	14	14	0	ok:protected-sed
81	22	22	0	ok:protected-sed
82	14	14	0	ok:protected-sed
83	22	22	0	ok:protected-sed
84	14	14	0	ok:protected-sed
85	22	22	0	ok:protected-sed
86	14	14	0	ok:protected-sed
87	25	25	0	ok:protected-sed
88	17	17	0	ok:protected-sed
89	25	25	0	ok:protected-sed
90	19	19	0	ok:protected-sed
91	26	26	0	ok:protected-sed
92	20	20	0	ok:protected-sed
93	25	25	0	ok:protected-sed
94	19	19	0	ok:protected-sed
95	18	18	0	ok:protected-sed
96	12	12	0	ok:protected-sed
97	19	19	0	ok:protected-sed
98	13	13	0	ok:protected-sed
99	19	19	0	ok:protected-sed
100	13	13	0	ok:protected-sed
101	18	18	0	ok:protected-sed
102	12	12	0	ok:protected-sed
103	18	18	0	ok:protected-sed
104	12	12	0	ok:protected-sed
105	19	19	0	ok:protected-sed
106	13	13	0	ok:protected-sed
107	18	18	0	ok:protected-sed
108	12	12	0	ok:protected-sed
109	18	18	0	ok:protected-sed
110	12	12	0	ok:protected-sed
111	18	18	0	ok:protected-sed
112	12	12	0	ok:protected-sed
113	21	21	0	ok:protected-sed
114	15	15	0	ok:protected-sed
115	18	18	0	ok:protected-sed
116	12	12	0	ok:protected-sed
117	22	22	0	ok:protected-sed
118	16	16	0	ok:protected-sed
119	18	18	0	ok:protected-sed
120	12	12	0	ok:protected-sed
121	19	19	0	ok:protected-sed
122	13	13	0	ok:protected-sed
123	19	19	0	ok:protected-sed
124	13	13	0	ok:protected-sed
125	24	24	0	ok:protected-sed
126	0	2694	1	ok:protected-sed
127	28	28	0	ok:protected-sed
128	0	2734	1	ok:protected-sed
129	23	23	0	ok:protected-sed
130	0	2684	1	ok:protected-sed
131	25	25	0	ok:protected-sed
132	19	19	0	ok:protected-sed
133	0	1706	1	ok:protected-sed
134	0	1710	1	ok:protected-sed
135	272	4	0	ok:protected-sed
137	23139	6743	0	ok:protected-sed
138	21312	4247	0	ok:protected-sed
136	4247	6374	0	ok:protected-sed
139	1340	1339	0	ok:protected-sed
140	920	2760	0	ok:protected-sed
141	0	184	1	ok:protected-sed
143	3567	3763	0	ok:protected-sed
142	3763	3671	0	ok:protected-sed
144	0	0	1	ok:protected-sed
146	1659	1654	0	ok:protected-sed
145	1654	1654	0	ok:protected-sed
147	0	0	0	ok:protected-sed
148	29	87	0	ok:protected-sed
149	0	0	0	ok:protected-sed
150	4141	4141	0	ok:protected-sed
151	12	12	0	ok:protected-sed
152	0	28	1	ok:protected-sed
153	0	6331	1	ok:protected-sed
154	15	15	0	ok:protected-sed
155	0	0	1	ok:protected-sed
156	0	316	1	ok:protected-sed
157	0	0	1	ok:protected-sed
158	12	12	0	ok:protected-sed
159	23657	6942	0	ok:protected-sed
160	21686	4247	0	ok:protected-sed
161	0	0	0	ok:protected-sed
162	4	4	0	ok:protected-sed
163	23	23	0	ok:protected-sed
164	11	11	0	ok:protected-sed
165	7	7	0	ok:protected-sed
166	8	8	0	ok:protected-sed
167	7	7	0	ok:protected-sed
168	8	8	0	ok:protected-sed
169	26	26	0	ok:protected-sed
170	0	0	0	ok:protected-sed
171	16	11	0	ok:protected-sed
172	5	5	0	ok:protected-sed
173	5	5	0	ok:protected-sed
174	16	11	0	ok:protected-sed
175	25	10	0	ok:protected-sed
176	25	15	0	ok:protected-sed
177	15	15	0	ok:protected-sed
178	16	11	0	ok:protected-sed
179	25	10	0	ok:protected-sed
180	25	15	0	ok:protected-sed
181	15	15	0	ok:protected-sed
182	0	72	1	ok:protected-sed
183	80	58	0	ok:protected-sed
184	0	308	1	ok:protected-sed
185	0	262	1	ok:protected-sed
186	0	242	1	ok:protected-sed
187	25	25	0	ok:protected-sed
188	17	17	0	ok:protected-sed
189	24	24	0	ok:protected-sed
190	16	16	0	ok:protected-sed
191	22	22	0	ok:protected-sed
192	14	14	0	ok:protected-sed
193	22	22	0	ok:protected-sed
194	14	14	0	ok:protected-sed
195	22	22	0	ok:protected-sed
196	14	14	0	ok:protected-sed
197	23	23	0	ok:protected-sed
198	15	15	0	ok:protected-sed
199	24	24	0	ok:protected-sed
200	16	16	0	ok:protected-sed
201	22	22	0	ok:protected-sed
202	14	14	0	ok:protected-sed
203	22	22	0	ok:protected-sed
204	14	14	0	ok:protected-sed
205	0	1135	1	ok:protected-sed
206	0	482	1	ok:protected-sed
207	26	26	0	ok:protected-sed
208	29	29	0	ok:protected-sed
209	39	39	0	ok:protected-sed
210	36	36	0	ok:protected-sed
211	43	43	0	ok:protected-sed
212	38	38	0	ok:protected-sed
213	131	131	0	ok:protected-sed
214	0	704	1	ok:protected-sed
215	0	757	1	ok:protected-sed
216	24	24	0	ok:protected-sed
217	16	16	0	ok:protected-sed
218	25	25	0	ok:protected-sed
219	17	17	0	ok:protected-sed
220	22	22	0	ok:protected-sed
221	14	14	0	ok:protected-sed
222	22	22	0	ok:protected-sed
223	14	14	0	ok:protected-sed
224	22	22	0	ok:protected-sed
225	14	14	0	ok:protected-sed
226	22	22	0	ok:protected-sed
227	14	14	0	ok:protected-sed
228	22	22	0	ok:protected-sed
229	14	14	0	ok:protected-sed
230	23	23	0	ok:protected-sed
231	15	15	0	ok:protected-sed
232	24	24	0	ok:protected-sed
233	16	16	0	ok:protected-sed
234	20	20	0	ok:protected-sed
235	12	12	0	ok:protected-sed
236	28	28	0	ok:protected-sed
237	20	20	0	ok:protected-sed
238	24	24	0	ok:protected-sed
239	16	16	0	ok:protected-sed
240	24	24	0	ok:protected-sed
241	16	16	0	ok:protected-sed
242	21	21	0	ok:protected-sed
243	13	13	0	ok:protected-sed
244	22	22	0	ok:protected-sed
245	14	14	0	ok:protected-sed
246	25	25	0	ok:protected-sed
247	0	1023	1	ok:protected-sed
248	25	25	0	ok:protected-sed
249	0	1023	1	ok:protected-sed
250	27	27	0	ok:protected-sed
251	19	19	0	ok:protected-sed
252	35	35	0	ok:protected-sed
253	0	1064	1	ok:protected-sed
254	25	25	0	ok:protected-sed
255	0	1054	1	ok:protected-sed
256	26	26	0	ok:protected-sed
257	0	1055	1	ok:protected-sed
258	29	29	0	ok:protected-sed
259	0	1058	1	ok:protected-sed
260	22	22	0	ok:protected-sed
261	14	14	0	ok:protected-sed
262	25	25	0	ok:protected-sed
263	17	17	0	ok:protected-sed
264	23	23	0	ok:protected-sed
265	0	1107	1	ok:protected-sed
266	25	25	0	ok:protected-sed
267	17	17	0	ok:protected-sed
268	0	1987	1	ok:protected-sed
269	0	2081	1	ok:protected-sed
270	0	2108	1	ok:protected-sed
271	0	2133	1	ok:protected-sed
272	0	2158	1	ok:protected-sed
273	20	20	0	ok:protected-sed
274	14	14	0	ok:protected-sed
275	18	18	0	ok:protected-sed
276	12	12	0	ok:protected-sed
277	20	20	0	ok:protected-sed
278	14	14	0	ok:protected-sed
279	16	16	0	ok:protected-sed
280	10	10	0	ok:protected-sed
281	17	17	0	ok:protected-sed
282	11	11	0	ok:protected-sed
283	19	19	0	ok:protected-sed
284	13	13	0	ok:protected-sed
285	17	17	0	ok:protected-sed
286	11	11	0	ok:protected-sed
287	18	18	0	ok:protected-sed
288	12	12	0	ok:protected-sed
289	17	17	0	ok:protected-sed
290	11	11	0	ok:protected-sed
291	15	15	0	ok:protected-sed
292	9	9	0	ok:protected-sed
293	18	18	0	ok:protected-sed
294	12	12	0	ok:protected-sed
295	23	23	0	ok:protected-sed
296	0	2877	1	ok:protected-sed
297	24	24	0	ok:protected-sed
298	18	18	0	ok:protected-sed
299	17	17	0	ok:protected-sed
300	11	11	0	ok:protected-sed
301	18	18	0	ok:protected-sed
302	12	12	0	ok:protected-sed
303	18	18	0	ok:protected-sed
304	12	12	0	ok:protected-sed
305	18	18	0	ok:protected-sed
306	12	12	0	ok:protected-sed
307	18	18	0	ok:protected-sed
308	12	12	0	ok:protected-sed
309	18	18	0	ok:protected-sed
310	12	12	0	ok:protected-sed
311	19	19	0	ok:protected-sed
312	13	13	0	ok:protected-sed
313	19	19	0	ok:protected-sed
314	13	13	0	ok:protected-sed
315	18	18	0	ok:protected-sed
316	12	12	0	ok:protected-sed
317	20	20	0	ok:protected-sed
318	14	14	0	ok:protected-sed
319	18	18	0	ok:protected-sed
320	12	12	0	ok:protected-sed
321	18	18	0	ok:protected-sed
322	12	12	0	ok:protected-sed
323	18	18	0	ok:protected-sed
324	12	12	0	ok:protected-sed
325	18	18	0	ok:protected-sed
326	12	12	0	ok:protected-sed
327	18	18	0	ok:protected-sed
328	12	12	0	ok:protected-sed
329	20	20	0	ok:protected-sed
330	14	14	0	ok:protected-sed
331	22	22	0	ok:protected-sed
332	0	3286	1	ok:protected-sed
333	18	18	0	ok:protected-sed
334	12	12	0	ok:protected-sed
335	19	19	0	ok:protected-sed
336	13	13	0	ok:protected-sed
337	22	22	0	ok:protected-sed
338	16	16	0	ok:protected-sed
339	18	18	0	ok:protected-sed
340	12	12	0	ok:protected-sed
341	18	18	0	ok:protected-sed
342	12	12	0	ok:protected-sed
343	23	23	0	ok:protected-sed
344	17	17	0	ok:protected-sed
345	19	19	0	ok:protected-sed
346	13	13	0	ok:protected-sed
347	19	19	0	ok:protected-sed
348	13	13	0	ok:protected-sed
349	19	19	0	ok:protected-sed
350	13	13	0	ok:protected-sed
351	18	18	0	ok:protected-sed
352	12	12	0	ok:protected-sed
353	18	18	0	ok:protected-sed
354	12	12	0	ok:protected-sed
355	18	18	0	ok:protected-sed
356	12	12	0	ok:protected-sed
357	19	19	0	ok:protected-sed
358	13	13	0	ok:protected-sed
359	19	19	0	ok:protected-sed
360	13	13	0	ok:protected-sed
361	20	20	0	ok:protected-sed
362	14	14	0	ok:protected-sed
363	22	22	0	ok:protected-sed
364	16	16	0	ok:protected-sed
365	18	18	0	ok:protected-sed
366	12	12	0	ok:protected-sed
367	21	21	0	ok:protected-sed
368	15	15	0	ok:protected-sed
369	20	20	0	ok:protected-sed
370	14	14	0	ok:protected-sed
371	19	19	0	ok:protected-sed
372	13	13	0	ok:protected-sed
373	21	21	0	ok:protected-sed
374	15	15	0	ok:protected-sed
375	20	20	0	ok:protected-sed
376	14	14	0	ok:protected-sed
377	19	19	0	ok:protected-sed
378	13	13	0	ok:protected-sed
379	24	24	0	ok:protected-sed
380	0	3891	1	ok:protected-sed
381	0	2970	1	ok:protected-sed
382	0	2735	1	ok:protected-sed
383	16	16	0	ok:protected-sed
384	10	10	0	ok:protected-sed
385	17	17	0	ok:protected-sed
386	11	11	0	ok:protected-sed
387	0	3976	1	ok:protected-sed
388	0	2920	1	ok:protected-sed
389	0	2914	1	ok:protected-sed
390	0	2920	1	ok:protected-sed
391	0	2937	1	ok:protected-sed
392	25	25	0	ok:protected-sed
393	19	19	0	ok:protected-sed
394	34	34	0	ok:protected-sed
395	0	4157	1	ok:protected-sed
396	16	16	0	ok:protected-sed
397	10	10	0	ok:protected-sed
398	21	21	0	ok:protected-sed
399	15	15	0	ok:protected-sed
400	21	21	0	ok:protected-sed
401	15	15	0	ok:protected-sed
402	22	22	0	ok:protected-sed
403	0	4113	1	ok:protected-sed
404	24	24	0	ok:protected-sed
405	18	18	0	ok:protected-sed
406	19	19	0	ok:protected-sed
407	0	4113	1	ok:protected-sed
408	19	19	0	ok:protected-sed
409	13	13	0	ok:protected-sed
410	28	28	0	ok:protected-sed
411	0	4228	1	ok:protected-sed
412	27	27	0	ok:protected-sed
413	0	4218	1	ok:protected-sed
414	20	20	0	ok:protected-sed
415	14	14	0	ok:protected-sed
416	21	21	0	ok:protected-sed
417	0	4184	1	ok:protected-sed
418	16	16	0	ok:protected-sed
419	0	4134	1	ok:protected-sed
420	19	19	0	ok:protected-sed
421	0	4164	1	ok:protected-sed
422	20	20	0	ok:protected-sed
423	0	4174	1	ok:protected-sed
424	20	20	0	ok:protected-sed
425	14	14	0	ok:protected-sed
426	21	21	0	ok:protected-sed
427	15	15	0	ok:protected-sed
428	19	19	0	ok:protected-sed
429	13	13	0	ok:protected-sed
430	18	18	0	ok:protected-sed
431	0	4232	1	ok:protected-sed
432	17	17	0	ok:protected-sed
433	0	4222	1	ok:protected-sed
434	17	17	0	ok:protected-sed
435	0	4222	1	ok:protected-sed
436	17	17	0	ok:protected-sed
437	11	11	0	ok:protected-sed
438	17	17	0	ok:protected-sed
439	0	4245	1	ok:protected-sed
440	17	17	0	ok:protected-sed
441	0	4245	1	ok:protected-sed
442	17	9	0	ok:protected-sed
443	17	21	0	ok:protected-sed
444	4	4	0	ok:protected-sed
445	4	4	0	ok:protected-sed
446	9	9	0	ok:protected-sed
447	9	9	0	ok:protected-sed
448	10	10	0	ok:protected-sed
449	10	10	0	ok:protected-sed
450	9	9	0	ok:protected-sed
451	9	9	0	ok:protected-sed
452	10	10	0	ok:protected-sed
453	10	10	0	ok:protected-sed
454	7	7	0	ok:protected-sed
455	7	7	0	ok:protected-sed
456	7	7	0	ok:protected-sed
457	7	7	0	ok:protected-sed
458	7	7	0	ok:protected-sed
459	7	7	0	ok:protected-sed
460	7	7	0	ok:protected-sed
461	7	7	0	ok:protected-sed
462	8	8	0	ok:protected-sed
463	8	8	0	ok:protected-sed
464	5	5	0	ok:protected-sed
465	5	5	0	ok:protected-sed
466	7	7	0	ok:protected-sed
467	7	7	0	ok:protected-sed
468	8	8	0	ok:protected-sed
469	8	8	0	ok:protected-sed
470	8	8	0	ok:protected-sed
471	8	8	0	ok:protected-sed
472	9	9	0	ok:protected-sed
473	9	9	0	ok:protected-sed
474	11	11	0	ok:protected-sed
475	11	11	0	ok:protected-sed
476	8	8	0	ok:protected-sed
477	8	8	0	ok:protected-sed
478	0	4018	1	ok:protected-sed
479	22	22	0	ok:protected-sed
480	14	14	0	ok:protected-sed
481	22	22	0	ok:protected-sed
482	14	14	0	ok:protected-sed
484	24903	8523	0	ok:protected-sed
485	23175	6795	0	ok:protected-sed
483	6795	11417	0	ok:protected-sed
486	16	14	0	ok:protected-sed
487	15	13	0	ok:protected-sed
488	17	15	0	ok:protected-sed
489	1340	1339	0	ok:protected-sed
490	19	46	0	ok:protected-sed
491	797	2384	0	ok:protected-sed
492	0	158	1	ok:protected-sed
494	3286	3456	0	ok:protected-sed
493	3456	3377	0	ok:protected-sed
495	0	0	1	ok:protected-sed
497	3469	3464	0	ok:protected-sed
496	3464	3464	0	ok:protected-sed
498	0	0	0	ok:protected-sed
499	29	87	0	ok:protected-sed
500	0	0	0	ok:protected-sed
501	4100	4100	0	ok:protected-sed
502	12	12	0	ok:protected-sed
503	0	0	1	ok:protected-sed
504	0	67109	1	ok:protected-sed
505	0	0	1	ok:protected-sed
506	22	12	0	ok:protected-sed
507	10	10	0	ok:protected-sed
508	11	3	0	ok:protected-sed
509	0	0	1	ok:protected-sed
510	0	3439	1	ok:protected-sed
511	0	0	1	ok:protected-sed
512	10	10	0	ok:protected-sed
513	25801	8732	0	ok:protected-sed
514	23929	6795	0	ok:protected-sed
515	0	0	0	ok:protected-sed
516	4	4	0	ok:protected-sed
517	23	23	0	ok:protected-sed
518	11	11	0	ok:protected-sed
519	7	7	0	ok:protected-sed
520	8	8	0	ok:protected-sed
521	7	7	0	ok:protected-sed
522	8	8	0	ok:protected-sed
523	26	26	0	ok:protected-sed
524	0	0	0	ok:protected-sed
525	16	11	0	ok:protected-sed
526	5	5	0	ok:protected-sed
527	5	5	0	ok:protected-sed
528	16	11	0	ok:protected-sed
529	25	10	0	ok:protected-sed
530	25	15	0	ok:protected-sed
531	15	15	0	ok:protected-sed
532	16	11	0	ok:protected-sed
533	25	10	0	ok:protected-sed
534	25	15	0	ok:protected-sed
535	15	15	0	ok:protected-sed
536	16	11	0	ok:protected-sed
537	25	10	0	ok:protected-sed
538	25	15	0	ok:protected-sed
539	15	15	0	ok:protected-sed
540	13	6	0	ok:protected-sed
541	5	5	0	ok:protected-sed
542	0	72	1	ok:protected-sed
543	80	58	0	ok:protected-sed
544	0	359	1	ok:protected-sed
545	0	313	1	ok:protected-sed
546	22464	134	0	ok:protected-sed
547	15	5	0	ok:protected-sed
548	15	9	0	ok:protected-sed
549	15	5	0	ok:protected-sed
550	15	9	0	ok:protected-sed
551	15	5	0	ok:protected-sed
552	15	9	0	ok:protected-sed
553	15	5	0	ok:protected-sed
554	15	9	0	ok:protected-sed
555	9344	7227	0	ok:protected-sed
556	21	21	0	ok:protected-sed
557	41	41	0	ok:protected-sed
558	81	81	0	ok:protected-sed
559	161	161	0	ok:protected-sed
560	321	321	0	ok:protected-sed
561	641	641	0	ok:protected-sed
562	1281	1281	0	ok:protected-sed
563	2561	2561	0	ok:protected-sed
564	5121	5121	0	ok:protected-sed
565	10241	10241	0	ok:protected-sed
566	20481	20481	0	ok:protected-sed
567	0	0	0	ok:protected-sed
568	0	0	0	ok:protected-sed
569	0	0	0	ok:protected-sed
570	0	293	1	ok:protected-sed
571	25	25	0	ok:protected-sed
572	17	17	0	ok:protected-sed
573	24	24	0	ok:protected-sed
574	16	16	0	ok:protected-sed
575	22	22	0	ok:protected-sed
576	14	14	0	ok:protected-sed
577	22	22	0	ok:protected-sed
578	14	14	0	ok:protected-sed
579	22	22	0	ok:protected-sed
580	14	14	0	ok:protected-sed
581	23	23	0	ok:protected-sed
582	15	15	0	ok:protected-sed
583	24	24	0	ok:protected-sed
584	16	16	0	ok:protected-sed
585	22	22	0	ok:protected-sed
586	14	14	0	ok:protected-sed
587	22	22	0	ok:protected-sed
588	14	14	0	ok:protected-sed
589	131	10	0	ok:protected-sed
590	0	0	0	ok:protected-sed
591	0	0	0	ok:protected-sed
592	34	34	0	ok:protected-sed
593	46	64	0	ok:protected-sed
594	1	0	0	ok:protected-sed
595	0	0	1	ok:protected-sed
596	46	64	0	ok:protected-sed
597	1	0	0	ok:protected-sed
598	0	0	1	ok:protected-sed
599	0	589	1	ok:protected-sed
600	22	22	0	ok:protected-sed
601	14	14	0	ok:protected-sed
602	22	22	0	ok:protected-sed
603	14	14	0	ok:protected-sed
604	0	1807	1	ok:protected-sed
605	18	18	0	ok:protected-sed
606	12	12	0	ok:protected-sed
607	20	20	0	ok:protected-sed
608	14	14	0	ok:protected-sed
610	27501	7741	0	ok:protected-sed
611	25057	3435	0	ok:protected-sed
609	3435	4785	0	ok:protected-sed
612	0	483	1	ok:protected-sed
613	808	807	0	ok:protected-sed
614	7	7	0	ok:protected-sed
615	7	7	0	ok:protected-sed
616	3	3	0	ok:protected-sed
617	4	4	0	ok:protected-sed
618	8	8	0	ok:protected-sed
619	9	9	0	ok:protected-sed
620	131	131	0	ok:protected-sed
621	12	12	0	ok:protected-sed
622	25	25	0	ok:protected-sed
623	25	25	0	ok:protected-sed
624	10	10	0	ok:protected-sed
625	25	25	0	ok:protected-sed
626	25	25	0	ok:protected-sed
627	10	10	0	ok:protected-sed
628	88	88	0	ok:protected-sed
629	99	99	0	ok:protected-sed
630	89	89	0	ok:protected-sed
631	90	90	0	ok:protected-sed
632	92	92	0	ok:protected-sed
633	19	19	0	ok:protected-sed
634	3	3	0	ok:protected-sed
635	6	6	0	ok:protected-sed
636	6	6	0	ok:protected-sed
637	2	2	0	ok:protected-sed
638	1	1	0	ok:protected-sed
639	6	6	0	ok:protected-sed
640	13	13	0	ok:protected-sed
641	21	21	0	ok:protected-sed
642	4	4	0	ok:protected-sed
643	39	39	0	ok:protected-sed
644	6	6	0	ok:protected-sed
645	9	9	0	ok:protected-sed
646	11	11	0	ok:protected-sed
647	5	5	0	ok:protected-sed
648	4	4	0	ok:protected-sed
649	2	2	0	ok:protected-sed
650	5	5	0	ok:protected-sed
651	34	34	0	ok:protected-sed
652	1	1	0	ok:protected-sed
653	46	46	0	ok:protected-sed
654	3	3	0	ok:protected-sed
655	224	224	0	ok:protected-sed
656	151	151	0	ok:protected-sed
657	224	224	0	ok:protected-sed
658	1	1	0	ok:protected-sed
659	1	1	0	ok:protected-sed
660	1	1	0	ok:protected-sed
661	123	135	0	ok:protected-sed
662	197	215	0	ok:protected-sed
663	6	6	0	ok:protected-sed
664	5	5	0	ok:protected-sed
665	1	1	0	ok:protected-sed
666	1	1	0	ok:protected-sed
667	7	7	0	ok:protected-sed
668	1	1	0	ok:protected-sed
669	4	4	0	ok:protected-sed
670	3	3	0	ok:protected-sed
671	1	1	0	ok:protected-sed
672	1	1	0	ok:protected-sed
673	1	1	0	ok:protected-sed
674	1	1	0	ok:protected-sed
675	1	1	0	ok:protected-sed
676	2	2	0	ok:protected-sed
677	4	4	0	ok:protected-sed
678	1	1	0	ok:protected-sed
679	4	4	0	ok:protected-sed
680	3	3	0	ok:protected-sed
681	1	1	0	ok:protected-sed
682	1	1	0	ok:protected-sed
683	3	3	0	ok:protected-sed
684	1	1	0	ok:protected-sed
685	1	1	0	ok:protected-sed
686	1	1	0	ok:protected-sed
687	1	1	0	ok:protected-sed
688	1	1	0	ok:protected-sed
689	1	1	0	ok:protected-sed
690	3	3	0	ok:protected-sed
691	1	1	0	ok:protected-sed
692	1	1	0	ok:protected-sed
693	1	1	0	ok:protected-sed
694	1	1	0	ok:protected-sed
695	1	1	0	ok:protected-sed
696	3	3	0	ok:protected-sed
697	3	3	0	ok:protected-sed
698	3	3	0	ok:protected-sed
699	12	12	0	ok:protected-sed
700	3	3	0	ok:protected-sed
701	3	3	0	ok:protected-sed
702	8	8	0	ok:protected-sed
703	1	1	0	ok:protected-sed
704	3	3	0	ok:protected-sed
705	97	103	0	ok:protected-sed
706	40	40	0	ok:protected-sed
707	1	1	0	ok:protected-sed
708	1	1	0	ok:protected-sed
709	1	1	0	ok:protected-sed
710	22	22	0	ok:protected-sed
711	3	3	0	ok:protected-sed
712	3	3	0	ok:protected-sed
713	6	6	0	ok:protected-sed
714	1	1	0	ok:protected-sed
715	16	16	0	ok:protected-sed
716	3	3	0	ok:protected-sed
717	9	9	0	ok:protected-sed
718	106	106	0	ok:protected-sed
719	40	40	0	ok:protected-sed
720	1	1	0	ok:protected-sed
721	1	1	0	ok:protected-sed
722	1	1	0	ok:protected-sed
723	40	40	0	ok:protected-sed
724	1	1	0	ok:protected-sed
725	4	4	0	ok:protected-sed
726	29	29	0	ok:protected-sed
727	14	14	0	ok:protected-sed
728	12	12	0	ok:protected-sed
729	8	8	0	ok:protected-sed
730	8	8	0	ok:protected-sed
731	8	8	0	ok:protected-sed
732	1	1	0	ok:protected-sed
733	1	1	0	ok:protected-sed
734	1264	3778	0	ok:protected-sed
735	0	250	1	ok:protected-sed
736	5690	6003	0	ok:protected-sed
737	6003	5878	0	ok:protected-sed
738	0	0	0	ok:protected-sed
739	29	87	0	ok:protected-sed
740	12	13	0	ok:protected-sed
741	13	15	0	ok:protected-sed
742	21	25	0	ok:protected-sed
743	11	12	0	ok:protected-sed
744	123	141	0	ok:protected-sed
745	197	225	0	ok:protected-sed
746	9	10	0	ok:protected-sed
747	106	116	0	ok:protected-sed
748	40	44	0	ok:protected-sed
749	39	43	0	ok:protected-sed
750	34	37	0	ok:protected-sed
751	46	52	0	ok:protected-sed
752	97	103	0	ok:protected-sed
753	40	49	0	ok:protected-sed
754	0	0	0	ok:protected-sed
755	6348	6348	0	ok:protected-sed
756	12	12	0	ok:protected-sed
757	0	48	1	ok:protected-sed
758	0	27195	1	ok:protected-sed
759	9	9	0	ok:protected-sed
760	0	2	1	ok:protected-sed
761	29251	6	0	ok:protected-sed
762	29251	8	0	ok:protected-sed
763	29251	1	0	ok:protected-sed
764	29251	0	0	ok:protected-sed
765	29251	0	0	ok:protected-sed
766	0	0	0	ok:protected-sed
767	8	8	0	ok:protected-sed
768	0	0	0	ok:protected-sed
769	0	7044	1	ok:protected-sed
770	0	242722	1	ok:protected-sed
771	28736	7967	0	ok:protected-sed
772	25806	3435	0	ok:protected-sed
773	0	0	0	ok:protected-sed
774	4	4	0	ok:protected-sed
775	23	23	0	ok:protected-sed
776	11	11	0	ok:protected-sed
777	7	7	0	ok:protected-sed
778	8	8	0	ok:protected-sed
779	7	7	0	ok:protected-sed
780	8	8	0	ok:protected-sed
781	26	26	0	ok:protected-sed
782	0	0	0	ok:protected-sed
783	16	11	0	ok:protected-sed
784	5	5	0	ok:protected-sed
785	5	5	0	ok:protected-sed
786	16	11	0	ok:protected-sed
787	25	10	0	ok:protected-sed
788	25	15	0	ok:protected-sed
789	15	15	0	ok:protected-sed
790	16	11	0	ok:protected-sed
791	25	10	0	ok:protected-sed
792	25	15	0	ok:protected-sed
793	15	15	0	ok:protected-sed
794	16	11	0	ok:protected-sed
795	25	10	0	ok:protected-sed
796	25	15	0	ok:protected-sed
797	15	15	0	ok:protected-sed
798	0	72	1	ok:protected-sed
799	80	58	0	ok:protected-sed
800	0	326	1	ok:protected-sed
801	0	280	1	ok:protected-sed
802	13	6	0	ok:protected-sed
803	5	5	0	ok:protected-sed
804	22464	134	0	ok:protected-sed
805	15	5	0	ok:protected-sed
806	15	9	0	ok:protected-sed
807	15	5	0	ok:protected-sed
808	15	9	0	ok:protected-sed
809	15	5	0	ok:protected-sed
810	15	9	0	ok:protected-sed
811	15	5	0	ok:protected-sed
812	15	9	0	ok:protected-sed
813	0	72	1	ok:protected-sed
814	0	309	1	ok:protected-sed
815	25	25	0	ok:protected-sed
816	17	17	0	ok:protected-sed
817	24	24	0	ok:protected-sed
818	16	16	0	ok:protected-sed
819	22	22	0	ok:protected-sed
820	14	14	0	ok:protected-sed
821	22	22	0	ok:protected-sed
822	14	14	0	ok:protected-sed
823	22	22	0	ok:protected-sed
824	14	14	0	ok:protected-sed
825	23	23	0	ok:protected-sed
826	15	15	0	ok:protected-sed
827	24	24	0	ok:protected-sed
828	16	16	0	ok:protected-sed
829	22	22	0	ok:protected-sed
830	14	14	0	ok:protected-sed
831	22	22	0	ok:protected-sed
832	14	14	0	ok:protected-sed
833	0	1202	1	ok:protected-sed
834	0	549	1	ok:protected-sed
835	9344	7227	0	ok:protected-sed
836	21	21	0	ok:protected-sed
837	41	41	0	ok:protected-sed
838	81	81	0	ok:protected-sed
839	161	161	0	ok:protected-sed
840	321	321	0	ok:protected-sed
841	641	641	0	ok:protected-sed
842	1281	1281	0	ok:protected-sed
843	2561	2561	0	ok:protected-sed
844	5121	5121	0	ok:protected-sed
845	10241	10241	0	ok:protected-sed
846	20481	20481	0	ok:protected-sed
847	0	0	0	ok:protected-sed
848	0	0	0	ok:protected-sed
849	0	0	0	ok:protected-sed
850	131	10	0	ok:protected-sed
851	0	0	0	ok:protected-sed
852	0	0	0	ok:protected-sed
853	34	34	0	ok:protected-sed
854	46	64	0	ok:protected-sed
855	1	0	0	ok:protected-sed
856	0	0	1	ok:protected-sed
857	46	64	0	ok:protected-sed
858	1	0	0	ok:protected-sed
859	0	0	1	ok:protected-sed
860	0	1880	1	ok:protected-sed
861	0	1037	1	ok:protected-sed
862	0	1860	1	ok:protected-sed
863	0	1033	1	ok:protected-sed
864	0	1033	1	ok:protected-sed
865	0	1037	1	ok:protected-sed
866	0	1418	1	ok:protected-sed
867	36	36	0	ok:protected-sed
868	0	1536	1	ok:protected-sed
869	22	22	0	ok:protected-sed
870	14	14	0	ok:protected-sed
871	22	22	0	ok:protected-sed
872	14	14	0	ok:protected-sed
873	22	22	0	ok:protected-sed
874	14	14	0	ok:protected-sed
875	23	23	0	ok:protected-sed
876	15	15	0	ok:protected-sed
877	22	22	0	ok:protected-sed
878	14	14	0	ok:protected-sed
879	20	20	0	ok:protected-sed
880	12	12	0	ok:protected-sed
881	22	22	0	ok:protected-sed
882	14	14	0	ok:protected-sed
883	21	21	0	ok:protected-sed
884	13	13	0	ok:protected-sed
885	22	22	0	ok:protected-sed
886	14	14	0	ok:protected-sed
887	21	21	0	ok:protected-sed
888	13	13	0	ok:protected-sed
889	24	24	0	ok:protected-sed
890	16	16	0	ok:protected-sed
891	24	24	0	ok:protected-sed
892	16	16	0	ok:protected-sed
893	24	24	0	ok:protected-sed
894	16	16	0	ok:protected-sed
895	28	28	0	ok:protected-sed
896	20	20	0	ok:protected-sed
897	26	26	0	ok:protected-sed
898	0	1412	1	ok:protected-sed
899	0	1412	1	ok:protected-sed
900	0	1416	1	ok:protected-sed
901	0	1415	1	ok:protected-sed
902	0	1411	1	ok:protected-sed
903	29	29	0	ok:protected-sed
904	14	14	0	ok:protected-sed
905	17	17	0	ok:protected-sed
906	11	11	0	ok:protected-sed
907	23	23	0	ok:protected-sed
908	0	2581	1	ok:protected-sed
909	21	21	0	ok:protected-sed
910	15	15	0	ok:protected-sed
911	19	19	0	ok:protected-sed
912	13	13	0	ok:protected-sed
913	18	18	0	ok:protected-sed
914	12	12	0	ok:protected-sed
915	18	18	0	ok:protected-sed
916	12	12	0	ok:protected-sed
917	18	18	0	ok:protected-sed
918	12	12	0	ok:protected-sed
919	18	18	0	ok:protected-sed
920	12	12	0	ok:protected-sed
921	20	20	0	ok:protected-sed
922	14	14	0	ok:protected-sed
923	21	21	0	ok:protected-sed
924	15	15	0	ok:protected-sed
925	9	9	0	ok:protected-sed
926	9	9	0	ok:protected-sed
927	7	7	0	ok:protected-sed
928	7	7	0	ok:protected-sed
929	9	9	0	ok:protected-sed
930	9	9	0	ok:protected-sed
931	7	7	0	ok:protected-sed
932	7	7	0	ok:protected-sed
933	9	9	0	ok:protected-sed
934	9	9	0	ok:protected-sed
935	4	4	0	ok:protected-sed
936	4	4	0	ok:protected-sed
937	5	5	0	ok:protected-sed
938	5	5	0	ok:protected-sed
939	7	7	0	ok:protected-sed
940	7	7	0	ok:protected-sed
941	7	7	0	ok:protected-sed
942	7	7	0	ok:protected-sed
943	8	8	0	ok:protected-sed
944	8	8	0	ok:protected-sed
945	7	7	0	ok:protected-sed
946	7	7	0	ok:protected-sed
947	7	7	0	ok:protected-sed
948	7	7	0	ok:protected-sed
949	9	9	0	ok:protected-sed
950	9	9	0	ok:protected-sed
951	10	10	0	ok:protected-sed
952	10	10	0	ok:protected-sed
953	9	9	0	ok:protected-sed
954	9	9	0	ok:protected-sed
955	10	10	0	ok:protected-sed
956	10	10	0	ok:protected-sed
957	8	8	0	ok:protected-sed
958	8	8	0	ok:protected-sed
959	25	7	0	ok:protected-sed
960	57	49	0	ok:protected-sed
961	195	286	0	ok:protected-sed
962	195	208	0	ok:protected-sed
963	57	61	0	ok:protected-sed
964	0	2352	1	ok:protected-sed
965	0	2385	1	ok:protected-sed
966	0	2387	1	ok:protected-sed
967	0	2349	1	ok:protected-sed
968	0	2350	1	ok:protected-sed
969	0	2351	1	ok:protected-sed
970	0	2415	1	ok:protected-sed
971	0	2450	1	ok:protected-sed
972	0	2411	1	ok:protected-sed
973	0	2446	1	ok:protected-sed
974	0	2413	1	ok:protected-sed
975	0	2448	1	ok:protected-sed
976	0	2414	1	ok:protected-sed
977	0	2415	1	ok:protected-sed
978	0	2453	1	ok:protected-sed
979	0	2449	1	ok:protected-sed
980	0	2451	1	ok:protected-sed
981	0	2418	1	ok:protected-sed
982	18	18	0	ok:protected-sed
983	12	12	0	ok:protected-sed
984	20	20	0	ok:protected-sed
985	14	14	0	ok:protected-sed
986	18	18	0	ok:protected-sed
987	12	12	0	ok:protected-sed
988	20	20	0	ok:protected-sed
989	14	14	0	ok:protected-sed
990	19	19	0	ok:protected-sed
991	13	13	0	ok:protected-sed
992	22	22	0	ok:protected-sed
993	14	14	0	ok:protected-sed
994	22	22	0	ok:protected-sed
995	14	14	0	ok:protected-sed
996	19	19	0	ok:protected-sed
997	13	13	0	ok:protected-sed
998	20	20	0	ok:protected-sed
999	14	14	0	ok:protected-sed
1001	38566	11985	0	ok:protected-sed
1002	35116	7212	0	ok:protected-sed
1000	7212	11549	0	ok:protected-sed
1003	1340	1339	0	ok:protected-sed
1004	3	3	0	ok:protected-sed
1005	7	7	0	ok:protected-sed
1006	7	7	0	ok:protected-sed
1007	4	4	0	ok:protected-sed
1008	8	8	0	ok:protected-sed
1009	9	9	0	ok:protected-sed
1010	131	131	0	ok:protected-sed
1011	12	12	0	ok:protected-sed
1012	25	25	0	ok:protected-sed
1013	25	25	0	ok:protected-sed
1014	10	10	0	ok:protected-sed
1015	25	25	0	ok:protected-sed
1016	25	25	0	ok:protected-sed
1017	10	10	0	ok:protected-sed
1018	88	88	0	ok:protected-sed
1019	99	99	0	ok:protected-sed
1020	89	89	0	ok:protected-sed
1021	90	90	0	ok:protected-sed
1022	92	92	0	ok:protected-sed
1023	19	19	0	ok:protected-sed
1024	3	3	0	ok:protected-sed
1025	6	6	0	ok:protected-sed
1026	6	6	0	ok:protected-sed
1027	2	2	0	ok:protected-sed
1028	1	1	0	ok:protected-sed
1029	6	6	0	ok:protected-sed
1030	13	13	0	ok:protected-sed
1031	21	21	0	ok:protected-sed
1032	4	4	0	ok:protected-sed
1033	39	39	0	ok:protected-sed
1034	6	6	0	ok:protected-sed
1035	9	9	0	ok:protected-sed
1036	11	11	0	ok:protected-sed
1037	5	5	0	ok:protected-sed
1038	4	4	0	ok:protected-sed
1039	2	2	0	ok:protected-sed
1040	5	5	0	ok:protected-sed
1041	34	34	0	ok:protected-sed
1042	1	1	0	ok:protected-sed
1043	46	46	0	ok:protected-sed
1044	3	3	0	ok:protected-sed
1045	224	224	0	ok:protected-sed
1046	151	151	0	ok:protected-sed
1047	224	224	0	ok:protected-sed
1048	1	1	0	ok:protected-sed
1049	1	1	0	ok:protected-sed
1050	1	1	0	ok:protected-sed
1051	123	135	0	ok:protected-sed
1052	197	215	0	ok:protected-sed
1053	6	6	0	ok:protected-sed
1054	5	5	0	ok:protected-sed
1055	1	1	0	ok:protected-sed
1056	1	1	0	ok:protected-sed
1057	7	7	0	ok:protected-sed
1058	1	1	0	ok:protected-sed
1059	4	4	0	ok:protected-sed
1060	3	3	0	ok:protected-sed
1061	1	1	0	ok:protected-sed
1062	1	1	0	ok:protected-sed
1063	1	1	0	ok:protected-sed
1064	1	1	0	ok:protected-sed
1065	1	1	0	ok:protected-sed
1066	2	2	0	ok:protected-sed
1067	4	4	0	ok:protected-sed
1068	1	1	0	ok:protected-sed
1069	4	4	0	ok:protected-sed
1070	3	3	0	ok:protected-sed
1071	1	1	0	ok:protected-sed
1072	1	1	0	ok:protected-sed
1073	3	3	0	ok:protected-sed
1074	1	1	0	ok:protected-sed
1075	1	1	0	ok:protected-sed
1076	1	1	0	ok:protected-sed
1077	1	1	0	ok:protected-sed
1078	1	1	0	ok:protected-sed
1079	1	1	0	ok:protected-sed
1080	3	3	0	ok:protected-sed
1081	1	1	0	ok:protected-sed
1082	1	1	0	ok:protected-sed
1083	1	1	0	ok:protected-sed
1084	1	1	0	ok:protected-sed
1085	1	1	0	ok:protected-sed
1086	3	3	0	ok:protected-sed
1087	3	3	0	ok:protected-sed
1088	3	3	0	ok:protected-sed
1089	12	12	0	ok:protected-sed
1090	3	3	0	ok:protected-sed
1091	3	3	0	ok:protected-sed
1092	8	8	0	ok:protected-sed
1093	1	1	0	ok:protected-sed
1094	3	3	0	ok:protected-sed
1095	97	103	0	ok:protected-sed
1096	40	40	0	ok:protected-sed
1097	1	1	0	ok:protected-sed
1098	1	1	0	ok:protected-sed
1099	1	1	0	ok:protected-sed
1100	22	22	0	ok:protected-sed
1101	3	3	0	ok:protected-sed
1102	3	3	0	ok:protected-sed
1103	6	6	0	ok:protected-sed
1104	1	1	0	ok:protected-sed
1105	16	16	0	ok:protected-sed
1106	3	3	0	ok:protected-sed
1107	9	9	0	ok:protected-sed
1108	106	106	0	ok:protected-sed
1109	40	40	0	ok:protected-sed
1110	1	1	0	ok:protected-sed
1111	1	1	0	ok:protected-sed
1112	1	1	0	ok:protected-sed
1113	40	40	0	ok:protected-sed
1114	1	1	0	ok:protected-sed
1115	4	4	0	ok:protected-sed
1116	29	29	0	ok:protected-sed
1117	14	14	0	ok:protected-sed
1118	12	12	0	ok:protected-sed
1119	3	3	0	ok:protected-sed
1120	8	8	0	ok:protected-sed
1121	8	8	0	ok:protected-sed
1122	1	1	0	ok:protected-sed
1123	1	1	0	ok:protected-sed
1124	1961	5702	0	ok:protected-sed
1125	0	356	1	ok:protected-sed
1127	7832	8227	0	ok:protected-sed
1126	8227	8049	0	ok:protected-sed
1128	0	0	1	ok:protected-sed
1130	2325	2328	0	ok:protected-sed
1129	2328	2328	0	ok:protected-sed
1131	0	0	0	ok:protected-sed
1132	29	87	0	ok:protected-sed
1133	12	13	0	ok:protected-sed
1134	13	15	0	ok:protected-sed
1135	21	25	0	ok:protected-sed
1136	11	12	0	ok:protected-sed
1137	123	141	0	ok:protected-sed
1138	197	225	0	ok:protected-sed
1139	9	10	0	ok:protected-sed
1140	106	116	0	ok:protected-sed
1141	40	44	0	ok:protected-sed
1142	39	43	0	ok:protected-sed
1143	34	37	0	ok:protected-sed
1144	46	52	0	ok:protected-sed
1145	97	103	0	ok:protected-sed
1146	40	49	0	ok:protected-sed
1147	0	0	0	ok:protected-sed
1148	8519	8519	0	ok:protected-sed
1149	12	12	0	ok:protected-sed
1150	0	48	1	ok:protected-sed
1151	0	79967	1	ok:protected-sed
1152	16	12	0	ok:protected-sed
1153	4	4	0	ok:protected-sed
1154	5	3	0	ok:protected-sed
1155	0	48	1	ok:protected-sed
1156	0	36766	1	ok:protected-sed
1157	11	8	0	ok:protected-sed
1158	3	3	0	ok:protected-sed
1159	4	3	0	ok:protected-sed
1160	0	80	1	ok:protected-sed
1161	0	8804	1	ok:protected-sed
1162	10	10	0	ok:protected-sed
1163	9	9	0	ok:protected-sed
1164	0	2	1	ok:protected-sed
1165	67244	6	0	ok:protected-sed
1166	67244	8	0	ok:protected-sed
1167	67244	1	0	ok:protected-sed
1168	67244	0	0	ok:protected-sed
1169	67244	9511	0	ok:protected-sed
1170	9511	8047	0	ok:protected-sed
1171	13	13	0	ok:protected-sed
1172	0	2	1	ok:protected-sed
1173	39394	6	0	ok:protected-sed
1174	39394	8	0	ok:protected-sed
1175	39394	1	0	ok:protected-sed
1176	39394	0	0	ok:protected-sed
1177	39394	0	0	ok:protected-sed
1178	0	0	0	ok:protected-sed
1179	26	15	0	ok:protected-sed
1180	0	0	1	ok:protected-sed
1181	8	8	0	ok:protected-sed
1182	0	0	0	ok:protected-sed
1183	0	7044	1	ok:protected-sed
1184	0	242722	1	ok:protected-sed
1185	26	15	0	ok:protected-sed
1186	15	3	0	ok:protected-sed
1187	3	3	0	ok:protected-sed
1188	4	4	0	ok:protected-sed
1189	4	3	0	ok:protected-sed
1190	95	89	0	ok:protected-sed
1191	219	201	0	ok:protected-sed
1192	402	326	0	ok:protected-sed
1193	165	137	0	ok:protected-sed
1194	39	37	0	ok:protected-sed
1195	0	9306	1	ok:protected-sed
1196	39116	12212	0	ok:protected-sed
1197	35521	7212	0	ok:protected-sed
1198	345	357	0	ok:protected-sed
1199	0	0	0	ok:protected-sed
1200	4	4	0	ok:protected-sed
1201	23	23	0	ok:protected-sed
1202	11	11	0	ok:protected-sed
1203	7	7	0	ok:protected-sed
1204	8	8	0	ok:protected-sed
1205	7	7	0	ok:protected-sed
1206	8	8	0	ok:protected-sed
1207	26	26	0	ok:protected-sed
1208	0	0	0	ok:protected-sed
1209	16	11	0	ok:protected-sed
1210	5	5	0	ok:protected-sed
1211	5	5	0	ok:protected-sed
1212	16	11	0	ok:protected-sed
1213	25	10	0	ok:protected-sed
1214	25	15	0	ok:protected-sed
1215	15	15	0	ok:protected-sed
1216	16	11	0	ok:protected-sed
1217	25	10	0	ok:protected-sed
1218	25	15	0	ok:protected-sed
1219	15	15	0	ok:protected-sed
1220	16	11	0	ok:protected-sed
1221	25	10	0	ok:protected-sed
1222	25	15	0	ok:protected-sed
1223	15	15	0	ok:protected-sed
1224	0	72	1	ok:protected-sed
1225	80	58	0	ok:protected-sed
1226	0	338	1	ok:protected-sed
1227	0	292	1	ok:protected-sed
1228	13	6	0	ok:protected-sed
1229	5	5	0	ok:protected-sed
1230	22464	134	0	ok:protected-sed
1231	15	5	0	ok:protected-sed
1232	15	9	0	ok:protected-sed
1233	15	5	0	ok:protected-sed
1234	15	9	0	ok:protected-sed
1235	15	5	0	ok:protected-sed
1236	15	9	0	ok:protected-sed
1237	15	5	0	ok:protected-sed
1238	15	9	0	ok:protected-sed
1239	0	72	1	ok:protected-sed
1240	0	325	1	ok:protected-sed
1241	25	25	0	ok:protected-sed
1242	17	17	0	ok:protected-sed
1243	24	24	0	ok:protected-sed
1244	16	16	0	ok:protected-sed
1245	22	22	0	ok:protected-sed
1246	14	14	0	ok:protected-sed
1247	22	22	0	ok:protected-sed
1248	14	14	0	ok:protected-sed
1249	22	22	0	ok:protected-sed
1250	14	14	0	ok:protected-sed
1251	23	23	0	ok:protected-sed
1252	15	15	0	ok:protected-sed
1253	24	24	0	ok:protected-sed
1254	16	16	0	ok:protected-sed
1255	22	22	0	ok:protected-sed
1256	14	14	0	ok:protected-sed
1257	22	22	0	ok:protected-sed
1258	14	14	0	ok:protected-sed
1259	0	1218	1	ok:protected-sed
1260	0	565	1	ok:protected-sed
1261	9344	7227	0	ok:protected-sed
1262	21	21	0	ok:protected-sed
1263	41	41	0	ok:protected-sed
1264	81	81	0	ok:protected-sed
1265	161	161	0	ok:protected-sed
1266	321	321	0	ok:protected-sed
1267	641	641	0	ok:protected-sed
1268	1281	1281	0	ok:protected-sed
1269	2561	2561	0	ok:protected-sed
1270	5121	5121	0	ok:protected-sed
1271	10241	10241	0	ok:protected-sed
1272	20481	20481	0	ok:protected-sed
1273	0	0	0	ok:protected-sed
1274	0	0	0	ok:protected-sed
1275	0	0	0	ok:protected-sed
1276	131	10	0	ok:protected-sed
1277	0	0	0	ok:protected-sed
1278	0	0	0	ok:protected-sed
1279	34	34	0	ok:protected-sed
1280	46	64	0	ok:protected-sed
1281	1	0	0	ok:protected-sed
1282	0	0	1	ok:protected-sed
1283	46	64	0	ok:protected-sed
1284	1	0	0	ok:protected-sed
1285	0	0	1	ok:protected-sed
1286	52	52	0	ok:protected-sed
1287	22	22	0	ok:protected-sed
1288	14	14	0	ok:protected-sed
1289	23	23	0	ok:protected-sed
1290	15	15	0	ok:protected-sed
1291	22	22	0	ok:protected-sed
1292	14	14	0	ok:protected-sed
1293	22	22	0	ok:protected-sed
1294	14	14	0	ok:protected-sed
1295	9	9	0	ok:protected-sed
1296	9	9	0	ok:protected-sed
1297	7	7	0	ok:protected-sed
1298	7	7	0	ok:protected-sed
1299	25	7	0	ok:protected-sed
1300	14	5	0	ok:protected-sed
1301	15	6	0	ok:protected-sed
1302	14	5	0	ok:protected-sed
1303	14	5	0	ok:protected-sed
1305	33087	9136	0	ok:protected-sed
1306	30217	4450	0	ok:protected-sed
1304	4450	6107	0	ok:protected-sed
1307	1340	1339	0	ok:protected-sed
1308	3	3	0	ok:protected-sed
1309	7	7	0	ok:protected-sed
1310	7	7	0	ok:protected-sed
1311	4	4	0	ok:protected-sed
1312	8	8	0	ok:protected-sed
1313	9	9	0	ok:protected-sed
1314	131	131	0	ok:protected-sed
1315	12	12	0	ok:protected-sed
1316	25	25	0	ok:protected-sed
1317	25	25	0	ok:protected-sed
1318	10	10	0	ok:protected-sed
1319	25	25	0	ok:protected-sed
1320	25	25	0	ok:protected-sed
1321	10	10	0	ok:protected-sed
1322	88	88	0	ok:protected-sed
1323	99	99	0	ok:protected-sed
1324	89	89	0	ok:protected-sed
1325	90	90	0	ok:protected-sed
1326	92	92	0	ok:protected-sed
1327	19	19	0	ok:protected-sed
1328	3	3	0	ok:protected-sed
1329	6	6	0	ok:protected-sed
1330	6	6	0	ok:protected-sed
1331	2	2	0	ok:protected-sed
1332	1	1	0	ok:protected-sed
1333	6	6	0	ok:protected-sed
1334	13	13	0	ok:protected-sed
1335	21	21	0	ok:protected-sed
1336	4	4	0	ok:protected-sed
1337	39	39	0	ok:protected-sed
1338	6	6	0	ok:protected-sed
1339	9	9	0	ok:protected-sed
1340	11	11	0	ok:protected-sed
1341	5	5	0	ok:protected-sed
1342	4	4	0	ok:protected-sed
1343	2	2	0	ok:protected-sed
1344	5	5	0	ok:protected-sed
1345	34	34	0	ok:protected-sed
1346	1	1	0	ok:protected-sed
1347	46	46	0	ok:protected-sed
1348	3	3	0	ok:protected-sed
1349	224	224	0	ok:protected-sed
1350	151	151	0	ok:protected-sed
1351	224	224	0	ok:protected-sed
1352	1	1	0	ok:protected-sed
1353	1	1	0	ok:protected-sed
1354	1	1	0	ok:protected-sed
1355	123	135	0	ok:protected-sed
1356	197	215	0	ok:protected-sed
1357	6	6	0	ok:protected-sed
1358	5	5	0	ok:protected-sed
1359	1	1	0	ok:protected-sed
1360	1	1	0	ok:protected-sed
1361	7	7	0	ok:protected-sed
1362	1	1	0	ok:protected-sed
1363	4	4	0	ok:protected-sed
1364	3	3	0	ok:protected-sed
1365	1	1	0	ok:protected-sed
1366	1	1	0	ok:protected-sed
1367	1	1	0	ok:protected-sed
1368	1	1	0	ok:protected-sed
1369	1	1	0	ok:protected-sed
1370	2	2	0	ok:protected-sed
1371	4	4	0	ok:protected-sed
1372	1	1	0	ok:protected-sed
1373	4	4	0	ok:protected-sed
1374	3	3	0	ok:protected-sed
1375	1	1	0	ok:protected-sed
1376	1	1	0	ok:protected-sed
1377	3	3	0	ok:protected-sed
1378	1	1	0	ok:protected-sed
1379	1	1	0	ok:protected-sed
1380	1	1	0	ok:protected-sed
1381	1	1	0	ok:protected-sed
1382	1	1	0	ok:protected-sed
1383	1	1	0	ok:protected-sed
1384	3	3	0	ok:protected-sed
1385	1	1	0	ok:protected-sed
1386	1	1	0	ok:protected-sed
1387	1	1	0	ok:protected-sed
1388	1	1	0	ok:protected-sed
1389	1	1	0	ok:protected-sed
1390	3	3	0	ok:protected-sed
1391	3	3	0	ok:protected-sed
1392	3	3	0	ok:protected-sed
1393	12	12	0	ok:protected-sed
1394	3	3	0	ok:protected-sed
1395	3	3	0	ok:protected-sed
1396	8	8	0	ok:protected-sed
1397	1	1	0	ok:protected-sed
1398	3	3	0	ok:protected-sed
1399	97	103	0	ok:protected-sed
1400	40	40	0	ok:protected-sed
1401	1	1	0	ok:protected-sed
1402	1	1	0	ok:protected-sed
1403	1	1	0	ok:protected-sed
1404	22	22	0	ok:protected-sed
1405	3	3	0	ok:protected-sed
1406	3	3	0	ok:protected-sed
1407	6	6	0	ok:protected-sed
1408	1	1	0	ok:protected-sed
1409	16	16	0	ok:protected-sed
1410	3	3	0	ok:protected-sed
1411	9	9	0	ok:protected-sed
1412	106	106	0	ok:protected-sed
1413	40	40	0	ok:protected-sed
1414	1	1	0	ok:protected-sed
1415	1	1	0	ok:protected-sed
1416	1	1	0	ok:protected-sed
1417	40	40	0	ok:protected-sed
1418	1	1	0	ok:protected-sed
1419	4	4	0	ok:protected-sed
1420	29	29	0	ok:protected-sed
1421	14	14	0	ok:protected-sed
1422	12	12	0	ok:protected-sed
1423	8	8	0	ok:protected-sed
1424	8	8	0	ok:protected-sed
1425	8	8	0	ok:protected-sed
1426	1	1	0	ok:protected-sed
1427	1	1	0	ok:protected-sed
1428	1657	4874	0	ok:protected-sed
1429	0	312	1	ok:protected-sed
1430	6254	6585	0	ok:protected-sed
1431	6585	6429	0	ok:protected-sed
1432	0	0	1	ok:protected-sed
1434	863	864	0	ok:protected-sed
1433	864	864	0	ok:protected-sed
1435	0	0	0	ok:protected-sed
1436	29	87	0	ok:protected-sed
1437	12	13	0	ok:protected-sed
1438	13	15	0	ok:protected-sed
1439	21	25	0	ok:protected-sed
1440	11	12	0	ok:protected-sed
1441	123	141	0	ok:protected-sed
1442	197	225	0	ok:protected-sed
1443	9	10	0	ok:protected-sed
1444	106	116	0	ok:protected-sed
1445	40	44	0	ok:protected-sed
1446	39	43	0	ok:protected-sed
1447	34	37	0	ok:protected-sed
1448	46	52	0	ok:protected-sed
1449	97	103	0	ok:protected-sed
1450	40	49	0	ok:protected-sed
1451	0	0	0	ok:protected-sed
1452	6899	6899	0	ok:protected-sed
1453	12	12	0	ok:protected-sed
1454	0	48	1	ok:protected-sed
1455	0	58845	1	ok:protected-sed
1456	11	8	0	ok:protected-sed
1457	3	3	0	ok:protected-sed
1458	4	3	0	ok:protected-sed
1459	0	80	1	ok:protected-sed
1460	0	7164	1	ok:protected-sed
1461	10	10	0	ok:protected-sed
1462	9	9	0	ok:protected-sed
1463	0	2	1	ok:protected-sed
1464	51602	6	0	ok:protected-sed
1465	51602	8	0	ok:protected-sed
1466	51602	1	0	ok:protected-sed
1467	51602	0	0	ok:protected-sed
1468	51602	4839	0	ok:protected-sed
1469	4839	4091	0	ok:protected-sed
1470	26	15	0	ok:protected-sed
1471	0	0	1	ok:protected-sed
1472	8	8	0	ok:protected-sed
1473	0	0	0	ok:protected-sed
1474	0	7044	1	ok:protected-sed
1475	0	242722	1	ok:protected-sed
1476	26	15	0	ok:protected-sed
1477	15	3	0	ok:protected-sed
1478	3	3	0	ok:protected-sed
1479	4	4	0	ok:protected-sed
1480	4	3	0	ok:protected-sed
1482	2880	5290	0	ok:protected-sed
1481	5290	5288	0	ok:protected-sed
1483	0	12983	1	ok:protected-sed
1484	33636	9363	0	ok:protected-sed
1485	30622	4450	0	ok:protected-sed
1486	0	0	0	ok:protected-sed
1487	4	4	0	ok:protected-sed
1488	23	23	0	ok:protected-sed
1489	11	11	0	ok:protected-sed
1490	7	7	0	ok:protected-sed
1491	8	8	0	ok:protected-sed
1492	7	7	0	ok:protected-sed
1493	8	8	0	ok:protected-sed
1494	26	26	0	ok:protected-sed
1495	0	0	0	ok:protected-sed
1496	16	11	0	ok:protected-sed
1497	5	5	0	ok:protected-sed
1498	5	5	0	ok:protected-sed
1499	16	11	0	ok:protected-sed
1500	25	10	0	ok:protected-sed
1501	25	15	0	ok:protected-sed
1502	15	15	0	ok:protected-sed
1503	16	11	0	ok:protected-sed
1504	25	10	0	ok:protected-sed
1505	25	15	0	ok:protected-sed
1506	15	15	0	ok:protected-sed
1507	16	11	0	ok:protected-sed
1508	25	10	0	ok:protected-sed
1509	25	15	0	ok:protected-sed
1510	15	15	0	ok:protected-sed
1511	0	72	1	ok:protected-sed
1512	80	58	0	ok:protected-sed
1513	0	341	1	ok:protected-sed
1514	0	295	1	ok:protected-sed
1515	13	6	0	ok:protected-sed
1516	5	5	0	ok:protected-sed
1517	22464	134	0	ok:protected-sed
1518	15	5	0	ok:protected-sed
1519	15	9	0	ok:protected-sed
1520	15	5	0	ok:protected-sed
1521	15	9	0	ok:protected-sed
1522	15	5	0	ok:protected-sed
1523	15	9	0	ok:protected-sed
1524	15	5	0	ok:protected-sed
1525	15	9	0	ok:protected-sed
1526	0	72	1	ok:protected-sed
1527	0	329	1	ok:protected-sed
1528	25	25	0	ok:protected-sed
1529	17	17	0	ok:protected-sed
1530	24	24	0	ok:protected-sed
1531	16	16	0	ok:protected-sed
1532	22	22	0	ok:protected-sed
1533	14	14	0	ok:protected-sed
1534	22	22	0	ok:protected-sed
1535	14	14	0	ok:protected-sed
1536	22	22	0	ok:protected-sed
1537	14	14	0	ok:protected-sed
1538	23	23	0	ok:protected-sed
1539	15	15	0	ok:protected-sed
1540	24	24	0	ok:protected-sed
1541	16	16	0	ok:protected-sed
1542	22	22	0	ok:protected-sed
1543	14	14	0	ok:protected-sed
1544	22	22	0	ok:protected-sed
1545	14	14	0	ok:protected-sed
1546	0	1222	1	ok:protected-sed
1547	0	569	1	ok:protected-sed
1548	9344	7227	0	ok:protected-sed
1549	21	21	0	ok:protected-sed
1550	41	41	0	ok:protected-sed
1551	81	81	0	ok:protected-sed
1552	161	161	0	ok:protected-sed
1553	321	321	0	ok:protected-sed
1554	641	641	0	ok:protected-sed
1555	1281	1281	0	ok:protected-sed
1556	2561	2561	0	ok:protected-sed
1557	5121	5121	0	ok:protected-sed
1558	10241	10241	0	ok:protected-sed
1559	20481	20481	0	ok:protected-sed
1560	0	0	0	ok:protected-sed
1561	0	0	0	ok:protected-sed
1562	0	0	0	ok:protected-sed
1563	131	10	0	ok:protected-sed
1564	0	0	0	ok:protected-sed
1565	0	0	0	ok:protected-sed
1566	34	34	0	ok:protected-sed
1567	46	64	0	ok:protected-sed
1568	1	0	0	ok:protected-sed
1569	0	0	1	ok:protected-sed
1570	46	64	0	ok:protected-sed
1571	1	0	0	ok:protected-sed
1572	0	0	1	ok:protected-sed
1573	0	1438	1	ok:protected-sed
1574	0	50170	1	ok:protected-sed
1575	0	50170	1	ok:protected-sed
1576	0	50170	1	ok:protected-sed
1577	0	50197	1	ok:protected-sed
1578	0	1625	1	ok:protected-sed
1579	22	22	0	ok:protected-sed
1580	14	14	0	ok:protected-sed
1581	23	23	0	ok:protected-sed
1582	15	15	0	ok:protected-sed
1583	22	22	0	ok:protected-sed
1584	14	14	0	ok:protected-sed
1585	22	22	0	ok:protected-sed
1586	14	14	0	ok:protected-sed
1587	21	21	0	ok:protected-sed
1588	13	13	0	ok:protected-sed
1589	24	24	0	ok:protected-sed
1590	16	16	0	ok:protected-sed
1591	22	22	0	ok:protected-sed
1592	14	14	0	ok:protected-sed
1593	22	22	0	ok:protected-sed
1594	14	14	0	ok:protected-sed
1595	25	25	0	ok:protected-sed
1596	17	17	0	ok:protected-sed
1597	21	21	0	ok:protected-sed
1598	13	13	0	ok:protected-sed
1599	16	16	0	ok:protected-sed
1600	0	2439	1	ok:protected-sed
1601	18	18	0	ok:protected-sed
1602	0	2459	1	ok:protected-sed
1603	19	19	0	ok:protected-sed
1604	0	2469	1	ok:protected-sed
1605	25	25	0	ok:protected-sed
1606	19	19	0	ok:protected-sed
1607	19	19	0	ok:protected-sed
1608	13	13	0	ok:protected-sed
1609	21	21	0	ok:protected-sed
1610	15	15	0	ok:protected-sed
1611	9	9	0	ok:protected-sed
1612	9	9	0	ok:protected-sed
1613	8	8	0	ok:protected-sed
1614	8	8	0	ok:protected-sed
1615	8	8	0	ok:protected-sed
1616	8	8	0	ok:protected-sed
1617	14	14	0	ok:protected-sed
1618	14	14	0	ok:protected-sed
1619	7	7	0	ok:protected-sed
1620	7	7	0	ok:protected-sed
1621	5	5	0	ok:protected-sed
1622	5	5	0	ok:protected-sed
1623	9	9	0	ok:protected-sed
1624	9	9	0	ok:protected-sed
1625	7	7	0	ok:protected-sed
1626	7	7	0	ok:protected-sed
1627	8	8	0	ok:protected-sed
1628	8	8	0	ok:protected-sed
1629	7	7	0	ok:protected-sed
1630	7	7	0	ok:protected-sed
1631	10	10	0	ok:protected-sed
1632	10	10	0	ok:protected-sed
1633	0	2638	1	ok:protected-sed
1634	0	1985	1	ok:protected-sed
1635	25	7	0	ok:protected-sed
1636	25	8	0	ok:protected-sed
1637	25	10	0	ok:protected-sed
1638	2	1	0	ok:protected-sed
1639	4	3	0	ok:protected-sed
1640	2	1	0	ok:protected-sed
1641	633	682	0	ok:protected-sed
1642	6	6	0	ok:protected-sed
1643	126	123	0	ok:protected-sed
1644	0	2151	1	ok:protected-sed
1645	0	2155	1	ok:protected-sed
1646	25	7	0	ok:protected-sed
1648	34709	10826	0	ok:protected-sed
1649	31680	5875	0	ok:protected-sed
1647	5875	8759	0	ok:protected-sed
1650	1340	1339	0	ok:protected-sed
1651	7	7	0	ok:protected-sed
1652	7	7	0	ok:protected-sed
1653	3	3	0	ok:protected-sed
1654	4	4	0	ok:protected-sed
1655	8	8	0	ok:protected-sed
1656	9	9	0	ok:protected-sed
1657	131	131	0	ok:protected-sed
1658	12	12	0	ok:protected-sed
1659	25	25	0	ok:protected-sed
1660	25	25	0	ok:protected-sed
1661	10	10	0	ok:protected-sed
1662	25	25	0	ok:protected-sed
1663	25	25	0	ok:protected-sed
1664	10	10	0	ok:protected-sed
1665	88	88	0	ok:protected-sed
1666	99	99	0	ok:protected-sed
1667	89	89	0	ok:protected-sed
1668	90	90	0	ok:protected-sed
1669	92	92	0	ok:protected-sed
1670	19	19	0	ok:protected-sed
1671	3	3	0	ok:protected-sed
1672	6	6	0	ok:protected-sed
1673	6	6	0	ok:protected-sed
1674	2	2	0	ok:protected-sed
1675	1	1	0	ok:protected-sed
1676	6	6	0	ok:protected-sed
1677	13	13	0	ok:protected-sed
1678	21	21	0	ok:protected-sed
1679	4	4	0	ok:protected-sed
1680	39	39	0	ok:protected-sed
1681	6	6	0	ok:protected-sed
1682	9	9	0	ok:protected-sed
1683	11	11	0	ok:protected-sed
1684	5	5	0	ok:protected-sed
1685	4	4	0	ok:protected-sed
1686	2	2	0	ok:protected-sed
1687	5	5	0	ok:protected-sed
1688	34	34	0	ok:protected-sed
1689	1	1	0	ok:protected-sed
1690	46	46	0	ok:protected-sed
1691	3	3	0	ok:protected-sed
1692	224	224	0	ok:protected-sed
1693	151	151	0	ok:protected-sed
1694	224	224	0	ok:protected-sed
1695	1	1	0	ok:protected-sed
1696	1	1	0	ok:protected-sed
1697	1	1	0	ok:protected-sed
1698	123	135	0	ok:protected-sed
1699	197	215	0	ok:protected-sed
1700	6	6	0	ok:protected-sed
1701	5	5	0	ok:protected-sed
1702	1	1	0	ok:protected-sed
1703	1	1	0	ok:protected-sed
1704	7	7	0	ok:protected-sed
1705	1	1	0	ok:protected-sed
1706	4	4	0	ok:protected-sed
1707	3	3	0	ok:protected-sed
1708	1	1	0	ok:protected-sed
1709	1	1	0	ok:protected-sed
1710	1	1	0	ok:protected-sed
1711	1	1	0	ok:protected-sed
1712	1	1	0	ok:protected-sed
1713	2	2	0	ok:protected-sed
1714	4	4	0	ok:protected-sed
1715	1	1	0	ok:protected-sed
1716	4	4	0	ok:protected-sed
1717	3	3	0	ok:protected-sed
1718	1	1	0	ok:protected-sed
1719	1	1	0	ok:protected-sed
1720	3	3	0	ok:protected-sed
1721	1	1	0	ok:protected-sed
1722	1	1	0	ok:protected-sed
1723	1	1	0	ok:protected-sed
1724	1	1	0	ok:protected-sed
1725	1	1	0	ok:protected-sed
1726	1	1	0	ok:protected-sed
1727	3	3	0	ok:protected-sed
1728	1	1	0	ok:protected-sed
1729	1	1	0	ok:protected-sed
1730	1	1	0	ok:protected-sed
1731	1	1	0	ok:protected-sed
1732	1	1	0	ok:protected-sed
1733	3	3	0	ok:protected-sed
1734	3	3	0	ok:protected-sed
1735	3	3	0	ok:protected-sed
1736	12	12	0	ok:protected-sed
1737	3	3	0	ok:protected-sed
1738	3	3	0	ok:protected-sed
1739	8	8	0	ok:protected-sed
1740	1	1	0	ok:protected-sed
1741	3	3	0	ok:protected-sed
1742	97	103	0	ok:protected-sed
1743	40	40	0	ok:protected-sed
1744	1	1	0	ok:protected-sed
1745	1	1	0	ok:protected-sed
1746	1	1	0	ok:protected-sed
1747	22	22	0	ok:protected-sed
1748	3	3	0	ok:protected-sed
1749	3	3	0	ok:protected-sed
1750	6	6	0	ok:protected-sed
1751	1	1	0	ok:protected-sed
1752	16	16	0	ok:protected-sed
1753	3	3	0	ok:protected-sed
1754	9	9	0	ok:protected-sed
1755	106	106	0	ok:protected-sed
1756	40	40	0	ok:protected-sed
1757	1	1	0	ok:protected-sed
1758	1	1	0	ok:protected-sed
1759	1	1	0	ok:protected-sed
1760	40	40	0	ok:protected-sed
1761	1	1	0	ok:protected-sed
1762	4	4	0	ok:protected-sed
1763	29	29	0	ok:protected-sed
1764	14	14	0	ok:protected-sed
1765	12	12	0	ok:protected-sed
1766	8	8	0	ok:protected-sed
1767	8	8	0	ok:protected-sed
1768	8	8	0	ok:protected-sed
1769	1	1	0	ok:protected-sed
1770	1	1	0	ok:protected-sed
1771	1719	5088	0	ok:protected-sed
1772	0	330	1	ok:protected-sed
1774	6269	6620	0	ok:protected-sed
1773	6620	6455	0	ok:protected-sed
1775	0	0	1	ok:protected-sed
1777	1882	1887	0	ok:protected-sed
1776	1887	1887	0	ok:protected-sed
1778	0	0	0	ok:protected-sed
1779	29	87	0	ok:protected-sed
1780	12	13	0	ok:protected-sed
1781	13	15	0	ok:protected-sed
1782	21	25	0	ok:protected-sed
1783	11	12	0	ok:protected-sed
1784	123	141	0	ok:protected-sed
1785	197	225	0	ok:protected-sed
1786	9	10	0	ok:protected-sed
1787	106	116	0	ok:protected-sed
1788	40	44	0	ok:protected-sed
1789	39	43	0	ok:protected-sed
1790	34	37	0	ok:protected-sed
1791	46	52	0	ok:protected-sed
1792	97	103	0	ok:protected-sed
1793	40	49	0	ok:protected-sed
1794	0	0	0	ok:protected-sed
1795	6925	6925	0	ok:protected-sed
1796	12	12	0	ok:protected-sed
1797	0	48	1	ok:protected-sed
1798	0	62569	1	ok:protected-sed
1799	16	12	0	ok:protected-sed
1800	4	4	0	ok:protected-sed
1801	5	3	0	ok:protected-sed
1802	0	48	1	ok:protected-sed
1803	0	31080	1	ok:protected-sed
1804	11	8	0	ok:protected-sed
1805	3	3	0	ok:protected-sed
1806	4	3	0	ok:protected-sed
1807	0	80	1	ok:protected-sed
1808	0	7164	1	ok:protected-sed
1809	10	10	0	ok:protected-sed
1810	9	9	0	ok:protected-sed
1811	0	2	1	ok:protected-sed
1812	58602	6	0	ok:protected-sed
1813	58602	8	0	ok:protected-sed
1814	58602	1	0	ok:protected-sed
1815	58602	0	0	ok:protected-sed
1816	58602	1479	0	ok:protected-sed
1817	1479	1223	0	ok:protected-sed
1818	13	13	0	ok:protected-sed
1819	0	2	1	ok:protected-sed
1820	32679	6	0	ok:protected-sed
1821	32679	8	0	ok:protected-sed
1822	32679	1	0	ok:protected-sed
1823	32679	0	0	ok:protected-sed
1824	32679	0	0	ok:protected-sed
1825	0	0	0	ok:protected-sed
1826	26	15	0	ok:protected-sed
1827	0	0	1	ok:protected-sed
1828	8	8	0	ok:protected-sed
1829	0	0	0	ok:protected-sed
1830	0	7044	1	ok:protected-sed
1831	0	242722	1	ok:protected-sed
1832	26	15	0	ok:protected-sed
1833	15	3	0	ok:protected-sed
1834	3	3	0	ok:protected-sed
1835	4	4	0	ok:protected-sed
1836	4	3	0	ok:protected-sed
1838	739	1499	0	ok:protected-sed
1837	1499	1497	0	ok:protected-sed
1839	0	9232	1	ok:protected-sed
1840	35258	11053	0	ok:protected-sed
1841	32085	5875	0	ok:protected-sed
1842	0	0	0	ok:protected-sed
1843	4	4	0	ok:protected-sed
1844	23	23	0	ok:protected-sed
1845	11	11	0	ok:protected-sed
1846	7	7	0	ok:protected-sed
1847	8	8	0	ok:protected-sed
1848	7	7	0	ok:protected-sed
1849	8	8	0	ok:protected-sed
1850	26	26	0	ok:protected-sed
1851	0	0	0	ok:protected-sed
1852	14	11	0	ok:protected-sed
1853	5	5	0	ok:protected-sed
1854	5	5	0	ok:protected-sed
1855	14	11	0	ok:protected-sed
1856	25	10	0	ok:protected-sed
1857	25	15	0	ok:protected-sed
1858	15	15	0	ok:protected-sed
1859	14	11	0	ok:protected-sed
1860	25	10	0	ok:protected-sed
1861	25	15	0	ok:protected-sed
1862	15	15	0	ok:protected-sed
1863	14	11	0	ok:protected-sed
1864	25	10	0	ok:protected-sed
1865	25	15	0	ok:protected-sed
1866	15	15	0	ok:protected-sed
1867	0	72	1	ok:protected-sed
1868	80	58	0	ok:protected-sed
1869	0	326	1	ok:protected-sed
1870	0	280	1	ok:protected-sed
1871	13	6	0	ok:protected-sed
1872	5	5	0	ok:protected-sed
1873	22464	134	0	ok:protected-sed
1874	15	5	0	ok:protected-sed
1875	15	9	0	ok:protected-sed
1876	15	5	0	ok:protected-sed
1877	15	9	0	ok:protected-sed
1878	15	5	0	ok:protected-sed
1879	15	9	0	ok:protected-sed
1880	15	5	0	ok:protected-sed
1881	15	9	0	ok:protected-sed
1882	0	72	1	ok:protected-sed
1883	0	309	1	ok:protected-sed
1884	25	25	0	ok:protected-sed
1885	17	17	0	ok:protected-sed
1886	24	24	0	ok:protected-sed
1887	16	16	0	ok:protected-sed
1888	22	22	0	ok:protected-sed
1889	14	14	0	ok:protected-sed
1890	22	22	0	ok:protected-sed
1891	14	14	0	ok:protected-sed
1892	22	22	0	ok:protected-sed
1893	14	14	0	ok:protected-sed
1894	23	23	0	ok:protected-sed
1895	15	15	0	ok:protected-sed
1896	24	24	0	ok:protected-sed
1897	16	16	0	ok:protected-sed
1898	22	22	0	ok:protected-sed
1899	14	14	0	ok:protected-sed
1900	22	22	0	ok:protected-sed
1901	14	14	0	ok:protected-sed
1902	0	1202	1	ok:protected-sed
1903	0	549	1	ok:protected-sed
1904	9344	7227	0	ok:protected-sed
1905	21	21	0	ok:protected-sed
1906	41	41	0	ok:protected-sed
1907	81	81	0	ok:protected-sed
1908	161	161	0	ok:protected-sed
1909	321	321	0	ok:protected-sed
1910	641	641	0	ok:protected-sed
1911	1281	1281	0	ok:protected-sed
1912	2561	2561	0	ok:protected-sed
1913	5121	5121	0	ok:protected-sed
1914	10241	10241	0	ok:protected-sed
1915	20481	20481	0	ok:protected-sed
1916	0	0	0	ok:protected-sed
1917	0	0	0	ok:protected-sed
1918	0	0	0	ok:protected-sed
1919	131	10	0	ok:protected-sed
1920	0	0	0	ok:protected-sed
1921	0	0	0	ok:protected-sed
1922	34	34	0	ok:protected-sed
1923	46	64	0	ok:protected-sed
1924	1	0	0	ok:protected-sed
1925	0	0	1	ok:protected-sed
1926	46	64	0	ok:protected-sed
1927	1	0	0	ok:protected-sed
1928	0	0	1	ok:protected-sed
1929	0	1418	1	ok:protected-sed
1930	0	878	1	ok:protected-sed
1931	0	931	1	ok:protected-sed
1932	25	39	0	ok:protected-sed
1933	0	50546	1	ok:protected-sed
1934	0	50546	1	ok:protected-sed
1935	0	50546	1	ok:protected-sed
1936	0	50573	1	ok:protected-sed
1937	22	22	0	ok:protected-sed
1938	14	14	0	ok:protected-sed
1939	22	22	0	ok:protected-sed
1940	14	14	0	ok:protected-sed
1941	22	22	0	ok:protected-sed
1942	14	14	0	ok:protected-sed
1943	23	23	0	ok:protected-sed
1944	15	15	0	ok:protected-sed
1945	22	22	0	ok:protected-sed
1946	14	14	0	ok:protected-sed
1947	21	21	0	ok:protected-sed
1948	13	13	0	ok:protected-sed
1949	25	25	0	ok:protected-sed
1950	17	17	0	ok:protected-sed
1951	22	22	0	ok:protected-sed
1952	14	14	0	ok:protected-sed
1953	22	22	0	ok:protected-sed
1954	14	14	0	ok:protected-sed
1955	20	20	0	ok:protected-sed
1956	12	12	0	ok:protected-sed
1957	24	24	0	ok:protected-sed
1958	16	16	0	ok:protected-sed
1959	18	18	0	ok:protected-sed
1960	12	12	0	ok:protected-sed
1961	16	16	0	ok:protected-sed
1962	0	2725	1	ok:protected-sed
1963	21	21	0	ok:protected-sed
1964	15	15	0	ok:protected-sed
1965	0	2094	1	ok:protected-sed
1966	5	5	0	ok:protected-sed
1967	5	5	0	ok:protected-sed
1968	7	7	0	ok:protected-sed
1969	7	7	0	ok:protected-sed
1970	7	7	0	ok:protected-sed
1971	7	7	0	ok:protected-sed
1972	8	8	0	ok:protected-sed
1973	8	8	0	ok:protected-sed
1974	8	8	0	ok:protected-sed
1975	8	8	0	ok:protected-sed
1976	7	7	0	ok:protected-sed
1977	7	7	0	ok:protected-sed
1978	7	7	0	ok:protected-sed
1979	7	7	0	ok:protected-sed
1980	10	10	0	ok:protected-sed
1981	10	10	0	ok:protected-sed
1982	9	9	0	ok:protected-sed
1983	9	9	0	ok:protected-sed
1985	33271	10188	0	ok:protected-sed
1986	30108	5567	0	ok:protected-sed
1984	5567	8172	0	ok:protected-sed
1987	1340	1339	0	ok:protected-sed
1988	7	7	0	ok:protected-sed
1989	7	7	0	ok:protected-sed
1990	3	3	0	ok:protected-sed
1991	4	4	0	ok:protected-sed
1992	8	8	0	ok:protected-sed
1993	9	9	0	ok:protected-sed
1994	131	131	0	ok:protected-sed
1995	12	12	0	ok:protected-sed
1996	25	25	0	ok:protected-sed
1997	25	25	0	ok:protected-sed
1998	10	10	0	ok:protected-sed
1999	25	25	0	ok:protected-sed
2000	25	25	0	ok:protected-sed
2001	10	10	0	ok:protected-sed
2002	88	88	0	ok:protected-sed
2003	99	99	0	ok:protected-sed
2004	89	89	0	ok:protected-sed
2005	90	90	0	ok:protected-sed
2006	92	92	0	ok:protected-sed
2007	19	19	0	ok:protected-sed
2008	3	3	0	ok:protected-sed
2009	6	6	0	ok:protected-sed
2010	6	6	0	ok:protected-sed
2011	2	2	0	ok:protected-sed
2012	1	1	0	ok:protected-sed
2013	6	6	0	ok:protected-sed
2014	13	13	0	ok:protected-sed
2015	21	21	0	ok:protected-sed
2016	4	4	0	ok:protected-sed
2017	39	39	0	ok:protected-sed
2018	6	6	0	ok:protected-sed
2019	9	9	0	ok:protected-sed
2020	11	11	0	ok:protected-sed
2021	5	5	0	ok:protected-sed
2022	4	4	0	ok:protected-sed
2023	2	2	0	ok:protected-sed
2024	5	5	0	ok:protected-sed
2025	34	34	0	ok:protected-sed
2026	1	1	0	ok:protected-sed
2027	46	46	0	ok:protected-sed
2028	3	3	0	ok:protected-sed
2029	224	224	0	ok:protected-sed
2030	151	151	0	ok:protected-sed
2031	224	224	0	ok:protected-sed
2032	1	1	0	ok:protected-sed
2033	1	1	0	ok:protected-sed
2034	1	1	0	ok:protected-sed
2035	123	135	0	ok:protected-sed
2036	197	215	0	ok:protected-sed
2037	6	6	0	ok:protected-sed
2038	5	5	0	ok:protected-sed
2039	1	1	0	ok:protected-sed
2040	1	1	0	ok:protected-sed
2041	7	7	0	ok:protected-sed
2042	1	1	0	ok:protected-sed
2043	4	4	0	ok:protected-sed
2044	3	3	0	ok:protected-sed
2045	1	1	0	ok:protected-sed
2046	1	1	0	ok:protected-sed
2047	1	1	0	ok:protected-sed
2048	1	1	0	ok:protected-sed
2049	1	1	0	ok:protected-sed
2050	2	2	0	ok:protected-sed
2051	4	4	0	ok:protected-sed
2052	1	1	0	ok:protected-sed
2053	4	4	0	ok:protected-sed
2054	3	3	0	ok:protected-sed
2055	1	1	0	ok:protected-sed
2056	1	1	0	ok:protected-sed
2057	3	3	0	ok:protected-sed
2058	1	1	0	ok:protected-sed
2059	1	1	0	ok:protected-sed
2060	1	1	0	ok:protected-sed
2061	1	1	0	ok:protected-sed
2062	1	1	0	ok:protected-sed
2063	1	1	0	ok:protected-sed
2064	3	3	0	ok:protected-sed
2065	1	1	0	ok:protected-sed
2066	1	1	0	ok:protected-sed
2067	1	1	0	ok:protected-sed
2068	1	1	0	ok:protected-sed
2069	1	1	0	ok:protected-sed
2070	3	3	0	ok:protected-sed
2071	3	3	0	ok:protected-sed
2072	3	3	0	ok:protected-sed
2073	12	12	0	ok:protected-sed
2074	3	3	0	ok:protected-sed
2075	3	3	0	ok:protected-sed
2076	8	8	0	ok:protected-sed
2077	1	1	0	ok:protected-sed
2078	3	3	0	ok:protected-sed
2079	97	103	0	ok:protected-sed
2080	40	40	0	ok:protected-sed
2081	1	1	0	ok:protected-sed
2082	1	1	0	ok:protected-sed
2083	1	1	0	ok:protected-sed
2084	22	22	0	ok:protected-sed
2085	3	3	0	ok:protected-sed
2086	3	3	0	ok:protected-sed
2087	6	6	0	ok:protected-sed
2088	1	1	0	ok:protected-sed
2089	16	16	0	ok:protected-sed
2090	3	3	0	ok:protected-sed
2091	9	9	0	ok:protected-sed
2092	106	106	0	ok:protected-sed
2093	40	40	0	ok:protected-sed
2094	1	1	0	ok:protected-sed
2095	1	1	0	ok:protected-sed
2096	1	1	0	ok:protected-sed
2097	40	40	0	ok:protected-sed
2098	1	1	0	ok:protected-sed
2099	4	4	0	ok:protected-sed
2100	29	29	0	ok:protected-sed
2101	14	14	0	ok:protected-sed
2102	12	12	0	ok:protected-sed
2103	8	8	0	ok:protected-sed
2104	8	8	0	ok:protected-sed
2105	8	8	0	ok:protected-sed
2106	1	1	0	ok:protected-sed
2107	1	1	0	ok:protected-sed
2108	1566	4692	0	ok:protected-sed
2109	0	312	1	ok:protected-sed
2111	5835	6162	0	ok:protected-sed
2110	6162	6006	0	ok:protected-sed
2112	0	0	1	ok:protected-sed
2114	1938	1952	0	ok:protected-sed
2113	1952	1952	0	ok:protected-sed
2115	0	0	0	ok:protected-sed
2116	29	87	0	ok:protected-sed
2117	12	13	0	ok:protected-sed
2118	13	15	0	ok:protected-sed
2119	21	25	0	ok:protected-sed
2120	11	12	0	ok:protected-sed
2121	123	141	0	ok:protected-sed
2122	197	225	0	ok:protected-sed
2123	9	10	0	ok:protected-sed
2124	106	116	0	ok:protected-sed
2125	40	44	0	ok:protected-sed
2126	39	43	0	ok:protected-sed
2127	34	37	0	ok:protected-sed
2128	46	52	0	ok:protected-sed
2129	97	103	0	ok:protected-sed
2130	40	49	0	ok:protected-sed
2131	0	0	0	ok:protected-sed
2132	6476	6476	0	ok:protected-sed
2133	11	11	0	ok:protected-sed
2134	0	0	1	ok:protected-sed
2135	0	484	1	ok:protected-sed
2136	0	0	1	ok:protected-sed
2137	12	12	0	ok:protected-sed
2138	0	48	1	ok:protected-sed
2139	0	206966	1	ok:protected-sed
2140	16	12	0	ok:protected-sed
2141	4	4	0	ok:protected-sed
2142	5	3	0	ok:protected-sed
2143	0	48	1	ok:protected-sed
2144	0	27151	1	ok:protected-sed
2145	11	8	0	ok:protected-sed
2146	3	3	0	ok:protected-sed
2147	4	3	0	ok:protected-sed
2148	0	80	1	ok:protected-sed
2149	0	7164	1	ok:protected-sed
2150	10	10	0	ok:protected-sed
2151	20	9	0	ok:protected-sed
2152	0	0	1	ok:protected-sed
2153	9	9	0	ok:protected-sed
2154	0	2	1	ok:protected-sed
2155	172690	6	0	ok:protected-sed
2156	172690	8	0	ok:protected-sed
2157	172690	1	0	ok:protected-sed
2158	172690	0	0	ok:protected-sed
2159	172690	3101	0	ok:protected-sed
2160	3101	2577	0	ok:protected-sed
2161	13	13	0	ok:protected-sed
2162	0	2	1	ok:protected-sed
2163	28674	6	0	ok:protected-sed
2164	28674	8	0	ok:protected-sed
2165	28674	1	0	ok:protected-sed
2166	28674	0	0	ok:protected-sed
2167	28674	0	0	ok:protected-sed
2168	0	0	0	ok:protected-sed
2169	26	15	0	ok:protected-sed
2170	0	0	1	ok:protected-sed
2171	8	8	0	ok:protected-sed
2172	0	0	0	ok:protected-sed
2173	0	7044	1	ok:protected-sed
2174	0	242722	1	ok:protected-sed
2175	20	9	0	ok:protected-sed
2176	26	15	0	ok:protected-sed
2177	15	3	0	ok:protected-sed
2178	3	3	0	ok:protected-sed
2179	4	4	0	ok:protected-sed
2180	4	3	0	ok:protected-sed
2182	4414	7144	0	ok:protected-sed
2181	7144	7142	0	ok:protected-sed
2183	0	14734	1	ok:protected-sed
2184	33820	10415	0	ok:protected-sed
2185	30513	5567	0	ok:protected-sed
2186	0	0	0	ok:protected-sed
2187	4	4	0	ok:protected-sed
2188	23	23	0	ok:protected-sed
2189	11	11	0	ok:protected-sed
2190	7	7	0	ok:protected-sed
2191	8	8	0	ok:protected-sed
2192	7	7	0	ok:protected-sed
2193	8	8	0	ok:protected-sed
2194	26	26	0	ok:protected-sed
2195	0	0	0	ok:protected-sed
2196	16	11	0	ok:protected-sed
2197	5	5	0	ok:protected-sed
2198	5	5	0	ok:protected-sed
2199	16	11	0	ok:protected-sed
2200	25	10	0	ok:protected-sed
2201	25	15	0	ok:protected-sed
2202	15	15	0	ok:protected-sed
2203	16	11	0	ok:protected-sed
2204	25	10	0	ok:protected-sed
2205	25	15	0	ok:protected-sed
2206	15	15	0	ok:protected-sed
2207	16	11	0	ok:protected-sed
2208	25	10	0	ok:protected-sed
2209	25	15	0	ok:protected-sed
2210	15	15	0	ok:protected-sed
2211	0	72	1	ok:protected-sed
2212	80	58	0	ok:protected-sed
2213	0	332	1	ok:protected-sed
2214	0	286	1	ok:protected-sed
2215	13	6	0	ok:protected-sed
2216	5	5	0	ok:protected-sed
2217	22464	134	0	ok:protected-sed
2218	15	5	0	ok:protected-sed
2219	15	9	0	ok:protected-sed
2220	15	5	0	ok:protected-sed
2221	15	9	0	ok:protected-sed
2222	15	5	0	ok:protected-sed
2223	15	9	0	ok:protected-sed
2224	15	5	0	ok:protected-sed
2225	15	9	0	ok:protected-sed
2226	0	72	1	ok:protected-sed
2227	0	317	1	ok:protected-sed
2228	25	25	0	ok:protected-sed
2229	17	17	0	ok:protected-sed
2230	24	24	0	ok:protected-sed
2231	16	16	0	ok:protected-sed
2232	22	22	0	ok:protected-sed
2233	14	14	0	ok:protected-sed
2234	22	22	0	ok:protected-sed
2235	14	14	0	ok:protected-sed
2236	22	22	0	ok:protected-sed
2237	14	14	0	ok:protected-sed
2238	23	23	0	ok:protected-sed
2239	15	15	0	ok:protected-sed
2240	24	24	0	ok:protected-sed
2241	16	16	0	ok:protected-sed
2242	22	22	0	ok:protected-sed
2243	14	14	0	ok:protected-sed
2244	22	22	0	ok:protected-sed
2245	14	14	0	ok:protected-sed
2246	0	1210	1	ok:protected-sed
2247	0	557	1	ok:protected-sed
2248	9344	7227	0	ok:protected-sed
2249	21	21	0	ok:protected-sed
2250	41	41	0	ok:protected-sed
2251	81	81	0	ok:protected-sed
2252	161	161	0	ok:protected-sed
2253	321	321	0	ok:protected-sed
2254	641	641	0	ok:protected-sed
2255	1281	1281	0	ok:protected-sed
2256	2561	2561	0	ok:protected-sed
2257	5121	5121	0	ok:protected-sed
2258	10241	10241	0	ok:protected-sed
2259	20481	20481	0	ok:protected-sed
2260	0	0	0	ok:protected-sed
2261	0	0	0	ok:protected-sed
2262	0	0	0	ok:protected-sed
2263	131	10	0	ok:protected-sed
2264	0	0	0	ok:protected-sed
2265	0	0	0	ok:protected-sed
2266	34	34	0	ok:protected-sed
2267	46	64	0	ok:protected-sed
2268	1	0	0	ok:protected-sed
2269	0	0	1	ok:protected-sed
2270	46	64	0	ok:protected-sed
2271	1	0	0	ok:protected-sed
2272	0	0	1	ok:protected-sed
2273	0	1426	1	ok:protected-sed
2274	0	1903	1	ok:protected-sed
2275	0	1428	1	ok:protected-sed
2276	0	775	1	ok:protected-sed
2278	31027	8520	0	ok:protected-sed
2279	28455	4421	0	ok:protected-sed
2277	4421	6042	0	ok:protected-sed
2280	1340	1339	0	ok:protected-sed
2281	7	7	0	ok:protected-sed
2282	7	7	0	ok:protected-sed
2283	3	3	0	ok:protected-sed
2284	4	4	0	ok:protected-sed
2285	8	8	0	ok:protected-sed
2286	9	9	0	ok:protected-sed
2287	131	131	0	ok:protected-sed
2288	12	12	0	ok:protected-sed
2289	25	25	0	ok:protected-sed
2290	25	25	0	ok:protected-sed
2291	10	10	0	ok:protected-sed
2292	25	25	0	ok:protected-sed
2293	25	25	0	ok:protected-sed
2294	10	10	0	ok:protected-sed
2295	88	88	0	ok:protected-sed
2296	99	99	0	ok:protected-sed
2297	89	89	0	ok:protected-sed
2298	90	90	0	ok:protected-sed
2299	92	92	0	ok:protected-sed
2300	19	19	0	ok:protected-sed
2301	3	3	0	ok:protected-sed
2302	6	6	0	ok:protected-sed
2303	6	6	0	ok:protected-sed
2304	2	2	0	ok:protected-sed
2305	1	1	0	ok:protected-sed
2306	6	6	0	ok:protected-sed
2307	13	13	0	ok:protected-sed
2308	21	21	0	ok:protected-sed
2309	4	4	0	ok:protected-sed
2310	39	39	0	ok:protected-sed
2311	6	6	0	ok:protected-sed
2312	9	9	0	ok:protected-sed
2313	11	11	0	ok:protected-sed
2314	5	5	0	ok:protected-sed
2315	4	4	0	ok:protected-sed
2316	2	2	0	ok:protected-sed
2317	5	5	0	ok:protected-sed
2318	34	34	0	ok:protected-sed
2319	1	1	0	ok:protected-sed
2320	46	46	0	ok:protected-sed
2321	3	3	0	ok:protected-sed
2322	224	224	0	ok:protected-sed
2323	151	151	0	ok:protected-sed
2324	224	224	0	ok:protected-sed
2325	1	1	0	ok:protected-sed
2326	1	1	0	ok:protected-sed
2327	1	1	0	ok:protected-sed
2328	123	135	0	ok:protected-sed
2329	197	215	0	ok:protected-sed
2330	6	6	0	ok:protected-sed
2331	5	5	0	ok:protected-sed
2332	1	1	0	ok:protected-sed
2333	1	1	0	ok:protected-sed
2334	7	7	0	ok:protected-sed
2335	1	1	0	ok:protected-sed
2336	4	4	0	ok:protected-sed
2337	3	3	0	ok:protected-sed
2338	1	1	0	ok:protected-sed
2339	1	1	0	ok:protected-sed
2340	1	1	0	ok:protected-sed
2341	1	1	0	ok:protected-sed
2342	1	1	0	ok:protected-sed
2343	2	2	0	ok:protected-sed
2344	4	4	0	ok:protected-sed
2345	1	1	0	ok:protected-sed
2346	4	4	0	ok:protected-sed
2347	3	3	0	ok:protected-sed
2348	1	1	0	ok:protected-sed
2349	1	1	0	ok:protected-sed
2350	3	3	0	ok:protected-sed
2351	1	1	0	ok:protected-sed
2352	1	1	0	ok:protected-sed
2353	1	1	0	ok:protected-sed
2354	1	1	0	ok:protected-sed
2355	1	1	0	ok:protected-sed
2356	1	1	0	ok:protected-sed
2357	3	3	0	ok:protected-sed
2358	1	1	0	ok:protected-sed
2359	1	1	0	ok:protected-sed
2360	1	1	0	ok:protected-sed
2361	1	1	0	ok:protected-sed
2362	1	1	0	ok:protected-sed
2363	3	3	0	ok:protected-sed
2364	3	3	0	ok:protected-sed
2365	3	3	0	ok:protected-sed
2366	12	12	0	ok:protected-sed
2367	3	3	0	ok:protected-sed
2368	3	3	0	ok:protected-sed
2369	8	8	0	ok:protected-sed
2370	1	1	0	ok:protected-sed
2371	3	3	0	ok:protected-sed
2372	97	103	0	ok:protected-sed
2373	40	40	0	ok:protected-sed
2374	1	1	0	ok:protected-sed
2375	1	1	0	ok:protected-sed
2376	1	1	0	ok:protected-sed
2377	22	22	0	ok:protected-sed
2378	3	3	0	ok:protected-sed
2379	3	3	0	ok:protected-sed
2380	6	6	0	ok:protected-sed
2381	1	1	0	ok:protected-sed
2382	16	16	0	ok:protected-sed
2383	3	3	0	ok:protected-sed
2384	9	9	0	ok:protected-sed
2385	106	106	0	ok:protected-sed
2386	40	40	0	ok:protected-sed
2387	1	1	0	ok:protected-sed
2388	1	1	0	ok:protected-sed
2389	1	1	0	ok:protected-sed
2390	40	40	0	ok:protected-sed
2391	1	1	0	ok:protected-sed
2392	4	4	0	ok:protected-sed
2393	29	29	0	ok:protected-sed
2394	14	14	0	ok:protected-sed
2395	12	12	0	ok:protected-sed
2396	8	8	0	ok:protected-sed
2397	8	8	0	ok:protected-sed
2398	8	8	0	ok:protected-sed
2399	1	1	0	ok:protected-sed
2400	1	1	0	ok:protected-sed
2401	1382	4134	0	ok:protected-sed
2402	0	274	1	ok:protected-sed
2403	5361	5650	0	ok:protected-sed
2404	5650	5513	0	ok:protected-sed
2405	0	0	1	ok:protected-sed
2407	697	698	0	ok:protected-sed
2406	698	698	0	ok:protected-sed
2408	0	0	0	ok:protected-sed
2409	29	87	0	ok:protected-sed
2410	12	13	0	ok:protected-sed
2411	13	15	0	ok:protected-sed
2412	21	25	0	ok:protected-sed
2413	11	12	0	ok:protected-sed
2414	123	141	0	ok:protected-sed
2415	197	225	0	ok:protected-sed
2416	9	10	0	ok:protected-sed
2417	106	116	0	ok:protected-sed
2418	40	44	0	ok:protected-sed
2419	39	43	0	ok:protected-sed
2420	34	37	0	ok:protected-sed
2421	46	52	0	ok:protected-sed
2422	97	103	0	ok:protected-sed
2423	40	49	0	ok:protected-sed
2424	0	0	0	ok:protected-sed
2425	5983	5983	0	ok:protected-sed
2426	12	12	0	ok:protected-sed
2427	0	48	1	ok:protected-sed
2428	0	40030	1	ok:protected-sed
2429	11	8	0	ok:protected-sed
2430	3	3	0	ok:protected-sed
2431	4	3	0	ok:protected-sed
2432	0	80	1	ok:protected-sed
2433	0	7164	1	ok:protected-sed
2434	11	11	0	ok:protected-sed
2435	9	9	0	ok:protected-sed
2436	0	2	1	ok:protected-sed
2437	40096	6	0	ok:protected-sed
2438	40096	8	0	ok:protected-sed
2439	40096	1	0	ok:protected-sed
2440	40096	0	0	ok:protected-sed
2441	40096	571	0	ok:protected-sed
2442	571	471	0	ok:protected-sed
2443	26	15	0	ok:protected-sed
2444	0	0	1	ok:protected-sed
2445	8	8	0	ok:protected-sed
2446	0	0	0	ok:protected-sed
2447	0	7044	1	ok:protected-sed
2448	0	242722	1	ok:protected-sed
2449	26	15	0	ok:protected-sed
2450	15	3	0	ok:protected-sed
2451	3	3	0	ok:protected-sed
2452	4	4	0	ok:protected-sed
2453	4	3	0	ok:protected-sed
2455	376	766	0	ok:protected-sed
2454	766	764	0	ok:protected-sed
2456	0	8477	1	ok:protected-sed
2457	31576	8747	0	ok:protected-sed
2458	28860	4421	0	ok:protected-sed
2459	0	0	0	ok:protected-sed
2460	4	4	0	ok:protected-sed
2461	23	23	0	ok:protected-sed
2462	11	11	0	ok:protected-sed
2463	7	7	0	ok:protected-sed
2464	8	8	0	ok:protected-sed
2465	7	7	0	ok:protected-sed
2466	8	8	0	ok:protected-sed
2467	26	26	0	ok:protected-sed
2468	0	0	0	ok:protected-sed
2469	16	11	0	ok:protected-sed
2470	5	5	0	ok:protected-sed
2471	5	5	0	ok:protected-sed
2472	16	11	0	ok:protected-sed
2473	25	10	0	ok:protected-sed
2474	25	15	0	ok:protected-sed
2475	15	15	0	ok:protected-sed
2476	16	11	0	ok:protected-sed
2477	25	10	0	ok:protected-sed
2478	25	15	0	ok:protected-sed
2479	15	15	0	ok:protected-sed
2480	16	11	0	ok:protected-sed
2481	25	10	0	ok:protected-sed
2482	25	15	0	ok:protected-sed
2483	15	15	0	ok:protected-sed
2484	0	72	1	ok:protected-sed
2485	80	58	0	ok:protected-sed
2486	0	323	1	ok:protected-sed
2487	0	277	1	ok:protected-sed
2488	13	6	0	ok:protected-sed
2489	5	5	0	ok:protected-sed
2490	22464	134	0	ok:protected-sed
2491	15	5	0	ok:protected-sed
2492	15	9	0	ok:protected-sed
2493	15	5	0	ok:protected-sed
2494	15	9	0	ok:protected-sed
2495	15	5	0	ok:protected-sed
2496	15	9	0	ok:protected-sed
2497	15	5	0	ok:protected-sed
2498	15	9	0	ok:protected-sed
2499	0	72	1	ok:protected-sed
2500	0	44	1	ok:protected-sed
2501	0	44	1	ok:protected-sed
2502	0	44	1	ok:protected-sed
2503	0	44	1	ok:protected-sed
2504	0	371	1	ok:protected-sed
2505	0	325	1	ok:protected-sed
2506	0	325	1	ok:protected-sed
2507	0	325	1	ok:protected-sed
2508	22464	134	0	ok:protected-sed
2509	15	5	0	ok:protected-sed
2510	15	9	0	ok:protected-sed
2511	15	5	0	ok:protected-sed
2512	15	9	0	ok:protected-sed
2513	15	5	0	ok:protected-sed
2514	15	9	0	ok:protected-sed
2515	15	5	0	ok:protected-sed
2516	15	9	0	ok:protected-sed
2517	0	305	1	ok:protected-sed
2518	25	25	0	ok:protected-sed
2519	17	17	0	ok:protected-sed
2520	24	24	0	ok:protected-sed
2521	16	16	0	ok:protected-sed
2522	22	22	0	ok:protected-sed
2523	14	14	0	ok:protected-sed
2524	22	22	0	ok:protected-sed
2525	14	14	0	ok:protected-sed
2526	22	22	0	ok:protected-sed
2527	14	14	0	ok:protected-sed
2528	23	23	0	ok:protected-sed
2529	15	15	0	ok:protected-sed
2530	24	24	0	ok:protected-sed
2531	16	16	0	ok:protected-sed
2532	22	22	0	ok:protected-sed
2533	14	14	0	ok:protected-sed
2534	22	22	0	ok:protected-sed
2535	14	14	0	ok:protected-sed
2536	0	1198	1	ok:protected-sed
2537	0	545	1	ok:protected-sed
2538	9344	7227	0	ok:protected-sed
2539	21	21	0	ok:protected-sed
2540	41	41	0	ok:protected-sed
2541	81	81	0	ok:protected-sed
2542	161	161	0	ok:protected-sed
2543	321	321	0	ok:protected-sed
2544	641	641	0	ok:protected-sed
2545	1281	1281	0	ok:protected-sed
2546	2561	2561	0	ok:protected-sed
2547	5121	5121	0	ok:protected-sed
2548	10241	10241	0	ok:protected-sed
2549	20481	20481	0	ok:protected-sed
2550	0	0	0	ok:protected-sed
2551	0	0	0	ok:protected-sed
2552	0	0	0	ok:protected-sed
2553	131	10	0	ok:protected-sed
2554	0	0	0	ok:protected-sed
2555	0	0	0	ok:protected-sed
2556	34	34	0	ok:protected-sed
2557	46	64	0	ok:protected-sed
2558	1	0	0	ok:protected-sed
2559	0	0	1	ok:protected-sed
2560	46	64	0	ok:protected-sed
2561	1	0	0	ok:protected-sed
2562	0	0	1	ok:protected-sed
2563	0	1414	1	ok:protected-sed
2564	0	50165	1	ok:protected-sed
2565	0	50165	1	ok:protected-sed
2566	0	50165	1	ok:protected-sed
2567	0	50192	1	ok:protected-sed
2568	22	22	0	ok:protected-sed
2569	14	14	0	ok:protected-sed
2570	23	23	0	ok:protected-sed
2571	15	15	0	ok:protected-sed
2572	22	22	0	ok:protected-sed
2573	14	14	0	ok:protected-sed
2574	22	22	0	ok:protected-sed
2575	14	14	0	ok:protected-sed
2576	25	25	0	ok:protected-sed
2577	0	1606	1	ok:protected-sed
2578	0	953	1	ok:protected-sed
2579	22	22	0	ok:protected-sed
2580	14	14	0	ok:protected-sed
2581	22	22	0	ok:protected-sed
2582	14	14	0	ok:protected-sed
2583	25	25	0	ok:protected-sed
2584	17	17	0	ok:protected-sed
2585	21	21	0	ok:protected-sed
2586	13	13	0	ok:protected-sed
2587	24	24	0	ok:protected-sed
2588	16	16	0	ok:protected-sed
2589	24	24	0	ok:protected-sed
2590	16	16	0	ok:protected-sed
2591	24	24	0	ok:protected-sed
2592	16	16	0	ok:protected-sed
2593	16	16	0	ok:protected-sed
2594	0	2276	1	ok:protected-sed
2595	19	19	0	ok:protected-sed
2596	13	13	0	ok:protected-sed
2597	20	20	0	ok:protected-sed
2598	14	14	0	ok:protected-sed
2599	16	16	0	ok:protected-sed
2600	0	2327	1	ok:protected-sed
2601	21	21	0	ok:protected-sed
2602	15	15	0	ok:protected-sed
2603	19	19	0	ok:protected-sed
2604	13	13	0	ok:protected-sed
2605	16	16	0	ok:protected-sed
2606	10	10	0	ok:protected-sed
2607	17	17	0	ok:protected-sed
2608	11	11	0	ok:protected-sed
2609	17	17	0	ok:protected-sed
2610	11	11	0	ok:protected-sed
2611	29	29	0	ok:protected-sed
2612	14	14	0	ok:protected-sed
2613	22	22	0	ok:protected-sed
2614	14	14	0	ok:protected-sed
2615	22	22	0	ok:protected-sed
2616	14	14	0	ok:protected-sed
2617	0	2595	1	ok:protected-sed
2618	0	1740	1	ok:protected-sed
2619	0	1740	1	ok:protected-sed
2620	7	7	0	ok:protected-sed
2621	7	7	0	ok:protected-sed
2622	5	5	0	ok:protected-sed
2623	5	5	0	ok:protected-sed
2624	5	5	0	ok:protected-sed
2625	5	5	0	ok:protected-sed
2626	7	7	0	ok:protected-sed
2627	7	7	0	ok:protected-sed
2628	8	8	0	ok:protected-sed
2629	8	8	0	ok:protected-sed
2630	25	25	0	ok:protected-sed
2631	16	11	0	ok:protected-sed
2632	25	10	0	ok:protected-sed
2633	25	15	0	ok:protected-sed
2634	15	15	0	ok:protected-sed
2635	29	27	0	ok:protected-sed
2636	25	23	0	ok:protected-sed
2638	51164	12267	0	ok:protected-sed
2639	32192	5626	0	ok:protected-sed
2637	5626	8105	0	ok:protected-sed
2640	1340	1339	0	ok:protected-sed
2641	7	7	0	ok:protected-sed
2642	7	7	0	ok:protected-sed
2643	3	3	0	ok:protected-sed
2644	4	4	0	ok:protected-sed
2645	8	8	0	ok:protected-sed
2646	9	9	0	ok:protected-sed
2647	131	131	0	ok:protected-sed
2648	12	12	0	ok:protected-sed
2649	25	25	0	ok:protected-sed
2650	25	25	0	ok:protected-sed
2651	10	10	0	ok:protected-sed
2652	25	25	0	ok:protected-sed
2653	25	25	0	ok:protected-sed
2654	10	10	0	ok:protected-sed
2655	88	88	0	ok:protected-sed
2656	99	99	0	ok:protected-sed
2657	89	89	0	ok:protected-sed
2658	90	90	0	ok:protected-sed
2659	92	92	0	ok:protected-sed
2660	19	19	0	ok:protected-sed
2661	3	3	0	ok:protected-sed
2662	6	6	0	ok:protected-sed
2663	6	6	0	ok:protected-sed
2664	2	2	0	ok:protected-sed
2665	1	1	0	ok:protected-sed
2666	6	6	0	ok:protected-sed
2667	13	13	0	ok:protected-sed
2668	21	21	0	ok:protected-sed
2669	4	4	0	ok:protected-sed
2670	39	39	0	ok:protected-sed
2671	6	6	0	ok:protected-sed
2672	9	9	0	ok:protected-sed
2673	11	11	0	ok:protected-sed
2674	5	5	0	ok:protected-sed
2675	4	4	0	ok:protected-sed
2676	2	2	0	ok:protected-sed
2677	5	5	0	ok:protected-sed
2678	34	34	0	ok:protected-sed
2679	1	1	0	ok:protected-sed
2680	46	46	0	ok:protected-sed
2681	3	3	0	ok:protected-sed
2682	224	224	0	ok:protected-sed
2683	151	151	0	ok:protected-sed
2684	224	224	0	ok:protected-sed
2685	1	1	0	ok:protected-sed
2686	1	1	0	ok:protected-sed
2687	1	1	0	ok:protected-sed
2688	123	135	0	ok:protected-sed
2689	197	215	0	ok:protected-sed
2690	6	6	0	ok:protected-sed
2691	5	5	0	ok:protected-sed
2692	1	1	0	ok:protected-sed
2693	1	1	0	ok:protected-sed
2694	7	7	0	ok:protected-sed
2695	1	1	0	ok:protected-sed
2696	4	4	0	ok:protected-sed
2697	3	3	0	ok:protected-sed
2698	1	1	0	ok:protected-sed
2699	1	1	0	ok:protected-sed
2700	1	1	0	ok:protected-sed
2701	1	1	0	ok:protected-sed
2702	1	1	0	ok:protected-sed
2703	2	2	0	ok:protected-sed
2704	4	4	0	ok:protected-sed
2705	1	1	0	ok:protected-sed
2706	4	4	0	ok:protected-sed
2707	3	3	0	ok:protected-sed
2708	1	1	0	ok:protected-sed
2709	1	1	0	ok:protected-sed
2710	3	3	0	ok:protected-sed
2711	1	1	0	ok:protected-sed
2712	1	1	0	ok:protected-sed
2713	1	1	0	ok:protected-sed
2714	1	1	0	ok:protected-sed
2715	1	1	0	ok:protected-sed
2716	1	1	0	ok:protected-sed
2717	3	3	0	ok:protected-sed
2718	1	1	0	ok:protected-sed
2719	1	1	0	ok:protected-sed
2720	1	1	0	ok:protected-sed
2721	1	1	0	ok:protected-sed
2722	1	1	0	ok:protected-sed
2723	3	3	0	ok:protected-sed
2724	3	3	0	ok:protected-sed
2725	3	3	0	ok:protected-sed
2726	12	12	0	ok:protected-sed
2727	3	3	0	ok:protected-sed
2728	3	3	0	ok:protected-sed
2729	8	8	0	ok:protected-sed
2730	1	1	0	ok:protected-sed
2731	3	3	0	ok:protected-sed
2732	97	103	0	ok:protected-sed
2733	40	40	0	ok:protected-sed
2734	1	1	0	ok:protected-sed
2735	1	1	0	ok:protected-sed
2736	1	1	0	ok:protected-sed
2737	22	22	0	ok:protected-sed
2738	3	3	0	ok:protected-sed
2739	3	3	0	ok:protected-sed
2740	6	6	0	ok:protected-sed
2741	1	1	0	ok:protected-sed
2742	16	16	0	ok:protected-sed
2743	3	3	0	ok:protected-sed
2744	9	9	0	ok:protected-sed
2745	106	106	0	ok:protected-sed
2746	40	40	0	ok:protected-sed
2747	1	1	0	ok:protected-sed
2748	1	1	0	ok:protected-sed
2749	1	1	0	ok:protected-sed
2750	40	40	0	ok:protected-sed
2751	1	1	0	ok:protected-sed
2752	4	4	0	ok:protected-sed
2753	29	29	0	ok:protected-sed
2754	14	14	0	ok:protected-sed
2755	12	12	0	ok:protected-sed
2756	8	8	0	ok:protected-sed
2757	8	8	0	ok:protected-sed
2758	8	8	0	ok:protected-sed
2759	1	1	0	ok:protected-sed
2760	1	1	0	ok:protected-sed
2761	1	1	0	ok:protected-sed
2762	1	1	0	ok:protected-sed
2763	1	1	0	ok:protected-sed
2764	1	1	0	ok:protected-sed
2765	1	1	0	ok:protected-sed
2766	1	1	0	ok:protected-sed
2767	1	1	0	ok:protected-sed
2768	4	4	0	ok:protected-sed
2769	39	39	0	ok:protected-sed
2770	46	46	0	ok:protected-sed
2771	1	1	0	ok:protected-sed
2772	1	1	0	ok:protected-sed
2773	1	1	0	ok:protected-sed
2774	1	1	0	ok:protected-sed
2775	1	1	0	ok:protected-sed
2776	1	1	0	ok:protected-sed
2777	1	1	0	ok:protected-sed
2778	3	3	0	ok:protected-sed
2779	3	3	0	ok:protected-sed
2780	1	1	0	ok:protected-sed
2781	1	1	0	ok:protected-sed
2782	3	3	0	ok:protected-sed
2783	1	1	0	ok:protected-sed
2784	1	1	0	ok:protected-sed
2785	1	1	0	ok:protected-sed
2786	1	1	0	ok:protected-sed
2787	1	1	0	ok:protected-sed
2788	1	1	0	ok:protected-sed
2789	1	1	0	ok:protected-sed
2790	1	1	0	ok:protected-sed
2791	1	1	0	ok:protected-sed
2792	1	1	0	ok:protected-sed
2793	1	1	0	ok:protected-sed
2794	1	1	0	ok:protected-sed
2795	3	3	0	ok:protected-sed
2796	3	3	0	ok:protected-sed
2797	3	3	0	ok:protected-sed
2798	12	12	0	ok:protected-sed
2799	3	3	0	ok:protected-sed
2800	3	3	0	ok:protected-sed
2801	8	8	0	ok:protected-sed
2802	1	1	0	ok:protected-sed
2803	3	3	0	ok:protected-sed
2804	1	1	0	ok:protected-sed
2805	1	1	0	ok:protected-sed
2806	1	1	0	ok:protected-sed
2807	1	1	0	ok:protected-sed
2808	1	1	0	ok:protected-sed
2809	1	1	0	ok:protected-sed
2810	1	1	0	ok:protected-sed
2811	1	1	0	ok:protected-sed
2812	1	1	0	ok:protected-sed
2813	1	1	0	ok:protected-sed
2814	1	1	0	ok:protected-sed
2815	1	1	0	ok:protected-sed
2816	6	20	0	ok:protected-sed
2817	1851	5402	0	ok:protected-sed
2818	0	340	1	ok:protected-sed
2819	6402	6761	0	ok:protected-sed
2820	6761	6591	0	ok:protected-sed
2821	0	0	1	ok:protected-sed
2823	1643	1644	0	ok:protected-sed
2822	1644	1644	0	ok:protected-sed
2824	0	0	0	ok:protected-sed
2825	29	87	0	ok:protected-sed
2826	12	13	0	ok:protected-sed
2827	13	15	0	ok:protected-sed
2828	21	25	0	ok:protected-sed
2829	11	12	0	ok:protected-sed
2830	123	141	0	ok:protected-sed
2831	197	225	0	ok:protected-sed
2832	9	10	0	ok:protected-sed
2833	106	116	0	ok:protected-sed
2834	40	44	0	ok:protected-sed
2835	39	43	0	ok:protected-sed
2836	34	37	0	ok:protected-sed
2837	46	52	0	ok:protected-sed
2838	97	103	0	ok:protected-sed
2839	40	49	0	ok:protected-sed
2840	39	43	0	ok:protected-sed
2841	46	52	0	ok:protected-sed
2842	0	0	0	ok:protected-sed
2843	7294	7294	0	ok:protected-sed
2844	12	12	0	ok:protected-sed
2845	0	48	1	ok:protected-sed
2846	0	155926	1	ok:protected-sed
2847	11	8	0	ok:protected-sed
2848	3	3	0	ok:protected-sed
2849	4	3	0	ok:protected-sed
2850	0	80	1	ok:protected-sed
2851	0	7167	1	ok:protected-sed
2852	10	10	0	ok:protected-sed
2853	9	9	0	ok:protected-sed
2854	0	2	1	ok:protected-sed
2855	139071	6	0	ok:protected-sed
2856	139071	8	0	ok:protected-sed
2857	139071	1	0	ok:protected-sed
2858	139071	0	0	ok:protected-sed
2859	139071	10328	0	ok:protected-sed
2860	10328	8792	0	ok:protected-sed
2861	26	15	0	ok:protected-sed
2862	0	0	1	ok:protected-sed
2863	8	8	0	ok:protected-sed
2864	0	0	0	ok:protected-sed
2865	0	7044	1	ok:protected-sed
2866	0	242722	1	ok:protected-sed
2867	26	15	0	ok:protected-sed
2868	15	3	0	ok:protected-sed
2869	3	3	0	ok:protected-sed
2870	4	4	0	ok:protected-sed
2871	4	3	0	ok:protected-sed
2873	364	734	0	ok:protected-sed
2872	734	732	0	ok:protected-sed
2874	0	8444	1	ok:protected-sed
2875	51713	12494	0	ok:protected-sed
2876	32597	5626	0	ok:protected-sed
2877	144	256	0	ok:protected-sed
2878	14	32	0	ok:protected-sed
2879	13	31	0	ok:protected-sed
2880	14	32	0	ok:protected-sed
2881	13	31	0	ok:protected-sed
2882	13	31	0	ok:protected-sed
2883	16	34	0	ok:protected-sed
2884	14	32	0	ok:protected-sed
2885	64	185	0	ok:protected-sed
2886	16	34	0	ok:protected-sed
2887	297	380	0	ok:protected-sed
2888	12	30	0	ok:protected-sed
2889	14	32	0	ok:protected-sed
2890	14	32	0	ok:protected-sed
2891	13	31	0	ok:protected-sed
2892	14	32	0	ok:protected-sed
2893	15	33	0	ok:protected-sed
2894	16	34	0	ok:protected-sed
2895	13	31	0	ok:protected-sed
2896	12	30	0	ok:protected-sed
2897	11	29	0	ok:protected-sed
2898	15	33	0	ok:protected-sed
2899	16	34	0	ok:protected-sed
2900	15	33	0	ok:protected-sed
2901	14	32	0	ok:protected-sed
2902	14	32	0	ok:protected-sed
2903	14	32	0	ok:protected-sed
2904	16	34	0	ok:protected-sed
2905	0	0	0	ok:protected-sed
2906	4	4	0	ok:protected-sed
2907	23	23	0	ok:protected-sed
2908	11	11	0	ok:protected-sed
2909	7	7	0	ok:protected-sed
2910	8	8	0	ok:protected-sed
2911	7	7	0	ok:protected-sed
2912	8	8	0	ok:protected-sed
2913	26	26	0	ok:protected-sed
2914	0	0	0	ok:protected-sed
2915	16	11	0	ok:protected-sed
2916	5	5	0	ok:protected-sed
2917	5	5	0	ok:protected-sed
2918	16	11	0	ok:protected-sed
2919	25	10	0	ok:protected-sed
2920	25	15	0	ok:protected-sed
2921	15	15	0	ok:protected-sed
2922	16	11	0	ok:protected-sed
2923	25	10	0	ok:protected-sed
2924	25	15	0	ok:protected-sed
2925	15	15	0	ok:protected-sed
2926	16	11	0	ok:protected-sed
2927	25	10	0	ok:protected-sed
2928	25	15	0	ok:protected-sed
2929	15	15	0	ok:protected-sed
2930	0	72	1	ok:protected-sed
2931	80	58	0	ok:protected-sed
2932	0	326	1	ok:protected-sed
2933	0	280	1	ok:protected-sed
2934	13	6	0	ok:protected-sed
2935	5	5	0	ok:protected-sed
2936	22464	134	0	ok:protected-sed
2937	15	5	0	ok:protected-sed
2938	15	9	0	ok:protected-sed
2939	15	5	0	ok:protected-sed
2940	15	9	0	ok:protected-sed
2941	15	5	0	ok:protected-sed
2942	15	9	0	ok:protected-sed
2943	15	5	0	ok:protected-sed
2944	15	9	0	ok:protected-sed
2945	0	72	1	ok:protected-sed
2946	0	309	1	ok:protected-sed
2947	25	25	0	ok:protected-sed
2948	17	17	0	ok:protected-sed
2949	24	24	0	ok:protected-sed
2950	16	16	0	ok:protected-sed
2951	22	22	0	ok:protected-sed
2952	14	14	0	ok:protected-sed
2953	22	22	0	ok:protected-sed
2954	14	14	0	ok:protected-sed
2955	22	22	0	ok:protected-sed
2956	14	14	0	ok:protected-sed
2957	23	23	0	ok:protected-sed
2958	15	15	0	ok:protected-sed
2959	24	24	0	ok:protected-sed
2960	16	16	0	ok:protected-sed
2961	22	22	0	ok:protected-sed
2962	14	14	0	ok:protected-sed
2963	22	22	0	ok:protected-sed
2964	14	14	0	ok:protected-sed
2965	0	1202	1	ok:protected-sed
2966	0	549	1	ok:protected-sed
2967	9344	7227	0	ok:protected-sed
2968	21	21	0	ok:protected-sed
2969	41	41	0	ok:protected-sed
2970	81	81	0	ok:protected-sed
2971	161	161	0	ok:protected-sed
2972	321	321	0	ok:protected-sed
2973	641	641	0	ok:protected-sed
2974	1281	1281	0	ok:protected-sed
2975	2561	2561	0	ok:protected-sed
2976	5121	5121	0	ok:protected-sed
2977	10241	10241	0	ok:protected-sed
2978	20481	20481	0	ok:protected-sed
2979	0	0	0	ok:protected-sed
2980	0	0	0	ok:protected-sed
2981	0	0	0	ok:protected-sed
2982	131	10	0	ok:protected-sed
2983	0	0	0	ok:protected-sed
2984	0	0	0	ok:protected-sed
2985	34	34	0	ok:protected-sed
2986	46	64	0	ok:protected-sed
2987	1	0	0	ok:protected-sed
2988	0	0	1	ok:protected-sed
2989	46	64	0	ok:protected-sed
2990	1	0	0	ok:protected-sed
2991	0	0	1	ok:protected-sed
2992	0	1880	1	ok:protected-sed
2993	0	1037	1	ok:protected-sed
2994	0	1860	1	ok:protected-sed
2995	0	1033	1	ok:protected-sed
2996	0	1033	1	ok:protected-sed
2997	0	1037	1	ok:protected-sed
2998	0	1418	1	ok:protected-sed
2999	36	36	0	ok:protected-sed
3000	0	1536	1	ok:protected-sed
3001	22	22	0	ok:protected-sed
3002	14	14	0	ok:protected-sed
3003	22	22	0	ok:protected-sed
3004	14	14	0	ok:protected-sed
3005	22	22	0	ok:protected-sed
3006	14	14	0	ok:protected-sed
3007	23	23	0	ok:protected-sed
3008	15	15	0	ok:protected-sed
3009	22	22	0	ok:protected-sed
3010	14	14	0	ok:protected-sed
3011	20	20	0	ok:protected-sed
3012	12	12	0	ok:protected-sed
3013	22	22	0	ok:protected-sed
3014	14	14	0	ok:protected-sed
3015	21	21	0	ok:protected-sed
3016	13	13	0	ok:protected-sed
3017	22	22	0	ok:protected-sed
3018	14	14	0	ok:protected-sed
3019	21	21	0	ok:protected-sed
3020	13	13	0	ok:protected-sed
3021	24	24	0	ok:protected-sed
3022	16	16	0	ok:protected-sed
3023	24	24	0	ok:protected-sed
3024	16	16	0	ok:protected-sed
3025	24	24	0	ok:protected-sed
3026	16	16	0	ok:protected-sed
3027	28	28	0	ok:protected-sed
3028	20	20	0	ok:protected-sed
3029	26	26	0	ok:protected-sed
3030	0	1412	1	ok:protected-sed
3031	0	1412	1	ok:protected-sed
3032	0	1416	1	ok:protected-sed
3033	0	1415	1	ok:protected-sed
3034	0	1411	1	ok:protected-sed
3035	29	29	0	ok:protected-sed
3036	14	14	0	ok:protected-sed
3037	17	17	0	ok:protected-sed
3038	11	11	0	ok:protected-sed
3039	23	23	0	ok:protected-sed
3040	0	2581	1	ok:protected-sed
3041	21	21	0	ok:protected-sed
3042	15	15	0	ok:protected-sed
3043	19	19	0	ok:protected-sed
3044	13	13	0	ok:protected-sed
3045	18	18	0	ok:protected-sed
3046	12	12	0	ok:protected-sed
3047	18	18	0	ok:protected-sed
3048	12	12	0	ok:protected-sed
3049	18	18	0	ok:protected-sed
3050	12	12	0	ok:protected-sed
3051	18	18	0	ok:protected-sed
3052	12	12	0	ok:protected-sed
3053	20	20	0	ok:protected-sed
3054	14	14	0	ok:protected-sed
3055	21	21	0	ok:protected-sed
3056	15	15	0	ok:protected-sed
3057	9	9	0	ok:protected-sed
3058	9	9	0	ok:protected-sed
3059	7	7	0	ok:protected-sed
3060	7	7	0	ok:protected-sed
3061	9	9	0	ok:protected-sed
3062	9	9	0	ok:protected-sed
3063	7	7	0	ok:protected-sed
3064	7	7	0	ok:protected-sed
3065	9	9	0	ok:protected-sed
3066	9	9	0	ok:protected-sed
3067	4	4	0	ok:protected-sed
3068	4	4	0	ok:protected-sed
3069	5	5	0	ok:protected-sed
3070	5	5	0	ok:protected-sed
3071	7	7	0	ok:protected-sed
3072	7	7	0	ok:protected-sed
3073	7	7	0	ok:protected-sed
3074	7	7	0	ok:protected-sed
3075	8	8	0	ok:protected-sed
3076	8	8	0	ok:protected-sed
3077	7	7	0	ok:protected-sed
3078	7	7	0	ok:protected-sed
3079	7	7	0	ok:protected-sed
3080	7	7	0	ok:protected-sed
3081	9	9	0	ok:protected-sed
3082	9	9	0	ok:protected-sed
3083	10	10	0	ok:protected-sed
3084	10	10	0	ok:protected-sed
3085	9	9	0	ok:protected-sed
3086	9	9	0	ok:protected-sed
3087	10	10	0	ok:protected-sed
3088	10	10	0	ok:protected-sed
3089	8	8	0	ok:protected-sed
3090	8	8	0	ok:protected-sed
3091	25	7	0	ok:protected-sed
3092	57	49	0	ok:protected-sed
3093	195	286	0	ok:protected-sed
3094	195	208	0	ok:protected-sed
3095	57	61	0	ok:protected-sed
3096	0	2352	1	ok:protected-sed
3097	0	2385	1	ok:protected-sed
3098	0	2387	1	ok:protected-sed
3099	0	2349	1	ok:protected-sed
3100	0	2350	1	ok:protected-sed
3101	0	2351	1	ok:protected-sed
3102	0	2415	1	ok:protected-sed
3103	0	2450	1	ok:protected-sed
3104	0	2411	1	ok:protected-sed
3105	0	2446	1	ok:protected-sed
3106	0	2413	1	ok:protected-sed
3107	0	2448	1	ok:protected-sed
3108	0	2414	1	ok:protected-sed
3109	0	2415	1	ok:protected-sed
3110	0	2453	1	ok:protected-sed
3111	0	2449	1	ok:protected-sed
3112	0	2451	1	ok:protected-sed
3113	0	2418	1	ok:protected-sed
3114	18	18	0	ok:protected-sed
3115	12	12	0	ok:protected-sed
3116	20	20	0	ok:protected-sed
3117	14	14	0	ok:protected-sed
3118	18	18	0	ok:protected-sed
3119	12	12	0	ok:protected-sed
3120	20	20	0	ok:protected-sed
3121	14	14	0	ok:protected-sed
3122	19	19	0	ok:protected-sed
3123	13	13	0	ok:protected-sed
3124	22	22	0	ok:protected-sed
3125	14	14	0	ok:protected-sed
3126	22	22	0	ok:protected-sed
3127	14	14	0	ok:protected-sed
3128	19	19	0	ok:protected-sed
3129	13	13	0	ok:protected-sed
3130	20	20	0	ok:protected-sed
3131	14	14	0	ok:protected-sed
3133	38585	11985	0	ok:protected-sed
3134	35135	7212	0	ok:protected-sed
3132	7212	11549	0	ok:protected-sed
3135	1340	1339	0	ok:protected-sed
3136	3	3	0	ok:protected-sed
3137	7	7	0	ok:protected-sed
3138	7	7	0	ok:protected-sed
3139	4	4	0	ok:protected-sed
3140	8	8	0	ok:protected-sed
3141	9	9	0	ok:protected-sed
3142	131	131	0	ok:protected-sed
3143	12	12	0	ok:protected-sed
3144	25	25	0	ok:protected-sed
3145	25	25	0	ok:protected-sed
3146	10	10	0	ok:protected-sed
3147	25	25	0	ok:protected-sed
3148	25	25	0	ok:protected-sed
3149	10	10	0	ok:protected-sed
3150	88	88	0	ok:protected-sed
3151	99	99	0	ok:protected-sed
3152	89	89	0	ok:protected-sed
3153	90	90	0	ok:protected-sed
3154	92	92	0	ok:protected-sed
3155	19	19	0	ok:protected-sed
3156	3	3	0	ok:protected-sed
3157	6	6	0	ok:protected-sed
3158	6	6	0	ok:protected-sed
3159	2	2	0	ok:protected-sed
3160	1	1	0	ok:protected-sed
3161	6	6	0	ok:protected-sed
3162	13	13	0	ok:protected-sed
3163	21	21	0	ok:protected-sed
3164	4	4	0	ok:protected-sed
3165	39	39	0	ok:protected-sed
3166	6	6	0	ok:protected-sed
3167	9	9	0	ok:protected-sed
3168	11	11	0	ok:protected-sed
3169	5	5	0	ok:protected-sed
3170	4	4	0	ok:protected-sed
3171	2	2	0	ok:protected-sed
3172	5	5	0	ok:protected-sed
3173	34	34	0	ok:protected-sed
3174	1	1	0	ok:protected-sed
3175	46	46	0	ok:protected-sed
3176	3	3	0	ok:protected-sed
3177	224	224	0	ok:protected-sed
3178	151	151	0	ok:protected-sed
3179	224	224	0	ok:protected-sed
3180	1	1	0	ok:protected-sed
3181	1	1	0	ok:protected-sed
3182	1	1	0	ok:protected-sed
3183	123	135	0	ok:protected-sed
3184	197	215	0	ok:protected-sed
3185	6	6	0	ok:protected-sed
3186	5	5	0	ok:protected-sed
3187	1	1	0	ok:protected-sed
3188	1	1	0	ok:protected-sed
3189	7	7	0	ok:protected-sed
3190	1	1	0	ok:protected-sed
3191	4	4	0	ok:protected-sed
3192	3	3	0	ok:protected-sed
3193	1	1	0	ok:protected-sed
3194	1	1	0	ok:protected-sed
3195	1	1	0	ok:protected-sed
3196	1	1	0	ok:protected-sed
3197	1	1	0	ok:protected-sed
3198	2	2	0	ok:protected-sed
3199	4	4	0	ok:protected-sed
3200	1	1	0	ok:protected-sed
3201	4	4	0	ok:protected-sed
3202	3	3	0	ok:protected-sed
3203	1	1	0	ok:protected-sed
3204	1	1	0	ok:protected-sed
3205	3	3	0	ok:protected-sed
3206	1	1	0	ok:protected-sed
3207	1	1	0	ok:protected-sed
3208	1	1	0	ok:protected-sed
3209	1	1	0	ok:protected-sed
3210	1	1	0	ok:protected-sed
3211	1	1	0	ok:protected-sed
3212	3	3	0	ok:protected-sed
3213	1	1	0	ok:protected-sed
3214	1	1	0	ok:protected-sed
3215	1	1	0	ok:protected-sed
3216	1	1	0	ok:protected-sed
3217	1	1	0	ok:protected-sed
3218	3	3	0	ok:protected-sed
3219	3	3	0	ok:protected-sed
3220	3	3	0	ok:protected-sed
3221	12	12	0	ok:protected-sed
3222	3	3	0	ok:protected-sed
3223	3	3	0	ok:protected-sed
3224	8	8	0	ok:protected-sed
3225	1	1	0	ok:protected-sed
3226	3	3	0	ok:protected-sed
3227	97	103	0	ok:protected-sed
3228	40	40	0	ok:protected-sed
3229	1	1	0	ok:protected-sed
3230	1	1	0	ok:protected-sed
3231	1	1	0	ok:protected-sed
3232	22	22	0	ok:protected-sed
3233	3	3	0	ok:protected-sed
3234	3	3	0	ok:protected-sed
3235	6	6	0	ok:protected-sed
3236	1	1	0	ok:protected-sed
3237	16	16	0	ok:protected-sed
3238	3	3	0	ok:protected-sed
3239	9	9	0	ok:protected-sed
3240	106	106	0	ok:protected-sed
3241	40	40	0	ok:protected-sed
3242	1	1	0	ok:protected-sed
3243	1	1	0	ok:protected-sed
3244	1	1	0	ok:protected-sed
3245	40	40	0	ok:protected-sed
3246	1	1	0	ok:protected-sed
3247	4	4	0	ok:protected-sed
3248	29	29	0	ok:protected-sed
3249	14	14	0	ok:protected-sed
3250	12	12	0	ok:protected-sed
3251	3	3	0	ok:protected-sed
3252	8	8	0	ok:protected-sed
3253	8	8	0	ok:protected-sed
3254	1	1	0	ok:protected-sed
3255	1	1	0	ok:protected-sed
3256	1961	5702	0	ok:protected-sed
3257	0	356	1	ok:protected-sed
3258	7832	8227	0	ok:protected-sed
3259	8227	8049	0	ok:protected-sed
3260	0	0	1	ok:protected-sed
3261	2325	2328	0	ok:protected-sed
3262	2328	2328	0	ok:protected-sed
3263	0	0	0	ok:protected-sed
3264	29	87	0	ok:protected-sed
3265	12	13	0	ok:protected-sed
3266	13	15	0	ok:protected-sed
3267	21	25	0	ok:protected-sed
3268	11	12	0	ok:protected-sed
3269	123	141	0	ok:protected-sed
3270	197	225	0	ok:protected-sed
3271	9	10	0	ok:protected-sed
3272	106	116	0	ok:protected-sed
3273	40	44	0	ok:protected-sed
3274	39	43	0	ok:protected-sed
3275	34	37	0	ok:protected-sed
3276	46	52	0	ok:protected-sed
3277	97	103	0	ok:protected-sed
3278	40	49	0	ok:protected-sed
3279	0	0	0	ok:protected-sed
3280	8519	8519	0	ok:protected-sed
3281	12	12	0	ok:protected-sed
3282	0	48	1	ok:protected-sed
3283	0	79967	1	ok:protected-sed
3284	16	12	0	ok:protected-sed
3285	4	4	0	ok:protected-sed
3286	5	3	0	ok:protected-sed
3287	0	48	1	ok:protected-sed
3288	0	36766	1	ok:protected-sed
3289	10	10	0	ok:protected-sed
3290	0	0	1	ok:protected-sed
3291	0	262806	1	ok:protected-sed
3292	0	0	1	ok:protected-sed
3293	11	8	0	ok:protected-sed
3294	3	3	0	ok:protected-sed
3295	4	3	0	ok:protected-sed
3296	0	80	1	ok:protected-sed
3297	0	8804	1	ok:protected-sed
3298	10	10	0	ok:protected-sed
3299	9	9	0	ok:protected-sed
3300	0	2	1	ok:protected-sed
3301	67244	6	0	ok:protected-sed
3302	67244	8	0	ok:protected-sed
3303	67244	1	0	ok:protected-sed
3304	67244	0	0	ok:protected-sed
3305	67244	9511	0	ok:protected-sed
3306	9511	8047	0	ok:protected-sed
3307	13	13	0	ok:protected-sed
3308	0	2	1	ok:protected-sed
3309	39394	6	0	ok:protected-sed
3310	39394	8	0	ok:protected-sed
3311	39394	1	0	ok:protected-sed
3312	39394	0	0	ok:protected-sed
3314	39394	0	0	ok:protected-sed
3313	0	0	0	ok:protected-sed
3315	20	10	0	ok:protected-sed
3316	0	0	1	ok:protected-sed
3317	26	15	0	ok:protected-sed
3318	0	0	1	ok:protected-sed
3319	8	8	0	ok:protected-sed
3320	0	0	0	ok:protected-sed
3321	0	7044	1	ok:protected-sed
3322	0	242722	1	ok:protected-sed
3323	20	10	0	ok:protected-sed
3324	26	15	0	ok:protected-sed
3325	15	3	0	ok:protected-sed
3326	3	3	0	ok:protected-sed
3327	4	4	0	ok:protected-sed
3328	4	3	0	ok:protected-sed
3329	95	89	0	ok:protected-sed
3330	219	201	0	ok:protected-sed
3331	402	326	0	ok:protected-sed
3332	165	137	0	ok:protected-sed
3333	39	37	0	ok:protected-sed
3334	0	9306	1	ok:protected-sed
3335	39135	12212	0	ok:protected-sed
3336	35540	7212	0	ok:protected-sed
3337	345	357	0	ok:protected-sed
3338	0	0	0	ok:protected-sed
3340	104	95	0	ok:protected-sed
3339	95	96	0	ok:protected-sed
3341	8	10	0	ok:protected-sed
3342	8	8	0	ok:protected-sed
3343	10	10	0	ok:protected-sed
3344	8	10	0	ok:protected-sed
3345	8	8	0	ok:protected-sed
3346	10	10	0	ok:protected-sed
3347	9	10	0	ok:protected-sed
3348	9	9	0	ok:protected-sed
3349	15	15	0	ok:protected-sed
3350	8	10	0	ok:protected-sed
3351	0	47824	1	ok:ylwrap-sed
3352	8	10	0	ok:protected-sed
3353	13	10	0	ok:protected-sed
3354	0	2857	1	ok:ylwrap-sed
3355	0	0	0	ok:protected-sed
3356	105	95	0	ok:protected-sed
3357	95	96	0	ok:protected-sed
3358	8	10	0	ok:protected-sed
3359	8	8	0	ok:protected-sed
3360	11	11	0	ok:protected-sed
3361	8	10	0	ok:protected-sed
3362	8	8	0	ok:protected-sed
3363	11	11	0	ok:protected-sed
3364	9	10	0	ok:protected-sed
3365	9	9	0	ok:protected-sed
3366	16	16	0	ok:protected-sed
3367	8	11	0	ok:protected-sed
3368	0	60637	1	ok:ylwrap-sed
3369	8	11	0	ok:protected-sed
3370	14	11	0	ok:protected-sed
3371	0	3361	1	ok:ylwrap-sed
3372	0	0	0	ok:protected-sed
3374	104	95	0	ok:protected-sed
3373	95	96	0	ok:protected-sed
3375	8	10	0	ok:protected-sed
3376	8	8	0	ok:protected-sed
3377	10	10	0	ok:protected-sed
3378	8	10	0	ok:protected-sed
3379	8	8	0	ok:protected-sed
3380	10	10	0	ok:protected-sed
3381	9	10	0	ok:protected-sed
3382	9	9	0	ok:protected-sed
3383	15	15	0	ok:protected-sed
3384	8	10	0	ok:protected-sed
3385	0	60422	1	ok:ylwrap-sed
3386	8	10	0	ok:protected-sed
3387	13	10	0	ok:protected-sed
3388	0	3069	1	ok:ylwrap-sed
3389	0	0	0	ok:protected-sed
3391	104	95	0	ok:protected-sed
3390	95	96	0	ok:protected-sed
3392	8	10	0	ok:protected-sed
3393	8	8	0	ok:protected-sed
3394	10	10	0	ok:protected-sed
3395	8	10	0	ok:protected-sed
3396	8	8	0	ok:protected-sed
3397	10	10	0	ok:protected-sed
3398	9	10	0	ok:protected-sed
3399	9	9	0	ok:protected-sed
3400	15	15	0	ok:protected-sed
3401	8	10	0	ok:protected-sed
3402	0	139730	1	ok:ylwrap-sed
3403	8	10	0	ok:protected-sed
3404	13	10	0	ok:protected-sed
3405	0	7007	1	ok:ylwrap-sed
3406	0	0	0	ok:protected-sed
3408	104	95	0	ok:protected-sed
3407	95	96	0	ok:protected-sed
3409	8	10	0	ok:protected-sed
3410	8	8	0	ok:protected-sed
3411	10	10	0	ok:protected-sed
3412	8	10	0	ok:protected-sed
3413	8	8	0	ok:protected-sed
3414	10	10	0	ok:protected-sed
3415	9	10	0	ok:protected-sed
3416	9	9	0	ok:protected-sed
3417	15	15	0	ok:protected-sed
3418	8	10	0	ok:protected-sed
3419	0	51326	1	ok:ylwrap-sed
3420	8	10	0	ok:protected-sed
3421	13	10	0	ok:protected-sed
3422	0	2376	1	ok:ylwrap-sed
3423	0	0	0	ok:protected-sed
3425	102	95	0	ok:protected-sed
3424	95	96	0	ok:protected-sed
3426	9	11	0	ok:protected-sed
3427	9	9	0	ok:protected-sed
3428	8	8	0	ok:protected-sed
3429	9	8	0	ok:protected-sed
3430	0	53910	1	ok:ylwrap-sed
3431	0	0	0	ok:protected-sed
3432	103	95	0	ok:protected-sed
3433	95	96	0	ok:protected-sed
3434	9	11	0	ok:protected-sed
3435	9	9	0	ok:protected-sed
3436	9	9	0	ok:protected-sed
3437	9	9	0	ok:protected-sed
3438	0	54905	1	ok:ylwrap-sed
3439	0	0	0	ok:protected-sed
3441	103	95	0	ok:protected-sed
3440	95	96	0	ok:protected-sed
3442	9	11	0	ok:protected-sed
3443	9	9	0	ok:protected-sed
3444	9	9	0	ok:protected-sed
3445	9	9	0	ok:protected-sed
3446	0	49668	1	ok:ylwrap-sed
3447	0	0	0	ok:protected-sed
3449	99	89	0	ok:protected-sed
3448	89	90	0	ok:protected-sed
3450	8	10	0	ok:protected-sed
3451	8	8	0	ok:protected-sed
3452	11	11	0	ok:protected-sed
3453	8	10	0	ok:protected-sed
3454	8	8	0	ok:protected-sed
3455	11	11	0	ok:protected-sed
3456	9	10	0	ok:protected-sed
3457	9	9	0	ok:protected-sed
3458	16	16	0	ok:protected-sed
3459	8	11	0	ok:protected-sed
3460	0	89018	1	ok:ylwrap-sed
3461	8	11	0	ok:protected-sed
3462	14	11	0	ok:protected-sed
3463	0	3339	1	ok:ylwrap-sed
3464	0	0	0	ok:protected-sed
3465	97	89	0	ok:protected-sed
3466	89	90	0	ok:protected-sed
3467	8	10	0	ok:protected-sed
3468	8	8	0	ok:protected-sed
3469	9	9	0	ok:protected-sed
3470	8	10	0	ok:protected-sed
3471	8	8	0	ok:protected-sed
3472	9	9	0	ok:protected-sed
3473	9	10	0	ok:protected-sed
3474	9	9	0	ok:protected-sed
3475	14	14	0	ok:protected-sed
3476	8	9	0	ok:protected-sed
3477	0	159678	1	ok:ylwrap-sed
3478	8	9	0	ok:protected-sed
3479	12	9	0	ok:protected-sed
3480	0	8332	1	ok:ylwrap-sed
3481	0	0	0	ok:protected-sed
3483	96	89	0	ok:protected-sed
3482	89	90	0	ok:protected-sed
3484	9	11	0	ok:protected-sed
3485	9	9	0	ok:protected-sed
3486	8	8	0	ok:protected-sed
3487	9	8	0	ok:protected-sed
3488	0	145619	1	ok:ylwrap-sed
