evaluating flake...
checking flake output 'packages'...
checking derivation packages.x86_64-linux.wasi-virt...
copying path '/nix/store/hhccdmpa2bhqbagn2zgmgrwjbcdinn55-source' from 'http://100.100.103.95:5000'...
warning: file 'nar/1pzq6dhayzd6kgyhjwqr1bwq468z36vp0al101havv6d0pw1fa40.nar?hash=hhccdmpa2bhqbagn2zgmgrwjbcdinn55' does not exist in binary cache 'http://100.100.103.95:5000'
derivation evaluated to /nix/store/cacsszdc86gnw4lccv1kiwip8dljz8r9-wasi-virt-0.2.0.drv
checking derivation packages.x86_64-linux.default...
derivation evaluated to /nix/store/vh86k2cnnsfz9vp2v4wf2g79gm83x7n6-mantle-0.1.0.drv
checking derivation packages.x86_64-linux.crunch...
derivation evaluated to /nix/store/vh86k2cnnsfz9vp2v4wf2g79gm83x7n6-mantle-0.1.0.drv
checking derivation packages.x86_64-linux.ast-grep-toolchain...
derivation evaluated to /nix/store/hwz43xm09gs5v38a4pfyc2dhs5n9h1pj-mantle-ast-grep-toolchain-0.42.1.drv
checking derivation packages.x86_64-linux.ast-grep-package-identity...
derivation evaluated to /nix/store/6f1xqfw3dc0hca3x412qqcgb4cca9d99-mantle-ast-grep-package-identity-smoke.drv
checking derivation packages.x86_64-linux.wasm-component-toolchain...
derivation evaluated to /nix/store/skwkzzc8khiw49fjp2l73d5m4x4m88y6-mantle-wasm-component-toolchain-v1.drv
checking derivation packages.x86_64-linux.wasm-component-toolchain-identity...
derivation evaluated to /nix/store/nrf64w472p89kb8q03zw8wf5hx0198c0-mantle-wasm-component-toolchain-identity.drv
checking derivation packages.x86_64-linux.wasm-component-toolchain-compatibility...
derivation evaluated to /nix/store/lax220sgd6bf2raarrl38cg9clbdgspm-mantle-wasm-component-toolchain-compatibility.drv
checking derivation packages.x86_64-linux.mantle-transcript-quality...
derivation evaluated to /nix/store/6zp8ba64kyw90r5f2fjvfv91nb0xq1z6-mantle-transcript-quality-nextest-0.1.0.drv
checking derivation packages.x86_64-linux.release-nix-witness-quality...
derivation evaluated to /nix/store/mg7ihdsg808p6ym62w466xjmpwkpldva-crunch-release-nix-witness-quality-nextest-0.1.0.drv
checking derivation packages.x86_64-linux.check-store-retention-policy...
derivation evaluated to /nix/store/5xc5yw2mnizcln8b4f52fmgxb861s4z7-check-store-retention-policy.drv
checking derivation packages.x86_64-linux.check-store-overlay-policy...
derivation evaluated to /nix/store/358z0ygz6qib9gpgs79sp2llm0d3q2ls-check-store-overlay-policy.drv
checking derivation packages.x86_64-linux.oci-distribution-registry...
derivation evaluated to /nix/store/7h1b5w2s2gqhb0dgmiydw4xcl2blxnnv-distribution-3.1.0.drv
checking derivation packages.x86_64-linux.rustc-wrapper...
derivation evaluated to /nix/store/w4ddrpgxqmxqrgfvwsqpjvi8m20aqjfp-mantle-rustc-wrapper-0.1.0.drv
checking derivation packages.x86_64-linux.kernelscript-compiler...
derivation evaluated to /nix/store/z1dps3ryzhmn8iyx6jnpfyxfqlnzqpzq-ocaml5.2.1-kernelscript-0.1.2.drv
checking derivation packages.x86_64-linux.kernelscript-core-adapter...
derivation evaluated to /nix/store/228al8ia9lkqd370mcl68w8z2p7ynfgg-crunch-kernelscript-adapter-0.1.0.drv
checking derivation packages.x86_64-linux.kernelscript-production...
derivation evaluated to /nix/store/lqxh7q680n86dcg0051gl7rmcg7qnsmc-mantle-kernelscript-production-artifacts.drv
checking derivation packages.x86_64-linux.kernelscript-production-cohort...
derivation evaluated to /nix/store/3mj056vrh8ji945ix1yn47nn2ahb08lz-mantle-kernelscript-production-cohort.drv
checking derivation packages.x86_64-linux.kernelscript-production-shell...
derivation evaluated to /nix/store/p3f7hgnyxjmm9xxqinfpnlxxz6n1scza-mantle-kernelscript-production.drv
checking derivation packages.x86_64-linux.kernelscript-production-runtime-check...
derivation evaluated to /nix/store/604fapl0m8s31gcnil5snrq33k0raqr1-vm-test-run-mantle-kernelscript-production-runtime.drv
checking derivation packages.x86_64-linux.spacewasm-reference-bundle...
derivation evaluated to /nix/store/58mdyyk7wnymnnd7bzfakqrpi0b1ny59-mantle-spacewasm-reference-bundle-e24cf09355a90497148eb5029fdb8e3400bd63e3.drv
checking derivation packages.x86_64-linux.spacewasm-reference-bundler...
derivation evaluated to /nix/store/5zy41qxrhp4yi8s31fnvbvw1s3aibcpw-mantle-spacewasm-reference-bundler-0.1.0.drv
checking derivation packages.x86_64-linux.spacewasm-reference-evidence...
derivation evaluated to /nix/store/imiig80j09fxg2nv2qkyrw4zzmazj9j9-spacewasm-e24cf09355a90497148eb5029fdb8e3400bd63e3-evidence.drv
checking derivation packages.x86_64-linux.spacewasm-reference-rust-toolchain...
derivation evaluated to /nix/store/ib3maa2zj4d9ikmlx4x15xaiz9vxh55r-rust-minimal-1.91.1.drv
checking flake output 'apps'...
checking app 'apps.x86_64-linux.tigerstyle'...
warning: app 'apps.x86_64-linux.tigerstyle' lacks attribute 'meta'
checking flake output 'checks'...
checking derivation checks.x86_64-linux.tigerstyle...
derivation evaluated to /nix/store/5l37pxajshai3hs5wpxz7z1zw7hjbhwr-tigerstyle-consumer-check.drv
checking derivation checks.x86_64-linux.crunch...
derivation evaluated to /nix/store/vh86k2cnnsfz9vp2v4wf2g79gm83x7n6-mantle-0.1.0.drv
checking derivation checks.x86_64-linux.ast-grep-package-identity...
derivation evaluated to /nix/store/6f1xqfw3dc0hca3x412qqcgb4cca9d99-mantle-ast-grep-package-identity-smoke.drv
checking derivation checks.x86_64-linux.wasm-component-toolchain-identity...
derivation evaluated to /nix/store/nrf64w472p89kb8q03zw8wf5hx0198c0-mantle-wasm-component-toolchain-identity.drv
checking derivation checks.x86_64-linux.wasm-component-toolchain-compatibility...
derivation evaluated to /nix/store/lax220sgd6bf2raarrl38cg9clbdgspm-mantle-wasm-component-toolchain-compatibility.drv
checking derivation checks.x86_64-linux.mantle-transcript-quality...
derivation evaluated to /nix/store/6zp8ba64kyw90r5f2fjvfv91nb0xq1z6-mantle-transcript-quality-nextest-0.1.0.drv
checking derivation checks.x86_64-linux.release-nix-witness-quality...
derivation evaluated to /nix/store/mg7ihdsg808p6ym62w466xjmpwkpldva-crunch-release-nix-witness-quality-nextest-0.1.0.drv
checking derivation checks.x86_64-linux.kernelscript-production...
derivation evaluated to /nix/store/xc0iqbm5xpw4vrd061813dqk0s039paf-mantle-kernelscript-production-structural-check.drv
checking derivation checks.x86_64-linux.spacewasm-reference-bundle...
derivation evaluated to /nix/store/58mdyyk7wnymnnd7bzfakqrpi0b1ny59-mantle-spacewasm-reference-bundle-e24cf09355a90497148eb5029fdb8e3400bd63e3.drv
checking derivation checks.x86_64-linux.bounded-tree-source-admission...
derivation evaluated to /nix/store/3r3fj16x5j3zprrvxjnc259fi7p5cd9i-mantle-bounded-tree-source-admission.drv
checking derivation checks.x86_64-linux.transactional-reconciliation-source-admission...
derivation evaluated to /nix/store/7xyy6iy20z1a6y19v2f0qd3js2ck9c34-mantle-transactional-reconciliation-source-admission.drv
checking derivation checks.x86_64-linux.bootstrap-blocker-inventory...
derivation evaluated to /nix/store/hf1hw9ri0pzry4213hyyzmbrqysbsaqj-bootstrap-blocker-inventory.drv
checking derivation checks.x86_64-linux.nickel-export-core-pin...
derivation evaluated to /nix/store/2p6b6gqm8pszxvsyvdfj7753y8vd2ynx-mantle-nickel-export-core-pin.drv
checking derivation checks.x86_64-linux.content-bound-requirement-source-closure...
derivation evaluated to /nix/store/zgr0dj1kp24155hl81qr4pvpwba7ghib-mantle-content-bound-requirement-source-closure.drv
checking derivation checks.x86_64-linux.content-bound-requirement-evidence...
derivation evaluated to /nix/store/q6sls5x4hw6v016b2q7yk6vhlpjh2gcl-mantle-content-bound-requirement-evidence.drv
checking derivation checks.x86_64-linux.store-retention-policy...
derivation evaluated to /nix/store/b6i5dk34901cqgw2qrkj4rlmb18nfb6q-mantle-store-retention-policy.drv
checking derivation checks.x86_64-linux.store-overlay-policy...
derivation evaluated to /nix/store/b81zy38rw4mlsnm8982faynrjxr4xy03-mantle-store-overlay-policy.drv
checking derivation checks.x86_64-linux.release-determinism-quality...
derivation evaluated to /nix/store/ncj48lpadf2n5bk38s7k4wgkp394pssr-crunch-release-determinism-quality-nextest-0.1.0.drv
checking derivation checks.x86_64-linux.artifact-auth-radicle-cutover...
derivation evaluated to /nix/store/mf8h9ifr4nsycxl75zfdc7hnsn25rljn-mantle-artifact-auth-radicle-cutover.drv
checking derivation checks.x86_64-linux.durable-file-publication-adoption...
derivation evaluated to /nix/store/wwa5mlyy3blsws0nd8m6hc2xv9ca425j-mantle-durable-file-publication-adoption.drv
checking derivation checks.x86_64-linux.mantle-build-contract...
derivation evaluated to /nix/store/43sz29cj5kgx4r41cc2apv3b11a7dbbk-mantle-test-0.1.0.drv
checking derivation checks.x86_64-linux.mantle-build-contract-wasm...
derivation evaluated to /nix/store/96zrid1zwn08d9z1fpjnffsj7631wgcz-mantle-build-0.1.0.drv
checking derivation checks.x86_64-linux.mantle-build-contract-nickel...
derivation evaluated to /nix/store/iqqd8rc31c4l26r5mm7giixq9rjbg40p-mantle-build-contract-nickel.drv
checking derivation checks.x86_64-linux.nextest...
derivation evaluated to /nix/store/pyz2gc5b3wb0msphc2qz0xkmjri0lsmy-mantle-nextest-0.1.0.drv
checking derivation checks.x86_64-linux.clippy...
derivation evaluated to /nix/store/clc4pj7jky64bz7m3c0r94kcila76kpl-mantle-clippy-0.1.0.drv
checking derivation checks.x86_64-linux.fmt...
derivation evaluated to /nix/store/mj7nz4h4jc0xy4c617jyknv75afbjdyy-mantle-fmt-0.1.0.drv
checking derivation checks.x86_64-linux.spacewasm-reference-profile...
derivation evaluated to /nix/store/l7afrlfqdkbk2kr6cc4b3cz71mfvyqgr-spacewasm-reference-profile-export.drv
checking derivation checks.x86_64-linux.spacewasm-reference-host-library...
derivation evaluated to /nix/store/w4jrclscwbypndanjqk3q80n0ms9vmq7-spacewasm-e24cf09355a90497148eb5029fdb8e3400bd63e3-host-library.drv
checking derivation checks.x86_64-linux.spacewasm-reference-wasm-library...
derivation evaluated to /nix/store/55qq4aiiy3kl1vn7m0m6bhbwkrj8viin-spacewasm-e24cf09355a90497148eb5029fdb8e3400bd63e3-wasm-library.drv
checking derivation checks.x86_64-linux.spacewasm-reference-host-runner...
derivation evaluated to /nix/store/nhq1j51vr6f2c3hyizpym9gqv7kdlyhg-spacewasm-e24cf09355a90497148eb5029fdb8e3400bd63e3-diagnostic-runner.drv
checking derivation checks.x86_64-linux.spacewasm-reference-upstream-unit-tests...
derivation evaluated to /nix/store/d32qk66pm2qmpp0dbjqsyv9v0qcyrn63-spacewasm-e24cf09355a90497148eb5029fdb8e3400bd63e3-unit-tests.drv
checking derivation checks.x86_64-linux.spacewasm-reference-spectest-address...
derivation evaluated to /nix/store/idj54q1da8w21x0c59p8ay7vxnh2gin6-spacewasm-e24cf09355a90497148eb5029fdb8e3400bd63e3-spectest-address.drv
checking derivation checks.x86_64-linux.spacewasm-reference-fixtures...
derivation evaluated to /nix/store/1i1y5ni7ivf7bnhdb2z8i0kpsbkl0x2j-spacewasm-e24cf09355a90497148eb5029fdb8e3400bd63e3-fixture-report.drv
checking derivation checks.x86_64-linux.spacewasm-reference-negative...
derivation evaluated to /nix/store/6p0ana9vradxplf1as1rb12n67am2gdr-mantle-spacewasm-reference-negative-check.drv
checking flake output 'devShells'...
checking derivation devShells.x86_64-linux.default...
derivation evaluated to /nix/store/36ihw433z62fxfz0c70fwpabxspk9861-nix-shell.drv
running 24 flake checks...
building '/nix/store/hf1hw9ri0pzry4213hyyzmbrqysbsaqj-bootstrap-blocker-inventory.drv'...
building '/nix/store/228al8ia9lkqd370mcl68w8z2p7ynfgg-crunch-kernelscript-adapter-0.1.0.drv'...
building '/nix/store/ncj48lpadf2n5bk38s7k4wgkp394pssr-crunch-release-determinism-quality-nextest-0.1.0.drv'...
building '/nix/store/mg7ihdsg808p6ym62w466xjmpwkpldva-crunch-release-nix-witness-quality-nextest-0.1.0.drv'...
crunch-kernelscript-adapter> Running phase: unpackPhase
crunch-kernelscript-adapter> unpacking source archive /nix/store/hfin50h24vbs7rps68gwxzvgin1iacfd-source
crunch-release-determinism-quality-nextest> Running phase: unpackPhase
crunch-release-determinism-quality-nextest> unpacking source archive /nix/store/hfin50h24vbs7rps68gwxzvgin1iacfd-source
crunch-release-nix-witness-quality-nextest> Running phase: unpackPhase
crunch-release-nix-witness-quality-nextest> unpacking source archive /nix/store/hfin50h24vbs7rps68gwxzvgin1iacfd-source
crunch-kernelscript-adapter> source root is source
crunch-release-determinism-quality-nextest> source root is source
crunch-release-nix-witness-quality-nextest> source root is source
crunch-kernelscript-adapter> Running phase: patchPhase
crunch-kernelscript-adapter> Executing configureCargoCommonVars
crunch-kernelscript-adapter> decompressing cargo artifacts from /nix/store/1s2zqd32p6kphd7dxf7iqf919jd8gsfm-mantle-deps-0.1.0/target.tar.zst to target
crunch-release-determinism-quality-nextest> Running phase: patchPhase
crunch-release-determinism-quality-nextest> Executing configureCargoCommonVars
crunch-release-determinism-quality-nextest> decompressing cargo artifacts from /nix/store/1s2zqd32p6kphd7dxf7iqf919jd8gsfm-mantle-deps-0.1.0/target.tar.zst to target
crunch-release-nix-witness-quality-nextest> Running phase: patchPhase
crunch-release-nix-witness-quality-nextest> Executing configureCargoCommonVars
crunch-release-nix-witness-quality-nextest> decompressing cargo artifacts from /nix/store/1s2zqd32p6kphd7dxf7iqf919jd8gsfm-mantle-deps-0.1.0/target.tar.zst to target
bootstrap-blocker-inventory> gcc40 configure preprocess bridge: PASS (classes=3, source_spellings=2, source_bytes_max=65536, invocation_count_max=4096)
bootstrap-blocker-inventory> bootstrap blocker inventory: 0 findings across 0 classes, 472 evidence-backed suppressions, 0 promotion claims, enforce=true
building '/nix/store/b81zy38rw4mlsnm8982faynrjxr4xy03-mantle-store-overlay-policy.drv'...
building '/nix/store/5l37pxajshai3hs5wpxz7z1zw7hjbhwr-tigerstyle-consumer-check.drv'...
crunch-kernelscript-adapter> Running phase: updateAutotoolsGnuConfigScriptsPhase
crunch-release-determinism-quality-nextest> Running phase: updateAutotoolsGnuConfigScriptsPhase
crunch-kernelscript-adapter> Running phase: configurePhase
crunch-kernelscript-adapter> will append /build/source/.cargo-home/config.toml with contents of /nix/store/bwpb9h9679vkjx0pff5nq1rr36niq82d-vendor-cargo-deps/config.toml
crunch-kernelscript-adapter> default configurePhase, nothing to do
crunch-kernelscript-adapter> Running phase: buildPhase
crunch-release-nix-witness-quality-nextest> Running phase: updateAutotoolsGnuConfigScriptsPhase
crunch-kernelscript-adapter> +++ command cargo --version
crunch-kernelscript-adapter> cargo 1.96.0-nightly (a357df4c2 2026-04-03)
crunch-kernelscript-adapter> +++ command cargo build --release --message-format json-render-diagnostics --locked -p crunch-kernelscript-adapter --bin mantle-kernelscript-core-adapter
crunch-kernelscript-adapter> warning: /build/source/Cargo.toml: file `/build/source/src/main.rs` found to be present in multiple build targets:
crunch-kernelscript-adapter>   * `bin` target `crunch`
crunch-kernelscript-adapter>   * `bin` target `mantle`
crunch-release-determinism-quality-nextest> Running phase: configurePhase
crunch-release-determinism-quality-nextest> will append /build/source/.cargo-home/config.toml with contents of /nix/store/bwpb9h9679vkjx0pff5nq1rr36niq82d-vendor-cargo-deps/config.toml
crunch-release-determinism-quality-nextest> default configurePhase, nothing to do
crunch-release-determinism-quality-nextest> Running phase: buildPhase
crunch-release-determinism-quality-nextest> +++ command cargo --version
crunch-release-determinism-quality-nextest> cargo 1.96.0-nightly (a357df4c2 2026-04-03)
crunch-release-determinism-quality-nextest> +++ command cargo nextest --version
crunch-release-determinism-quality-nextest> cargo-nextest 0.9.132
crunch-release-determinism-quality-nextest> release: 0.9.132
crunch-release-determinism-quality-nextest> host: x86_64-unknown-linux-gnu
crunch-release-determinism-quality-nextest> Running phase: checkPhase
crunch-release-determinism-quality-nextest> +++ command cargo nextest run --cargo-profile release --test release_cli release_reproduce_generated_two_clean_store_proof_verifies_deterministic_release
crunch-release-nix-witness-quality-nextest> Running phase: configurePhase
crunch-release-nix-witness-quality-nextest> will append /build/source/.cargo-home/config.toml with contents of /nix/store/bwpb9h9679vkjx0pff5nq1rr36niq82d-vendor-cargo-deps/config.toml
crunch-release-nix-witness-quality-nextest> default configurePhase, nothing to do
crunch-release-nix-witness-quality-nextest> Running phase: buildPhase
crunch-release-nix-witness-quality-nextest> +++ command cargo --version
crunch-release-nix-witness-quality-nextest> cargo 1.96.0-nightly (a357df4c2 2026-04-03)
crunch-release-nix-witness-quality-nextest> +++ command cargo nextest --version
crunch-release-nix-witness-quality-nextest> cargo-nextest 0.9.132
crunch-release-nix-witness-quality-nextest> release: 0.9.132
crunch-release-nix-witness-quality-nextest> host: x86_64-unknown-linux-gnu
crunch-release-nix-witness-quality-nextest> Running phase: checkPhase
crunch-release-nix-witness-quality-nextest> +++ command cargo nextest run --cargo-profile release --test release_cli release_nix_witness
tigerstyle-consumer-check> warning: /build/source/Cargo.toml: file `/build/source/src/main.rs` found to be present in multiple build targets:
tigerstyle-consumer-check>   * `bin` target `crunch`
tigerstyle-consumer-check>   * `bin` target `mantle`
crunch-kernelscript-adapter>    Compiling proc-macro2 v1.0.106
crunch-kernelscript-adapter>    Compiling quote v1.0.45
crunch-kernelscript-adapter>    Compiling cc v1.2.59
crunch-kernelscript-adapter>    Compiling serde_json v1.0.149
crunch-kernelscript-adapter>    Compiling memchr v2.8.0
crunch-release-determinism-quality-nextest> warning: /build/source/Cargo.toml: file `/build/source/src/main.rs` found to be present in multiple build targets:
crunch-release-determinism-quality-nextest>   * `bin` target `crunch`
crunch-release-determinism-quality-nextest>   * `bin` target `mantle`
crunch-kernelscript-adapter>    Compiling libc v0.2.186
crunch-kernelscript-adapter>    Compiling digest v0.10.7
crunch-release-nix-witness-quality-nextest> warning: /build/source/Cargo.toml: file `/build/source/src/main.rs` found to be present in multiple build targets:
crunch-release-nix-witness-quality-nextest>   * `bin` target `crunch`
crunch-release-nix-witness-quality-nextest>   * `bin` target `mantle`
tigerstyle-consumer-check>    Compiling proc-macro2 v1.0.106
tigerstyle-consumer-check>    Compiling unicode-ident v1.0.24
tigerstyle-consumer-check>    Compiling quote v1.0.45
tigerstyle-consumer-check>     Checking cfg-if v1.0.4
tigerstyle-consumer-check>    Compiling serde_core v1.0.228
tigerstyle-consumer-check>    Compiling serde v1.0.228
tigerstyle-consumer-check>    Compiling libc v0.2.186
tigerstyle-consumer-check>     Checking memchr v2.8.0
tigerstyle-consumer-check>    Compiling version_check v0.9.5
tigerstyle-consumer-check>     Checking subtle v2.6.1
tigerstyle-consumer-check>     Checking smallvec v1.15.1
tigerstyle-consumer-check>    Compiling parking_lot_core v0.9.12
crunch-kernelscript-adapter>    Compiling sha2 v0.10.9
tigerstyle-consumer-check>     Checking const-oid v0.9.6
tigerstyle-consumer-check>     Checking typenum v1.20.1
tigerstyle-consumer-check>     Checking itoa v1.0.18
tigerstyle-consumer-check>    Compiling shlex v1.3.0
tigerstyle-consumer-check>    Compiling find-msvc-tools v0.1.9
tigerstyle-consumer-check>    Compiling crossbeam-utils v0.8.21
tigerstyle-consumer-check>     Checking once_cell v1.21.4
tigerstyle-consumer-check>     Checking scopeguard v1.2.0
tigerstyle-consumer-check>     Checking regex-syntax v0.8.10
tigerstyle-consumer-check>     Checking bitflags v2.11.0
tigerstyle-consumer-check>     Checking allocator-api2 v0.2.21
tigerstyle-consumer-check>    Compiling thiserror v2.0.18
tigerstyle-consumer-check>     Checking equivalent v1.0.2
tigerstyle-consumer-check>     Checking stable_deref_trait v1.2.1
tigerstyle-consumer-check>     Checking foldhash v0.2.0
tigerstyle-consumer-check>     Checking fastrand v2.4.1
tigerstyle-consumer-check>     Checking cpufeatures v0.2.17
tigerstyle-consumer-check>    Compiling rustix v1.1.4
tigerstyle-consumer-check>    Compiling crc32fast v1.5.0
tigerstyle-consumer-check>     Checking arrayvec v0.7.6
tigerstyle-consumer-check>     Checking linux-raw-sys v0.12.1
tigerstyle-consumer-check>    Compiling zmij v1.0.21
tigerstyle-consumer-check>     Checking lock_api v0.4.14
tigerstyle-consumer-check>     Checking log v0.4.29
tigerstyle-consumer-check>    Compiling serde_json v1.0.149
tigerstyle-consumer-check>     Checking same-file v1.0.6
tigerstyle-consumer-check>     Checking tinyvec_macros v0.1.1
tigerstyle-consumer-check>     Checking pin-project-lite v0.2.17
tigerstyle-consumer-check>    Compiling crossbeam-epoch v0.9.20
tigerstyle-consumer-check>     Checking gix-trace v0.1.18
tigerstyle-consumer-check>     Checking tinyvec v1.11.0
tigerstyle-consumer-check>    Compiling rayon-core v1.13.0
tigerstyle-consumer-check>     Checking zeroize v1.8.2
tigerstyle-consumer-check>     Checking arrayref v0.3.9
tigerstyle-consumer-check>     Checking walkdir v2.5.0
tigerstyle-consumer-check>     Checking constant_time_eq v0.3.1
tigerstyle-consumer-check>     Checking futures-core v0.3.32
tigerstyle-consumer-check>     Checking human_format v1.2.1
tigerstyle-consumer-check>     Checking bytesize v2.3.1
tigerstyle-consumer-check>     Checking zlib-rs v0.6.3
tigerstyle-consumer-check>     Checking byteorder v1.5.0
tigerstyle-consumer-check>    Compiling heapless v0.8.0
tigerstyle-consumer-check>     Checking rand_core v0.10.0
tigerstyle-consumer-check>    Compiling getrandom v0.4.2
tigerstyle-consumer-check>    Compiling generic-array v0.14.7
tigerstyle-consumer-check>     Checking futures-sink v0.3.32
tigerstyle-consumer-check>     Checking futures-io v0.3.32
tigerstyle-consumer-check>     Checking slab v0.4.12
tigerstyle-consumer-check>     Checking jiff v0.2.23
tigerstyle-consumer-check>     Checking futures-task v0.3.32
tigerstyle-consumer-check>     Checking futures-channel v0.3.32
tigerstyle-consumer-check>    Compiling rustversion v1.0.22
tigerstyle-consumer-check>     Checking foldhash v0.1.5
tigerstyle-consumer-check>     Checking tracing-core v0.1.36
tigerstyle-consumer-check>    Compiling fs_extra v1.3.0
tigerstyle-consumer-check>    Compiling dunce v1.0.5
tigerstyle-consumer-check>     Checking percent-encoding v2.3.2
tigerstyle-consumer-check>    Compiling libm v0.2.16
tigerstyle-consumer-check>     Checking fnv v1.0.7
tigerstyle-consumer-check>    Compiling aws-lc-rs v1.16.2
tigerstyle-consumer-check>    Compiling semver v1.0.28
tigerstyle-consumer-check>     Checking rustls-pki-types v1.14.0
tigerstyle-consumer-check>    Compiling hashbrown v0.16.1
tigerstyle-consumer-check>     Checking litemap v0.8.2
tigerstyle-consumer-check>     Checking base64 v0.22.1
tigerstyle-consumer-check>     Checking unicode-width v0.2.2
tigerstyle-consumer-check>    Compiling unicode-xid v0.2.6
tigerstyle-consumer-check>     Checking writeable v0.6.3
tigerstyle-consumer-check>     Checking encoding_rs v0.8.35
tigerstyle-consumer-check>    Compiling icu_normalizer_data v2.2.0
tigerstyle-consumer-check>    Compiling ident_case v1.0.1
tigerstyle-consumer-check>    Compiling icu_properties_data v2.2.0
tigerstyle-consumer-check>     Checking hash32 v0.3.1
tigerstyle-consumer-check>    Compiling autocfg v1.5.0
tigerstyle-consumer-check>     Checking hashbrown v0.15.5
tigerstyle-consumer-check>    Compiling strsim v0.11.1
tigerstyle-consumer-check>     Checking untrusted v0.9.0
tigerstyle-consumer-check>    Compiling pkg-config v0.3.32
tigerstyle-consumer-check>    Compiling httparse v1.10.1
tigerstyle-consumer-check>     Checking utf8_iter v1.0.4
tigerstyle-consumer-check>    Compiling rustc_version v0.4.1
tigerstyle-consumer-check>    Compiling rustls v0.23.37
tigerstyle-consumer-check>     Checking ipnet v2.12.0
tigerstyle-consumer-check>    Compiling signal-hook v0.4.4
tigerstyle-consumer-check>     Checking either v1.15.0
tigerstyle-consumer-check>     Checking static_assertions v1.1.0
tigerstyle-consumer-check>     Checking unicode-normalization v0.1.25
tigerstyle-consumer-check>     Checking nonempty v0.12.0
tigerstyle-consumer-check>     Checking ryu v1.0.23
tigerstyle-consumer-check>     Checking atomic-waker v1.1.2
tigerstyle-consumer-check>     Checking tower-service v0.3.3
tigerstyle-consumer-check>     Checking try-lock v0.2.5
tigerstyle-consumer-check>     Checking hashbrown v0.14.5
tigerstyle-consumer-check>     Checking form_urlencoded v1.2.2
tigerstyle-consumer-check>     Checking crossbeam-channel v0.5.15
tigerstyle-consumer-check>     Checking want v0.3.1
tigerstyle-consumer-check>    Compiling cfg_aliases v0.2.1
tigerstyle-consumer-check>     Checking sync_wrapper v1.0.2
tigerstyle-consumer-check>     Checking openssl-probe v0.2.1
tigerstyle-consumer-check>     Checking tower-layer v0.3.3
tigerstyle-consumer-check>     Checking colorchoice v1.0.5
tigerstyle-consumer-check>     Checking spin v0.9.9
tigerstyle-consumer-check>    Compiling num-traits v0.2.19
tigerstyle-consumer-check>     Checking iri-string v0.7.12
tigerstyle-consumer-check>     Checking data-encoding v2.10.0
tigerstyle-consumer-check>     Checking adler2 v2.0.1
tigerstyle-consumer-check>     Checking rustls-native-certs v0.8.3
crunch-release-determinism-quality-nextest>    Compiling fuse-backend-rs v0.12.0 (/build/source/vendor/fuse-backend-rs)
crunch-release-determinism-quality-nextest>    Compiling nix-compat v0.1.0 (/build/source/vendor/nix-compat)
tigerstyle-consumer-check>    Compiling unicode-segmentation v1.13.2
tigerstyle-consumer-check>     Checking mime v0.3.17
crunch-release-determinism-quality-nextest>    Compiling crunch-attestation-core v0.1.0 (/build/source/crates/crunch-attestation-core)
crunch-release-determinism-quality-nextest>    Compiling nix-compat-derive v0.1.0 (/build/source/vendor/nix-compat-derive)
tigerstyle-consumer-check>     Checking lazy_static v1.5.0
tigerstyle-consumer-check>     Checking aho-corasick v1.1.4
tigerstyle-consumer-check>     Checking winnow v0.7.15
crunch-kernelscript-adapter>    Compiling syn v2.0.117
tigerstyle-consumer-check>     Checking unicode-bom v2.0.3
tigerstyle-consumer-check>     Checking simd-adler32 v0.3.9
tigerstyle-consumer-check>     Checking crossbeam-deque v0.8.6
tigerstyle-consumer-check>    Compiling heck v0.5.0
tigerstyle-consumer-check>     Checking faster-hex v0.10.0
tigerstyle-consumer-check>     Checking utf8parse v0.2.2
tigerstyle-consumer-check>     Checking miniz_oxide v0.8.9
crunch-release-nix-witness-quality-nextest>    Compiling fuse-backend-rs v0.12.0 (/build/source/vendor/fuse-backend-rs)
crunch-release-nix-witness-quality-nextest>    Compiling nix-compat v0.1.0 (/build/source/vendor/nix-compat)
crunch-release-nix-witness-quality-nextest>    Compiling crunch-attestation-core v0.1.0 (/build/source/crates/crunch-attestation-core)
tigerstyle-consumer-check>    Compiling indexmap v2.13.1
crunch-release-nix-witness-quality-nextest>    Compiling nix-compat-derive v0.1.0 (/build/source/vendor/nix-compat-derive)
tigerstyle-consumer-check>     Checking anstyle-parse v1.0.0
tigerstyle-consumer-check>    Compiling curve25519-dalek v4.1.3
tigerstyle-consumer-check>    Compiling convert_case v0.10.0
crunch-release-determinism-quality-nextest>    Compiling snix-castore v0.1.0 (/build/source/vendor/snix-castore)
tigerstyle-consumer-check>     Checking kstring v2.0.2
tigerstyle-consumer-check>     Checking thread_local v1.1.9
tigerstyle-consumer-check>     Checking anstyle-query v1.1.5
tigerstyle-consumer-check>     Checking anstyle v1.0.14
tigerstyle-consumer-check>     Checking is_terminal_polyfill v1.70.2
tigerstyle-consumer-check>     Checking shell-words v1.1.1
tigerstyle-consumer-check>    Compiling winnow v1.0.1
tigerstyle-consumer-check>    Compiling portable-atomic v1.13.1
tigerstyle-consumer-check>    Compiling toml_datetime v1.1.1+spec-1.1.0
tigerstyle-consumer-check>    Compiling anyhow v1.0.102
tigerstyle-consumer-check>     Checking clap_lex v1.1.0
tigerstyle-consumer-check>     Checking vte v0.15.0
tigerstyle-consumer-check>    Compiling memoffset v0.6.5
tigerstyle-consumer-check>    Compiling zstd-safe v7.2.4
tigerstyle-consumer-check>    Compiling rustix v0.38.44
tigerstyle-consumer-check>    Compiling typeid v1.0.3
tigerstyle-consumer-check>     Checking anstream v1.0.0
tigerstyle-consumer-check>    Compiling syn v2.0.117
crunch-kernelscript-adapter>    Compiling blake3 v1.8.2
tigerstyle-consumer-check>     Checking block-buffer v0.10.4
tigerstyle-consumer-check>     Checking crypto-common v0.1.7
crunch-release-nix-witness-quality-nextest>    Compiling snix-castore v0.1.0 (/build/source/vendor/snix-castore)
tigerstyle-consumer-check>     Checking vt100 v0.16.2
tigerstyle-consumer-check>     Checking arc-swap v1.9.1
tigerstyle-consumer-check>     Checking sharded-slab v0.1.7
tigerstyle-consumer-check>     Checking clap_builder v4.6.0
crunch-release-determinism-quality-nextest>    Compiling snix-tracing v0.1.0 (/build/source/vendor/snix-tracing)
tigerstyle-consumer-check>    Compiling n0-future v0.3.2
tigerstyle-consumer-check>    Compiling nix v0.31.3
tigerstyle-consumer-check>     Checking tracing-log v0.2.0
tigerstyle-consumer-check>     Checking nu-ansi-term v0.50.3
tigerstyle-consumer-check>     Checking digest v0.10.7
tigerstyle-consumer-check>     Checking cpufeatures v0.3.0
tigerstyle-consumer-check>     Checking bitflags v1.3.2
tigerstyle-consumer-check>     Checking spin v0.10.0
tigerstyle-consumer-check>     Checking linux-raw-sys v0.4.15
tigerstyle-consumer-check>    Compiling zerocopy v0.8.48
tigerstyle-consumer-check>     Checking parking v2.2.1
tigerstyle-consumer-check>    Compiling thiserror v1.0.69
crunch-release-nix-witness-quality-nextest>    Compiling snix-tracing v0.1.0 (/build/source/vendor/snix-tracing)
tigerstyle-consumer-check>    Compiling erased-serde v0.4.10
tigerstyle-consumer-check>     Checking diatomic-waker v0.2.3
tigerstyle-consumer-check>    Compiling siphasher v1.0.2
tigerstyle-consumer-check>     Checking cordyceps v0.3.4
tigerstyle-consumer-check>     Checking unit-prefix v0.5.2
tigerstyle-consumer-check>     Checking futures-lite v2.6.1
tigerstyle-consumer-check>     Checking chacha20 v0.10.0
tigerstyle-consumer-check>     Checking flate2 v1.1.9
tigerstyle-consumer-check>    Compiling phf_shared v0.11.3
tigerstyle-consumer-check>     Checking nibble_vec v0.1.0
tigerstyle-consumer-check>     Checking matchit v0.8.4
tigerstyle-consumer-check>    Compiling nix-compat v0.1.0 (/build/source/vendor/nix-compat)
tigerstyle-consumer-check>    Compiling redb v3.1.3
tigerstyle-consumer-check>     Checking sha1 v0.10.6
tigerstyle-consumer-check>     Checking sha2 v0.10.9
tigerstyle-consumer-check>     Checking md-5 v0.10.6
tigerstyle-consumer-check>    Compiling fixedbitset v0.5.7
tigerstyle-consumer-check>     Checking futures-buffered v0.2.13
tigerstyle-consumer-check>     Checking regex-automata v0.4.14
tigerstyle-consumer-check>     Checking bytemuck v1.25.0
tigerstyle-consumer-check>    Compiling term v1.2.1
tigerstyle-consumer-check>    Compiling precomputed-hash v0.1.1
tigerstyle-consumer-check>     Checking sha1-checked v0.10.0
tigerstyle-consumer-check>     Checking iana-time-zone v0.1.65
tigerstyle-consumer-check>     Checking errno v0.3.14
tigerstyle-consumer-check>     Checking mio v1.2.0
tigerstyle-consumer-check>     Checking getrandom v0.2.17
tigerstyle-consumer-check>     Checking socket2 v0.6.3
tigerstyle-consumer-check>     Checking memmap2 v0.9.10
tigerstyle-consumer-check>     Checking filetime v0.2.27
tigerstyle-consumer-check>     Checking console v0.16.3
tigerstyle-consumer-check>     Checking signal-hook-registry v1.4.8
tigerstyle-consumer-check>     Checking rand_core v0.6.4
tigerstyle-consumer-check>     Checking gix-sec v0.13.2
tigerstyle-consumer-check>    Compiling keccak v0.1.6
tigerstyle-consumer-check>    Compiling bit-vec v0.8.0
tigerstyle-consumer-check>     Checking parking_lot v0.12.5
tigerstyle-consumer-check>     Checking dashmap v6.1.0
tigerstyle-consumer-check>    Compiling toml_parser v1.1.2+spec-1.1.0
tigerstyle-consumer-check>     Checking signature v2.2.0
tigerstyle-consumer-check>    Compiling fuse-backend-rs v0.12.0 (/build/source/vendor/fuse-backend-rs)
tigerstyle-consumer-check>     Checking endian-type v0.1.2
tigerstyle-consumer-check>    Compiling new_debug_unreachable v1.0.6
tigerstyle-consumer-check>    Compiling ascii-canvas v4.0.0
tigerstyle-consumer-check>     Checking nix v0.24.3
tigerstyle-consumer-check>     Checking ed25519 v2.2.3
tigerstyle-consumer-check>     Checking prodash v31.0.0
tigerstyle-consumer-check>    Compiling ena v0.14.4
tigerstyle-consumer-check>     Checking radix_trie v0.2.1
tigerstyle-consumer-check>     Checking indicatif v0.18.4
tigerstyle-consumer-check>    Compiling bit-set v0.8.0
tigerstyle-consumer-check>     Checking rand v0.10.1
tigerstyle-consumer-check>    Compiling petgraph v0.7.1
tigerstyle-consumer-check>     Checking safe_arch v0.7.4
tigerstyle-consumer-check>     Checking caps v0.5.6
tigerstyle-consumer-check>     Checking num_cpus v1.17.0
tigerstyle-consumer-check>     Checking tempfile v3.27.0
tigerstyle-consumer-check>     Checking xattr v1.6.1
tigerstyle-consumer-check>    Compiling itertools v0.14.0
tigerstyle-consumer-check>     Checking mio v0.8.11
tigerstyle-consumer-check>     Checking vmm-sys-util v0.11.2
tigerstyle-consumer-check>    Compiling jobserver v0.1.34
tigerstyle-consumer-check>     Checking vm-memory v0.10.0
tigerstyle-consumer-check>    Compiling proc-macro-error-attr2 v2.0.0
tigerstyle-consumer-check>     Checking nom v8.0.0
tigerstyle-consumer-check>     Checking itertools v0.15.0
tigerstyle-consumer-check>     Checking humantime v2.3.0
tigerstyle-consumer-check>    Compiling snix-castore v0.1.0 (/build/source/vendor/snix-castore)
tigerstyle-consumer-check>    Compiling toml_edit v0.25.10+spec-1.1.0
tigerstyle-consumer-check>     Checking fixedbitset v0.4.2
tigerstyle-consumer-check>    Compiling pico-args v0.5.0
tigerstyle-consumer-check>     Checking rustc-hash v2.1.2
tigerstyle-consumer-check>    Compiling cc v1.2.59
tigerstyle-consumer-check>    Compiling malachite-nz v0.6.1
tigerstyle-consumer-check>     Checking threadpool v1.8.1
tigerstyle-consumer-check>     Checking wide v0.7.33
tigerstyle-consumer-check>     Checking serde_bytes v0.11.19
tigerstyle-consumer-check>    Compiling logos-codegen v0.15.1
tigerstyle-consumer-check>    Compiling nix v0.29.0
tigerstyle-consumer-check>    Compiling proc-macro2-diagnostics v0.10.1
tigerstyle-consumer-check>     Checking wu-manber v0.1.0 (https://github.com/tvlfyi/wu-manber.git#0d5b22be)
tigerstyle-consumer-check>     Checking toml_datetime v0.7.5+spec-1.1.0
tigerstyle-consumer-check>     Checking uuid v1.23.0
tigerstyle-consumer-check>     Checking toml_writer v1.1.1+spec-1.1.0
tigerstyle-consumer-check>    Compiling snix-build v0.1.0 (/build/source/vendor/snix-build)
tigerstyle-consumer-check>    Compiling beef v0.5.2
tigerstyle-consumer-check>    Compiling snix-store v0.1.0 (/build/source/vendor/snix-store)
tigerstyle-consumer-check>     Checking strum v0.26.3
tigerstyle-consumer-check>    Compiling yansi v1.0.1
tigerstyle-consumer-check>     Checking tar v0.4.45
tigerstyle-consumer-check>    Compiling string_cache v0.8.9
tigerstyle-consumer-check>     Checking lru v0.16.4
crunch-kernelscript-adapter>    Compiling serde_derive v1.0.228
tigerstyle-consumer-check>     Checking itertools v0.12.1
tigerstyle-consumer-check>     Checking count-write v0.1.0
tigerstyle-consumer-check>     Checking base64ct v1.8.3
tigerstyle-consumer-check>     Checking bitmaps v3.2.1
tigerstyle-consumer-check>    Compiling io-lifetimes v2.0.4
tigerstyle-consumer-check>    Compiling io-lifetimes v3.0.1
tigerstyle-consumer-check>     Checking petgraph v0.6.5
tigerstyle-consumer-check>     Checking termcolor v1.4.1
tigerstyle-consumer-check>    Compiling heck v0.4.1
tigerstyle-consumer-check>     Checking serde_spanned v1.1.1
tigerstyle-consumer-check>    Compiling proc-macro-crate v3.5.0
tigerstyle-consumer-check>     Checking fs2 v0.4.3
tigerstyle-consumer-check>     Checking hashlink v0.10.0
tigerstyle-consumer-check>     Checking imara-diff v0.2.0
tigerstyle-consumer-check>     Checking imara-diff v0.1.8
tigerstyle-consumer-check>     Checking typed-arena v2.0.2
tigerstyle-consumer-check>     Checking pem-rfc7468 v0.7.0
tigerstyle-consumer-check>     Checking arrayvec v0.5.2
tigerstyle-consumer-check>    Compiling io-extras v0.19.0
tigerstyle-consumer-check>    Compiling signal-hook v0.3.18
tigerstyle-consumer-check>    Compiling getrandom v0.3.4
tigerstyle-consumer-check>     Checking aliasable v0.1.3
tigerstyle-consumer-check>    Compiling object v0.37.3
tigerstyle-consumer-check>    Compiling paste v1.0.15
tigerstyle-consumer-check>     Checking arraydeque v0.5.1
tigerstyle-consumer-check>     Checking der v0.7.10
tigerstyle-consumer-check>     Checking pretty v0.12.5
tigerstyle-consumer-check>     Checking clru v0.6.3
tigerstyle-consumer-check>     Checking vte v0.14.1
tigerstyle-consumer-check>    Compiling cmake v0.1.58
tigerstyle-consumer-check>     Checking uluru v3.1.0
tigerstyle-consumer-check>     Checking simple-counter v0.1.0
tigerstyle-consumer-check>     Checking gimli v0.32.3
tigerstyle-consumer-check>     Checking unsafe-libyaml v0.2.11
tigerstyle-consumer-check>    Compiling cap-primitives v4.0.2
tigerstyle-consumer-check>     Checking bumpalo v3.20.2
tigerstyle-consumer-check>     Checking saphyr-parser v0.0.6
tigerstyle-consumer-check>     Checking strip-ansi-escapes v0.2.1
tigerstyle-consumer-check>     Checking fs-set-times v0.20.3
tigerstyle-consumer-check>     Checking imbl-sized-chunks v0.1.3
tigerstyle-consumer-check>     Checking num-integer v0.1.46
tigerstyle-consumer-check>    Compiling sha3 v0.10.8
tigerstyle-consumer-check>     Checking rustix-linux-procfs v0.1.1
tigerstyle-consumer-check>     Checking io-close v0.3.7
tigerstyle-consumer-check>     Checking sha-1 v0.10.1
tigerstyle-consumer-check>     Checking json_scanner v0.1.0
tigerstyle-consumer-check>     Checking toml v0.9.12+spec-1.1.0
tigerstyle-consumer-check>     Checking toml_edit v0.23.10+spec-1.0.0
tigerstyle-consumer-check>     Checking maybe-owned v0.3.4
tigerstyle-consumer-check>    Compiling cap-std v4.0.2
tigerstyle-consumer-check>     Checking ambient-authority v0.0.2
tigerstyle-consumer-check>     Checking crc-catalog v2.4.0
tigerstyle-consumer-check>    Compiling litrs v1.0.0
tigerstyle-consumer-check>    Compiling num-bigint-dig v0.8.6
tigerstyle-consumer-check>     Checking rustc-demangle v0.1.28
tigerstyle-consumer-check>    Compiling owo-colors v4.3.0
tigerstyle-consumer-check>    Compiling linkme-impl v0.3.37
tigerstyle-consumer-check>    Compiling indoc v2.0.7
tigerstyle-consumer-check>     Checking num-iter v0.1.46
tigerstyle-consumer-check>     Checking crc v3.4.0
tigerstyle-consumer-check>     Checking signal-hook-mio v0.2.5
tigerstyle-consumer-check>     Checking rand_core v0.9.5
tigerstyle-consumer-check>    Compiling syn v3.0.3
tigerstyle-consumer-check>     Checking webpki-roots v1.0.6
tigerstyle-consumer-check>     Checking toml_write v0.1.2
tigerstyle-consumer-check>    Compiling cap-fs-ext v4.0.2
tigerstyle-consumer-check>     Checking twox-hash v2.1.2
tigerstyle-consumer-check>     Checking unicode-linebreak v0.1.5
tigerstyle-consumer-check>    Compiling blake3 v1.8.2
tigerstyle-consumer-check>    Compiling aws-lc-sys v0.39.1
tigerstyle-consumer-check>    Compiling ring v0.17.14
tigerstyle-consumer-check>    Compiling zstd-sys v2.0.16+zstd.1.5.7
tigerstyle-consumer-check>    Compiling libmimalloc-sys v0.1.44
tigerstyle-consumer-check>    Compiling lzma-sys v0.1.20
tigerstyle-consumer-check>    Compiling bzip2-sys v0.1.13+1.0.8
tigerstyle-consumer-check>     Checking utf8-zero v0.8.1
tigerstyle-consumer-check>    Compiling linkme v0.3.37
tigerstyle-consumer-check>     Checking is_ci v1.2.0
tigerstyle-consumer-check>     Checking textwrap v0.16.2
tigerstyle-consumer-check>     Checking supports-color v3.0.2
tigerstyle-consumer-check>     Checking lzma-rs v0.3.0
tigerstyle-consumer-check>     Checking ruzstd v0.8.2
tigerstyle-consumer-check>     Checking gethostname v0.5.0
tigerstyle-consumer-check>     Checking terminal_size v0.4.4
tigerstyle-consumer-check>     Checking fuzzy-matcher v0.3.7
tigerstyle-consumer-check>     Checking bzip2-rs v0.1.2
tigerstyle-consumer-check>    Compiling document-features v0.2.12
tigerstyle-consumer-check>     Checking malachite-base v0.6.1
tigerstyle-consumer-check>     Checking regex v1.12.3
tigerstyle-consumer-check>     Checking matchers v0.2.0
tigerstyle-consumer-check>     Checking lalrpop-util v0.22.2
tigerstyle-consumer-check>     Checking bounded-tree-core v0.1.0 (https://seed.radicle.garden/zqhtZvsteJhxCJE96dMAZSZ9y1PX.git?rev=b0fd0103bc9eed2c1b6d852045959462d105d8f1#b0fd0103)
tigerstyle-consumer-check>     Checking dyn-clone v1.0.20
tigerstyle-consumer-check>     Checking unicode-width v0.1.14
tigerstyle-consumer-check>     Checking supports-unicode v3.0.0
tigerstyle-consumer-check>     Checking spki v0.7.3
tigerstyle-consumer-check>     Checking supports-hyperlinks v3.2.0
tigerstyle-consumer-check>     Checking etcetera v0.11.0
tigerstyle-consumer-check>     Checking crunch-delta-core v0.1.0 (/build/source/crates/crunch-delta-core)
tigerstyle-consumer-check>     Checking detect-coding-agent v0.1.0
tigerstyle-consumer-check>     Checking pkcs8 v0.10.2
tigerstyle-consumer-check>     Checking dotenvy v0.15.7
tigerstyle-consumer-check>     Checking colored v3.1.1
tigerstyle-consumer-check>     Checking chapter-tgz v0.1.0
tigerstyle-consumer-check>     Checking durable-file-publication v0.1.0 (https://git.onix.computer/z3tAR4For7qw8ZirkJzoDw1VNDDLM.git?rev=951c27f59003cea9bfdb40ed4d89653d50fada1f#951c27f5)
tigerstyle-consumer-check>     Checking pkcs1 v0.7.5
tigerstyle-consumer-check>     Checking crunch-repair-core v0.1.0 (/build/source/crates/crunch-repair-core)
tigerstyle-consumer-check>     Checking crunch-overlay-core v0.1.0 (/build/source/crates/crunch-overlay-core)
tigerstyle-consumer-check>     Checking crunch-gc-core v0.1.0 (/build/source/crates/crunch-gc-core)
tigerstyle-consumer-check>     Checking crunch-evaluation-stream-core v0.1.0 (/build/source/crates/crunch-evaluation-stream-core)
tigerstyle-consumer-check>     Checking bounded-tree-cap v0.1.0 (https://seed.radicle.garden/zqhtZvsteJhxCJE96dMAZSZ9y1PX.git?rev=b0fd0103bc9eed2c1b6d852045959462d105d8f1#b0fd0103)
tigerstyle-consumer-check>     Checking bzip2 v0.5.2
tigerstyle-consumer-check>     Checking mimalloc v0.1.48
crunch-release-nix-witness-quality-nextest>    Compiling crunch-attestation v0.1.0 (/build/source/crates/crunch-attestation)
tigerstyle-consumer-check>     Checking addr2line v0.25.1
crunch-kernelscript-adapter>    Compiling serde v1.0.228
tigerstyle-consumer-check>    Compiling synstructure v0.13.2
tigerstyle-consumer-check>    Compiling darling_core v0.23.0
tigerstyle-consumer-check>    Compiling darling_core v0.20.11
tigerstyle-consumer-check>    Compiling proc-macro-error2 v2.0.1
tigerstyle-consumer-check>     Checking xz2 v0.1.7
tigerstyle-consumer-check>     Checking ppv-lite86 v0.2.21
tigerstyle-consumer-check>    Compiling serde_derive v1.0.228
tigerstyle-consumer-check>    Compiling thiserror-impl v2.0.18
tigerstyle-consumer-check>    Compiling tokio-macros v2.7.0
tigerstyle-consumer-check>    Compiling zerofrom-derive v0.1.7
tigerstyle-consumer-check>    Compiling futures-macro v0.3.32
tigerstyle-consumer-check>    Compiling yoke-derive v0.8.2
tigerstyle-consumer-check>    Compiling zerovec-derive v0.11.3
tigerstyle-consumer-check>    Compiling displaydoc v0.2.5
tigerstyle-consumer-check>    Compiling tracing-attributes v0.1.31
tigerstyle-consumer-check>    Compiling derive_more-impl v2.1.1
tigerstyle-consumer-check>    Compiling curve25519-dalek-derive v0.1.1
tigerstyle-consumer-check>    Compiling async-trait v0.1.89
crunch-kernelscript-adapter>    Compiling crunch-kernelscript-core v0.1.0 (/build/source/crates/crunch-kernelscript-core)
tigerstyle-consumer-check>    Compiling clap_derive v4.6.0
tigerstyle-consumer-check>    Compiling pin-project-internal v1.1.11
tigerstyle-consumer-check>    Compiling thiserror-impl v1.0.69
tigerstyle-consumer-check>    Compiling spez v0.1.2
tigerstyle-consumer-check>    Compiling num_enum_derive v0.7.6
tigerstyle-consumer-check>    Compiling async-stream-impl v0.3.6
tigerstyle-consumer-check>    Compiling n0-error-macros v0.1.3
tigerstyle-consumer-check>    Compiling irpc-derive v0.10.0
tigerstyle-consumer-check>    Compiling nix-compat-derive v0.1.0 (/build/source/vendor/nix-compat-derive)
crunch-release-determinism-quality-nextest>    Compiling crunch-attestation v0.1.0 (/build/source/crates/crunch-attestation)
tigerstyle-consumer-check>    Compiling auto_impl v1.3.0
tigerstyle-consumer-check>     Checking async-stream v0.3.6
tigerstyle-consumer-check>    Compiling getset v0.1.6
tigerstyle-consumer-check>    Compiling strum_macros v0.26.4
tigerstyle-consumer-check>    Compiling typed-builder-macro v0.22.0
tigerstyle-consumer-check>     Checking rand_chacha v0.3.1
tigerstyle-consumer-check>     Checking futures-util v0.3.32
tigerstyle-consumer-check>    Compiling ouroboros_macro v0.18.5
tigerstyle-consumer-check>    Compiling maybe-async v0.2.10
tigerstyle-consumer-check>     Checking rand v0.8.6
tigerstyle-consumer-check>    Compiling logos-derive v0.15.1
tigerstyle-consumer-check>     Checking backtrace v0.3.76
tigerstyle-consumer-check>     Checking num_enum v0.7.6
tigerstyle-consumer-check>    Compiling lalrpop v0.22.2
tigerstyle-consumer-check>     Checking rand_chacha v0.9.0
tigerstyle-consumer-check>     Checking logos v0.15.1
tigerstyle-consumer-check>    Compiling miette-derive v7.6.0
tigerstyle-consumer-check>     Checking n0-error v0.1.3
tigerstyle-consumer-check>     Checking zerofrom v0.1.7
tigerstyle-consumer-check>     Checking yoke v0.8.2
tigerstyle-consumer-check>     Checking cobs v0.3.0
tigerstyle-consumer-check>     Checking pin-project v1.1.11
tigerstyle-consumer-check>     Checking nix-archive v0.1.0
tigerstyle-consumer-check>     Checking nix-derivation v0.1.0
tigerstyle-consumer-check>     Checking rand v0.9.3
tigerstyle-consumer-check>     Checking tracing v0.1.44
tigerstyle-consumer-check>     Checking zerovec v0.11.6
tigerstyle-consumer-check>     Checking zerotrie v0.2.4
tigerstyle-consumer-check>     Checking backtrace-ext v0.2.1
tigerstyle-consumer-check>     Checking tracing-subscriber v0.3.23
tigerstyle-consumer-check>    Compiling darling_macro v0.20.11
tigerstyle-consumer-check>    Compiling darling_macro v0.23.0
tigerstyle-consumer-check>     Checking derive_more v2.1.1
tigerstyle-consumer-check>     Checking tinystr v0.8.3
tigerstyle-consumer-check>     Checking potential_utf v0.1.5
tigerstyle-consumer-check>     Checking typed-builder v0.22.0
tigerstyle-consumer-check>     Checking crossterm v0.29.0
tigerstyle-consumer-check>     Checking icu_collections v2.2.0
tigerstyle-consumer-check>    Compiling darling v0.20.11
tigerstyle-consumer-check>     Checking ed25519-dalek v2.2.0
tigerstyle-consumer-check>    Compiling derive_builder_core v0.20.2
tigerstyle-consumer-check>     Checking icu_locale_core v2.2.0
tigerstyle-consumer-check>     Checking ouroboros v0.18.5
tigerstyle-consumer-check>     Checking miette v7.6.0
tigerstyle-consumer-check>     Checking clap v4.6.0
tigerstyle-consumer-check>    Compiling darling v0.23.0
tigerstyle-consumer-check>     Checking clap-verbosity-flag v3.0.4
tigerstyle-consumer-check>    Compiling serde_with_macros v3.18.0
tigerstyle-consumer-check>     Checking zstd v0.13.3
crunch-release-nix-witness-quality-nextest>    Compiling snix-store v0.1.0 (/build/source/vendor/snix-store)
tigerstyle-consumer-check>     Checking inquire v0.9.4
crunch-release-nix-witness-quality-nextest>    Compiling snix-build v0.1.0 (/build/source/vendor/snix-build)
tigerstyle-consumer-check>     Checking rsa v0.9.10
tigerstyle-consumer-check>     Checking tracing-indicatif v0.3.14
tigerstyle-consumer-check>    Compiling derive_builder_macro v0.20.2
tigerstyle-consumer-check>     Checking icu_provider v2.2.0
crunch-release-nix-witness-quality-nextest>    Compiling crunch-nar v0.1.0 (/build/source/crates/crunch-nar)
tigerstyle-consumer-check>     Checking serde_with v3.18.0
tigerstyle-consumer-check>     Checking icu_properties v2.2.0
tigerstyle-consumer-check>     Checking icu_normalizer v2.2.0
tigerstyle-consumer-check>     Checking derive_builder v0.20.2
crunch-kernelscript-adapter>    Compiling crunch-kernelscript-adapter v0.1.0 (/build/source/crates/crunch-kernelscript-adapter)
crunch-release-determinism-quality-nextest>    Compiling snix-build v0.1.0 (/build/source/vendor/snix-build)
tigerstyle-consumer-check>     Checking futures-executor v0.3.32
tigerstyle-consumer-check>     Checking futures v0.3.32
crunch-release-determinism-quality-nextest>    Compiling snix-store v0.1.0 (/build/source/vendor/snix-store)
tigerstyle-consumer-check>     Checking idna_adapter v1.2.1
tigerstyle-consumer-check>     Checking idna v1.1.0
tigerstyle-consumer-check>     Checking bytes v1.11.1
tigerstyle-consumer-check>     Checking bstr v1.12.1
tigerstyle-consumer-check>     Checking crunch-attestation-core v0.1.0 (/build/source/crates/crunch-attestation-core)
tigerstyle-consumer-check>     Checking serde_urlencoded v0.7.1
tigerstyle-consumer-check>     Checking quick-xml v0.40.1
tigerstyle-consumer-check>     Checking chrono v0.4.44
tigerstyle-consumer-check>     Checking serde_tagged v0.3.0
tigerstyle-consumer-check>     Checking serde_qs v0.12.0
tigerstyle-consumer-check>     Checking postcard v1.1.3
tigerstyle-consumer-check>     Checking artifact-auth-core v0.1.0 (ssh://git@github.com/OnixResearch/onix-artifact.git?rev=c932138d880ddf4c2967f4c024b489b5c0022bf1#c932138d)
tigerstyle-consumer-check>     Checking oci-spec v0.7.1
tigerstyle-consumer-check>     Checking codespan-reporting v0.13.1
tigerstyle-consumer-check>     Checking crunch-composition-core v0.1.0 (/build/source/crates/crunch-composition-core)
tigerstyle-consumer-check>     Checking nickel-lang-vector v0.1.0
tigerstyle-consumer-check>     Checking serde_yaml v0.9.34+deprecated
tigerstyle-consumer-check>     Checking serde_spanned v0.6.9
tigerstyle-consumer-check>     Checking toml_datetime v0.6.11
tigerstyle-consumer-check>     Checking crunch-rust-cache-core v0.1.0 (/build/source/crates/crunch-rust-cache-core)
tigerstyle-consumer-check>     Checking crunch-wasm-component-core v0.1.0 (/build/source/crates/crunch-wasm-component-core)
tigerstyle-consumer-check>     Checking crunch-shell-core v0.1.0 (/build/source/crates/crunch-shell-core)
tigerstyle-consumer-check>     Checking secrecy v0.10.3
tigerstyle-consumer-check>     Checking mantlepkgs-core v0.1.0 (/build/source/crates/mantlepkgs-core)
tigerstyle-consumer-check>     Checking crunch-kernelscript-core v0.1.0 (/build/source/crates/crunch-kernelscript-core)
tigerstyle-consumer-check>     Checking crunch-spacewasm-core v0.1.0 (/build/source/crates/crunch-spacewasm-core)
tigerstyle-consumer-check>     Checking crunch-release-core v0.1.0 (/build/source/crates/crunch-release-core)
tigerstyle-consumer-check>     Checking mantle-portable-client-core v0.1.0 (/build/source/crates/mantle-portable-client-core)
tigerstyle-consumer-check>     Checking crunch-hardware-simulation-core v0.1.0 (/build/source/crates/crunch-hardware-simulation-core)
tigerstyle-consumer-check>     Checking crunch-bootstrap-core v0.1.0 (/build/source/crates/crunch-bootstrap-core)
crunch-release-determinism-quality-nextest>    Compiling crunch-nar v0.1.0 (/build/source/crates/crunch-nar)
tigerstyle-consumer-check>     Checking crunch-eval-budget-core v0.1.0 (/build/source/crates/crunch-eval-budget-core)
tigerstyle-consumer-check>     Checking nickel-export-core v0.1.0 (https://github.com/OnixResearch/nickel-export?rev=257fafc1c746f1faf156207043a4c826bfb16d49#257fafc1)
tigerstyle-consumer-check>     Checking mantle-build-contract v0.1.0 (/build/source/crates/mantle-build-contract)
tigerstyle-consumer-check>     Checking toml_edit v0.22.27
tigerstyle-consumer-check>     Checking url v2.5.8
tigerstyle-consumer-check>     Checking crunch-shell v0.1.0 (/build/source/crates/crunch-shell)
tigerstyle-consumer-check>     Checking codespan v0.13.1
crunch-release-nix-witness-quality-nextest>    Compiling crunch-action-result-core v0.1.0 (/build/source/crates/crunch-action-result-core)
tigerstyle-consumer-check>     Checking gix-validate v0.11.0
tigerstyle-consumer-check>     Checking gix-utils v0.3.1
tigerstyle-consumer-check>     Checking gix-error v0.2.1
tigerstyle-consumer-check>     Checking gix-packetline v0.21.2
tigerstyle-consumer-check>     Checking crunch-action-result-core v0.1.0 (/build/source/crates/crunch-action-result-core)
tigerstyle-consumer-check>     Checking tokio v1.51.0
tigerstyle-consumer-check>     Checking http v1.4.0
tigerstyle-consumer-check>     Checking artifact-auth-ed25519 v0.1.0 (ssh://git@github.com/OnixResearch/onix-artifact.git?rev=c932138d880ddf4c2967f4c024b489b5c0022bf1#c932138d)
tigerstyle-consumer-check>     Checking gix-path v0.11.2
tigerstyle-consumer-check>     Checking gix-date v0.15.1
tigerstyle-consumer-check>     Checking gix-chunk v0.7.0
tigerstyle-consumer-check>     Checking gix-quote v0.7.0
tigerstyle-consumer-check>     Checking gix-bitmap v0.3.0
tigerstyle-consumer-check>     Checking gix-features v0.46.2
tigerstyle-consumer-check>     Checking gix-config-value v0.17.1
tigerstyle-consumer-check>     Checking gix-command v0.8.0
tigerstyle-consumer-check>     Checking gix-url v0.35.2
tigerstyle-consumer-check>     Checking gix-actor v0.40.0
tigerstyle-consumer-check>     Checking gix-mailmap v0.32.0
tigerstyle-consumer-check>     Checking gix-prompt v0.14.1
tigerstyle-consumer-check>     Checking gix-hash v0.23.0
tigerstyle-consumer-check>     Checking gix-fs v0.19.2
tigerstyle-consumer-check>     Checking gix-glob v0.24.0
tigerstyle-consumer-check>     Checking gix-credentials v0.37.1
tigerstyle-consumer-check>     Checking gix-hashtable v0.13.0
tigerstyle-consumer-check>     Checking gix-commitgraph v0.35.0
tigerstyle-consumer-check>     Checking gix-tempfile v21.0.2
tigerstyle-consumer-check>     Checking gix-object v0.58.0
tigerstyle-consumer-check>     Checking http-body v1.0.1
tigerstyle-consumer-check>     Checking ureq-proto v0.6.0
tigerstyle-consumer-check>     Checking gix-attributes v0.31.0
tigerstyle-consumer-check>     Checking gix-ignore v0.19.1
tigerstyle-consumer-check>     Checking http-body-util v0.1.3
tigerstyle-consumer-check>     Checking gix-lock v21.0.2
tigerstyle-consumer-check>     Checking gix-shallow v0.10.0
tigerstyle-consumer-check>     Checking gix-pathspec v0.16.1
tigerstyle-consumer-check>     Checking crunch-attestation v0.1.0 (/build/source/crates/crunch-attestation)
tigerstyle-consumer-check>     Checking crunch-project-core v0.1.0 (/build/source/crates/crunch-project-core)
tigerstyle-consumer-check>     Checking toml v0.8.23
crunch-release-determinism-quality-nextest>    Compiling crunch-action-result-core v0.1.0 (/build/source/crates/crunch-action-result-core)
tigerstyle-consumer-check>     Checking crunch-spacewasm v0.1.0 (/build/source/crates/crunch-spacewasm)
tigerstyle-consumer-check>     Checking gix-revwalk v0.29.0
tigerstyle-consumer-check>     Checking gix-ref v0.61.0
tigerstyle-consumer-check>     Checking gix-filter v0.28.0
tigerstyle-consumer-check>     Checking gix-pack v0.68.0
tigerstyle-consumer-check>     Checking crunch-hardware-simulation v0.1.0 (/build/source/crates/crunch-hardware-simulation)
tigerstyle-consumer-check>     Checking gix-traverse v0.55.0
tigerstyle-consumer-check>     Checking gix-revision v0.43.0
tigerstyle-consumer-check>     Checking gix-negotiate v0.29.0
tigerstyle-consumer-check>     Checking gix-index v0.49.0
tigerstyle-consumer-check>     Checking gix-worktree-stream v0.30.0
tigerstyle-consumer-check>     Checking gix-refspec v0.39.0
tigerstyle-consumer-check>     Checking crunch-kernelscript-adapter v0.1.0 (/build/source/crates/crunch-kernelscript-adapter)
tigerstyle-consumer-check>     Checking gix-archive v0.30.0
tigerstyle-consumer-check>     Checking gix-discover v0.49.0
tigerstyle-consumer-check>     Checking gix-config v0.54.0
tigerstyle-consumer-check>     Checking gix-odb v0.78.0
tigerstyle-consumer-check>     Checking gix-worktree v0.50.0
tigerstyle-consumer-check>     Checking gix-diff v0.61.0
tigerstyle-consumer-check>     Checking gix-dir v0.23.0
tigerstyle-consumer-check>     Checking gix-worktree-state v0.28.0
crunch-release-nix-witness-quality-nextest>    Compiling crunch-repair-core v0.1.0 (/build/source/crates/crunch-repair-core)
crunch-release-nix-witness-quality-nextest>    Compiling crunch-overlay-core v0.1.0 (/build/source/crates/crunch-overlay-core)
tigerstyle-consumer-check>     Checking gix-submodule v0.28.0
crunch-release-nix-witness-quality-nextest>    Compiling crunch-composition-core v0.1.0 (/build/source/crates/crunch-composition-core)
tigerstyle-consumer-check>     Checking gix-blame v0.11.0
tigerstyle-consumer-check>     Checking gix-status v0.28.0
tigerstyle-consumer-check>     Checking crunch-wasm-component v0.1.0 (/build/source/crates/crunch-wasm-component)
crunch-kernelscript-adapter>     Finished `release` profile [optimized] target(s) in 20.50s
crunch-kernelscript-adapter> searching for bins/libs to install from cargo build log at cargoBuildLogW40p.json
tigerstyle-consumer-check>    Compiling nickel-lang-parser v0.1.1
tigerstyle-consumer-check>    Compiling nickel-lang-core v0.16.1
tigerstyle-consumer-check>     Checking tokio-util v0.7.18
tigerstyle-consumer-check>     Checking tower v0.5.3
tigerstyle-consumer-check>     Checking tokio-stream v0.1.18
tigerstyle-consumer-check>     Checking async-compression v0.4.19
tigerstyle-consumer-check>     Checking secretspec v0.17.0
tigerstyle-consumer-check>     Checking fastcdc v3.2.1
tigerstyle-consumer-check>     Checking astral-tokio-tar v0.6.3
tigerstyle-consumer-check>     Checking tower-http v0.6.8
crunch-release-nix-witness-quality-nextest>    Compiling crunch-gc-core v0.1.0 (/build/source/crates/crunch-gc-core)
crunch-kernelscript-adapter> installing /build/source/target/release/mantle-kernelscript-core-adapter in postBuildInstallFromCargoBuildLogOutTempMxG/bin
tigerstyle-consumer-check>     Checking h2 v0.4.13
crunch-kernelscript-adapter> searching for bins/libs complete
crunch-kernelscript-adapter> Running phase: installPhase
crunch-kernelscript-adapter> actually installing contents of postBuildInstallFromCargoBuildLogOutTempMxG to /nix/store/hk41x9fvxv86sq1qxqncx22zsqdzz36c-crunch-kernelscript-adapter-0.1.0
crunch-kernelscript-adapter> stripping references to Rust toolchain
crunch-kernelscript-adapter> Rust toolchain at: /nix/store/1hz41jg6cc3py3szsn6cxw3m5p42r4fj-rust-default-1.96.0-nightly-2026-04-08
tigerstyle-consumer-check>     Checking irpc v0.13.0
crunch-kernelscript-adapter> stripping Rust toolchain references done
crunch-kernelscript-adapter> stripping references to cargoVendorDir from:
crunch-kernelscript-adapter> /nix/store/hk41x9fvxv86sq1qxqncx22zsqdzz36c-crunch-kernelscript-adapter-0.1.0/bin/mantle-kernelscript-core-adapter
tigerstyle-consumer-check>     Checking malachite-q v0.6.1
tigerstyle-consumer-check>     Checking malachite-float v0.6.1
tigerstyle-consumer-check>     Checking crunch-project v0.1.0 (/build/source/crates/crunch-project)
crunch-kernelscript-adapter> stripping references done
crunch-kernelscript-adapter> Running phase: fixupPhase
crunch-kernelscript-adapter> shrinking RPATHs of ELF executables and libraries in /nix/store/hk41x9fvxv86sq1qxqncx22zsqdzz36c-crunch-kernelscript-adapter-0.1.0
crunch-kernelscript-adapter> shrinking /nix/store/hk41x9fvxv86sq1qxqncx22zsqdzz36c-crunch-kernelscript-adapter-0.1.0/bin/mantle-kernelscript-core-adapter
crunch-kernelscript-adapter> checking for references to /build/ in /nix/store/hk41x9fvxv86sq1qxqncx22zsqdzz36c-crunch-kernelscript-adapter-0.1.0...
crunch-kernelscript-adapter> patching script interpreter paths in /nix/store/hk41x9fvxv86sq1qxqncx22zsqdzz36c-crunch-kernelscript-adapter-0.1.0
crunch-kernelscript-adapter> stripping (with command strip and flags -S -p) in  /nix/store/hk41x9fvxv86sq1qxqncx22zsqdzz36c-crunch-kernelscript-adapter-0.1.0/bin
tigerstyle-consumer-check>     Checking rustls-webpki v0.103.13
tigerstyle-consumer-check>     Checking malachite v0.6.1
building '/nix/store/p3f7hgnyxjmm9xxqinfpnlxxz6n1scza-mantle-kernelscript-production.drv'...
crunch-release-determinism-quality-nextest>    Compiling crunch-composition-core v0.1.0 (/build/source/crates/crunch-composition-core)
tigerstyle-consumer-check>     Checking hyper v1.9.0
tigerstyle-consumer-check>     Checking crunch-nar v0.1.0 (/build/source/crates/crunch-nar)
tigerstyle-consumer-check>     Checking crunch-glue v0.1.0 (/build/source/crates/crunch-glue)
building '/nix/store/lqxh7q680n86dcg0051gl7rmcg7qnsmc-mantle-kernelscript-production-artifacts.drv'...
mantle-kernelscript-production-artifacts> 
mantle-kernelscript-production-artifacts> 🔥 KernelScript Compiler
mantle-kernelscript-production-artifacts> ========================
mantle-kernelscript-production-artifacts> 
mantle-kernelscript-production-artifacts> 📁 Source: probe_do_exit.ks
mantle-kernelscript-production-artifacts> 
mantle-kernelscript-production-artifacts> Phase 1: Parsing
mantle-kernelscript-production-artifacts> ✅ Successfully parsed 2 declarations
mantle-kernelscript-production-artifacts> 
mantle-kernelscript-production-artifacts> Phase 1.5: Import Resolution
mantle-kernelscript-production-artifacts> ✅ Resolved 0 imports
mantle-kernelscript-production-artifacts> 
mantle-kernelscript-production-artifacts> Phase 1.6: Include Processing
mantle-kernelscript-production-artifacts> ✅ Processed 0 includes, expanded to 2 declarations
mantle-kernelscript-production-artifacts> 
mantle-kernelscript-production-artifacts> Phase 2: Symbol Analysis
mantle-kernelscript-production-artifacts> 🔧 Kernel types handled by include system - no BTF injection needed
mantle-kernelscript-production-artifacts> ✅ Symbol table created successfully with BTF types
mantle-kernelscript-production-artifacts> 
mantle-kernelscript-production-artifacts> Phase 3: Multi-Program Analysis
mantle-kernelscript-production-artifacts> 📋 Found 0 config declarations
mantle-kernelscript-production-artifacts> Phase 4: Type Checking
mantle-kernelscript-production-artifacts> ✅ Type checking completed with multi-program annotations
mantle-kernelscript-production-artifacts> 
mantle-kernelscript-production-artifacts> Phase 4.5: Safety Analysis
mantle-kernelscript-production-artifacts> ✅ Safety analysis passed - probe_do_exit stack usage: 12/512 bytes
mantle-kernelscript-production-artifacts> 
mantle-kernelscript-production-artifacts> Phase 5: IR Optimization
mantle-kernelscript-production-artifacts> 
mantle-kernelscript-production-artifacts> 🚀 Advanced Multi-Program IR Optimization
mantle-kernelscript-production-artifacts> ==========================================
mantle-kernelscript-production-artifacts> 
mantle-kernelscript-production-artifacts> Step 1: Generating baseline IR...
mantle-kernelscript-production-artifacts> Step 1.5: Validating function signatures...
mantle-kernelscript-production-artifacts>   ✅ Entry function 'do_exit' signature validated
mantle-kernelscript-production-artifacts> Step 2: Analyzing optimization opportunities...
mantle-kernelscript-production-artifacts> Found 0 optimization strategies:
mantle-kernelscript-production-artifacts> 
mantle-kernelscript-production-artifacts> Step 3: Applying optimizations...
mantle-kernelscript-production-artifacts> Step 4: Cross-program validation...
mantle-kernelscript-production-artifacts>   ✓ Validating map access patterns...
mantle-kernelscript-production-artifacts>   ✓ Checking resource constraints...
mantle-kernelscript-production-artifacts>   ✓ Verifying program dependencies...
mantle-kernelscript-production-artifacts>   ✅ All cross-program constraints validated
mantle-kernelscript-production-artifacts> Step 5: Resource planning and validation...
mantle-kernelscript-production-artifacts>   📊 Resource Plan:
mantle-kernelscript-production-artifacts>      • Programs: 1
mantle-kernelscript-production-artifacts>      • Global maps: 0
mantle-kernelscript-production-artifacts>      • Est. instructions: 1000
mantle-kernelscript-production-artifacts>      • Est. stack usage: 512 bytes
mantle-kernelscript-production-artifacts>      • Est. memory usage: 0 bytes
mantle-kernelscript-production-artifacts>      • Verifier compatible: ✅ Yes
mantle-kernelscript-production-artifacts> 
mantle-kernelscript-production-artifacts> ✅ Advanced Multi-Program IR Optimization completed successfully!
mantle-kernelscript-production-artifacts> 
mantle-kernelscript-production-artifacts> Phase 6: Code Generation
mantle-kernelscript-production-artifacts> ✅ Generated IR-based userspace program: generated/probe_do_exit.c
mantle-kernelscript-production-artifacts> ℹ️ No kfuncs detected, kernel module not generated
mantle-kernelscript-production-artifacts> 📄 Generated Makefile: generated/Makefile
mantle-kernelscript-production-artifacts> 
mantle-kernelscript-production-artifacts> ✨ Compilation completed successfully!
mantle-kernelscript-production-artifacts> 📁 Output directory: generated/
mantle-kernelscript-production-artifacts> 🔨 To build: cd generated && make
mantle-kernelscript-production-artifacts> 
mantle-kernelscript-production-artifacts> 🔥 KernelScript Compiler
mantle-kernelscript-production-artifacts> ========================
mantle-kernelscript-production-artifacts> 
mantle-kernelscript-production-artifacts> 📁 Source: private_kfunc.ks
mantle-kernelscript-production-artifacts> 
mantle-kernelscript-production-artifacts> Phase 1: Parsing
mantle-kernelscript-production-artifacts> ✅ Successfully parsed 5 declarations
mantle-kernelscript-production-artifacts> 
mantle-kernelscript-production-artifacts> Phase 1.5: Import Resolution
mantle-kernelscript-production-artifacts> ✅ Resolved 0 imports
mantle-kernelscript-production-artifacts> 
mantle-kernelscript-production-artifacts> Phase 1.6: Include Processing
mantle-kernelscript-production-artifacts> ✅ Processed 1 includes, expanded to 6 declarations
mantle-kernelscript-production-artifacts>    📄 Header: xdp.kh
mantle-kernelscript-production-artifacts> 
mantle-kernelscript-production-artifacts> Phase 2: Symbol Analysis
mantle-kernelscript-production-artifacts> 🔧 Kernel types handled by include system - no BTF injection needed
mantle-kernelscript-production-artifacts> ✅ Symbol table created successfully with BTF types
mantle-kernelscript-production-artifacts> 
mantle-kernelscript-production-artifacts> Phase 3: Multi-Program Analysis
mantle-kernelscript-production-artifacts> 📋 Found 0 config declarations
mantle-kernelscript-production-artifacts> Phase 4: Type Checking
mantle-kernelscript-production-artifacts> ✅ Type checking completed with multi-program annotations
mantle-kernelscript-production-artifacts> 
mantle-kernelscript-production-artifacts> Phase 4.5: Safety Analysis
mantle-kernelscript-production-artifacts> ✅ Safety analysis passed - private_kfunc stack usage: 16/512 bytes
mantle-kernelscript-production-artifacts> 
mantle-kernelscript-production-artifacts> Phase 5: IR Optimization
mantle-kernelscript-production-artifacts> 
mantle-kernelscript-production-artifacts> 🚀 Advanced Multi-Program IR Optimization
mantle-kernelscript-production-artifacts> ==========================================
mantle-kernelscript-production-artifacts> 
mantle-kernelscript-production-artifacts> Step 1: Generating baseline IR...
mantle-kernelscript-production-artifacts> Step 1.5: Validating function signatures...
mantle-kernelscript-production-artifacts>   ✅ Entry function 'xdp_main' signature validated
mantle-kernelscript-production-artifacts> Step 2: Analyzing optimization opportunities...
mantle-kernelscript-production-artifacts> Found 0 optimization strategies:
mantle-kernelscript-production-artifacts> 
mantle-kernelscript-production-artifacts> Step 3: Applying optimizations...
mantle-kernelscript-production-artifacts> Step 4: Cross-program validation...
mantle-kernelscript-production-artifacts>   ✓ Validating map access patterns...
mantle-kernelscript-production-artifacts>   ✓ Checking resource constraints...
mantle-kernelscript-production-artifacts>   ✓ Verifying program dependencies...
mantle-kernelscript-production-artifacts>   ✅ All cross-program constraints validated
mantle-kernelscript-production-artifacts> Step 5: Resource planning and validation...
mantle-kernelscript-production-artifacts>   📊 Resource Plan:
mantle-kernelscript-production-artifacts>      • Programs: 1
mantle-kernelscript-production-artifacts>      • Global maps: 0
mantle-kernelscript-production-artifacts>      • Est. instructions: 1000
mantle-kernelscript-production-artifacts>      • Est. stack usage: 512 bytes
mantle-kernelscript-production-artifacts>      • Est. memory usage: 0 bytes
mantle-kernelscript-production-artifacts>      • Verifier compatible: ✅ Yes
mantle-kernelscript-production-artifacts> 
mantle-kernelscript-production-artifacts> ✅ Advanced Multi-Program IR Optimization completed successfully!
mantle-kernelscript-production-artifacts> 
mantle-kernelscript-production-artifacts> Phase 6: Code Generation
mantle-kernelscript-production-artifacts> ✅ Generated IR-based userspace program: generated/private_kfunc.c
mantle-kernelscript-production-artifacts> ✅ Generated kernel module: generated/private_kfunc.mod.c
mantle-kernelscript-production-artifacts> 📄 Generated Makefile: generated/Makefile
mantle-kernelscript-production-artifacts> 📄 Generated Kbuild: generated/Kbuild
mantle-kernelscript-production-artifacts> 
mantle-kernelscript-production-artifacts> ✨ Compilation completed successfully!
mantle-kernelscript-production-artifacts> 📁 Output directory: generated/
mantle-kernelscript-production-artifacts> 🔨 To build: cd generated && make
tigerstyle-consumer-check>     Checking hyper-util v0.1.20
mantle-kernelscript-production-artifacts> /build/tmp/mantle-kernelscript-production/probe/generated/probe_do_exit.ebpf.c:9:5: warning: unused parameter 'ctx' [-Wunused-parameter]
mantle-kernelscript-production-artifacts>     9 | int BPF_PROG(do_exit, __s64 code)
mantle-kernelscript-production-artifacts>       |     ^
mantle-kernelscript-production-artifacts> /nix/store/0y6byys2fd1xzq66vld217g7y69kvqa1-libbpf-1.6.3/include/bpf/bpf_tracing.h:684:32: note: expanded from macro 'BPF_PROG'
mantle-kernelscript-production-artifacts>   684 | ____##name(unsigned long long *ctx, ##args)
mantle-kernelscript-production-artifacts>       |                                ^
mantle-kernelscript-production-artifacts> 1 warning generated.
tigerstyle-consumer-check>     Checking tokio-rustls v0.26.4
tigerstyle-consumer-check>     Checking rustls-platform-verifier v0.6.2
tigerstyle-consumer-check>     Checking ureq v3.3.0
crunch-release-nix-witness-quality-nextest>    Compiling crunch-rust-cache-core v0.1.0 (/build/source/crates/crunch-rust-cache-core)
tigerstyle-consumer-check>     Checking hyper-rustls v0.27.7
tigerstyle-consumer-check>     Checking reqwest v0.13.2
mantle-kernelscript-production-artifacts> /build/tmp/mantle-kernelscript-production/kfunc/generated/private_kfunc.ebpf.c:45:41: warning: unused parameter 'ctx' [-Wunused-parameter]
mantle-kernelscript-production-artifacts>    45 | enum xdp_action xdp_main(struct xdp_md* ctx) {
mantle-kernelscript-production-artifacts>       |                                         ^
mantle-kernelscript-production-artifacts> 1 warning generated.
mantle-kernelscript-production-artifacts> /build/tmp/mantle-kernelscript-production/kfunc/generated/private_kfunc.c:83:12: warning: 'ensure_kfunc_dependencies_loaded' defined but not used [-Wunused-function]
mantle-kernelscript-production-artifacts>    83 | static int ensure_kfunc_dependencies_loaded(const char *program_name) {
mantle-kernelscript-production-artifacts>       |            ^~~~~~~~~~~~~~~~~~~~~~~~~~~~~~~~
mantle-kernelscript-production-artifacts> make: Entering directory '/build/tmp/mantle-kernelscript-production/kernel-build'
mantle-kernelscript-production-artifacts> make[1]: Entering directory '/build/tmp/mantle-kernelscript-production/kfunc/generated'
tigerstyle-consumer-check>     Checking reqwest-middleware v0.5.1
tigerstyle-consumer-check>     Checking object_store v0.14.0
tigerstyle-consumer-check>     Checking gix-transport v0.55.1
tigerstyle-consumer-check>     Checking reqwest-tracing v0.6.0
crunch-release-determinism-quality-nextest>    Compiling crunch-overlay-core v0.1.0 (/build/source/crates/crunch-overlay-core)
tigerstyle-consumer-check>     Checking gix-protocol v0.59.0
mantle-kernelscript-production-artifacts>   CC [M]  private_kfunc.mod.o
tigerstyle-consumer-check>     Checking snix-tracing v0.1.0 (/build/source/vendor/snix-tracing)
tigerstyle-consumer-check>     Checking gix v0.81.0
mantle-kernelscript-production-artifacts>   MODPOST Module.symvers
mantle-kernelscript-production-artifacts>   CC [M]  private_kfunc.mod.o
crunch-release-determinism-quality-nextest>    Compiling crunch-gc-core v0.1.0 (/build/source/crates/crunch-gc-core)
crunch-release-determinism-quality-nextest>    Compiling crunch-repair-core v0.1.0 (/build/source/crates/crunch-repair-core)
crunch-release-determinism-quality-nextest>    Compiling crunch-rust-cache-core v0.1.0 (/build/source/crates/crunch-rust-cache-core)
mantle-kernelscript-production-artifacts>   CC [M]  private_kfunc.mod.mod.o
mantle-kernelscript-production-artifacts>   CC [M]  .module-common.o
mantle-kernelscript-production-artifacts>   LD [M]  private_kfunc.mod.ko
mantle-kernelscript-production-artifacts>   BTF [M] private_kfunc.mod.ko
mantle-kernelscript-production-artifacts> make[1]: Leaving directory '/build/tmp/mantle-kernelscript-production/kfunc/generated'
mantle-kernelscript-production-artifacts> make: Leaving directory '/build/tmp/mantle-kernelscript-production/kernel-build'
crunch-release-nix-witness-quality-nextest>    Compiling crunch-store v0.1.0 (/build/source/crates/crunch-store)
building '/nix/store/xc0iqbm5xpw4vrd061813dqk0s039paf-mantle-kernelscript-production-structural-check.drv'...
crunch-release-determinism-quality-nextest>    Compiling crunch-store v0.1.0 (/build/source/crates/crunch-store)
crunch-release-nix-witness-quality-nextest>    Compiling crunch-eval v0.1.0 (/build/source/crates/crunch-eval)
tigerstyle-consumer-check>     Checking crunch-store v0.1.0 (/build/source/crates/crunch-store)
crunch-release-determinism-quality-nextest>    Compiling crunch-eval v0.1.0 (/build/source/crates/crunch-eval)
crunch-release-determinism-quality-nextest>    Compiling crunch-glue v0.1.0 (/build/source/crates/crunch-glue)
crunch-release-nix-witness-quality-nextest>    Compiling crunch-glue v0.1.0 (/build/source/crates/crunch-glue)
crunch-release-determinism-quality-nextest>    Compiling crunch-build v0.1.0 (/build/source/crates/crunch-build)
crunch-release-nix-witness-quality-nextest>    Compiling crunch-build v0.1.0 (/build/source/crates/crunch-build)
crunch-release-determinism-quality-nextest>    Compiling crunch-rust-cache v0.1.0 (/build/source/crates/crunch-rust-cache)
crunch-release-determinism-quality-nextest>    Compiling crunch-project-core v0.1.0 (/build/source/crates/crunch-project-core)
crunch-release-nix-witness-quality-nextest>    Compiling crunch-rust-cache v0.1.0 (/build/source/crates/crunch-rust-cache)
crunch-release-nix-witness-quality-nextest>    Compiling crunch-project-core v0.1.0 (/build/source/crates/crunch-project-core)
tigerstyle-consumer-check>     Checking crunch-build v0.1.0 (/build/source/crates/crunch-build)
tigerstyle-consumer-check>     Checking crunch-rust-cache v0.1.0 (/build/source/crates/crunch-rust-cache)
tigerstyle-consumer-check>     Checking crunch-delta v0.1.0 (/build/source/crates/crunch-delta)
tigerstyle-consumer-check> error: `report` looks like a quantity but has no unit suffix
tigerstyle-consumer-check>    --> crates/crunch-build/src/build_request.rs:239:9
tigerstyle-consumer-check>     |
tigerstyle-consumer-check> 239 |     let report = environment_policy::success_report(action_name, &environment_vars);
tigerstyle-consumer-check>     |         ^^^^^^
tigerstyle-consumer-check>     |
tigerstyle-consumer-check>     = help: Tiger Style (Unit Suffixes): put the unit in the name of numeric quantities Example: timeout_ms
tigerstyle-consumer-check>     = note: structured suggestion applicability: HasPlaceholders
tigerstyle-consumer-check>     = note: see Tiger Style guide: Unit Suffixes
tigerstyle-consumer-check>     = note: `-D tigerstyle::numeric-units` implied by `-D numeric-units`
tigerstyle-consumer-check>     = help: to override `-D numeric-units` add `#[allow(tigerstyle::numeric_units)]`
tigerstyle-consumer-check> help: rename with an explicit unit suffix like `_ms`, `_secs`, or `_bytes`
tigerstyle-consumer-check>     |
tigerstyle-consumer-check> 239 |     let report_<unit> = environment_policy::success_report(action_name, &environment_vars);
tigerstyle-consumer-check>     |               +++++++
tigerstyle-consumer-check> 
tigerstyle-consumer-check> error: function `validate_structured_output_names` has 0 assertion(s) in 21 lines (need 2+)
tigerstyle-consumer-check>    --> crates/crunch-build/src/build_request.rs:548:31
tigerstyle-consumer-check>     |
tigerstyle-consumer-check> 548 |   ) -> Result<(), crate::Error> {
tigerstyle-consumer-check>     |  _______________________________^
tigerstyle-consumer-check> 549 | |     let names = declared_outputs
tigerstyle-consumer-check> 550 | |         .as_array()
tigerstyle-consumer-check> 551 | |         .ok_or_else(|| crate::Error::Store("Nix structured attribute outputs must be an array".to_string()))?;
tigerstyle-consumer-check> ...   |
tigerstyle-consumer-check> 567 | |     Ok(())
tigerstyle-consumer-check> 568 | | }
tigerstyle-consumer-check>     | |_^
tigerstyle-consumer-check>     |
tigerstyle-consumer-check>     = help: Tiger Style (Assertion Density): add enough assertions to make local invariants visible near the logic they defend
tigerstyle-consumer-check>     = note: see Tiger Style guide: Assertion Density
tigerstyle-consumer-check>     = note: `-D tigerstyle::assertion-density` implied by `-D assertion-density`
tigerstyle-consumer-check>     = help: to override `-D assertion-density` add `#[allow(tigerstyle::assertion_density)]`
tigerstyle-consumer-check> 
tigerstyle-consumer-check> error: function `render_structured_attrs_shell` has 0 assertion(s) in 50 lines (need 2+)
tigerstyle-consumer-check>    --> crates/crunch-build/src/build_request.rs:617:94
tigerstyle-consumer-check>     |
tigerstyle-consumer-check> 617 |   fn render_structured_attrs_shell(attrs: &serde_json::Value) -> Result<Vec<u8>, crate::Error> {
tigerstyle-consumer-check>     |  ______________________________________________________________________________________________^
tigerstyle-consumer-check> 618 | |     let object = attrs
tigerstyle-consumer-check> 619 | |         .as_object()
tigerstyle-consumer-check> 620 | |         .ok_or_else(|| crate::Error::Store("Nix structured attributes must be a JSON object".to_string()))?;
tigerstyle-consumer-check> ...   |
tigerstyle-consumer-check> 665 | |     Ok(rendered.into_bytes())
tigerstyle-consumer-check> 666 | | }
tigerstyle-consumer-check>     | |_^
tigerstyle-consumer-check>     |
tigerstyle-consumer-check>     = help: Tiger Style (Assertion Density): add enough assertions to make local invariants visible near the logic they defend
tigerstyle-consumer-check>     = note: see Tiger Style guide: Assertion Density
tigerstyle-consumer-check> 
tigerstyle-consumer-check> error: function `validate_execution_profile` has 0 assertion(s) in 36 lines (need 2+)
tigerstyle-consumer-check>    --> crates/crunch-build/src/execution_profile.rs:212:100
tigerstyle-consumer-check>     |
tigerstyle-consumer-check> 212 |   pub fn validate_execution_profile(profile: &ExecutionProfile) -> Result<(), ExecutionProfileError> {
tigerstyle-consumer-check>     |  ____________________________________________________________________________________________________^
tigerstyle-consumer-check> 213 | |     if profile.schema != EXECUTION_PROFILE_SCHEMA {
tigerstyle-consumer-check> 214 | |         return Err(ExecutionProfileError::UnsupportedSchema);
tigerstyle-consumer-check> ...   |
tigerstyle-consumer-check> 246 | |     Ok(())
tigerstyle-consumer-check> 247 | | }
tigerstyle-consumer-check>     | |_^
tigerstyle-consumer-check>     |
tigerstyle-consumer-check>     = help: Tiger Style (Assertion Density): add enough assertions to make local invariants visible near the logic they defend
tigerstyle-consumer-check>     = note: see Tiger Style guide: Assertion Density
tigerstyle-consumer-check> 
tigerstyle-consumer-check> error: function `validate_environment` has 0 assertion(s) in 33 lines (need 2+)
tigerstyle-consumer-check>    --> crates/crunch-build/src/execution_profile.rs:261:90
tigerstyle-consumer-check>     |
tigerstyle-consumer-check> 261 |   fn validate_environment(profile: &ExecutionProfile) -> Result<(), ExecutionProfileError> {
tigerstyle-consumer-check>     |  __________________________________________________________________________________________^
tigerstyle-consumer-check> 262 | |     if profile.fixed_environment.len() > MAX_PROFILE_ENVIRONMENT_VARIABLES {
tigerstyle-consumer-check> 263 | |         return Err(ExecutionProfileError::CollectionLimit {
tigerstyle-consumer-check> 264 | |             field: "fixed_environment",
tigerstyle-consumer-check> ...   |
tigerstyle-consumer-check> 292 | |     Ok(())
tigerstyle-consumer-check> 293 | | }
tigerstyle-consumer-check>     | |_^
tigerstyle-consumer-check>     |
tigerstyle-consumer-check>     = help: Tiger Style (Assertion Density): add enough assertions to make local invariants visible near the logic they defend
tigerstyle-consumer-check>     = note: see Tiger Style guide: Assertion Density
tigerstyle-consumer-check> 
tigerstyle-consumer-check> error: condition has 3 boolean operators
tigerstyle-consumer-check>    --> crates/crunch-build/src/execution_profile.rs:273:12
tigerstyle-consumer-check>     |
tigerstyle-consumer-check> 273 |           if key.is_empty()
tigerstyle-consumer-check>     |  ____________^
tigerstyle-consumer-check> 274 | |             || key.len() > MAX_PROFILE_ENVIRONMENT_KEY_BYTES
tigerstyle-consumer-check> 275 | |             || key.contains('=')
tigerstyle-consumer-check> 276 | |             || key.bytes().any(|byte| byte == 0)
tigerstyle-consumer-check>     | |________________________________________________^
tigerstyle-consumer-check>     |
tigerstyle-consumer-check>     = help: Tiger Style (Condition Decomposition): break multi-part conditions into named predicates or nested guards Example: if is_leader { if has_quorum { ... } }
tigerstyle-consumer-check>     = note: see Tiger Style guide: Condition Decomposition
tigerstyle-consumer-check>     = note: `-D tigerstyle::compound-condition` implied by `-D compound-condition`
tigerstyle-consumer-check>     = help: to override `-D compound-condition` add `#[allow(tigerstyle::compound_condition)]`
tigerstyle-consumer-check> 
tigerstyle-consumer-check>     Checking crunch-rustc-wrapper v0.1.0 (/build/source/crates/crunch-rustc-wrapper)
tigerstyle-consumer-check> error: function `rename_noreplace` has 0 assertion(s) in 20 lines (need 2+)
tigerstyle-consumer-check>     --> crates/crunch-rustc-wrapper/src/lib.rs:1571:79
tigerstyle-consumer-check>      |
tigerstyle-consumer-check> 1571 |   fn rename_noreplace(source: &Path, destination: &Path) -> std::io::Result<()> {
tigerstyle-consumer-check>      |  _______________________________________________________________________________^
tigerstyle-consumer-check> 1572 | |     let source = CString::new(source.as_os_str().as_bytes())
tigerstyle-consumer-check> 1573 | |         .map_err(|_| std::io::Error::from(std::io::ErrorKind::InvalidInput))?;
tigerstyle-consumer-check> 1574 | |     let destination = CString::new(destination.as_os_str().as_bytes())
tigerstyle-consumer-check> ...    |
tigerstyle-consumer-check> 1594 | |     Err(std::io::Error::last_os_error())
tigerstyle-consumer-check> 1595 | | }
tigerstyle-consumer-check>      | |_^
tigerstyle-consumer-check>      |
tigerstyle-consumer-check>      = help: Tiger Style (Assertion Density): add enough assertions to make local invariants visible near the logic they defend
tigerstyle-consumer-check>      = note: see Tiger Style guide: Assertion Density
tigerstyle-consumer-check>      = note: `-D tigerstyle::assertion-density` implied by `-D assertion-density`
tigerstyle-consumer-check>      = help: to override `-D assertion-density` add `#[allow(tigerstyle::assertion_density)]`
tigerstyle-consumer-check> 
tigerstyle-consumer-check> error: could not compile `crunch-rustc-wrapper` (lib) due to 1 previous error
tigerstyle-consumer-check> warning: build failed, waiting for other jobs to finish...
tigerstyle-consumer-check> error: unprotected unsigned multiplication may overflow
tigerstyle-consumer-check>   --> crates/crunch-build/src/build_request.rs:65:43
tigerstyle-consumer-check>    |
tigerstyle-consumer-check> 65 | const MAX_STRUCTURED_ATTRS_BYTES: usize = MAX_STRUCTURED_ATTRS_KIBIBYTES * KIBIBYTE_BYTES;
tigerstyle-consumer-check>    |                                           ^^^^^^^^^^^^^^^^^^^^^^^^^^^^^^^^^^^^^^^^^^^^^^^
tigerstyle-consumer-check>    |
tigerstyle-consumer-check>    = help: Tiger Style (Overflow Protection): use checked or saturating arithmetic when overflow would change behavior Example: let total = a.checked_add(b)?;
tigerstyle-consumer-check>    = note: structured suggestion applicability: MaybeIncorrect
tigerstyle-consumer-check>    = note: see Tiger Style guide: Overflow Protection
tigerstyle-consumer-check>    = note: `-D tigerstyle::raw-arithmetic-overflow` implied by `-D raw-arithmetic-overflow`
tigerstyle-consumer-check>    = help: to override `-D raw-arithmetic-overflow` add `#[allow(tigerstyle::raw_arithmetic_overflow)]`
tigerstyle-consumer-check> help: replace with saturating multiplication
tigerstyle-consumer-check>    |
tigerstyle-consumer-check> 65 - const MAX_STRUCTURED_ATTRS_BYTES: usize = MAX_STRUCTURED_ATTRS_KIBIBYTES * KIBIBYTE_BYTES;
tigerstyle-consumer-check> 65 + const MAX_STRUCTURED_ATTRS_BYTES: usize = (MAX_STRUCTURED_ATTRS_KIBIBYTES).saturating_mul(KIBIBYTE_BYTES);
tigerstyle-consumer-check>    |
tigerstyle-consumer-check> 
tigerstyle-consumer-check> error: function has 6 parameters (limit: 5) — consider an options struct
tigerstyle-consumer-check>    --> crates/crunch-build/src/build_request.rs:409:1
tigerstyle-consumer-check>     |
tigerstyle-consumer-check> 409 | / pub(crate) fn build_request_from_environment(
tigerstyle-consumer-check> 410 | |     derivation: &Derivation,
tigerstyle-consumer-check> 411 | |     inputs: &BTreeMap<StorePath<String>, Node>,
tigerstyle-consumer-check> 412 | |     store_dir: &str,
tigerstyle-consumer-check> ...   |
tigerstyle-consumer-check> 457 | |     })
tigerstyle-consumer-check> 458 | | }
tigerstyle-consumer-check>     | |_^
tigerstyle-consumer-check>     |
tigerstyle-consumer-check>     = help: Tiger Style (Simple Interfaces): group many parameters into a named options struct instead of a long positional signature Example: fn connect(opts: ConnectOptions) -> ...
tigerstyle-consumer-check>     = note: see Tiger Style guide: Explicit Interfaces
tigerstyle-consumer-check>     = note: `-D tigerstyle::too-many-parameters` implied by `-D too-many-parameters`
tigerstyle-consumer-check>     = help: to override `-D too-many-parameters` add `#[allow(tigerstyle::too_many_parameters)]`
tigerstyle-consumer-check> 
tigerstyle-consumer-check> error: boolean binding `in_active_store` should have a predicate prefix
tigerstyle-consumer-check>    --> crates/crunch-build/src/build_request.rs:588:13
tigerstyle-consumer-check>     |
tigerstyle-consumer-check> 588 |         let in_active_store = path.strip_prefix(store_dir).is_some_and(|suffix| suffix.starts_with('/'));
tigerstyle-consumer-check>     |             ^^^^^^^^^^^^^^^
tigerstyle-consumer-check>     |
tigerstyle-consumer-check>     = help: Tiger Style (Positive Predicates): name booleans as predicates so call sites read like questions Example: let is_ready = status == Ready;
tigerstyle-consumer-check>     = note: structured suggestion applicability: MaybeIncorrect
tigerstyle-consumer-check>     = note: see Tiger Style guide: Positive Predicates
tigerstyle-consumer-check>     = note: `-D tigerstyle::bool-naming` implied by `-D bool-naming`
tigerstyle-consumer-check>     = help: to override `-D bool-naming` add `#[allow(tigerstyle::bool_naming)]`
tigerstyle-consumer-check> help: rename binding to `is_in_active_store`
tigerstyle-consumer-check>     |
tigerstyle-consumer-check> 588 |         let is_in_active_store = path.strip_prefix(store_dir).is_some_and(|suffix| suffix.starts_with('/'));
tigerstyle-consumer-check>     |             +++
tigerstyle-consumer-check> 
tigerstyle-consumer-check> error: function calls itself recursively
tigerstyle-consumer-check>    --> crates/crunch-build/src/build_request.rs:609:39
tigerstyle-consumer-check>     |
tigerstyle-consumer-check> 609 |                 canonical.insert(key, canonicalize_json_value(value));
tigerstyle-consumer-check>     |                                       ^^^^^^^^^^^^^^^^^^^^^^^^^^^^^^
tigerstyle-consumer-check>     |
tigerstyle-consumer-check>     = help: Tiger Style (Simple Control Flow): prefer explicit iteration or work queues over self-recursive control flow Example: while let Some(item) = stack.pop() { ... }
tigerstyle-consumer-check>     = note: see Tiger Style guide: Simple Control Flow
tigerstyle-consumer-check>     = note: `-D tigerstyle::no-recursion` implied by `-D no-recursion`
tigerstyle-consumer-check>     = help: to override `-D no-recursion` add `#[allow(tigerstyle::no_recursion)]`
tigerstyle-consumer-check> 
tigerstyle-consumer-check> error: `.expect()` in production code will panic on failure
tigerstyle-consumer-check>    --> crates/crunch-build/src/build_request.rs:641:36
tigerstyle-consumer-check>     |
tigerstyle-consumer-check> 641 |                 rendered.push_str(&shell_scalar(value).expect("validated scalar"));
tigerstyle-consumer-check>     |                                    ^^^^^^^^^^^^^^^^^^^^^^^^^^^^^^^^^^^^^^^^^^^^^^
tigerstyle-consumer-check>     |
tigerstyle-consumer-check>     = help: Tiger Style (Error Handling): propagate or handle absence explicitly instead of panicking with `unwrap` or `expect` Example: let value = maybe?;
tigerstyle-consumer-check>     = note: see Tiger Style guide: Error Handling
tigerstyle-consumer-check>     = note: `-D tigerstyle::no-unwrap` implied by `-D no-unwrap`
tigerstyle-consumer-check>     = help: to override `-D no-unwrap` add `#[allow(tigerstyle::no_unwrap)]`
tigerstyle-consumer-check> 
tigerstyle-consumer-check> error: `.expect()` in production code will panic on failure
tigerstyle-consumer-check>    --> crates/crunch-build/src/build_request.rs:659:36
tigerstyle-consumer-check>     |
tigerstyle-consumer-check> 659 |                 rendered.push_str(&shell_scalar(value).expect("validated scalar"));
tigerstyle-consumer-check>     |                                    ^^^^^^^^^^^^^^^^^^^^^^^^^^^^^^^^^^^^^^^^^^^^^^
tigerstyle-consumer-check>     |
tigerstyle-consumer-check>     = help: Tiger Style (Error Handling): propagate or handle absence explicitly instead of panicking with `unwrap` or `expect` Example: let value = maybe?;
tigerstyle-consumer-check>     = note: see Tiger Style guide: Error Handling
tigerstyle-consumer-check> 
tigerstyle-consumer-check> error: `panic!` will abort the process on execution
tigerstyle-consumer-check>   --> crates/crunch-build/src/ca_plan.rs:70:33
tigerstyle-consumer-check>    |
tigerstyle-consumer-check> 70 |         .unwrap_or_else(|error| panic!("invalid CA output-name request: {}", error.as_str()));
tigerstyle-consumer-check>    |                                 ^^^^^^^^^^^^^^^^^^^^^^^^^^^^^^^^^^^^^^^^^^^^^^^^^^^^^^^^^^^^
tigerstyle-consumer-check>    |
tigerstyle-consumer-check>    = help: Tiger Style (Fail Fast Correctly): return errors or prove exhaustiveness instead of panicking in production code Example: return Err(Error::invalid_state());
tigerstyle-consumer-check>    = note: see Tiger Style guide: Error Handling / Panics
tigerstyle-consumer-check>    = note: `-D tigerstyle::no-panic` implied by `-D no-panic`
tigerstyle-consumer-check>    = help: to override `-D no-panic` add `#[allow(tigerstyle::no_panic)]`
tigerstyle-consumer-check> 
tigerstyle-consumer-check> error: `panic!` will abort the process on execution
tigerstyle-consumer-check>    --> crates/crunch-build/src/ca_plan.rs:125:33
tigerstyle-consumer-check>     |
tigerstyle-consumer-check> 125 |         .unwrap_or_else(|error| panic!("invalid derivation name: {}", error.as_str()));
tigerstyle-consumer-check>     |                                 ^^^^^^^^^^^^^^^^^^^^^^^^^^^^^^^^^^^^^^^^^^^^^^^^^^^^^
tigerstyle-consumer-check>     |
tigerstyle-consumer-check>     = help: Tiger Style (Fail Fast Correctly): return errors or prove exhaustiveness instead of panicking in production code Example: return Err(Error::invalid_state());
tigerstyle-consumer-check>     = note: see Tiger Style guide: Error Handling / Panics
tigerstyle-consumer-check> 
tigerstyle-consumer-check> error: `panic!` will abort the process on execution
tigerstyle-consumer-check>    --> crates/crunch-build/src/ca_plan.rs:136:69
tigerstyle-consumer-check>     |
tigerstyle-consumer-check> 136 |                 crate::OutputName::new(name).unwrap_or_else(|error| panic!("invalid output name: {}", error.as_str()));
tigerstyle-consumer-check>     |                                                                     ^^^^^^^^^^^^^^^^^^^^^^^^^^^^^^^^^^^^^^^^^^^^^^^^^
tigerstyle-consumer-check>     |
tigerstyle-consumer-check>     = help: Tiger Style (Fail Fast Correctly): return errors or prove exhaustiveness instead of panicking in production code Example: return Err(Error::invalid_state());
tigerstyle-consumer-check>     = note: see Tiger Style guide: Error Handling / Panics
tigerstyle-consumer-check> 
tigerstyle-consumer-check> error: 2 consecutive `&str` parameters are easy to swap by accident
tigerstyle-consumer-check>    --> crates/crunch-build/src/execution_profile.rs:315:1
tigerstyle-consumer-check>     |
tigerstyle-consumer-check> 315 | / fn validate_clean_relative_path(field: &'static str, path: &str) -> Result<(), ExecutionProfileError> {
tigerstyle-consumer-check> 316 | |     let valid = !path.is_empty()
tigerstyle-consumer-check> 317 | |         && path.len() <= MAX_PROFILE_PATH_BYTES
tigerstyle-consumer-check> 318 | |         && Path::new(path).components().all(|component| matches!(component, Component::Normal(_)));
tigerstyle-consumer-check> ...   |
tigerstyle-consumer-check> 325 | |     Ok(())
tigerstyle-consumer-check> 326 | | }
tigerstyle-consumer-check>     | |_^
tigerstyle-consumer-check>     |
tigerstyle-consumer-check>     = help: Tiger Style (Explicit Interfaces): replace same-type parameter clusters with named fields or an options struct Example: fn connect(opts: ConnectOptions) -> ...
tigerstyle-consumer-check>     = note: see Tiger Style guide: Explicit Interfaces
tigerstyle-consumer-check>     = note: `-D tigerstyle::ambiguous-params` implied by `-D ambiguous-params`
tigerstyle-consumer-check>     = help: to override `-D ambiguous-params` add `#[allow(tigerstyle::ambiguous_params)]`
tigerstyle-consumer-check> 
tigerstyle-consumer-check> error: boolean binding `valid` should have a predicate prefix
tigerstyle-consumer-check>    --> crates/crunch-build/src/execution_profile.rs:316:9
tigerstyle-consumer-check>     |
tigerstyle-consumer-check> 316 |     let valid = !path.is_empty()
tigerstyle-consumer-check>     |         ^^^^^
tigerstyle-consumer-check>     |
tigerstyle-consumer-check>     = help: Tiger Style (Positive Predicates): name booleans as predicates so call sites read like questions Example: let is_ready = status == Ready;
tigerstyle-consumer-check>     = note: structured suggestion applicability: MaybeIncorrect
tigerstyle-consumer-check>     = note: see Tiger Style guide: Positive Predicates
tigerstyle-consumer-check> help: rename binding to `is_valid`
tigerstyle-consumer-check>     |
tigerstyle-consumer-check> 316 |     let is_valid = !path.is_empty()
tigerstyle-consumer-check>     |         +++
tigerstyle-consumer-check> 
tigerstyle-consumer-check> error: function has 6 parameters (limit: 5) — consider an options struct
tigerstyle-consumer-check>    --> crates/crunch-build/src/registry.rs:183:5
tigerstyle-consumer-check>     |
tigerstyle-consumer-check> 183 | /     pub fn insert_with_execution_profile(
tigerstyle-consumer-check> 184 | |         &mut self,
tigerstyle-consumer-check> 185 | |         drv_path: StorePath<String>,
tigerstyle-consumer-check> 186 | |         hdm: [u8; 32],
tigerstyle-consumer-check> ...   |
tigerstyle-consumer-check> 207 | |         Ok(())
tigerstyle-consumer-check> 208 | |     }
tigerstyle-consumer-check>     | |_____^
tigerstyle-consumer-check>     |
tigerstyle-consumer-check>     = help: Tiger Style (Simple Interfaces): group many parameters into a named options struct instead of a long positional signature Example: fn connect(opts: ConnectOptions) -> ...
tigerstyle-consumer-check>     = note: see Tiger Style guide: Explicit Interfaces
tigerstyle-consumer-check> 
tigerstyle-consumer-check> error: function has 6 parameters (limit: 5) — consider an options struct
tigerstyle-consumer-check>     --> crates/crunch-build/src/worker.rs:2021:5
tigerstyle-consumer-check>      |
tigerstyle-consumer-check> 2021 | /     fn propagate_failure(
tigerstyle-consumer-check> 2022 | |         &mut self,
tigerstyle-consumer-check> 2023 | |         drv_key: &str,
tigerstyle-consumer-check> 2024 | |         origin_drv_key: &str,
tigerstyle-consumer-check> ...    |
tigerstyle-consumer-check> 2060 | |         Ok(())
tigerstyle-consumer-check> 2061 | |     }
tigerstyle-consumer-check>      | |_____^
tigerstyle-consumer-check>      |
tigerstyle-consumer-check>      = help: Tiger Style (Simple Interfaces): group many parameters into a named options struct instead of a long positional signature Example: fn connect(opts: ConnectOptions) -> ...
tigerstyle-consumer-check>      = note: see Tiger Style guide: Explicit Interfaces
tigerstyle-consumer-check> 
tigerstyle-consumer-check> error: could not compile `crunch-build` (lib) due to 19 previous errors
warning: killing stray builder process 2180645 ()...
warning: killing stray builder process 2181846 ()...
error (ignored): deleting cgroup "/sys/fs/cgroup/system.slice/nix-daemon.service/nix-build-uid-872611840": Device or resource busy
warning: killing stray builder process 2180640 ()...
warning: killing stray builder process 2181808 ()...
warning: killing stray builder process 2201709 ()...
warning: killing stray builder process 2182119 ()...
error (ignored): deleting cgroup "/sys/fs/cgroup/system.slice/nix-daemon.service/nix-build-uid-872546304": Device or resource busy
error: failed to build attribute 'checks.x86_64-linux.tigerstyle', build of '/nix/store/5l37pxajshai3hs5wpxz7z1zw7hjbhwr-tigerstyle-consumer-check.drv^*' failed: Cannot build '/nix/store/5l37pxajshai3hs5wpxz7z1zw7hjbhwr-tigerstyle-consumer-check.drv'.
       Reason: builder failed with exit code 1.
       Output paths:
         /nix/store/qmbqw8shrfif80d9x80c400h221k13ja-tigerstyle-consumer-check
       Last 25 log lines:
       > 186 | |         hdm: [u8; 32],
       > ...   |
       > 207 | |         Ok(())
       > 208 | |     }
       >     | |_____^
       >     |
       >     = help: Tiger Style (Simple Interfaces): group many parameters into a named options struct instead of a long positional signature Example: fn connect(opts: ConnectOptions) -> ...
       >     = note: see Tiger Style guide: Explicit Interfaces
       >
       > error: function has 6 parameters (limit: 5) — consider an options struct
       >     --> crates/crunch-build/src/worker.rs:2021:5
       >      |
       > 2021 | /     fn propagate_failure(
       > 2022 | |         &mut self,
       > 2023 | |         drv_key: &str,
       > 2024 | |         origin_drv_key: &str,
       > ...    |
       > 2060 | |         Ok(())
       > 2061 | |     }
       >      | |_____^
       >      |
       >      = help: Tiger Style (Simple Interfaces): group many parameters into a named options struct instead of a long positional signature Example: fn connect(opts: ConnectOptions) -> ...
       >      = note: see Tiger Style guide: Explicit Interfaces
       >
       > error: could not compile `crunch-build` (lib) due to 19 previous errors
       For full logs, run:
         nix log /nix/store/5l37pxajshai3hs5wpxz7z1zw7hjbhwr-tigerstyle-consumer-check.drv
